season,round,constructor,rating_mu,rating_sig,perf_score,place
1950,1,Alfa Romeo,1800,171,1857,0
1950,1,Alta,1200,171,1143,4
1950,1,ERA,1500,171,1500,2
1950,1,Maserati,1371,171,1346,3
1950,1,Talbot-Lago,1629,171,1654,1
1950,2,Alfa Romeo,1861,130,1931,0
1950,2,Cooper,1181,171,1119,6
1950,2,ERA,1511,130,1523,3
1950,2,Ferrari,1722,171,1764,1
1950,2,Maserati,1487,130,1616,2
1950,2,Simca,1309,171,1273,5
1950,2,Talbot-Lago,1536,130,1433,4
1950,3,Adams,1132,171,1060,14
1950,3,Deidt,1867,171,1939,1
1950,3,Ewing,1492,171,1491,8
1950,3,Kurtis Kraft,2003,171,2105,0
1950,3,Langley,1532,171,1538,7
1950,3,Lesovsky,1717,171,1758,3
1950,3,Marchese,1616,171,1638,5
1950,3,Maserati,1464,111,1432,9
1950,3,Moore,1782,171,1836,2
1950,3,Nichels,1663,171,1694,4
1950,3,Olson,1334,171,1303,11
1950,3,Rae,1381,171,1359,10
1950,3,Snowberger,1217,171,1162,13
1950,3,Stevens,1573,171,1587,6
1950,3,Watson,996,171,894,15
1950,3,Wetteroth,1281,171,1239,12
1950,4,Alfa Romeo,1884,111,1928,0
1950,4,Ferrari,1569,130,1410,3
1950,4,Maserati,1480,100,1514,2
1950,4,Talbot-Lago,1589,111,1676,1
1950,5,Alfa Romeo,1896,100,1924,0
1950,5,Alta,1280,130,1359,3
1950,5,Ferrari,1561,111,1553,2
1950,5,Maserati,1429,94,1271,4
1950,5,Talbot-Lago,1617,100,1677,1
1950,6,Alfa Romeo,1905,94,1932,0
1950,6,Ferrari,1600,100,1676,1
1950,6,Maserati,1392,89,1282,4
1950,6,Simca,1413,130,1524,2
1950,6,Talbot-Lago,1577,94,1466,3
1950,7,Alfa Romeo,1916,89,1956,0
1950,7,ERA,1483,111,1429,4
1950,7,Ferrari,1635,94,1727,1
1950,7,Maserati,1418,86,1496,3
1950,7,Milano,1212,171,1156,6
1950,7,Simca,1374,111,1314,5
1950,7,Talbot-Lago,1588,89,1618,2
1951,1,Alfa Romeo,1928,86,1971,0
1951,1,Ferrari,1661,89,1736,1
1951,1,HWM,1500,171,1500,3
1951,1,Maserati,1452,84,1571,2
1951,1,Talbot-Lago,1551,86,1424,4
1951,1,Veritas,1248,171,1200,5
1951,2,Bromme,1465,171,1458,9
1951,2,Deidt,1825,130,1783,4
1951,2,Hall,1575,171,1589,7
1951,2,Kurtis Kraft,2077,130,2157,0
1951,2,Kuzma,1659,171,1690,5
1951,2,Lesovsky,1539,130,1352,11
1951,2,Marchese,1579,130,1538,8
1951,2,Maserati,1404,83,1213,12
1951,2,Moore,1815,130,1851,3
1951,2,Pawl,1617,171,1639,6
1951,2,Schroeder,1855,171,1924,2
1951,2,Sherman,1920,171,2003,1
1951,2,Trevis,1417,171,1401,10
1951,2,Watson,950,130,902,13
1951,3,Alfa Romeo,1934,84,1955,0
1951,3,Ferrari,1668,86,1690,1
1951,3,Talbot-Lago,1538,84,1496,2
1951,4,Alfa Romeo,1940,83,1964,0
1951,4,Ferrari,1678,84,1712,1
1951,4,Maserati,1375,82,1285,4
1951,4,Simca,1385,100,1408,3
1951,4,Talbot-Lago,1542,83,1556,2
1951,5,Alfa Romeo,1916,82,1819,1
1951,5,Alta,1292,111,1311,5
1951,5,BRM,1619,171,1641,2
1951,5,ERA,1501,100,1544,3
1951,5,Ferrari,1720,83,1906,0
1951,5,Maserati,1339,81,1206,6
1951,5,Talbot-Lago,1525,82,1462,4
1951,6,Alfa Romeo,1891,81,1790,1
1951,6,Ferrari,1756,82,1892,0
1951,6,Maserati,1319,81,1250,4
1951,6,Simca,1421,94,1522,2
1951,6,Talbot-Lago,1506,81,1434,3
1951,7,Alfa Romeo,1877,81,1823,1
1951,7,BRM,1475,130,1313,5
1951,7,Ferrari,1792,81,1928,0
1951,7,OSCA,1414,171,1398,4
1951,7,Simca,1464,89,1606,2
1951,7,Talbot-Lago,1506,81,1509,3
1951,8,Alfa Romeo,1890,81,1942,0
1951,8,Ferrari,1786,81,1769,1
1951,8,Maserati,1304,81,1253,4
1951,8,Simca,1455,86,1431,3
1951,8,Talbot-Lago,1518,81,1561,2
1952,1,AFM,1205,171,1148,7
1952,1,Cooper,1350,130,1511,3
1952,1,Ferrari,1806,81,1876,0
1952,1,Frazer Nash,1616,171,1638,2
1952,1,Gordini,1685,171,1721,1
1952,1,HWM,1389,130,1257,6
1952,1,Maserati,1328,80,1417,4
1952,1,Simca,1432,84,1353,5
1952,1,Veritas,1149,130,1027,8
1952,2,Bromme,1445,130,1423,7
1952,2,Deidt,1694,111,1346,8
1952,2,Ferrari,1744,80,1129,9
1952,2,Kurtis Kraft,2061,111,2034,1
1952,2,Kuzma,1841,130,2117,0
1952,2,Lesovsky,1676,111,1849,2
1952,2,Sherman,1771,130,1644,5
1952,2,Stevens,1624,130,1683,4
1952,2,Trevis,1459,130,1506,6
1952,2,Watson,1096,111,1742,3
1952,3,Aston Butterworth,1340,171,1309,6
1952,3,Cooper,1463,111,1612,2
1952,3,ERA,1434,94,1129,8
1952,3,Ferrari,1775,80,1872,0
1952,3,Frazer Nash,1449,130,1256,7
1952,3,Gordini,1713,130,1744,1
1952,3,HWM,1445,111,1533,3
1952,3,Simca,1438,83,1460,4
1952,3,Veritas,1220,111,1345,5
1952,4,Alta,1252,100,1158,6
1952,4,Cooper,1403,100,1303,5
1952,4,Ferrari,1795,80,1860,0
1952,4,Gordini,1713,111,1713,1
1952,4,HWM,1454,100,1472,3
1952,4,Maserati,1337,80,1370,4
1952,4,Simca,1463,82,1557,2
1952,5,Alta,1312,94,1504,4
1952,5,Aston Butterworth,1222,130,1074,10
1952,5,Connaught,1639,171,1665,2
1952,5,Cooper,1486,94,1712,1
1952,5,ERA,1376,89,1209,9
1952,5,Ferrari,1817,80,1897,0
1952,5,Frazer Nash,1373,111,1283,8
1952,5,Gordini,1687,100,1620,3
1952,5,HWM,1441,94,1405,6
1952,5,Maserati,1337,80,1335,7
1952,5,Simca,1463,81,1463,5
1952,6,AFM,1308,130,1410,3
1952,6,Aston Butterworth,1152,111,1037,7
1952,6,BMW,1304,171,1266,5
1952,6,Ferrari,1833,80,1888,0
1952,6,Gordini,1692,94,1707,1
1952,6,HWM,1420,89,1355,4
1952,6,Maserati,1308,80,1192,6
1952,6,Veritas,1301,100,1504,2
1952,7,Connaught,1472,130,1283,7
1952,7,Cooper,1552,89,1724,1
1952,7,ERA,1366,86,1340,6
1952,7,Ferrari,1850,80,1915,0
1952,7,Frazer Nash,1385,100,1406,5
1952,7,Gordini,1685,89,1663,2
1952,7,HWM,1448,86,1545,3
1952,7,Maserati,1339,80,1463,4
1952,7,Simca,1416,81,1181,8
1952,8,Connaught,1474,111,1476,3
1952,8,Cooper,1562,86,1588,2
1952,8,Ferrari,1862,80,1909,0
1952,8,Gordini,1636,86,1406,4
1952,8,Maserati,1393,80,1671,1
1952,8,OSCA,1326,130,1222,5
1953,1,Cooper,1535,84,1454,3
1953,1,Ferrari,1871,80,1905,0
1953,1,Gordini,1622,84,1577,2
1953,1,Maserati,1444,80,1646,1
1953,1,Simca,1389,81,1296,4
1953,2,Bromme,1383,111,1252,7
1953,2,Del Roy,1094,171,1014,8
1953,2,Kurtis Kraft,2084,100,2140,0
1953,2,Kuzma,1839,111,1837,2
1953,2,Lesovsky,1633,100,1568,5
1953,2,Schroeder,1799,130,1744,3
1953,2,Stevens,1712,111,1914,1
1953,2,Turner,1609,171,1630,4
1953,2,Watson,1216,100,1323,6
1953,3,Connaught,1451,100,1406,4
1953,3,Cooper,1486,83,1306,5
1953,3,Ferrari,1880,80,1915,0
1953,3,Gordini,1618,83,1604,2
1953,3,HWM,1457,84,1488,3
1953,3,Maserati,1493,80,1675,1
1953,4,Connaught,1439,94,1410,4
1953,4,Ferrari,1888,80,1918,0
1953,4,Gordini,1613,82,1595,2
1953,4,HWM,1463,83,1487,3
1953,4,Maserati,1533,80,1673,1
1953,4,Simca,1372,80,1317,5
1953,4,Veritas,1264,94,1182,6
1953,5,Connaught,1437,89,1431,4
1953,5,Cooper,1493,82,1513,3
1953,5,Ferrari,1896,80,1928,0
1953,5,Gordini,1613,81,1613,2
1953,5,HWM,1440,82,1351,5
1953,5,Maserati,1569,80,1695,1
1953,5,OSCA,1281,111,1202,6
1953,6,Connaught,1469,86,1581,2
1953,6,Cooper,1496,81,1505,3
1953,6,Ferrari,1904,80,1935,0
1953,6,Gordini,1566,81,1320,5
1953,6,HWM,1433,81,1408,4
1953,6,Maserati,1597,80,1701,1
1953,7,AFM,1231,111,1108,8
1953,7,BMW,1334,130,1366,5
1953,7,Connaught,1466,84,1457,4
1953,7,Cooper,1521,81,1611,2
1953,7,EMW,1348,171,1319,6
1953,7,Ferrari,1914,80,1953,0
1953,7,Gordini,1512,81,1271,7
1953,7,Maserati,1624,80,1726,1
1953,7,Veritas,1324,89,1507,3
1953,8,Cooper,1531,81,1567,2
1953,8,Ferrari,1920,80,1944,0
1953,8,Gordini,1474,80,1346,4
1953,8,HWM,1437,81,1450,3
1953,8,Maserati,1640,80,1699,1
1953,9,AFM,1267,100,1338,5
1953,9,Connaught,1415,83,1166,7
1953,9,Cooper,1515,80,1457,4
1953,9,Ferrari,1896,80,1793,1
1953,9,Gordini,1503,80,1596,2
1953,9,HWM,1407,81,1285,6
1953,9,Maserati,1681,80,1873,0
1953,9,OSCA,1343,100,1499,3
1954,1,Ferrari,1867,80,1753,1
1954,1,Gordini,1493,80,1464,2
1954,1,Maserati,1716,80,1856,0
1954,2,Bromme,1346,100,1259,8
1954,2,Kurtis Kraft,2101,94,2152,0
1954,2,Kuzma,1879,100,1952,1
1954,2,Nichels,1613,130,1558,6
1954,2,Pankratz,1669,171,1701,4
1954,2,Pawl,1626,130,1636,5
1954,2,Phillips,1799,171,1857,2
1954,2,Schroeder,1691,111,1473,7
1954,2,Stevens,1735,100,1779,3
1954,3,Ferrari,1843,80,1748,1
1954,3,Gordini,1486,80,1461,2
1954,3,Maserati,1746,80,1863,0
1954,4,Ferrari,1841,80,1834,1
1954,4,Gordini,1484,80,1478,3
1954,4,HWM,1387,80,1312,4
1954,4,Maserati,1730,80,1674,2
1954,4,Mercedes,1891,171,1968,0
1954,5,Connaught,1402,82,1363,5
1954,5,Cooper,1510,80,1490,4
1954,5,Ferrari,1868,80,1974,0
1954,5,Gordini,1504,80,1580,3
1954,5,Maserati,1748,80,1814,1
1954,5,Mercedes,1813,130,1740,2
1954,5,Vanwall,1249,171,1201,6
1954,6,Ferrari,1864,80,1850,1
1954,6,Gordini,1505,80,1508,3
1954,6,Klenk,1340,171,1310,4
1954,6,Maserati,1739,80,1706,2
1954,6,Mercedes,1874,111,1974,0
1954,7,Ferrari,1860,80,1846,1
1954,7,Gordini,1497,80,1467,3
1954,7,Maserati,1729,80,1692,2
1954,7,Mercedes,1909,100,1985,0
1954,8,Ferrari,1858,80,1850,1
1954,8,Gordini,1524,80,1634,2
1954,8,Maserati,1678,80,1384,4
1954,8,Mercedes,1933,94,2001,0
1954,8,Vanwall,1345,130,1443,3
1954,9,Ferrari,1884,80,1992,0
1954,9,Gordini,1527,80,1540,3
1954,9,Lancia,1431,171,1418,4
1954,9,Maserati,1708,80,1813,1
1954,9,Mercedes,1891,89,1748,2
1954,9,Vanwall,1312,111,1263,5
1955,1,Ferrari,1879,80,1858,1
1955,1,Gordini,1528,80,1528,3
1955,1,Lancia,1390,130,1344,4
1955,1,Maserati,1706,80,1699,2
1955,1,Mercedes,1916,86,1995,0
1955,2,Ferrari,1902,80,1994,0
1955,2,Gordini,1532,80,1551,3
1955,2,Lancia,1500,111,1796,1
1955,2,Maserati,1707,80,1712,2
1955,2,Mercedes,1850,84,1476,4
1955,2,Vanwall,1286,100,1229,5
1955,3,Epperly,1745,171,1791,3
1955,3,Kurtis Kraft,2117,89,2168,0
1955,3,Kuzma,1907,94,1975,1
1955,3,Pankratz,1512,130,1340,8
1955,3,Pawl,1609,111,1577,6
1955,3,Phillips,1774,130,1749,4
1955,3,Schroeder,1681,100,1665,5
1955,3,Stevens,1675,94,1499,7
1955,3,Trevis,1565,111,1838,2
1955,4,Ferrari,1891,80,1852,1
1955,4,Lancia,1495,100,1487,3
1955,4,Maserati,1702,80,1681,2
1955,4,Mercedes,1883,83,1974,0
1955,4,Vanwall,1276,94,1249,4
1955,5,Ferrari,1859,80,1727,2
1955,5,Gordini,1523,80,1484,3
1955,5,Maserati,1723,80,1807,1
1955,5,Mercedes,1908,82,1987,0
1955,6,Connaught,1367,81,1236,6
1955,6,Cooper,1485,80,1385,5
1955,6,Ferrari,1836,80,1748,2
1955,6,Gordini,1534,80,1580,3
1955,6,Maserati,1744,80,1826,1
1955,6,Mercedes,1929,81,1999,0
1955,6,Vanwall,1314,89,1443,4
1955,7,Arzani-Volpini,1239,171,1189,5
1955,7,Ferrari,1841,80,1857,1
1955,7,Gordini,1538,80,1551,3
1955,7,Maserati,1740,80,1724,2
1955,7,Mercedes,1947,81,2014,0
1955,7,Vanwall,1322,86,1346,4
1956,1,Ferrari,1852,80,1892,0
1956,1,Maserati,1729,80,1688,1
1956,2,BRM,1395,111,1286,4
1956,2,Ferrari,1834,80,1767,1
1956,2,Gordini,1544,80,1567,2
1956,2,Maserati,1758,80,1876,0
1956,2,Vanwall,1338,84,1393,3
1956,3,Kurtis Kraft,2093,86,2006,1
1956,3,Kuzma,1861,89,1721,3
1956,3,Lesovsky,1603,94,1540,4
1956,3,Phillips,1785,111,1804,2
1956,3,Stevens,1605,89,1349,5
1956,3,Watson,1367,94,2065,0
1956,4,Connaught,1346,81,1271,3
1956,4,Ferrari,1847,80,1896,0
1956,4,Maserati,1749,80,1715,1
1956,4,Vanwall,1355,83,1416,2
1956,5,Bugatti,1259,171,1213,4
1956,5,Ferrari,1863,80,1922,0
1956,5,Gordini,1549,80,1568,2
1956,5,Maserati,1749,80,1750,1
1956,5,Vanwall,1360,82,1376,3
1956,6,BRM,1351,100,1260,6
1956,6,Connaught,1394,81,1604,2
1956,6,Cooper,1478,80,1451,4
1956,6,Emeryson,1171,171,1107,7
1956,6,Ferrari,1879,80,1940,0
1956,6,Gordini,1547,80,1542,3
1956,6,Maserati,1754,80,1774,1
1956,6,Vanwall,1357,81,1349,5
1956,7,Ferrari,1890,80,1932,0
1956,7,Gordini,1540,80,1510,2
1956,7,Maserati,1751,80,1738,1
1956,8,Connaught,1426,80,1531,2
1956,8,Ferrari,1869,80,1788,1
1956,8,Gordini,1521,80,1446,3
1956,8,Maserati,1779,80,1898,0
1956,8,Vanwall,1339,81,1266,4
1957,1,Ferrari,1846,80,1755,1
1957,1,Maserati,1803,80,1893,0
1957,2,BRM,1313,94,1210,5
1957,2,Connaught,1454,80,1549,2
1957,2,Cooper,1453,80,1357,4
1957,2,Ferrari,1794,80,1506,3
1957,2,Maserati,1825,80,1910,0
1957,2,Vanwall,1389,81,1675,1
1957,3,Dunn,1455,171,1446,5
1957,3,Epperly,1896,130,2107,0
1957,3,Kurtis Kraft,2053,84,1889,2
1957,3,Kuzma,1887,86,1960,1
1957,3,Lesovsky,1596,89,1580,4
1957,3,Phillips,1768,100,1726,3
1957,3,Watson,1336,89,1294,6
1957,4,BRM,1290,89,1224,4
1957,4,Cooper,1467,80,1515,2
1957,4,Ferrari,1783,80,1748,1
1957,4,Maserati,1842,80,1904,0
1957,4,Vanwall,1387,80,1379,3
1957,5,BRM,1272,86,1213,4
1957,5,Cooper,1478,80,1519,2
1957,5,Ferrari,1775,80,1746,1
1957,5,Maserati,1787,80,1448,3
1957,5,Vanwall,1448,80,1836,0
1957,6,Cooper,1451,80,1343,4
1957,6,Ferrari,1769,80,1747,1
1957,6,Maserati,1811,80,1889,0
1957,6,Porsche,1458,171,1450,3
1957,6,Vanwall,1472,80,1541,2
1957,7,Cooper,1463,80,1510,2
1957,7,Ferrari,1717,80,1427,3
1957,7,Maserati,1795,80,1744,1
1957,7,Vanwall,1533,80,1823,0
1957,8,Ferrari,1679,80,1543,2
1957,8,Maserati,1778,80,1716,1
1957,8,Vanwall,1591,80,1802,0
1958,1,Cooper,1512,80,1765,0
1958,1,Ferrari,1674,80,1656,1
1958,1,Maserati,1730,80,1514,2
1958,2,BRM,1323,84,1549,2
1958,2,Cooper,1566,80,1807,0
1958,2,Ferrari,1682,80,1709,1
1958,2,Maserati,1678,80,1456,4
1958,2,Team Lotus,1504,171,1504,3
1958,2,Vanwall,1526,80,1286,5
1958,3,BRM,1388,83,1672,1
1958,3,Cooper,1577,80,1610,2
1958,3,Ferrari,1654,80,1550,3
1958,3,Maserati,1621,80,1385,5
1958,3,Porsche,1349,130,1219,6
1958,3,Team Lotus,1477,130,1447,4
1958,3,Vanwall,1590,80,1802,0
1958,4,Dunn,1370,130,1272,6
1958,4,Epperly,1983,111,2107,0
1958,4,Kurtis Kraft,2042,83,2006,1
1958,4,Kuzma,1836,84,1645,4
1958,4,Lesovsky,1565,86,1466,5
1958,4,Phillips,1760,94,1737,3
1958,4,Watson,1438,86,1795,2
1958,5,BRM,1417,82,1494,3
1958,5,Cooper,1527,80,1321,5
1958,5,Ferrari,1662,80,1691,1
1958,5,Maserati,1581,80,1445,4
1958,5,Team Lotus,1514,111,1587,2
1958,5,Vanwall,1638,80,1789,0
1958,6,BRM,1415,81,1409,4
1958,6,Cooper,1524,80,1513,3
1958,6,Ferrari,1691,80,1805,0
1958,6,Maserati,1585,80,1598,2
1958,6,Team Lotus,1460,100,1311,5
1958,6,Vanwall,1651,80,1689,1
1958,7,BRM,1439,81,1521,3
1958,7,Connaught,1415,80,1272,6
1958,7,Cooper,1558,80,1685,1
1958,7,Ferrari,1719,80,1823,0
1958,7,Maserati,1561,80,1475,4
1958,7,Team Lotus,1437,94,1379,5
1958,7,Vanwall,1645,80,1625,2
1958,8,BRM,1423,81,1367,5
1958,8,Cooper,1587,80,1689,1
1958,8,Ferrari,1700,80,1632,2
1958,8,Maserati,1511,80,1268,6
1958,8,Porsche,1411,111,1512,3
1958,8,Team Lotus,1440,89,1449,4
1958,8,Vanwall,1680,80,1816,0
1958,9,BRM,1454,80,1577,2
1958,9,Cooper,1572,80,1521,3
1958,9,Ferrari,1702,80,1709,1
1958,9,Maserati,1491,80,1422,4
1958,9,Team Lotus,1408,86,1294,5
1958,9,Vanwall,1710,80,1820,0
1958,10,BRM,1421,80,1295,5
1958,10,Cooper,1560,80,1516,3
1958,10,Ferrari,1704,80,1711,1
1958,10,Maserati,1512,80,1585,2
1958,10,Team Lotus,1406,84,1400,4
1958,10,Vanwall,1735,80,1831,0
1958,11,BRM,1454,80,1575,2
1958,11,Cooper,1532,80,1424,4
1958,11,Ferrari,1706,80,1716,1
1958,11,Maserati,1510,80,1504,3
1958,11,Team Lotus,1380,83,1279,5
1958,11,Vanwall,1758,80,1844,0
1959,1,BRM,1458,80,1470,3
1959,1,Cooper-Climax,1807,171,1867,0
1959,1,Cooper-Maserati,1561,171,1572,2
1959,1,Ferrari,1707,80,1709,1
1959,1,Porsche,1353,100,1224,5
1959,1,Team Lotus,1373,82,1351,4
1959,2,Christensen,1292,171,1252,9
1959,2,Dunn,1422,111,1511,6
1959,2,Elder,1465,171,1458,7
1959,2,Epperly,1964,100,1928,2
1959,2,Kurtis Kraft,2004,82,1852,3
1959,2,Kuzma,1813,83,1742,4
1959,2,Lesovsky,1630,84,1972,1
1959,2,Moore,1760,111,1655,5
1959,2,Phillips,1701,89,1416,8
1959,2,Sutton,1178,171,1116,10
1959,2,Watson,1561,84,2104,0
1959,3,Aston Martin,1201,171,1143,5
1959,3,BRM,1511,80,1800,0
1959,3,Cooper-Climax,1768,130,1728,1
1959,3,Ferrari,1666,80,1473,3
1959,3,Porsche,1336,94,1296,4
1959,3,Team Lotus,1403,81,1521,2
1959,4,BRM,1530,80,1592,2
1959,4,Cooper-Climax,1755,111,1733,1
1959,4,Cooper-Maserati,1496,130,1423,4
1959,4,Ferrari,1700,80,1832,0
1959,4,Maserati,1509,80,1505,3
1959,4,Team Lotus,1379,81,1290,5
1959,5,Aston Martin,1421,130,1635,2
1959,5,BRM,1572,80,1736,1
1959,5,Cooper-Borgward,1509,171,1511,4
1959,5,Cooper-Climax,1797,100,1905,0
1959,5,Cooper-Maserati,1449,111,1363,6
1959,5,JBW,1299,171,1261,7
1959,5,Maserati,1497,80,1451,5
1959,5,Team Lotus,1414,81,1553,3
1959,5,Vanwall,1697,80,1191,8
1959,6,BRM,1574,80,1580,2
1959,6,Cooper-Climax,1781,94,1737,1
1959,6,Cooper-Maserati,1449,100,1449,3
1959,6,Ferrari,1731,80,1845,0
1959,6,Team Lotus,1392,80,1314,4
1959,7,Aston Martin,1455,111,1485,3
1959,7,BRM,1580,80,1601,2
1959,7,Cooper-Climax,1804,89,1877,0
1959,7,Cooper-Maserati,1435,94,1397,4
1959,7,Ferrari,1732,80,1735,1
1959,7,Team Lotus,1365,80,1265,5
1959,8,Aston Martin,1483,100,1532,3
1959,8,BRM,1591,80,1630,2
1959,8,Cooper-Climax,1825,86,1896,0
1959,8,Cooper-Maserati,1439,89,1452,4
1959,8,Ferrari,1736,80,1753,1
1959,8,Maserati,1473,80,1378,5
1959,8,Team Lotus,1339,80,1239,6
1959,9,Connaught,1383,80,1274,9
1959,9,Cooper-Borgward,1435,130,1350,8
1959,9,Cooper-Climax,1864,84,2025,0
1959,9,Cooper-Maserati,1463,86,1551,4
1959,9,Cooper-OSCA,1443,171,1432,6
1959,9,Ferrari,1763,80,1869,1
1959,9,Kurtis Kraft,1943,81,1526,5
1959,9,Maserati,1424,80,1166,10
1959,9,Porsche,1398,89,1622,3
1959,9,Team Lotus,1396,80,1718,2
1959,9,Tec-Mec,1410,171,1393,7
1960,1,BRM,1564,80,1459,4
1960,1,Behra-Porsche,1372,171,1348,5
1960,1,Cooper-Climax,1883,83,1946,0
1960,1,Cooper-Maserati,1496,84,1622,2
1960,1,Ferrari,1768,80,1784,1
1960,1,Maserati,1389,80,1259,6
1960,1,Team Lotus,1425,80,1515,3
1960,2,BRM,1550,80,1496,3
1960,2,Cooper-Climax,1864,82,1800,1
1960,2,Cooper-Maserati,1466,83,1352,4
1960,2,Ferrari,1744,80,1651,2
1960,2,Team Lotus,1491,80,1866,0
1960,3,Christensen,1307,130,1322,8
1960,3,Epperly,1964,94,1964,1
1960,3,Ewing,1369,130,1221,9
1960,3,Kurtis Kraft,1877,81,1590,6
1960,3,Kuzma,1756,82,1498,7
1960,3,Lesovsky,1660,83,1742,3
1960,3,Meskowski,1594,171,1611,5
1960,3,Phillips,1733,86,1831,2
1960,3,Trevis,1603,100,1664,4
1960,3,Watson,1675,83,2038,0
1960,4,Aston Martin,1448,94,1364,5
1960,4,BRM,1569,80,1641,2
1960,4,Cooper-Climax,1881,81,1943,0
1960,4,Cooper-Maserati,1464,82,1457,4
1960,4,Ferrari,1712,80,1586,3
1960,4,Scarab,1245,171,1196,6
1960,4,Team Lotus,1546,80,1736,1
1960,5,BRM,1549,80,1477,3
1960,5,Cooper-Climax,1893,81,1935,0
1960,5,Ferrari,1719,80,1744,1
1960,5,Scarab,1226,130,1205,4
1960,5,Team Lotus,1558,80,1590,2
1960,6,BRM,1544,80,1524,4
1960,6,Cooper-Castellotti,1450,171,1441,5
1960,6,Cooper-Climax,1909,81,1973,0
1960,6,Cooper-Maserati,1504,81,1676,2
1960,6,Ferrari,1701,80,1632,3
1960,6,Scarab,1201,111,1152,7
1960,6,Team Lotus,1604,80,1781,1
1960,6,Vanwall,1632,80,1395,6
1960,7,Aston Martin,1461,89,1494,4
1960,7,BRM,1552,80,1580,3
1960,7,Cooper-Castellotti,1338,130,1203,7
1960,7,Cooper-Climax,1921,80,1966,0
1960,7,Cooper-Maserati,1471,81,1351,6
1960,7,Ferrari,1697,80,1684,2
1960,7,JBW,1350,130,1405,5
1960,7,Team Lotus,1639,80,1761,1
1960,8,BRM,1522,80,1401,4
1960,8,Cooper-Climax,1931,80,1968,0
1960,8,Cooper-Maserati,1479,81,1507,3
1960,8,Ferrari,1689,80,1657,2
1960,8,Team Lotus,1664,80,1751,1
1960,9,Behra-Porsche,1396,130,1422,4
1960,9,Cooper-Castellotti,1458,111,1695,1
1960,9,Cooper-Climax,1879,80,1557,3
1960,9,Cooper-Maserati,1442,80,1292,6
1960,9,Ferrari,1726,80,1891,0
1960,9,JBW,1351,111,1352,5
1960,9,Maserati,1345,80,1166,7
1960,9,Porsche,1445,86,1581,2
1960,10,BRM,1535,80,1582,2
1960,10,Cooper-Castellotti,1400,100,1306,5
1960,10,Cooper-Climax,1853,80,1770,1
1960,10,Cooper-Maserati,1451,80,1479,3
1960,10,Maserati,1307,80,1165,6
1960,10,Scarab,1243,100,1357,4
1960,10,Team Lotus,1702,80,1859,0
1961,1,BRM,1496,80,1321,5
1961,1,Cooper-Climax,1804,80,1602,3
1961,1,Cooper-Maserati,1446,80,1430,4
1961,1,Ferrari,1744,80,1810,1
1961,1,Lotus-Climax,1896,171,1974,0
1961,1,Porsche,1490,84,1637,2
1961,2,BRM,1503,80,1527,3
1961,2,Cooper-Climax,1783,80,1716,2
1961,2,Ferrari,1781,80,1932,0
1961,2,Lotus-Climax,1867,130,1839,1
1961,2,Porsche,1465,83,1390,4
1961,3,BRM,1493,80,1460,4
1961,3,Cooper-Climax,1790,80,1814,1
1961,3,Cooper-Maserati,1421,80,1325,5
1961,3,Ferrari,1814,80,1942,0
1961,3,Lotus-Climax,1781,111,1612,3
1961,3,Porsche,1506,82,1649,2
1961,4,BRM,1498,80,1512,4
1961,4,Cooper-Climax,1760,80,1645,3
1961,4,Cooper-Maserati,1421,80,1419,5
1961,4,De Tomaso-Osca,1370,171,1346,6
1961,4,Emeryson,1201,130,1232,7
1961,4,Ferrari,1843,80,1952,0
1961,4,JBW,1295,100,1140,8
1961,4,Lotus-Climax,1763,100,1730,2
1961,4,Porsche,1558,81,1784,1
1961,5,BRM,1520,80,1607,3
1961,5,Cooper-Climax,1775,80,1828,1
1961,5,Cooper-Maserati,1422,80,1425,5
1961,5,Emeryson,1169,111,1111,8
1961,5,Ferguson,1304,171,1267,7
1961,5,Ferrari,1869,80,1967,0
1961,5,Gilby,1368,171,1343,6
1961,5,Lotus-Climax,1710,94,1563,4
1961,5,Porsche,1592,81,1703,2
1961,6,BRM,1496,80,1405,5
1961,6,Cooper-Climax,1765,80,1731,2
1961,6,Cooper-Maserati,1436,80,1490,4
1961,6,Ferrari,1864,80,1846,1
1961,6,Lotus-Climax,1766,89,1938,0
1961,6,MBM,1265,171,1219,6
1961,6,Porsche,1596,81,1611,3
1961,7,BRM,1524,80,1631,3
1961,7,Cooper-Climax,1763,80,1753,2
1961,7,Cooper-Maserati,1458,80,1545,4
1961,7,De Tomaso-Alfa Romeo,1380,171,1357,7
1961,7,De Tomaso-Osca,1266,130,1139,9
1961,7,Ferrari,1888,80,1983,0
1961,7,JBW,1286,94,1263,8
1961,7,Lotus-Climax,1706,86,1511,5
1961,7,Lotus-Maserati,1424,171,1409,6
1961,7,Porsche,1638,80,1818,1
1961,8,BRM,1535,80,1575,2
1961,8,Cooper-Climax,1718,80,1495,3
1961,8,Lotus-Climax,1744,84,1849,0
1961,8,Porsche,1654,80,1708,1
1962,1,BRM,1589,80,1922,0
1962,1,Cooper-Climax,1699,80,1635,3
1962,1,Emeryson,1190,100,1242,5
1962,1,Ferrari,1861,80,1753,2
1962,1,Lola,1163,171,1097,6
1962,1,Lotus-Climax,1764,83,1822,1
1962,1,Porsche,1626,80,1522,4
1962,2,BRM,1575,80,1532,4
1962,2,Cooper-Climax,1742,80,1922,0
1962,2,De Tomaso-Alfa Romeo,1287,130,1175,6
1962,2,Ferrari,1855,80,1835,1
1962,2,Lola,1432,130,1685,2
1962,2,Lotus-Climax,1704,82,1434,5
1962,2,Porsche,1627,80,1630,3
1962,3,BRM,1619,80,1791,1
1962,3,Cooper-Climax,1689,80,1461,5
1962,3,Ferrari,1833,80,1746,2
1962,3,Lola,1530,111,1607,3
1962,3,Lotus-BRM,1276,171,1233,6
1962,3,Lotus-Climax,1755,81,1928,0
1962,3,Porsche,1611,80,1551,4
1962,4,BRM,1638,80,1701,2
1962,4,Cooper,1523,80,1491,5
1962,4,Cooper-Climax,1713,80,1786,1
1962,4,Lola,1566,100,1627,3
1962,4,Lotus-BRM,1319,130,1364,6
1962,4,Lotus-Climax,1715,81,1590,4
1962,4,Porsche,1658,80,1881,0
1962,4,Team Lotus,1642,80,1310,7
1962,5,BRM,1642,80,1657,3
1962,5,Cooper-Climax,1719,80,1738,2
1962,5,Emeryson,1247,94,1446,5
1962,5,Ferrari,1777,80,1431,6
1962,5,Gilby,1256,130,1119,8
1962,5,Lola,1626,94,1801,1
1962,5,Lotus-BRM,1295,111,1253,7
1962,5,Lotus-Climax,1763,81,1925,0
1962,5,Porsche,1642,80,1590,4
1962,6,BRM,1692,80,1932,0
1962,6,Brabham,1407,171,1390,7
1962,6,Cooper-Climax,1698,80,1626,4
1962,6,ENB,1458,171,1450,6
1962,6,Ferrari,1731,80,1559,5
1962,6,Gilby,1262,111,1271,8
1962,6,Lola,1674,89,1823,1
1962,6,Lotus-BRM,1253,100,1143,9
1962,6,Lotus-Climax,1746,80,1697,3
1962,6,Porsche,1665,80,1748,2
1962,7,BRM,1738,80,1925,0
1962,7,Cooper-Climax,1724,80,1821,1
1962,7,Emeryson,1240,89,1220,7
1962,7,Ferrari,1736,80,1751,2
1962,7,Lola,1619,86,1431,6
1962,7,Lotus-BRM,1304,94,1466,5
1962,7,Lotus-Borgward,1142,171,1072,8
1962,7,Lotus-Climax,1717,80,1619,4
1962,7,Porsche,1668,80,1676,3
1962,8,BRM,1751,80,1792,1
1962,8,Brabham,1499,130,1601,3
1962,8,Cooper-Climax,1721,80,1709,2
1962,8,Lola,1551,84,1299,6
1962,8,Lotus-BRM,1323,89,1376,5
1962,8,Lotus-Climax,1756,80,1898,0
1962,8,Porsche,1644,80,1555,4
1962,9,BRM,1788,80,1928,0
1962,9,Brabham,1575,111,1709,2
1962,9,Cooper-Alfa Romeo,1339,171,1308,7
1962,9,Cooper-Climax,1740,80,1810,1
1962,9,Emeryson,1220,86,1158,8
1962,9,LDS,1495,171,1494,5
1962,9,Lola,1518,83,1434,6
1962,9,Lotus-Climax,1735,80,1669,3
1962,9,Porsche,1630,80,1580,4
1963,1,ATS,1445,171,1434,7
1963,1,BRM,1825,80,1972,0
1963,1,Brabham,1553,100,1509,6
1963,1,Cooper-Climax,1763,80,1855,1
1963,1,De Tomaso,1343,171,1313,9
1963,1,Ferrari,1746,80,1780,2
1963,1,Lola,1531,82,1568,5
1963,1,Lotus-BRM,1380,86,1617,4
1963,1,Lotus-Climax,1731,80,1717,3
1963,1,Porsche,1576,80,1244,10
1963,1,Scirocco,1399,171,1379,8
1963,2,ATS,1364,130,1269,9
1963,2,BRM,1803,80,1727,3
1963,2,BRP,1179,171,1117,10
1963,2,Brabham,1606,94,1760,2
1963,2,Cooper-Climax,1783,80,1857,1
1963,2,Ferrari,1706,80,1544,6
1963,2,Lola,1513,81,1456,7
1963,2,Lotus-BRM,1374,84,1358,8
1963,2,Lotus-Climax,1774,80,1960,0
1963,2,Porsche,1590,80,1635,4
1963,2,Scirocco,1479,130,1568,5
1963,3,ATS,1327,111,1263,9
1963,3,BRM,1774,80,1669,4
1963,3,BRP,1439,130,1688,3
1963,3,Brabham,1660,89,1836,1
1963,3,Cooper-Climax,1733,80,1473,7
1963,3,Ferrari,1721,80,1772,2
1963,3,Lola,1484,81,1376,8
1963,3,Lotus-BRM,1415,83,1562,5
1963,3,Lotus-Climax,1814,80,1960,0
1963,3,Porsche,1576,80,1525,6
1963,3,Scirocco,1374,111,1151,10
1963,4,ATS,1304,100,1248,9
1963,4,BRM,1773,80,1771,2
1963,4,BRP,1460,111,1475,6
1963,4,Brabham,1668,86,1689,3
1963,4,Cooper-Climax,1758,80,1841,1
1963,4,De Tomaso,1246,130,1128,10
1963,4,Ferrari,1671,80,1440,7
1963,4,Lola,1497,81,1541,5
1963,4,Lotus-BRM,1454,82,1598,4
1963,4,Lotus-Climax,1846,80,1962,0
1963,4,Scirocco,1360,100,1335,8
1963,5,ATS,1255,94,1092,12
1963,5,BRM,1776,80,1785,2
1963,5,BRP,1396,100,1291,10
1963,5,Brabham,1627,84,1486,7
1963,5,Cooper-Climax,1724,80,1605,5
1963,5,De Tomaso,1224,111,1189,11
1963,5,Ferrari,1710,80,1846,1
1963,5,Gilby,1301,100,1391,8
1963,5,Lola,1525,80,1633,4
1963,5,Lotus-BRM,1501,81,1689,3
1963,5,Lotus-Climax,1875,80,1980,0
1963,5,Porsche,1566,80,1532,6
1963,5,Scirocco,1355,94,1344,9
1963,6,ATS,1232,89,1164,9
1963,6,BRM,1777,80,1780,2
1963,6,Brabham,1599,83,1508,6
1963,6,Cooper-Climax,1693,80,1583,5
1963,6,Ferrari,1760,80,1958,0
1963,6,Lola,1488,80,1339,8
1963,6,Lotus-BRM,1528,81,1618,4
1963,6,Lotus-Climax,1875,80,1876,1
1963,6,Porsche,1591,80,1687,3
1963,6,Scirocco,1366,89,1398,7
1963,7,ATS,1277,86,1445,7
1963,7,BRM,1795,80,1865,1
1963,7,BRP,1479,94,1691,3
1963,7,Brabham,1611,82,1648,4
1963,7,Cooper-Climax,1712,80,1778,2
1963,7,Ferrari,1698,80,1431,8
1963,7,Lola,1496,80,1526,6
1963,7,Lotus-BRM,1541,81,1585,5
1963,7,Lotus-Climax,1900,80,1994,0
1963,7,Lotus-Maserati,1291,130,1125,11
1963,7,Porsche,1547,80,1353,9
1963,7,Scirocco,1338,86,1245,10
1963,8,ATS,1257,84,1192,9
1963,8,BRM,1830,80,1984,0
1963,8,Brabham,1643,81,1765,2
1963,8,Cooper-Climax,1678,80,1550,6
1963,8,Ferrari,1701,80,1708,3
1963,8,Lola,1469,80,1367,8
1963,8,Lotus-BRM,1523,80,1459,7
1963,8,Lotus-Climax,1898,80,1890,1
1963,8,Porsche,1566,80,1627,4
1963,8,Stebro,1568,171,1580,5
1963,9,ATS,1305,83,1498,6
1963,9,BRM,1825,80,1806,2
1963,9,Brabham,1686,81,1859,1
1963,9,Cooper-Climax,1688,80,1720,3
1963,9,Ferrari,1653,80,1478,7
1963,9,Lola,1447,80,1367,8
1963,9,Lotus-BRM,1548,80,1644,4
1963,9,Lotus-Climax,1920,80,2010,0
1963,9,Porsche,1571,80,1591,5
1963,9,Team Lotus,1570,80,1261,9
1963,10,Alfa Romeo,1836,80,1476,9
1963,10,BRM,1831,80,1855,2
1963,10,Brabham,1731,81,1916,1
1963,10,Cooper-Climax,1706,80,1773,3
1963,10,Cooper-Maserati,1474,80,1536,7
1963,10,Ferrari,1668,80,1711,4
1963,10,LDS,1542,130,1594,6
1963,10,Lola,1410,80,1257,11
1963,10,Lotus-BRM,1515,80,1381,10
1963,10,Lotus-Climax,1948,80,2059,0
1963,10,Lotus-Ford,1497,171,1497,8
1963,10,Porsche,1588,80,1647,5
1964,1,BRM,1864,80,2000,0
1964,1,BRP,1454,89,1400,6
1964,1,Brabham-Climax,1564,171,1576,4
1964,1,Cooper-Climax,1717,80,1753,2
1964,1,Ferrari,1637,80,1528,5
1964,1,Lotus-BRM,1541,80,1635,3
1964,1,Lotus-Climax,1938,80,1900,1
1964,1,Scirocco,1316,84,1239,7
1964,2,BRM,1851,80,1804,2
1964,2,Brabham-BRM,1451,171,1442,6
1964,2,Brabham-Climax,1585,130,1609,4
1964,2,Cooper-Climax,1685,80,1557,5
1964,2,Ferrari,1682,80,1859,1
1964,2,Lotus-BRM,1569,80,1673,3
1964,2,Lotus-Climax,1958,80,2036,0
1964,2,Porsche,1547,80,1371,7
1964,3,BRM,1823,80,1713,3
1964,3,BRP,1486,86,1575,4
1964,3,Brabham-Climax,1640,111,1755,2
1964,3,Cooper-Climax,1719,80,1855,1
1964,3,Ferrari,1647,80,1529,5
1964,3,Lotus-BRM,1519,80,1293,7
1964,3,Lotus-Climax,1974,80,2037,0
1964,3,Scirocco,1328,83,1369,6
1964,4,BRM,1837,80,1888,1
1964,4,BRP,1470,84,1424,6
1964,4,Brabham-BRM,1375,130,1287,7
1964,4,Brabham-Climax,1722,100,1995,0
1964,4,Cooper-Climax,1715,80,1699,3
1964,4,Ferrari,1622,80,1538,5
1964,4,Lotus-BRM,1537,80,1594,4
1964,4,Lotus-Climax,1944,80,1820,2
1964,5,BRM,1849,80,1894,1
1964,5,BRP,1484,83,1528,5
1964,5,Brabham-BRM,1397,111,1435,6
1964,5,Brabham-Climax,1719,94,1712,3
1964,5,Brabham-Ford,1228,171,1175,8
1964,5,Cooper-Climax,1698,80,1639,4
1964,5,Ferrari,1655,80,1773,2
1964,5,Lotus-BRM,1501,80,1367,7
1964,5,Lotus-Climax,1964,80,2039,0
1964,6,BRM,1860,80,1899,1
1964,6,Brabham-BRM,1478,100,1758,2
1964,6,Brabham-Climax,1695,89,1628,4
1964,6,Cooper-Climax,1645,80,1347,7
1964,6,Ferrari,1712,80,1997,0
1964,6,Honda,1424,171,1410,6
1964,6,Lotus-BRM,1501,80,1504,5
1964,6,Lotus-Climax,1922,80,1741,3
1964,7,BRM,1866,80,1890,1
1964,7,BRP,1523,82,1673,3
1964,7,Brabham-BRM,1492,94,1523,5
1964,7,Brabham-Climax,1714,86,1775,2
1964,7,Cooper-Climax,1606,80,1466,6
1964,7,Ferrari,1768,80,1984,0
1964,7,Lotus-BRM,1523,80,1599,4
1964,7,Lotus-Climax,1858,80,1363,7
1964,8,BRM,1856,80,1817,2
1964,8,BRP,1560,81,1702,3
1964,8,Brabham-BRM,1513,89,1568,5
1964,8,Brabham-Climax,1675,84,1529,6
1964,8,Cooper-Climax,1658,80,1864,1
1964,8,Derrington,1360,171,1334,8
1964,8,Ferrari,1818,80,1993,0
1964,8,Honda,1337,130,1235,9
1964,8,Lotus-BRM,1503,80,1432,7
1964,8,Lotus-Climax,1814,80,1675,4
1964,9,BRM,1883,80,1997,0
1964,9,BRP,1577,81,1631,4
1964,9,Brabham-BRM,1566,86,1766,2
1964,9,Brabham-Climax,1639,83,1508,6
1964,9,Cooper-Climax,1594,80,1308,8
1964,9,Ferrari,1833,80,1880,1
1964,9,Honda,1351,111,1373,7
1964,9,Lotus-BRM,1515,80,1557,5
1964,9,Lotus-Climax,1793,80,1731,3
1964,10,BRM,1842,80,1659,4
1964,10,BRP,1572,81,1556,5
1964,10,Brabham-BRM,1544,84,1478,6
1964,10,Brabham-Climax,1697,82,1970,0
1964,10,Cooper-Climax,1620,80,1693,3
1964,10,Ferrari,1845,80,1882,1
1964,10,Lotus-BRM,1484,80,1363,7
1964,10,Lotus-Climax,1793,80,1793,2
1965,1,Alfa Romeo,1779,80,1545,7
1965,1,BRM,1844,80,1850,2
1965,1,Brabham-BRM,1577,83,1691,4
1965,1,Brabham-Climax,1684,81,1649,5
1965,1,Brabham-Ford,1392,130,1556,6
1965,1,Cooper-Climax,1653,80,1759,3
1965,1,Cooper-Maserati,1429,80,1206,11
1965,1,Ferrari,1862,80,1925,1
1965,1,LDS-Alfa Romeo,1381,171,1358,9
1965,1,Lotus-BRM,1474,80,1438,8
1965,1,Lotus-Climax,1838,80,2024,0
1965,1,RE,1325,171,1292,10
1965,2,BRM,1876,80,2003,0
1965,2,Brabham-BRM,1604,82,1693,3
1965,2,Brabham-Climax,1673,81,1634,4
1965,2,Cooper-Climax,1681,80,1779,2
1965,2,Ferrari,1869,80,1895,1
1965,2,Honda,1326,100,1267,7
1965,2,Lotus-BRM,1464,80,1426,6
1965,2,Lotus-Climax,1786,80,1570,5
1965,3,BRM,1881,80,1899,1
1965,3,Brabham-BRM,1591,81,1547,5
1965,3,Brabham-Climax,1681,81,1708,3
1965,3,Cooper-Climax,1704,80,1784,2
1965,3,Ferrari,1814,80,1476,6
1965,3,Honda,1385,94,1594,4
1965,3,Lotus-BRM,1432,80,1298,7
1965,3,Lotus-Climax,1832,80,1994,0
1965,4,BRM,1886,80,1901,1
1965,4,Brabham-BRM,1598,81,1625,4
1965,4,Brabham-Climax,1688,80,1713,3
1965,4,Cooper-Climax,1674,80,1562,5
1965,4,Ferrari,1812,80,1807,2
1965,4,Honda,1358,89,1284,7
1965,4,Lotus-BRM,1430,80,1421,6
1965,4,Lotus-Climax,1872,80,2002,0
1965,5,BRM,1890,80,1907,1
1965,5,Brabham-BRM,1604,81,1625,4
1965,5,Brabham-Climax,1693,80,1715,3
1965,5,Cooper-Climax,1648,80,1555,5
1965,5,Ferrari,1812,80,1810,2
1965,5,Honda,1337,86,1270,7
1965,5,Lotus-BRM,1426,80,1415,6
1965,5,Lotus-Climax,1905,80,2017,0
1965,6,BRM,1895,80,1914,1
1965,6,Brabham-BRM,1573,80,1444,6
1965,6,Brabham-Climax,1714,80,1794,2
1965,6,Cooper-Climax,1593,80,1316,7
1965,6,Ferrari,1779,80,1656,4
1965,6,Honda,1396,84,1681,3
1965,6,Lotus-BRM,1443,80,1509,5
1965,6,Lotus-Climax,1933,80,2032,0
1965,7,BRM,1899,80,1913,1
1965,7,Brabham-BRM,1559,80,1508,5
1965,7,Brabham-Climax,1730,80,1789,2
1965,7,Cooper-Climax,1616,80,1687,3
1965,7,Ferrari,1748,80,1633,4
1965,7,Lotus-BRM,1426,80,1357,6
1965,7,Lotus-Climax,1956,80,2042,0
1965,8,BRM,1926,80,2039,0
1965,8,Brabham-BRM,1516,80,1318,7
1965,8,Brabham-Climax,1761,80,1888,1
1965,8,Cooper-Climax,1635,80,1697,3
1965,8,Ferrari,1760,80,1799,2
1965,8,Honda,1399,83,1406,6
1965,8,Lotus-BRM,1457,80,1590,4
1965,8,Lotus-Climax,1898,80,1567,5
1965,9,BRM,1949,80,2042,0
1965,9,Brabham-BRM,1497,80,1434,6
1965,9,Brabham-Climax,1788,80,1893,1
1965,9,Cooper-Climax,1650,80,1704,3
1965,9,Ferrari,1770,80,1805,2
1965,9,Honda,1441,82,1591,4
1965,9,Lotus-BRM,1470,80,1513,5
1965,9,Lotus-Climax,1821,80,1342,7
1965,10,BRM,1892,80,1480,6
1965,10,Brabham-BRM,1536,80,1690,3
1965,10,Brabham-Climax,1810,80,1894,1
1965,10,Cooper-Climax,1599,80,1345,7
1965,10,Ferrari,1731,80,1568,5
1965,10,Honda,1510,81,1990,0
1965,10,Lotus-BRM,1497,80,1605,4
1965,10,Lotus-Climax,1819,80,1814,2
1966,1,BRM,1922,80,2022,0
1966,1,Brabham-BRM,1551,80,1602,4
1966,1,Brabham-Climax,1753,80,1396,7
1966,1,Brabham-Repco,1448,171,1438,6
1966,1,Cooper-Maserati,1485,80,1761,2
1966,1,Ferrari,1762,80,1877,1
1966,1,Lotus-BRM,1501,80,1514,5
1966,1,Lotus-Climax,1795,80,1727,3
1966,1,McLaren-Ford,1227,171,1175,8
1966,2,BRM,1876,80,1703,4
1966,2,Brabham-Climax,1686,80,1395,7
1966,2,Brabham-Repco,1597,130,1774,2
1966,2,Cooper-Maserati,1549,80,1853,1
1966,2,Eagle-Climax,1693,171,1729,3
1966,2,Ferrari,1808,80,1998,0
1966,2,Lotus-BRM,1513,80,1559,5
1966,2,Lotus-Climax,1740,80,1511,6
1966,2,McLaren-Serenissima,1220,171,1166,8
1966,3,BRM,1810,80,1486,7
1966,3,Brabham-BRM,1575,80,1661,4
1966,3,Brabham-Climax,1667,80,1616,5
1966,3,Brabham-Repco,1738,111,1986,0
1966,3,Cooper-Maserati,1602,80,1781,2
1966,3,Eagle-Climax,1713,130,1736,3
1966,3,Ferrari,1827,80,1891,1
1966,3,Lotus-BRM,1481,80,1346,8
1966,3,Lotus-Climax,1698,80,1557,6
1966,4,BRM,1826,80,1869,1
1966,4,Brabham-BRM,1566,80,1533,6
1966,4,Brabham-Climax,1652,80,1606,5
1966,4,Brabham-Repco,1821,100,1971,0
1966,4,Cooper-Ferrari,1471,171,1466,7
1966,4,Cooper-Maserati,1628,80,1703,3
1966,4,Eagle-Climax,1604,111,1312,9
1966,4,Lotus-BRM,1464,80,1404,8
1966,4,Lotus-Climax,1718,80,1777,2
1966,4,McLaren-Serenissima,1428,130,1633,4
1966,4,Shannon,1152,171,1084,10
1966,5,BRM,1843,80,1896,1
1966,5,Brabham-BRM,1560,80,1540,6
1966,5,Brabham-Climax,1614,80,1475,7
1966,5,Brabham-Repco,1876,94,2004,0
1966,5,Cooper-Maserati,1624,80,1613,5
1966,5,Eagle-Climax,1510,100,1357,8
1966,5,Ferrari,1798,80,1695,4
1966,5,Lotus-BRM,1509,80,1719,3
1966,5,Lotus-Climax,1738,80,1806,2
1966,6,BRM,1840,80,1829,2
1966,6,Brabham-BRM,1518,80,1320,9
1966,6,Brabham-Climax,1576,80,1435,8
1966,6,Brabham-Repco,1915,89,2022,0
1966,6,Cooper-Ferrari,1477,130,1484,7
1966,6,Cooper-Maserati,1671,80,1879,1
1966,6,Eagle-Climax,1565,94,1666,4
1966,6,Ferrari,1789,80,1757,3
1966,6,Lotus-BRM,1532,80,1607,5
1966,6,Lotus-Climax,1703,80,1574,6
1966,7,BRM,1796,80,1616,5
1966,7,Brabham-Climax,1594,80,1652,4
1966,7,Brabham-Repco,1916,86,1920,1
1966,7,Cooper-Maserati,1700,80,1801,2
1966,7,Eagle-Weslake,1279,171,1237,8
1966,7,Ferrari,1831,80,2009,0
1966,7,Honda,1483,81,1410,7
1966,7,Lotus-BRM,1569,80,1715,3
1966,7,Lotus-Climax,1667,80,1529,6
1966,8,BRM,1771,80,1687,4
1966,8,Brabham-Repco,1854,84,1550,6
1966,8,Cooper-Maserati,1737,80,1879,1
1966,8,Eagle-Climax,1479,89,1208,9
1966,8,Eagle-Weslake,1285,130,1291,8
1966,8,Ferrari,1771,80,1463,7
1966,8,Honda,1507,81,1579,5
1966,8,Lotus-BRM,1628,80,1985,0
1966,8,Lotus-Climax,1683,80,1736,3
1966,8,McLaren-Ford,1500,130,1789,2
1966,9,BRM,1714,80,1408,6
1966,9,Brabham-Repco,1851,83,1843,1
1966,9,Cooper-Maserati,1776,80,1936,0
1966,9,Eagle-Climax,1523,86,1619,3
1966,9,Eagle-Weslake,1255,111,1198,7
1966,9,Honda,1548,80,1702,2
1966,9,Lotus-BRM,1613,80,1565,4
1966,9,McLaren-Ford,1480,111,1467,5
1967,1,BRM,1652,80,1354,8
1967,1,Brabham-Climax,1600,80,1622,4
1967,1,Brabham-Repco,1819,82,1714,3
1967,1,Cooper-Climax,1646,80,1827,1
1967,1,Cooper-Maserati,1813,80,1960,0
1967,1,Eagle-Climax,1500,84,1442,7
1967,1,Honda,1590,80,1744,2
1967,1,LDS-Climax,1559,171,1570,5
1967,1,Lotus-BRM,1593,80,1530,6
1967,2,BRM,1644,80,1621,5
1967,2,Brabham-Repco,1857,81,1990,0
1967,2,Cooper-Maserati,1789,80,1704,4
1967,2,Eagle-Weslake,1258,100,1266,8
1967,2,Ferrari,1778,80,1798,2
1967,2,Honda,1560,80,1460,7
1967,2,Lotus-BRM,1642,80,1854,1
1967,2,Lotus-Climax,1655,80,1556,6
1967,2,Matra,1177,171,1114,9
1967,2,McLaren-BRM,1697,171,1734,3
1967,3,BRM,1651,80,1676,4
1967,3,Brabham-Climax,1603,80,1612,5
1967,3,Brabham-Repco,1869,81,1909,1
1967,3,Cooper-Maserati,1745,80,1569,6
1967,3,Eagle-Weslake,1273,94,1316,8
1967,3,Ferrari,1787,80,1817,2
1967,3,Honda,1540,80,1472,7
1967,3,Lotus-BRM,1664,80,1735,3
1967,3,Lotus-Ford,1704,130,1997,0
1967,3,McLaren-BRM,1480,130,1238,9
1967,4,BRM,1691,80,1845,1
1967,4,Brabham-Climax,1591,80,1546,5
1967,4,Brabham-Repco,1809,81,1476,6
1967,4,Cooper-Maserati,1736,80,1706,3
1967,4,Eagle-Weslake,1340,89,1949,0
1967,4,Ferrari,1787,80,1784,2
1967,4,Honda,1494,80,1303,7
1967,4,Lotus-Ford,1665,111,1632,4
1967,5,BRM,1722,80,1828,1
1967,5,Brabham-Climax,1550,80,1359,6
1967,5,Brabham-Repco,1845,80,1957,0
1967,5,Cooper-Maserati,1740,80,1755,2
1967,5,Eagle-Weslake,1393,86,1544,4
1967,5,Ferrari,1766,80,1690,3
1967,5,Lotus-Ford,1608,100,1501,5
1967,6,BRM,1688,80,1565,5
1967,6,Brabham-Climax,1531,80,1466,6
1967,6,Brabham-Repco,1851,80,1871,1
1967,6,Cooper-ATS,1237,171,1186,8
1967,6,Cooper-Maserati,1733,80,1704,3
1967,6,Eagle-Weslake,1378,84,1341,7
1967,6,Ferrari,1768,80,1777,2
1967,6,Honda,1519,80,1604,4
1967,6,Lotus-Ford,1694,94,1952,0
1967,7,BRM,1649,80,1505,6
1967,7,Brabham-Ford,1458,111,1537,5
1967,7,Brabham-Repco,1880,80,1983,0
1967,7,Cooper-Maserati,1714,80,1641,4
1967,7,Eagle-Weslake,1361,83,1309,8
1967,7,Ferrari,1787,80,1857,1
1967,7,Honda,1565,80,1750,2
1967,7,Lola,1407,80,1396,7
1967,7,Lotus-Ford,1697,89,1701,3
1967,7,Matra,1170,130,1164,9
1967,7,Protos,1115,171,1040,10
1967,8,BRM,1662,80,1706,3
1967,8,Brabham-Repco,1905,80,1996,0
1967,8,Cooper-Maserati,1677,80,1521,6
1967,8,Eagle-Climax,1452,83,1291,8
1967,8,Eagle-Weslake,1427,82,1836,1
1967,8,Ferrari,1761,80,1660,4
1967,8,Lotus-BRM,1618,80,1431,7
1967,8,Lotus-Ford,1719,86,1778,2
1967,8,McLaren-BRM,1524,111,1561,5
1967,9,BRM,1653,80,1622,4
1967,9,Brabham-Repco,1900,80,1881,1
1967,9,Cooper-Maserati,1680,80,1691,3
1967,9,Eagle-Weslake,1398,81,1318,7
1967,9,Ferrari,1723,80,1562,5
1967,9,Honda,1627,80,1948,0
1967,9,Lotus-Ford,1731,84,1767,2
1967,9,McLaren-BRM,1496,100,1449,6
1967,10,BRM,1623,80,1508,6
1967,10,Brabham-Repco,1895,80,1881,1
1967,10,Cooper-Maserati,1698,80,1765,2
1967,10,Eagle-Weslake,1396,81,1388,7
1967,10,Ferrari,1694,80,1584,5
1967,10,Honda,1629,80,1635,4
1967,10,Lotus-Ford,1778,83,1963,0
1967,10,McLaren-BRM,1438,94,1292,8
1967,10,McLaren-Ford,1557,100,1682,3
1967,11,BRM,1644,80,1717,3
1967,11,Brabham-Repco,1895,80,1892,1
1967,11,Cooper-Maserati,1692,80,1670,4
1967,11,Eagle-Climax,1414,82,1292,9
1967,11,Ferrari,1666,80,1562,6
1967,11,Honda,1662,80,1779,2
1967,11,Lotus-BRM,1575,80,1421,8
1967,11,Lotus-Ford,1821,82,1980,0
1967,11,McLaren-BRM,1448,89,1471,7
1967,11,McLaren-Ford,1572,94,1602,5
1968,1,BRM,1591,80,1317,11
1968,1,Brabham-Climax,1538,80,1564,7
1968,1,Brabham-Repco,1899,80,1917,1
1968,1,Cooper-BRM,1187,171,1126,12
1968,1,Cooper-Climax,1595,80,1407,10
1968,1,Cooper-Maserati,1689,80,1677,5
1968,1,Eagle-Weslake,1419,81,1498,8
1968,1,Ferrari,1696,80,1811,2
1968,1,Honda,1654,80,1626,6
1968,1,LDS,1513,111,1458,9
1968,1,Lotus-Ford,1863,81,2013,0
1968,1,Matra-Ford,1677,171,1711,4
1968,1,McLaren-BRM,1507,86,1738,3
1968,2,BRM,1561,80,1463,6
1968,2,Brabham-Repco,1843,80,1327,7
1968,2,Cooper-BRM,1474,130,1762,2
1968,2,Ferrari,1670,80,1575,5
1968,2,Honda,1652,80,1646,4
1968,2,Lotus-Ford,1895,81,2006,0
1968,2,Matra-Ford,1697,130,1719,3
1968,2,McLaren-Ford,1636,89,1851,1
1968,3,BRM,1614,80,1833,1
1968,3,Brabham-Repco,1772,80,1372,7
1968,3,Cooper-BRM,1626,111,1744,2
1968,3,Eagle-Weslake,1422,80,1430,6
1968,3,Honda,1644,80,1614,4
1968,3,Lotus-Ford,1919,81,2003,0
1968,3,Matra,1269,111,1491,5
1968,3,Matra-Ford,1578,111,1206,8
1968,3,McLaren-Ford,1649,86,1683,3
1968,4,BRM,1665,80,1851,1
1968,4,Brabham-Repco,1695,80,1414,8
1968,4,Cooper-BRM,1617,100,1604,5
1968,4,Ferrari,1694,80,1779,2
1968,4,Honda,1613,80,1489,7
1968,4,Lotus-Ford,1874,80,1686,4
1968,4,Matra,1354,100,1515,6
1968,4,Matra-Ford,1629,100,1710,3
1968,4,McLaren-BRM,1451,84,1264,9
1968,4,McLaren-Ford,1709,84,1968,0
1968,5,BRM,1693,80,1781,2
1968,5,Brabham-Repco,1687,80,1671,4
1968,5,Cooper-BRM,1530,94,1292,9
1968,5,Ferrari,1701,80,1725,3
1968,5,Honda,1587,80,1489,7
1968,5,Lotus-Ford,1816,80,1572,6
1968,5,Matra,1456,94,1841,1
1968,5,Matra-Ford,1706,94,1958,0
1968,5,McLaren-BRM,1487,83,1591,5
1968,5,McLaren-Ford,1647,83,1417,8
1968,6,BRM,1671,80,1600,5
1968,6,Brabham-Repco,1623,80,1359,8
1968,6,Cooper-BRM,1582,89,1694,3
1968,6,Ferrari,1744,80,1941,0
1968,6,Honda,1632,80,1828,1
1968,6,Lotus-Ford,1751,80,1474,7
1968,6,Matra,1474,89,1510,6
1968,6,Matra-Ford,1724,89,1770,2
1968,6,McLaren-Ford,1648,82,1651,4
1968,7,BRM,1660,80,1622,5
1968,7,Brabham-Repco,1609,80,1570,6
1968,7,Cooper-BRM,1563,86,1516,7
1968,7,Eagle-Weslake,1411,80,1371,9
1968,7,Ferrari,1767,80,1846,1
1968,7,Honda,1651,80,1713,3
1968,7,Lotus-Ford,1800,80,1946,0
1968,7,Matra,1467,86,1448,8
1968,7,Matra-Ford,1711,86,1674,4
1968,7,McLaren-BRM,1440,82,1278,10
1968,7,McLaren-Ford,1677,81,1769,2
1968,8,BRM,1664,80,1677,4
1968,8,Brabham-Repco,1648,80,1779,2
1968,8,Cooper-BRM,1514,84,1358,10
1968,8,Eagle-Weslake,1440,80,1556,6
1968,8,Ferrari,1761,80,1739,3
1968,8,Honda,1591,80,1256,11
1968,8,Lola,1427,80,1503,7
1968,8,Lotus-Ford,1818,80,1870,1
1968,8,Matra,1455,84,1420,9
1968,8,Matra-Ford,1761,84,1960,0
1968,8,McLaren,1473,171,1468,8
1968,8,McLaren-Ford,1666,81,1630,5
1968,9,BRM,1676,80,1723,3
1968,9,Brabham-Repco,1617,80,1515,7
1968,9,Cooper-BRM,1460,83,1269,10
1968,9,Eagle-Weslake,1423,80,1362,9
1968,9,Ferrari,1768,80,1792,2
1968,9,Honda,1557,80,1451,8
1968,9,Lotus-Ford,1768,80,1581,6
1968,9,Matra,1496,83,1652,4
1968,9,Matra-Ford,1786,83,1862,1
1968,9,McLaren-BRM,1478,81,1599,5
1968,9,McLaren-Ford,1717,81,1953,0
1968,10,BRM,1710,80,1848,1
1968,10,Brabham-Repco,1588,80,1490,7
1968,10,Cooper-BRM,1515,82,1701,3
1968,10,Ferrari,1729,80,1564,6
1968,10,Honda,1523,80,1412,8
1968,10,Lotus-Ford,1773,80,1789,2
1968,10,Matra,1519,82,1592,5
1968,10,Matra-Ford,1761,82,1677,4
1968,10,McLaren-BRM,1436,81,1297,9
1968,10,McLaren-Ford,1766,80,1955,0
1968,11,BRM,1703,80,1678,4
1968,11,Brabham-Repco,1572,80,1519,7
1968,11,Cooper-BRM,1528,81,1564,6
1968,11,Ferrari,1675,80,1398,9
1968,11,Honda,1574,80,1772,2
1968,11,Lotus-Ford,1795,80,1865,1
1968,11,Matra,1471,81,1277,10
1968,11,Matra-Ford,1802,81,1965,0
1968,11,McLaren,1538,130,1612,5
1968,11,McLaren-BRM,1438,81,1442,8
1968,11,McLaren-Ford,1759,80,1737,3
1968,12,BRM,1719,80,1779,2
1968,12,Brabham-Repco,1547,80,1451,7
1968,12,Cooper-BRM,1541,81,1581,5
1968,12,Ferrari,1615,80,1357,8
1968,12,Honda,1605,80,1703,3
1968,12,Lotus-Ford,1830,80,1968,0
1968,12,Matra,1481,81,1510,6
1968,12,Matra-Ford,1772,81,1670,4
1968,12,McLaren-Ford,1781,80,1858,1
1969,1,BRM,1712,80,1686,3
1969,1,Brabham-Ford,1421,100,1352,6
1969,1,Brabham-Repco,1555,80,1582,4
1969,1,Ferrari,1588,80,1507,5
1969,1,Lotus-Ford,1837,80,1859,1
1969,1,Matra-Ford,1812,81,1958,0
1969,1,McLaren-Ford,1779,80,1769,2
1969,2,BRM,1719,80,1747,2
1969,2,Brabham-Ford,1475,94,1616,3
1969,2,Ferrari,1577,80,1543,4
1969,2,Lotus-Ford,1779,80,1441,5
1969,2,Matra-Ford,1846,80,1967,0
1969,2,McLaren-Ford,1793,80,1847,1
1969,3,BRM,1672,80,1429,6
1969,3,Brabham-Ford,1547,89,1839,1
1969,3,Cooper-Maserati,1692,80,1702,3
1969,3,Ferrari,1565,80,1526,5
1969,3,Lotus-Ford,1823,80,1973,0
1969,3,Matra-Ford,1804,80,1649,4
1969,3,McLaren-Ford,1793,80,1790,2
1969,4,BRM,1628,80,1453,5
1969,4,Brabham-Ford,1546,86,1545,4
1969,4,Ferrari,1598,80,1723,2
1969,4,Lotus-Ford,1830,80,1851,1
1969,4,Matra-Ford,1840,80,1961,0
1969,4,McLaren-Ford,1769,80,1676,3
1969,5,Brabham-Ford,1599,84,1795,1
1969,5,Ferrari,1570,80,1468,4
1969,5,Lotus-Ford,1790,80,1639,3
1969,5,Matra-Ford,1868,80,1963,0
1969,5,McLaren-Ford,1761,80,1731,2
1969,6,BRM,1589,80,1450,5
1969,6,Brabham-Ford,1649,83,1816,1
1969,6,Ferrari,1566,80,1552,4
1969,6,Lotus-Ford,1763,80,1675,3
1969,6,Matra-Ford,1892,80,1977,0
1969,6,McLaren-Ford,1759,80,1752,2
1969,7,BRM,1557,80,1446,5
1969,7,BRM-Ford,1528,171,1533,4
1969,7,Brabham-Ford,1707,82,1946,0
1969,7,Lotus-Ford,1740,80,1659,3
1969,7,Matra-Ford,1886,80,1867,1
1969,7,McLaren-Ford,1757,80,1747,2
1969,8,BRM,1530,80,1432,5
1969,8,Brabham-Ford,1695,81,1662,3
1969,8,Ferrari,1563,80,1550,4
1969,8,Lotus-Ford,1761,80,1835,1
1969,8,Matra-Ford,1906,80,1983,0
1969,8,McLaren-Ford,1755,80,1751,2
1969,9,BRM,1544,80,1592,4
1969,9,Brabham-Climax,1499,80,1329,7
1969,9,Brabham-Ford,1747,81,1958,0
1969,9,Eagle-Climax,1415,81,1418,6
1969,9,Ferrari,1555,80,1525,5
1969,9,Lotus-Ford,1781,80,1852,1
1969,9,Matra-Ford,1882,80,1791,2
1969,9,McLaren-Ford,1743,80,1694,3
1969,10,BRM,1581,80,1728,2
1969,10,Brabham-Ford,1770,81,1845,1
1969,10,Ferrari,1573,80,1643,3
1969,10,Lotus-Ford,1817,80,1966,0
1969,10,Matra-Ford,1834,80,1599,4
1969,10,McLaren-Ford,1698,80,1463,5
1969,11,BRM,1597,80,1652,3
1969,11,Brabham-Ford,1788,80,1847,1
1969,11,Ferrari,1570,80,1562,4
1969,11,Lotus-Ford,1762,80,1482,5
1969,11,Matra-Ford,1819,80,1773,2
1969,11,McLaren-Ford,1745,80,1949,0
1970,1,BRM,1571,80,1478,5
1970,1,Brabham,1765,80,1884,0
1970,1,De Tomaso,1204,100,1156,7
1970,1,Ferrari,1535,80,1378,6
1970,1,March,1660,171,1690,2
1970,1,Matra,1509,81,1611,3
1970,1,McLaren-Ford,1752,80,1773,1
1970,1,Team Lotus,1564,80,1551,4
1970,2,BRM,1551,80,1476,5
1970,2,Brabham,1738,80,1647,3
1970,2,De Tomaso,1192,94,1156,7
1970,2,Ferrari,1503,80,1379,6
1970,2,March,1775,130,1918,0
1970,2,Matra,1517,80,1541,4
1970,2,McLaren-Ford,1764,80,1806,1
1970,2,Team Lotus,1596,80,1692,2
1970,3,BRM,1549,80,1545,4
1970,3,Brabham,1753,80,1800,1
1970,3,De Tomaso,1218,89,1307,6
1970,3,Ferrari,1456,80,1236,7
1970,3,March,1673,111,1491,5
1970,3,Matra,1550,80,1686,2
1970,3,McLaren-Ford,1739,80,1647,3
1970,3,Team Lotus,1652,80,1894,0
1970,4,BRM,1597,80,1835,0
1970,4,Brabham,1707,80,1507,4
1970,4,De Tomaso,1207,86,1169,6
1970,4,Ferrari,1477,80,1548,3
1970,4,March,1699,100,1743,1
1970,4,Matra,1570,80,1640,2
1970,4,Team Lotus,1597,80,1399,5
1970,5,BRM,1572,80,1487,5
1970,5,Brabham,1651,80,1404,6
1970,5,De Tomaso,1197,84,1163,7
1970,5,Ferrari,1518,80,1680,2
1970,5,March,1724,94,1783,1
1970,5,Matra,1581,80,1622,3
1970,5,McLaren-Ford,1706,80,1577,4
1970,5,Team Lotus,1657,80,1874,0
1970,6,BRM,1557,80,1504,5
1970,6,Brabham,1665,80,1709,2
1970,6,Ferrari,1493,80,1408,6
1970,6,March,1742,89,1793,1
1970,6,Matra,1579,80,1573,4
1970,6,McLaren-Alfa Romeo,1278,171,1236,7
1970,6,McLaren-Ford,1694,80,1652,3
1970,6,Team Lotus,1710,80,1888,0
1970,7,BRM,1547,80,1512,5
1970,7,Brabham,1694,80,1793,1
1970,7,Ferrari,1524,80,1633,3
1970,7,March,1709,86,1600,4
1970,7,Matra,1543,80,1385,7
1970,7,McLaren-Alfa Romeo,1230,130,1175,8
1970,7,McLaren-Ford,1700,80,1722,2
1970,7,Surtees,1447,171,1438,6
1970,7,Team Lotus,1754,80,1906,0
1970,8,BRM,1507,80,1332,7
1970,8,Brabham,1686,80,1657,3
1970,8,Ferrari,1572,80,1779,1
1970,8,March,1669,84,1526,5
1970,8,Matra,1550,80,1574,4
1970,8,McLaren-Ford,1705,80,1723,2
1970,8,Surtees,1432,130,1416,6
1970,8,Team Lotus,1790,80,1913,0
1970,9,BRM,1548,80,1713,2
1970,9,Bellasi,1099,171,1021,10
1970,9,Brabham,1711,80,1807,1
1970,9,De Tomaso,1189,83,1160,9
1970,9,Ferrari,1629,80,1903,0
1970,9,March,1655,83,1608,4
1970,9,Matra,1571,80,1653,3
1970,9,McLaren-Alfa Romeo,1299,111,1438,6
1970,9,McLaren-Ford,1675,80,1552,5
1970,9,Surtees,1390,111,1305,8
1970,9,Team Lotus,1727,80,1422,7
1970,10,BRM,1529,80,1466,6
1970,10,Brabham,1689,80,1606,4
1970,10,De Tomaso,1217,82,1331,7
1970,10,Ferrari,1682,80,1888,0
1970,10,March,1684,82,1789,1
1970,10,Matra,1599,80,1709,2
1970,10,McLaren-Alfa Romeo,1361,100,1503,5
1970,10,McLaren-Ford,1672,80,1660,3
1970,10,Surtees,1357,100,1272,8
1970,10,Team Lotus,1645,80,1171,9
1970,11,BRM,1567,80,1712,2
1970,11,Brabham,1630,80,1247,9
1970,11,De Tomaso,1260,81,1449,6
1970,11,Ferrari,1730,80,1901,0
1970,11,March,1709,81,1798,1
1970,11,Matra,1589,80,1552,5
1970,11,McLaren-Alfa Romeo,1347,94,1315,8
1970,11,McLaren-Ford,1660,80,1615,4
1970,11,Surtees,1419,94,1644,3
1970,11,Team Lotus,1586,80,1429,7
1970,11,Tyrrell,1128,171,1055,10
1970,12,BRM,1610,80,1773,1
1970,12,Brabham,1578,80,1389,7
1970,12,De Tomaso,1228,81,1113,9
1970,12,Ferrari,1728,80,1722,2
1970,12,March,1698,81,1658,3
1970,12,Matra,1563,80,1464,6
1970,12,McLaren-Ford,1636,80,1538,5
1970,12,Surtees,1459,89,1570,4
1970,12,Team Lotus,1655,80,1878,0
1970,12,Tyrrell,1171,130,1213,8
1970,13,BRM,1605,80,1589,4
1970,13,Brabham,1530,80,1368,7
1970,13,Ferrari,1763,80,1895,0
1970,13,March,1702,81,1717,2
1970,13,Matra,1580,80,1641,3
1970,13,McLaren-Ford,1664,80,1779,1
1970,13,Surtees,1472,86,1511,5
1970,13,Team Lotus,1604,80,1467,6
1970,13,Tyrrell,1154,111,1125,8
1971,1,BRM,1544,80,1178,9
1971,1,Brabham,1505,80,1427,6
1971,1,Ferrari,1796,80,1919,0
1971,1,Lotus-Ford,1753,80,1727,2
1971,1,March-Alfa Romeo,1298,171,1259,8
1971,1,March-Ford,1359,171,1332,7
1971,1,Matra,1591,80,1631,3
1971,1,McLaren,1548,111,1565,4
1971,1,Surtees,1477,84,1492,5
1971,1,Tyrrell,1250,100,1767,1
1971,2,BRM,1561,80,1608,3
1971,2,Brabham,1500,80,1482,5
1971,2,Ferrari,1796,80,1799,1
1971,2,Lotus-Ford,1691,80,1359,7
1971,2,March-Alfa Romeo,1208,130,1101,9
1971,2,March-Ford,1299,130,1230,8
1971,2,Matra,1610,80,1683,2
1971,2,McLaren,1548,100,1548,4
1971,2,Surtees,1463,83,1414,6
1971,2,Tyrrell,1391,94,1870,0
1971,3,BRM,1529,80,1423,6
1971,3,Brabham,1467,80,1338,7
1971,3,Ferrari,1778,80,1711,2
1971,3,Lotus-Ford,1660,80,1566,4
1971,3,March-Ford,1418,111,1745,1
1971,3,Matra,1556,80,1232,8
1971,3,McLaren,1563,94,1610,3
1971,3,Surtees,1466,82,1477,5
1971,3,Tyrrell,1554,89,1856,0
1971,4,BRM,1575,80,1750,1
1971,4,Brabham,1475,80,1502,5
1971,4,Ferrari,1803,80,1899,0
1971,4,Lotus-Ford,1600,80,1319,8
1971,4,Lotus-Pratt &amp; Whitney,1199,171,1141,9
1971,4,March-Ford,1519,100,1671,2
1971,4,Matra,1558,80,1566,4
1971,4,McLaren,1527,89,1394,7
1971,4,Surtees,1495,81,1612,3
1971,4,Tyrrell,1513,86,1456,6
1971,5,BRM,1598,80,1673,2
1971,5,Brabham,1468,80,1445,6
1971,5,Ferrari,1742,80,1212,9
1971,5,Lotus-Ford,1637,80,1750,1
1971,5,March-Alfa Romeo,1230,111,1266,8
1971,5,March-Ford,1471,94,1389,7
1971,5,Matra,1571,80,1612,3
1971,5,McLaren,1521,86,1505,5
1971,5,Surtees,1508,81,1552,4
1971,5,Tyrrell,1601,84,1853,0
1971,6,BRM,1582,80,1527,5
1971,6,Brabham,1467,80,1461,6
1971,6,Ferrari,1665,80,1153,10
1971,6,Lotus-Ford,1650,80,1691,2
1971,6,Lotus-Pratt &amp; Whitney,1292,130,1383,7
1971,6,March-Alfa Romeo,1255,100,1317,8
1971,6,March-Ford,1545,89,1746,1
1971,6,Matra,1571,80,1574,4
1971,6,McLaren,1475,84,1274,9
1971,6,Surtees,1531,81,1620,3
1971,6,Tyrrell,1670,83,1858,0
1971,7,BRM,1558,80,1474,6
1971,7,Brabham,1496,80,1618,3
1971,7,Ferrari,1693,80,1761,1
1971,7,Lotus-Ford,1624,80,1534,5
1971,7,March-Alfa Romeo,1286,94,1374,7
1971,7,March-Ford,1585,86,1681,2
1971,7,Matra,1529,80,1339,8
1971,7,McLaren,1424,83,1215,9
1971,7,Surtees,1539,80,1572,4
1971,7,Tyrrell,1719,82,1863,0
1971,8,BRM,1609,80,1849,0
1971,8,Brabham,1530,80,1665,2
1971,8,Ferrari,1617,80,1246,8
1971,8,Lotus-Ford,1652,80,1752,1
1971,8,March-Alfa Romeo,1312,89,1394,6
1971,8,March-Ford,1592,84,1614,3
1971,8,McLaren,1438,82,1478,5
1971,8,Surtees,1542,80,1551,4
1971,8,Tyrrell,1648,81,1364,7
1971,9,BRM,1656,80,1830,0
1971,9,Bellasi,1055,130,1008,10
1971,9,Brabham,1500,80,1389,7
1971,9,Ferrari,1533,80,1231,9
1971,9,Lotus-Pratt &amp; Whitney,1342,111,1421,6
1971,9,March-Alfa Romeo,1307,86,1291,8
1971,9,March-Ford,1624,83,1729,1
1971,9,Matra,1533,80,1547,4
1971,9,McLaren,1449,81,1486,5
1971,9,Surtees,1554,80,1600,3
1971,9,Tyrrell,1654,81,1668,2
1971,10,BRM,1626,80,1529,5
1971,10,Brabham,1459,80,1289,8
1971,10,Ferrari,1544,80,1569,4
1971,10,Lotus-Ford,1648,80,1634,3
1971,10,March-Ford,1652,82,1754,1
1971,10,Matra,1517,80,1461,6
1971,10,McLaren,1492,81,1671,2
1971,10,Surtees,1523,80,1395,7
1971,10,Tyrrell,1700,81,1858,0
1971,11,BRM,1656,80,1759,1
1971,11,Brabham,1483,80,1566,4
1971,11,Ferrari,1566,80,1626,3
1971,11,Lotus-Ford,1590,80,1241,9
1971,11,March-Alfa Romeo,1324,84,1384,7
1971,11,March-Ford,1662,81,1695,2
1971,11,Matra,1518,80,1522,5
1971,11,McLaren,1486,81,1466,6
1971,11,Surtees,1488,80,1340,8
1971,11,Tyrrell,1739,80,1871,0
1972,1,BRM,1617,80,1476,6
1972,1,Brabham,1490,80,1515,5
1972,1,Ferrari,1596,80,1693,2
1972,1,March,1680,80,1594,4
1972,1,Matra,1477,80,1292,8
1972,1,McLaren,1534,80,1758,1
1972,1,Surtees,1517,80,1626,3
1972,1,Team Lotus,1556,80,1402,7
1972,1,Tyrrell,1773,80,1891,0
1972,2,BRM,1585,80,1473,6
1972,2,Brabham,1508,80,1569,4
1972,2,Ferrari,1618,80,1694,2
1972,2,March,1672,80,1645,3
1972,2,Matra,1457,80,1388,7
1972,2,McLaren,1592,80,1865,0
1972,2,Surtees,1473,80,1294,8
1972,2,Team Lotus,1604,80,1761,1
1972,2,Tyrrell,1726,80,1542,5
1972,3,BRM,1533,80,1301,8
1972,3,Brabham,1510,80,1520,5
1972,3,Ferrari,1649,80,1765,1
1972,3,March,1655,80,1591,4
1972,3,Matra,1442,80,1386,7
1972,3,McLaren,1603,80,1636,3
1972,3,Surtees,1517,80,1683,2
1972,3,Team Lotus,1661,80,1865,0
1972,3,Tyrrell,1674,80,1483,6
1972,4,BRM,1594,80,1857,0
1972,4,Brabham,1487,80,1396,7
1972,4,Ferrari,1674,80,1768,1
1972,4,March,1605,80,1309,8
1972,4,Matra,1458,80,1515,5
1972,4,McLaren,1599,80,1586,4
1972,4,Surtees,1505,80,1466,6
1972,4,Team Lotus,1672,80,1702,2
1972,4,Tyrrell,1667,80,1646,3
1972,5,BRM,1567,80,1493,6
1972,5,Brabham,1472,80,1418,7
1972,5,Ferrari,1621,80,1354,8
1972,5,March,1603,80,1598,4
1972,5,Matra,1473,80,1532,5
1972,5,McLaren,1622,80,1705,2
1972,5,Surtees,1534,80,1640,3
1972,5,Team Lotus,1716,80,1884,0
1972,5,Tecno,1227,171,1174,9
1972,5,Tyrrell,1693,80,1781,1
1972,6,BRM,1515,80,1308,8
1972,6,Brabham,1471,80,1465,6
1972,6,Ferrari,1574,80,1413,7
1972,6,March,1612,80,1644,3
1972,6,Matra,1513,80,1690,2
1972,6,McLaren,1604,80,1540,5
1972,6,Surtees,1546,80,1583,4
1972,6,Team Lotus,1732,80,1784,1
1972,6,Tyrrell,1732,80,1882,0
1972,7,BRM,1496,80,1434,7
1972,7,Brabham,1474,80,1486,6
1972,7,Ferrari,1581,80,1599,4
1972,7,March,1599,80,1553,5
1972,7,Matra,1542,80,1646,3
1972,7,McLaren,1627,80,1712,2
1972,7,Politoys,1156,171,1089,10
1972,7,Surtees,1510,80,1367,8
1972,7,Team Lotus,1768,80,1905,0
1972,7,Tecno,1221,130,1215,9
1972,7,Tyrrell,1748,80,1800,1
1972,8,BRM,1538,80,1699,2
1972,8,Brabham,1495,80,1581,4
1972,8,Ferrari,1636,80,1885,0
1972,8,March,1635,80,1781,1
1972,8,Matra,1514,80,1416,7
1972,8,McLaren,1633,80,1652,3
1972,8,Surtees,1502,80,1475,6
1972,8,Team Lotus,1706,80,1348,8
1972,8,Tecno,1195,111,1144,9
1972,8,Tyrrell,1709,80,1554,5
1972,9,BRM,1554,80,1603,4
1972,9,Brabham,1470,80,1370,8
1972,9,Connew,1308,171,1271,9
1972,9,Ferrari,1566,80,1203,10
1972,9,March,1608,80,1510,6
1972,9,Matra,1544,80,1652,3
1972,9,McLaren,1663,80,1789,1
1972,9,Surtees,1542,80,1708,2
1972,9,Team Lotus,1752,80,1901,0
1972,9,Tecno,1250,100,1405,7
1972,9,Tyrrell,1677,80,1569,5
1972,10,BRM,1563,80,1594,4
1972,10,Brabham,1504,80,1639,3
1972,10,Ferrari,1560,80,1545,5
1972,10,March,1584,80,1495,6
1972,10,Matra,1518,80,1427,7
1972,10,McLaren,1675,80,1716,2
1972,10,Surtees,1587,80,1772,1
1972,10,Team Lotus,1786,80,1901,0
1972,10,Tecno,1229,94,1173,9
1972,10,Tyrrell,1623,80,1359,8
1972,11,BRM,1533,80,1418,7
1972,11,Brabham,1542,80,1699,2
1972,11,Ferrari,1581,80,1646,3
1972,11,March,1563,80,1488,6
1972,11,Matra,1534,80,1589,4
1972,11,McLaren,1698,80,1787,1
1972,11,Surtees,1577,80,1544,5
1972,11,Team Lotus,1718,80,1333,8
1972,11,Tyrrell,1677,80,1884,0
1972,12,BRM,1496,80,1352,8
1972,12,Brabham,1543,80,1547,5
1972,12,Ferrari,1598,80,1653,3
1972,12,March,1593,80,1707,2
1972,12,Matra,1512,80,1431,7
1972,12,McLaren,1717,80,1790,1
1972,12,Surtees,1559,80,1497,6
1972,12,Team Lotus,1690,80,1615,4
1972,12,Tecno,1213,89,1165,9
1972,12,Tyrrell,1725,80,1887,0
1973,1,BRM,1503,80,1525,5
1973,1,Brabham,1553,80,1589,4
1973,1,Ferrari,1623,80,1712,2
1973,1,Iso Marlboro,1402,171,1384,7
1973,1,March,1567,80,1473,6
1973,1,McLaren,1706,80,1666,3
1973,1,Surtees,1514,80,1320,8
1973,1,Team Lotus,1738,80,1900,0
1973,1,Tyrrell,1744,80,1801,1
1973,2,BRM,1521,80,1584,4
1973,2,Brabham,1538,80,1482,6
1973,2,Ferrari,1630,80,1656,3
1973,2,Iso Marlboro,1460,130,1524,5
1973,2,March,1520,80,1300,8
1973,2,McLaren,1711,80,1728,2
1973,2,Surtees,1489,80,1402,7
1973,2,Team Lotus,1778,80,1910,0
1973,2,Tyrrell,1758,80,1806,1
1973,3,BRM,1476,80,1276,9
1973,3,Brabham,1545,80,1572,5
1973,3,Ferrari,1639,80,1670,3
1973,3,Iso Marlboro,1455,111,1446,7
1973,3,March,1490,80,1384,8
1973,3,McLaren,1732,80,1817,1
1973,3,Shadow,1601,171,1620,4
1973,3,Surtees,1494,80,1509,6
1973,3,Team Lotus,1772,80,1752,2
1973,3,Tyrrell,1793,80,1932,0
1973,4,BRM,1507,80,1616,4
1973,4,Brabham,1538,80,1511,6
1973,4,Ferrari,1595,80,1392,8
1973,4,Iso Marlboro,1451,100,1441,7
1973,4,March,1506,80,1561,5
1973,4,McLaren,1726,80,1703,3
1973,4,Shadow,1671,130,1751,2
1973,4,Surtees,1452,80,1274,9
1973,4,Team Lotus,1808,80,1943,0
1973,4,Tyrrell,1804,80,1840,1
1973,5,BRM,1543,80,1675,3
1973,5,Brabham,1575,80,1742,2
1973,5,Ferrari,1534,80,1201,10
1973,5,Iso Marlboro,1416,94,1305,9
1973,5,March,1481,80,1392,8
1973,5,McLaren,1698,80,1586,5
1973,5,Shadow,1601,111,1466,7
1973,5,Surtees,1464,80,1501,6
1973,5,Team Lotus,1818,80,1852,1
1973,5,Tecno,1275,86,1602,4
1973,5,Tyrrell,1835,80,1959,0
1973,6,BRM,1497,80,1320,9
1973,6,Brabham,1596,80,1673,3
1973,6,Ferrari,1514,80,1454,7
1973,6,Iso Marlboro,1407,89,1379,8
1973,6,March,1497,80,1552,5
1973,6,McLaren,1710,80,1753,2
1973,6,Shadow,1572,100,1513,6
1973,6,Surtees,1493,80,1605,4
1973,6,Team Lotus,1825,80,1850,1
1973,6,Tecno,1247,84,1168,10
1973,6,Tyrrell,1861,80,1965,0
1973,7,BRM,1496,80,1493,6
1973,7,Brabham,1613,80,1675,3
1973,7,Ferrari,1536,80,1606,4
1973,7,Iso Marlboro,1394,86,1349,8
1973,7,March,1508,80,1548,5
1973,7,McLaren,1752,80,1950,0
1973,7,Shadow,1505,94,1266,9
1973,7,Surtees,1480,80,1433,7
1973,7,Team Lotus,1832,80,1857,1
1973,7,Tyrrell,1844,80,1779,2
1973,8,BRM,1498,80,1505,6
1973,8,Brabham,1642,80,1756,2
1973,8,Ensign,1198,171,1140,10
1973,8,Ferrari,1567,80,1680,3
1973,8,Iso Marlboro,1371,84,1288,9
1973,8,March,1531,80,1617,4
1973,8,McLaren,1718,80,1586,5
1973,8,Shadow,1489,89,1450,7
1973,8,Surtees,1459,80,1384,8
1973,8,Team Lotus,1861,80,1981,0
1973,8,Tyrrell,1850,80,1871,1
1973,9,BRM,1511,80,1557,5
1973,9,Brabham,1639,80,1629,4
1973,9,Ensign,1282,130,1366,8
1973,9,Ferrari,1554,80,1511,6
1973,9,Iso Marlboro,1385,83,1434,7
1973,9,March,1570,80,1746,2
1973,9,McLaren,1765,80,1961,0
1973,9,Shadow,1452,86,1334,9
1973,9,Surtees,1408,80,1132,11
1973,9,Team Lotus,1863,80,1872,1
1973,9,Tecno,1240,83,1219,10
1973,9,Tyrrell,1823,80,1716,3
1973,10,BRM,1541,80,1659,3
1973,10,Brabham,1591,80,1347,8
1973,10,Ensign,1216,111,1107,10
1973,10,Iso Marlboro,1422,82,1580,4
1973,10,March,1617,80,1826,1
1973,10,McLaren,1766,80,1767,2
1973,10,Shadow,1455,84,1462,6
1973,10,Surtees,1433,80,1517,5
1973,10,Team Lotus,1807,80,1426,7
1973,10,Tecno,1235,82,1217,9
1973,10,Tyrrell,1854,80,1975,0
1973,11,BRM,1494,80,1282,8
1973,11,Brabham,1609,80,1668,3
1973,11,Iso Marlboro,1428,81,1448,6
1973,11,March,1572,80,1397,7
1973,11,McLaren,1784,80,1846,1
1973,11,Shadow,1469,83,1520,5
1973,11,Surtees,1486,80,1727,2
1973,11,Team Lotus,1766,80,1628,4
1973,11,Tyrrell,1880,80,1976,0
1973,12,BRM,1522,80,1614,4
1973,12,Brabham,1626,80,1685,3
1973,12,Ensign,1231,100,1262,9
1973,12,Ferrari,1557,80,1565,5
1973,12,Iso Marlboro,1430,81,1440,7
1973,12,March,1531,80,1393,8
1973,12,McLaren,1737,80,1530,6
1973,12,Shadow,1420,82,1191,10
1973,12,Surtees,1538,80,1741,2
1973,12,Team Lotus,1810,80,1964,0
1973,12,Tyrrell,1878,80,1873,1
1973,13,BRM,1492,80,1390,8
1973,13,Brabham,1639,80,1689,3
1973,13,Ensign,1207,94,1142,10
1973,13,Ferrari,1559,80,1567,5
1973,13,Iso Marlboro,1404,81,1300,9
1973,13,March,1526,80,1510,6
1973,13,McLaren,1763,80,1849,1
1973,13,Shadow,1425,81,1440,7
1973,13,Surtees,1558,80,1620,4
1973,13,Team Lotus,1848,80,1974,0
1973,13,Tyrrell,1860,80,1791,2
1973,14,BRM,1531,80,1680,3
1973,14,Brabham,1604,80,1461,7
1973,14,Ensign,1187,89,1127,10
1973,14,Ferrari,1515,80,1307,9
1973,14,Iso Marlboro,1434,80,1552,5
1973,14,March,1522,80,1508,6
1973,14,McLaren,1805,80,1973,0
1973,14,Shadow,1479,81,1748,2
1973,14,Surtees,1521,80,1388,8
1973,14,Team Lotus,1854,80,1876,1
1973,14,Tyrrell,1822,80,1658,4
1973,15,BRM,1539,80,1564,5
1973,15,Brabham,1636,80,1757,2
1973,15,Ensign,1202,86,1251,9
1973,15,Ferrari,1500,80,1451,7
1973,15,Iso Marlboro,1469,80,1611,4
1973,15,March,1574,80,1834,1
1973,15,McLaren,1784,80,1715,3
1973,15,Shadow,1485,81,1503,6
1973,15,Surtees,1490,80,1388,8
1973,15,Team Lotus,1883,80,1988,0
1973,15,Tyrrell,1759,80,1196,10
1974,1,BRM,1580,80,1753,2
1974,1,Brabham,1638,80,1642,4
1974,1,Ferrari,1554,80,1831,1
1974,1,Iso Marlboro,1443,80,1348,9
1974,1,Lola,1447,80,1518,6
1974,1,March,1576,80,1583,5
1974,1,McLaren,1823,80,1971,0
1974,1,Shadow,1439,80,1251,10
1974,1,Surtees,1474,80,1418,8
1974,1,Team Lotus,1824,80,1498,7
1974,1,Tyrrell,1747,80,1714,3
1974,2,BRM,1559,80,1485,7
1974,2,Brabham,1639,80,1645,4
1974,2,Ferrari,1610,80,1831,1
1974,2,Iso Marlboro,1403,80,1244,10
1974,2,Lola,1440,80,1414,8
1974,2,March,1567,80,1536,6
1974,2,McLaren,1855,80,1972,0
1974,2,Shadow,1416,80,1344,9
1974,2,Surtees,1516,80,1686,3
1974,2,Team Lotus,1815,80,1787,2
1974,2,Tyrrell,1715,80,1604,5
1974,3,BRM,1609,80,1839,1
1974,3,Brabham,1689,80,1956,0
1974,3,Ferrari,1551,80,1331,9
1974,3,Hesketh,1210,171,1154,10
1974,3,Iso Marlboro,1440,80,1572,5
1974,3,Lola,1444,80,1462,7
1974,3,March,1583,80,1641,4
1974,3,McLaren,1842,80,1798,2
1974,3,Surtees,1519,80,1528,6
1974,3,Team Lotus,1752,80,1426,8
1974,3,Tyrrell,1715,80,1715,3
1974,4,Amon,1114,171,1039,13
1974,4,BRM,1591,80,1533,7
1974,4,Brabham,1666,80,1586,6
1974,4,Ferrari,1624,80,1953,0
1974,4,Hesketh,1409,130,1604,5
1974,4,Iso Marlboro,1412,80,1318,11
1974,4,Lola,1432,80,1385,10
1974,4,March,1620,80,1773,2
1974,4,McLaren,1850,80,1877,1
1974,4,Shadow,1463,80,1651,4
1974,4,Surtees,1509,80,1476,8
1974,4,Team Lotus,1675,80,1242,12
1974,4,Trojan,1440,171,1429,9
1974,4,Tyrrell,1718,80,1728,3
1974,5,BRM,1618,80,1714,3
1974,5,Brabham,1640,80,1551,7
1974,5,Ensign,1238,84,1373,10
1974,5,Ferrari,1679,80,1842,1
1974,5,Hesketh,1266,111,1107,14
1974,5,Iso Marlboro,1419,80,1441,9
1974,5,Lola,1472,80,1655,4
1974,5,March,1621,80,1624,5
1974,5,McLaren,1876,80,1980,0
1974,5,Shadow,1470,80,1491,8
1974,5,Surtees,1462,80,1238,13
1974,5,Team Lotus,1604,80,1358,11
1974,5,Token,1316,171,1281,12
1974,5,Trojan,1503,130,1574,6
1974,5,Tyrrell,1732,80,1782,2
1974,6,Amon,1056,130,991,14
1974,6,BRM,1598,80,1530,7
1974,6,Brabham,1636,80,1619,5
1974,6,Ensign,1274,83,1410,9
1974,6,Ferrari,1689,80,1717,3
1974,6,Hesketh,1345,100,1460,8
1974,6,Iso Marlboro,1397,80,1320,11
1974,6,Lola,1491,80,1561,6
1974,6,March,1579,80,1392,10
1974,6,McLaren,1839,80,1684,4
1974,6,Shadow,1522,80,1758,2
1974,6,Surtees,1419,80,1257,12
1974,6,Team Lotus,1680,80,1945,0
1974,6,Trojan,1401,111,1170,13
1974,6,Tyrrell,1756,80,1851,1
1974,7,BRM,1540,80,1175,12
1974,7,Brabham,1621,80,1567,6
1974,7,Ensign,1309,82,1438,8
1974,7,Ferrari,1634,80,1421,9
1974,7,Hesketh,1455,94,1828,1
1974,7,Iso Marlboro,1436,80,1593,5
1974,7,Lola,1523,80,1648,4
1974,7,March,1564,80,1515,7
1974,7,McLaren,1828,80,1794,2
1974,7,Shadow,1562,80,1701,3
1974,7,Surtees,1401,80,1340,10
1974,7,Team Lotus,1596,80,1285,11
1974,7,Tyrrell,1794,80,1954,0
1974,8,BRM,1533,80,1511,7
1974,8,Brabham,1637,80,1698,3
1974,8,Ensign,1353,81,1538,6
1974,8,Ferrari,1696,80,1933,0
1974,8,Hesketh,1371,89,1187,12
1974,8,Iso Marlboro,1441,80,1458,8
1974,8,Lola,1500,80,1418,9
1974,8,March,1572,80,1599,5
1974,8,McLaren,1834,80,1854,1
1974,8,Shadow,1519,80,1367,10
1974,8,Surtees,1375,80,1283,11
1974,8,Team Lotus,1612,80,1646,4
1974,8,Tyrrell,1790,80,1776,2
1974,9,BRM,1546,80,1589,5
1974,9,Brabham,1594,80,1397,9
1974,9,Ferrari,1731,80,1837,1
1974,9,Hesketh,1318,86,1198,11
1974,9,Iso Marlboro,1478,80,1631,4
1974,9,Lola,1487,80,1442,8
1974,9,March,1566,80,1546,6
1974,9,McLaren,1811,80,1722,3
1974,9,Shadow,1513,80,1494,7
1974,9,Surtees,1359,80,1301,10
1974,9,Team Lotus,1678,80,1935,0
1974,9,Tyrrell,1787,80,1778,2
1974,10,BRM,1548,80,1555,6
1974,10,Brabham,1608,80,1653,4
1974,10,Ferrari,1728,80,1718,3
1974,10,Hesketh,1276,84,1160,12
1974,10,Iso Marlboro,1450,80,1351,10
1974,10,Lola,1491,80,1505,7
1974,10,March,1536,80,1415,9
1974,10,McLaren,1821,80,1859,1
1974,10,Shadow,1532,80,1598,5
1974,10,Surtees,1378,80,1445,8
1974,10,Team Lotus,1703,80,1770,2
1974,10,Trojan,1355,100,1272,11
1974,10,Tyrrell,1820,80,1959,0
1974,11,BRM,1541,80,1515,7
1974,11,Brabham,1641,80,1772,2
1974,11,Ensign,1307,81,1128,13
1974,11,Ferrari,1773,80,1961,0
1974,11,Hesketh,1281,83,1293,11
1974,11,Iso Marlboro,1409,80,1244,12
1974,11,Lola,1505,80,1554,6
1974,11,March,1551,80,1605,5
1974,11,McLaren,1766,80,1389,10
1974,11,Shadow,1558,80,1653,4
1974,11,Surtees,1394,80,1453,8
1974,11,Team Lotus,1708,80,1722,3
1974,11,Token,1359,130,1407,9
1974,11,Tyrrell,1831,80,1871,1
1974,12,BRM,1486,80,1152,13
1974,12,Brabham,1694,80,1955,0
1974,12,Ferrari,1765,80,1738,3
1974,12,Hesketh,1349,82,1766,2
1974,12,Iso Marlboro,1374,80,1246,12
1974,12,Lola,1498,80,1475,8
1974,12,March,1574,80,1663,4
1974,12,McLaren,1789,80,1866,1
1974,12,Shadow,1571,80,1615,5
1974,12,Surtees,1426,80,1555,6
1974,12,Team Lotus,1651,80,1393,10
1974,12,Token,1380,111,1416,9
1974,12,Trojan,1400,94,1508,7
1974,12,Tyrrell,1773,80,1336,11
1974,13,BRM,1447,80,1311,10
1974,13,Brabham,1687,80,1665,4
1974,13,Ferrari,1718,80,1516,7
1974,13,Hesketh,1307,81,1188,11
1974,13,Iso Marlboro,1431,80,1694,3
1974,13,Lola,1518,80,1594,5
1974,13,March,1548,80,1449,8
1974,13,McLaren,1805,80,1859,1
1974,13,Shadow,1567,80,1552,6
1974,13,Team Lotus,1710,80,1944,0
1974,13,Trojan,1392,89,1371,9
1974,13,Tyrrell,1776,80,1786,2
1974,14,BRM,1425,80,1355,11
1974,14,Brabham,1669,80,1608,6
1974,14,Ferrari,1751,80,1864,1
1974,14,Hesketh,1380,81,1711,3
1974,14,Iso Marlboro,1426,80,1411,10
1974,14,Lola,1514,80,1498,8
1974,14,March,1493,80,1181,13
1974,14,McLaren,1841,80,1981,0
1974,14,Parnelli,1614,171,1636,5
1974,14,Penske,1463,171,1456,9
1974,14,Shadow,1520,80,1293,12
1974,14,Surtees,1449,80,1537,7
1974,14,Team Lotus,1732,80,1793,2
1974,14,Tyrrell,1756,80,1691,4
1974,15,BRM,1466,80,1621,5
1974,15,Brabham,1720,80,1968,0
1974,15,Ensign,1338,81,1438,9
1974,15,Ferrari,1709,80,1558,7
1974,15,Hesketh,1468,81,1852,1
1974,15,Iso Marlboro,1420,80,1403,10
1974,15,Lola,1544,80,1673,4
1974,15,March,1443,80,1246,13
1974,15,McLaren,1835,80,1815,2
1974,15,Parnelli,1401,130,1136,14
1974,15,Penske,1415,130,1360,11
1974,15,Shadow,1535,80,1583,6
1974,15,Surtees,1421,80,1312,12
1974,15,Team Lotus,1685,80,1513,8
1974,15,Tyrrell,1754,80,1747,3
1975,1,BRM,1432,80,1314,12
1975,1,Brabham,1739,80,1798,2
1975,1,Ferrari,1716,80,1737,3
1975,1,Fittipaldi,1273,171,1229,13
1975,1,Hesketh,1554,80,1853,1
1975,1,Lola,1531,80,1483,8
1975,1,March,1462,80,1520,7
1975,1,McLaren,1867,80,1995,0
1975,1,Parnelli,1381,111,1365,11
1975,1,Penske,1481,111,1614,5
1975,1,Shadow-Ford,1448,171,1438,9
1975,1,Surtees,1373,80,1157,14
1975,1,Team Lotus,1661,80,1590,6
1975,1,Tyrrell,1740,80,1689,4
1975,1,Williams,1423,171,1409,10
1975,2,BRM,1392,80,1241,13
1975,2,Brabham,1785,80,1970,0
1975,2,Ferrari,1733,80,1791,2
1975,2,Fittipaldi,1353,130,1437,9
1975,2,Hesketh,1600,80,1717,3
1975,2,Lola,1523,80,1495,8
1975,2,March,1404,80,1136,14
1975,2,McLaren,1871,80,1885,1
1975,2,Parnelli,1475,100,1658,4
1975,2,Penske,1430,100,1312,12
1975,2,Shadow-Ford,1429,130,1409,10
1975,2,Surtees,1414,80,1562,6
1975,2,Team Lotus,1654,80,1631,5
1975,2,Tyrrell,1687,80,1381,11
1975,2,Williams,1473,130,1528,7
1975,3,BRM,1413,80,1484,8
1975,3,Brabham,1806,80,1877,1
1975,3,Embassy Hill,1653,171,1682,4
1975,3,Ferrari,1747,80,1796,2
1975,3,Hesketh,1541,80,1355,11
1975,3,March,1371,80,1270,12
1975,3,McLaren,1846,80,1751,3
1975,3,Parnelli,1464,94,1445,9
1975,3,Penske,1483,94,1628,5
1975,3,Shadow-Ford,1480,111,1582,6
1975,3,Surtees,1363,80,1167,13
1975,3,Team Lotus,1632,80,1555,7
1975,3,Tyrrell,1741,80,1972,0
1975,3,Williams,1446,111,1397,10
1975,4,BRM,1405,80,1378,11
1975,4,Brabham,1807,80,1810,2
1975,4,Ensign,1364,80,1451,9
1975,4,Ferrari,1710,80,1561,7
1975,4,Fittipaldi,1266,111,1106,15
1975,4,Hesketh,1490,80,1342,12
1975,4,Lola,1520,80,1505,8
1975,4,March,1429,80,1666,4
1975,4,McLaren,1876,80,1994,0
1975,4,Parnelli,1452,89,1422,10
1975,4,Penske,1421,89,1220,14
1975,4,Shadow-Ford,1545,100,1724,3
1975,4,Surtees,1411,80,1575,6
1975,4,Team Lotus,1676,80,1861,1
1975,4,Tyrrell,1671,80,1295,13
1975,4,Williams,1495,100,1624,5
1975,5,Brabham,1803,80,1790,2
1975,5,Ferrari,1758,80,1963,0
1975,5,Hesketh,1498,80,1518,6
1975,5,March,1436,80,1455,7
1975,5,McLaren,1877,80,1881,1
1975,5,Parnelli,1402,86,1226,10
1975,5,Penske,1460,86,1566,5
1975,5,Shadow-Ford,1506,94,1408,8
1975,5,Surtees,1389,80,1323,9
1975,5,Team Lotus,1683,80,1707,3
1975,5,Tyrrell,1664,80,1648,4
1975,6,BRM,1445,80,1611,5
1975,6,Brabham,1806,80,1814,2
1975,6,Embassy Hill,1553,130,1444,9
1975,6,Ferrari,1805,80,1988,0
1975,6,Fittipaldi,1330,100,1461,8
1975,6,Hesketh,1438,80,1164,13
1975,6,March,1424,80,1386,10
1975,6,McLaren,1843,80,1704,4
1975,6,Penske,1475,84,1520,7
1975,6,Shadow-Ford,1559,89,1724,3
1975,6,Surtees,1427,80,1561,6
1975,6,Team Lotus,1628,80,1346,11
1975,6,Tyrrell,1710,80,1871,1
1975,6,Williams,1439,94,1265,12
1975,7,BRM,1447,80,1452,9
1975,7,Brabham,1822,80,1886,1
1975,7,Embassy Hill,1602,111,1678,4
1975,7,Ferrari,1846,80,1991,0
1975,7,Fittipaldi,1321,94,1303,12
1975,7,Hesketh,1452,80,1492,8
1975,7,March,1374,80,1155,14
1975,7,McLaren,1799,80,1607,6
1975,7,Parnelli,1471,84,1782,2
1975,7,Penske,1524,83,1723,3
1975,7,Shadow-Ford,1495,86,1260,13
1975,7,Surtees,1412,80,1365,11
1975,7,Team Lotus,1609,80,1549,7
1975,7,Tyrrell,1694,80,1645,5
1975,7,Williams,1431,89,1410,10
1975,8,BRM,1400,80,1194,14
1975,8,Brabham,1822,80,1821,2
1975,8,Embassy Hill,1628,100,1685,4
1975,8,Ensign,1399,80,1532,7
1975,8,Ferrari,1858,80,1898,1
1975,8,Fittipaldi,1363,89,1489,8
1975,8,Hesketh,1519,80,1974,0
1975,8,Maki,1117,171,1041,15
1975,8,March,1383,80,1411,10
1975,8,McLaren,1736,80,1341,12
1975,8,Penske,1550,82,1631,5
1975,8,Shadow-Ford,1551,84,1728,3
1975,8,Surtees,1381,80,1268,13
1975,8,Team Lotus,1564,80,1386,11
1975,8,Tyrrell,1673,80,1601,6
1975,8,Williams,1437,86,1457,9
1975,9,BRM,1389,80,1350,12
1975,9,Brabham,1770,80,1455,10
1975,9,Embassy Hill,1632,94,1641,5
1975,9,Ensign,1397,80,1393,11
1975,9,Ferrari,1887,80,1997,0
1975,9,Fittipaldi,1331,86,1235,14
1975,9,Hesketh,1589,80,1856,1
1975,9,March,1364,80,1299,13
1975,9,McLaren,1753,80,1801,2
1975,9,Parnelli,1532,83,1723,3
1975,9,Penske,1487,81,1154,15
1975,9,Shadow-Ford,1563,83,1595,6
1975,9,Surtees,1401,80,1469,9
1975,9,Team Lotus,1562,80,1557,7
1975,9,Tyrrell,1676,80,1689,4
1975,9,Williams,1454,84,1511,8
1975,10,Brabham,1795,80,1880,1
1975,10,Embassy Hill,1621,89,1590,6
1975,10,Ferrari,1842,80,1655,5
1975,10,Fittipaldi,1315,84,1265,12
1975,10,Hesketh,1627,80,1729,3
1975,10,Lyncar,1354,171,1327,11
1975,10,March,1416,80,1665,4
1975,10,McLaren,1800,80,1985,0
1975,10,Parnelli,1520,82,1491,8
1975,10,Shadow-Ford,1535,82,1446,9
1975,10,Surtees,1427,80,1525,7
1975,10,Team Lotus,1527,80,1393,10
1975,10,Tyrrell,1702,80,1796,2
1975,10,Williams,1405,83,1176,13
1975,11,Brabham,1834,80,1985,0
1975,11,Embassy Hill,1634,86,1676,4
1975,11,Ensign,1437,80,1608,5
1975,11,Ferrari,1836,80,1816,2
1975,11,Fittipaldi,1321,83,1342,10
1975,11,Hesketh,1602,80,1532,7
1975,11,March,1450,80,1560,6
1975,11,McLaren,1731,80,1306,11
1975,11,Parnelli,1496,81,1423,9
1975,11,Shadow-Ford,1576,81,1722,3
1975,11,Team Lotus,1473,80,1194,12
1975,11,Tyrrell,1660,80,1488,8
1975,11,Williams,1470,82,1854,1
1975,12,BRM,1364,80,1274,13
1975,12,Brabham,1775,80,1485,9
1975,12,Embassy Hill,1595,84,1434,10
1975,12,Ensign,1452,80,1503,8
1975,12,Ferrari,1799,80,1658,5
1975,12,Hesketh,1655,80,1862,1
1975,12,March,1515,80,1964,0
1975,12,McLaren,1735,80,1746,3
1975,12,Parnelli,1440,81,1186,14
1975,12,Shadow-Ford,1620,81,1789,2
1975,12,Shadow-Matra,1352,171,1323,12
1975,12,Surtees,1452,80,1542,7
1975,12,Team Lotus,1517,80,1674,4
1975,12,Tyrrell,1647,80,1602,6
1975,12,Williams,1445,81,1376,11
1975,13,BRM,1322,80,1145,14
1975,13,Brabham,1780,80,1795,2
1975,13,Embassy Hill,1545,83,1332,12
1975,13,Ensign,1471,80,1539,7
1975,13,Ferrari,1835,80,1967,0
1975,13,Fittipaldi,1368,82,1574,6
1975,13,Hesketh,1673,80,1728,3
1975,13,March,1482,80,1381,11
1975,13,McLaren,1764,80,1857,1
1975,13,Parnelli,1398,81,1255,13
1975,13,Shadow-Ford,1634,81,1678,4
1975,13,Shadow-Matra,1380,130,1411,10
1975,13,Team Lotus,1514,80,1504,8
1975,13,Tyrrell,1645,80,1637,5
1975,13,Williams,1448,81,1457,9
1975,14,Brabham,1719,80,1428,10
1975,14,Embassy Hill,1494,82,1300,12
1975,14,Ensign,1467,80,1456,9
1975,14,Ferrari,1868,80,1985,0
1975,14,Fittipaldi,1404,81,1533,7
1975,14,Hesketh,1700,80,1791,2
1975,14,March,1516,80,1625,5
1975,14,McLaren,1789,80,1871,1
1975,14,Parnelli,1386,80,1351,11
1975,14,Penske,1512,81,1583,6
1975,14,Shadow-Ford,1607,80,1512,8
1975,14,Team Lotus,1557,80,1723,3
1975,14,Tyrrell,1653,80,1684,4
1975,14,Williams,1400,81,1195,13
1976,1,BRM,1285,80,1143,12
1976,1,Brabham-Alfa Romeo,1486,171,1483,7
1976,1,Ferrari,1895,80,1989,0
1976,1,Fittipaldi,1411,81,1433,8
1976,1,Ligier,1410,171,1393,9
1976,1,March,1550,80,1666,3
1976,1,McLaren,1756,80,1637,4
1976,1,Penske,1462,81,1281,11
1976,1,Shadow,1574,80,1736,2
1976,1,Team Lotus,1514,80,1359,10
1976,1,Tyrrell,1687,80,1832,1
1976,1,Williams,1427,80,1514,6
1976,1,Wolf,1558,171,1569,5
1976,2,Brabham-Alfa Romeo,1333,130,1142,14
1976,2,Ensign,1457,80,1416,10
1976,2,Ferrari,1918,80,2002,0
1976,2,Fittipaldi,1389,81,1309,12
1976,2,Hesketh,1644,80,1382,11
1976,2,Ligier,1329,130,1235,13
1976,2,March,1557,80,1577,6
1976,2,McLaren,1781,80,1866,1
1976,2,Parnelli,1438,80,1655,4
1976,2,Penske,1516,80,1709,3
1976,2,Shadow,1585,80,1621,5
1976,2,Surtees,1460,80,1490,8
1976,2,Team Lotus,1519,80,1534,7
1976,2,Tyrrell,1708,80,1785,2
1976,2,Wolf,1511,130,1459,9
1976,3,Brabham-Alfa Romeo,1394,111,1470,7
1976,3,Ensign,1470,80,1522,6
1976,3,Ferrari,1936,80,2002,0
1976,3,Fittipaldi,1432,80,1614,4
1976,3,Ligier,1449,111,1739,2
1976,3,March,1532,80,1444,8
1976,3,McLaren,1765,80,1710,3
1976,3,Parnelli,1397,80,1262,11
1976,3,Penske,1473,80,1337,10
1976,3,Shadow,1584,80,1580,5
1976,3,Surtees,1445,80,1387,9
1976,3,Team Lotus,1462,80,1165,12
1976,3,Tyrrell,1736,80,1841,1
1976,4,Boro,1438,171,1426,9
1976,4,Brabham-Alfa Romeo,1477,100,1686,3
1976,4,Ensign,1501,80,1633,4
1976,4,Ferrari,1928,80,1898,1
1976,4,Fittipaldi,1381,80,1171,13
1976,4,Ligier,1453,100,1458,8
1976,4,March,1485,80,1281,12
1976,4,McLaren,1807,80,1983,0
1976,4,Penske,1441,80,1341,11
1976,4,Shadow,1578,80,1554,6
1976,4,Surtees,1456,80,1499,7
1976,4,Team Lotus,1520,80,1751,2
1976,4,Tyrrell,1682,80,1408,10
1976,4,Wolf,1540,111,1592,5
1976,5,Boro,1517,130,1606,6
1976,5,Brabham-Alfa Romeo,1469,94,1452,10
1976,5,Brabham-Ford,1738,80,1511,9
1976,5,Ensign,1482,80,1412,11
1976,5,Ferrari,1950,80,2037,0
1976,5,Hesketh,1579,80,1306,13
1976,5,Ligier,1547,94,1881,1
1976,5,March,1457,80,1360,12
1976,5,McLaren,1786,80,1719,4
1976,5,Penske,1485,80,1642,5
1976,5,Shadow,1577,80,1576,7
1976,5,Surtees,1503,80,1742,3
1976,5,Team Lotus,1455,80,1202,14
1976,5,Tyrrell,1714,80,1817,2
1976,5,Wolf,1538,100,1535,8
1976,6,Brabham-Alfa Romeo,1488,89,1540,6
1976,6,Ensign,1458,80,1363,10
1976,6,Ferrari,1966,80,2025,0
1976,6,Fittipaldi,1433,80,1626,4
1976,6,Ligier,1505,89,1419,9
1976,6,March,1511,80,1750,2
1976,6,McLaren,1771,80,1718,3
1976,6,Penske,1489,80,1500,7
1976,6,Shadow,1581,80,1593,5
1976,6,Surtees,1450,80,1205,12
1976,6,Team Lotus,1415,80,1297,11
1976,6,Tyrrell,1745,80,1855,1
1976,6,Wolf,1519,94,1462,8
1976,7,Boro,1470,111,1387,12
1976,7,Brabham-Alfa Romeo,1524,86,1647,5
1976,7,Brabham-Ford,1669,80,1291,14
1976,7,Ensign,1458,80,1460,10
1976,7,Ferrari,1959,80,1933,1
1976,7,Fittipaldi,1409,80,1337,13
1976,7,Hesketh,1569,80,1541,8
1976,7,Ligier,1577,86,1801,2
1976,7,March,1553,80,1691,4
1976,7,McLaren,1770,80,1764,3
1976,7,Penske,1434,80,1187,15
1976,7,Shadow,1587,80,1613,6
1976,7,Surtees,1478,80,1567,7
1976,7,Team Lotus,1435,80,1493,9
1976,7,Tyrrell,1793,80,2007,0
1976,7,Wolf,1498,89,1428,11
1976,8,Brabham-Alfa Romeo,1566,84,1716,3
1976,8,Ensign,1438,80,1358,11
1976,8,Ferrari,1900,80,1214,13
1976,8,Fittipaldi,1381,80,1290,12
1976,8,Hesketh,1534,80,1416,10
1976,8,Ligier,1554,84,1501,8
1976,8,March,1569,80,1620,5
1976,8,McLaren,1812,80,1999,0
1976,8,Penske,1497,80,1775,2
1976,8,Shadow,1586,80,1581,6
1976,8,Surtees,1472,80,1452,9
1976,8,Team Lotus,1482,80,1658,4
1976,8,Tyrrell,1815,80,1887,1
1976,8,Wolf,1506,86,1533,7
1976,9,Brabham-Alfa Romeo,1564,83,1558,7
1976,9,Brabham-Ford,1598,80,1323,12
1976,9,Ensign,1397,80,1210,13
1976,9,Ferrari,1930,80,2024,0
1976,9,Fittipaldi,1430,80,1630,5
1976,9,Hesketh,1548,80,1596,6
1976,9,Ligier,1512,83,1381,11
1976,9,March,1539,80,1432,10
1976,9,McLaren,1761,80,1532,8
1976,9,Penske,1560,80,1796,2
1976,9,Shadow,1615,80,1740,3
1976,9,Surtees,1513,80,1681,4
1976,9,Team Lotus,1479,80,1470,9
1976,9,Tyrrell,1833,80,1900,1
1976,10,Brabham-Alfa Romeo,1607,82,1790,2
1976,10,Ensign,1358,80,1203,13
1976,10,Ferrari,1871,80,1612,6
1976,10,Fittipaldi,1448,80,1500,8
1976,10,Hesketh,1531,80,1470,9
1976,10,Ligier,1468,82,1312,12
1976,10,March,1503,80,1376,11
1976,10,McLaren,1810,80,1998,0
1976,10,Penske,1590,80,1676,4
1976,10,Shadow,1620,80,1636,5
1976,10,Surtees,1521,80,1546,7
1976,10,Team Lotus,1526,80,1723,3
1976,10,Tyrrell,1847,80,1898,1
1976,10,Wolf,1488,84,1423,10
1976,11,Brabham-Alfa Romeo,1560,81,1371,11
1976,11,Brabham-Ford,1572,80,1504,8
1976,11,Ensign,1378,80,1445,9
1976,11,Fittipaldi,1438,80,1409,10
1976,11,Hesketh,1549,80,1614,5
1976,11,Ligier,1533,81,1829,1
1976,11,March,1537,80,1654,4
1976,11,McLaren,1790,80,1730,3
1976,11,Penske,1650,80,1942,0
1976,11,Shadow,1571,80,1309,12
1976,11,Surtees,1533,80,1574,6
1976,11,Team Lotus,1574,80,1759,2
1976,11,Tyrrell,1798,80,1554,7
1976,11,Wolf,1441,83,1204,13
1976,12,Boro,1435,100,1356,12
1976,12,Brabham-Alfa Romeo,1535,81,1456,10
1976,12,Ensign,1408,80,1519,8
1976,12,Ferrari,1879,80,1900,1
1976,12,Fittipaldi,1408,80,1293,13
1976,12,Hesketh,1553,80,1568,7
1976,12,Ligier,1500,81,1411,11
1976,12,March,1561,80,1645,5
1976,12,McLaren,1833,80,1991,0
1976,12,Penske,1614,80,1501,9
1976,12,Shadow,1607,80,1738,3
1976,12,Surtees,1548,80,1605,6
1976,12,Team Lotus,1620,80,1795,2
1976,12,Tyrrell,1777,80,1710,4
1976,12,Wolf,1392,82,1197,14
1976,13,Boro,1397,94,1283,13
1976,13,Brabham-Alfa Romeo,1506,81,1406,11
1976,13,Ensign,1452,80,1638,5
1976,13,Ferrari,1885,80,1906,1
1976,13,Fittipaldi,1424,80,1480,9
1976,13,Hesketh,1532,80,1451,10
1976,13,Ligier,1561,81,1795,2
1976,13,March,1620,80,1978,0
1976,13,McLaren,1766,80,1365,12
1976,13,Penske,1613,80,1611,6
1976,13,Shadow,1627,80,1694,4
1976,13,Surtees,1552,80,1567,7
1976,13,Team Lotus,1600,80,1535,8
1976,13,Tyrrell,1773,80,1761,3
1976,13,Wolf,1347,81,1184,14
1976,14,Brabham-Alfa Romeo,1544,80,1684,4
1976,14,Ensign,1466,80,1514,8
1976,14,Ferrari,1859,80,1767,3
1976,14,Fittipaldi,1399,80,1306,12
1976,14,Hesketh,1512,80,1434,10
1976,14,Ligier,1517,80,1385,11
1976,14,March,1627,80,1649,5
1976,14,McLaren,1818,80,1985,0
1976,14,Penske,1612,80,1607,6
1976,14,Shadow,1614,80,1569,7
1976,14,Surtees,1537,80,1481,9
1976,14,Team Lotus,1640,80,1794,2
1976,14,Tyrrell,1797,80,1882,1
1976,14,Wolf,1313,81,1194,13
1976,15,Brabham-Alfa Romeo,1507,80,1377,11
1976,15,Ensign,1417,80,1201,13
1976,15,Ferrari,1853,80,1830,2
1976,15,Fittipaldi,1437,80,1593,6
1976,15,Hesketh,1513,80,1518,8
1976,15,Ligier,1495,80,1429,10
1976,15,March,1654,80,1746,3
1976,15,McLaren,1861,80,1999,0
1976,15,Penske,1630,80,1695,4
1976,15,Shadow,1604,80,1568,7
1976,15,Surtees,1559,80,1645,5
1976,15,Team Lotus,1582,80,1315,12
1976,15,Tyrrell,1817,80,1892,1
1976,15,Wolf,1345,81,1457,9
1976,16,Brabham-Alfa Romeo,1454,80,1213,13
1976,16,Ferrari,1826,80,1723,4
1976,16,Fittipaldi,1409,80,1310,12
1976,16,Hesketh,1531,80,1599,6
1976,16,Kojima,1519,171,1523,8
1976,16,Ligier,1528,80,1643,5
1976,16,March,1612,80,1452,10
1976,16,McLaren,1856,80,1840,2
1976,16,Penske,1586,80,1395,11
1976,16,Shadow,1595,80,1564,7
1976,16,Surtees,1595,80,1747,3
1976,16,Team Lotus,1652,80,1993,0
1976,16,Tyrrell,1836,80,1907,1
1976,16,Wolf,1375,80,1473,9
1977,1,Brabham,1761,80,1891,1
1977,1,Ensign,1462,80,1626,5
1977,1,Ferrari,1827,80,1833,2
1977,1,Fittipaldi,1465,80,1737,3
1977,1,Ligier,1503,80,1419,9
1977,1,March,1596,80,1541,7
1977,1,McLaren,1788,80,1254,11
1977,1,Shadow,1573,80,1486,8
1977,1,Surtees,1594,80,1590,6
1977,1,Team Lotus,1664,80,1697,4
1977,1,Tyrrell,1778,80,1361,10
1977,1,Wolf,1439,80,1984,0
1977,2,BRM,1261,80,1174,12
1977,2,Brabham,1735,80,1658,5
1977,2,Ensign,1443,80,1382,10
1977,2,Ferrari,1860,80,1995,0
1977,2,Fittipaldi,1526,80,1792,2
1977,2,Ligier,1512,80,1541,7
1977,2,March,1565,80,1452,9
1977,2,McLaren,1814,80,1887,1
1977,2,Shadow,1596,80,1688,4
1977,2,Surtees,1594,80,1596,6
1977,2,Team Lotus,1684,80,1747,3
1977,2,Tyrrell,1721,80,1515,8
1977,2,Wolf,1406,80,1308,11
1977,3,BRM,1281,80,1352,10
1977,3,Brabham,1728,80,1703,4
1977,3,Ensign,1474,80,1583,6
1977,3,Ferrari,1890,80,2004,0
1977,3,Fittipaldi,1531,80,1544,7
1977,3,Ligier,1472,80,1311,11
1977,3,March,1540,80,1449,9
1977,3,McLaren,1802,80,1763,3
1977,3,Shadow,1541,80,1206,12
1977,3,Surtees,1604,80,1642,5
1977,3,Team Lotus,1647,80,1510,8
1977,3,Tyrrell,1744,80,1810,2
1977,3,Wolf,1476,80,1863,1
1977,4,Brabham,1671,80,1371,11
1977,4,Ensign,1461,80,1417,10
1977,4,Ferrari,1895,80,1910,1
1977,4,Fittipaldi,1567,80,1693,4
1977,4,Ligier,1492,80,1557,7
1977,4,March,1536,80,1520,8
1977,4,McLaren,1763,80,1626,6
1977,4,Penske,1602,80,1652,5
1977,4,Shadow,1486,80,1264,12
1977,4,Surtees,1580,80,1481,9
1977,4,Team Lotus,1705,80,1983,0
1977,4,Tyrrell,1748,80,1761,3
1977,4,Wolf,1547,80,1798,2
1977,5,Brabham,1678,80,1699,4
1977,5,Ensign,1420,80,1254,12
1977,5,Ferrari,1897,80,1905,1
1977,5,Fittipaldi,1546,80,1475,9
1977,5,Hesketh,1498,80,1358,11
1977,5,Ligier,1523,80,1640,5
1977,5,March,1532,80,1517,8
1977,5,McLaren,1762,80,1757,3
1977,5,Shadow,1468,80,1417,10
1977,5,Surtees,1576,80,1563,7
1977,5,Team Lotus,1763,80,1982,0
1977,5,Tyrrell,1720,80,1618,6
1977,5,Wolf,1608,80,1795,2
1977,6,Brabham,1630,80,1435,10
1977,6,Ensign,1450,80,1557,7
1977,6,Ferrari,1900,80,1912,1
1977,6,Fittipaldi,1494,80,1262,12
1977,6,Hesketh,1492,80,1473,9
1977,6,Ligier,1550,80,1651,5
1977,6,McLaren,1775,80,1822,2
1977,6,Penske,1585,80,1529,8
1977,6,Shadow,1515,80,1693,4
1977,6,Surtees,1584,80,1612,6
1977,6,Team Lotus,1764,80,1766,3
1977,6,Tyrrell,1663,80,1370,11
1977,6,Wolf,1679,80,1982,0
1977,7,Brabham,1641,80,1676,5
1977,7,Ensign,1423,80,1329,13
1977,7,Ferrari,1905,80,1921,1
1977,7,Fittipaldi,1441,80,1235,14
1977,7,Hesketh,1512,80,1589,7
1977,7,LEC,1484,171,1481,10
1977,7,Ligier,1519,80,1403,12
1977,7,March,1536,80,1554,8
1977,7,McLaren,1749,80,1648,6
1977,7,Penske,1571,80,1520,9
1977,7,Shadow,1559,80,1710,4
1977,7,Surtees,1617,80,1761,3
1977,7,Team Lotus,1812,80,2004,0
1977,7,Tyrrell,1700,80,1821,2
1977,7,Wolf,1624,80,1461,11
1977,8,Brabham,1659,80,1720,4
1977,8,Ensign,1464,80,1625,6
1977,8,Ferrari,1894,80,1851,2
1977,8,Fittipaldi,1426,80,1383,12
1977,8,Hesketh,1513,80,1516,9
1977,8,LEC,1481,130,1477,10
1977,8,Ligier,1581,80,1991,0
1977,8,March,1517,80,1443,11
1977,8,McLaren,1780,80,1901,1
1977,8,Penske,1577,80,1596,7
1977,8,Shadow,1559,80,1558,8
1977,8,Surtees,1568,80,1334,13
1977,8,Team Lotus,1783,80,1692,5
1977,8,Tyrrell,1717,80,1772,3
1977,8,Wolf,1551,80,1237,14
1977,9,Brabham,1703,80,1889,1
1977,9,Ensign,1512,80,1708,4
1977,9,Ferrari,1873,80,1790,3
1977,9,Fittipaldi,1462,80,1585,7
1977,9,Hesketh,1536,80,1628,6
1977,9,LEC,1427,111,1317,13
1977,9,Ligier,1604,80,1672,5
1977,9,March,1509,80,1478,10
1977,9,McLaren,1792,80,1833,2
1977,9,Penske,1525,80,1236,14
1977,9,Shadow,1522,80,1388,12
1977,9,Surtees,1557,80,1521,9
1977,9,Team Lotus,1829,80,2004,0
1977,9,Tyrrell,1685,80,1568,8
1977,9,Wolf,1519,80,1437,11
1977,10,Brabham,1719,80,1775,3
1977,10,Ensign,1472,80,1334,13
1977,10,Ferrari,1883,80,1923,1
1977,10,Fittipaldi,1463,80,1466,10
1977,10,Hesketh,1487,80,1237,14
1977,10,Ligier,1631,80,1719,4
1977,10,March,1518,80,1550,8
1977,10,McLaren,1833,80,2014,0
1977,10,Penske,1541,80,1590,7
1977,10,Renault,1393,171,1373,12
1977,10,Shadow,1555,80,1669,5
1977,10,Surtees,1574,80,1631,6
1977,10,Team Lotus,1833,80,1846,2
1977,10,Tyrrell,1636,80,1436,11
1977,10,Wolf,1518,80,1512,9
1977,11,Brabham,1743,80,1831,2
1977,11,Ensign,1521,80,1702,4
1977,11,Ferrari,1912,80,2030,0
1977,11,Hesketh,1496,80,1524,8
1977,11,Ligier,1581,80,1376,11
1977,11,March,1545,80,1657,5
1977,11,McLaren,1774,80,1447,10
1977,11,Penske,1491,80,1272,12
1977,11,Shadow,1559,80,1573,7
1977,11,Surtees,1611,80,1760,3
1977,11,Team Lotus,1777,80,1500,9
1977,11,Tyrrell,1633,80,1623,6
1977,11,Wolf,1580,80,1890,1
1977,12,Brabham,1762,80,1830,2
1977,12,Ensign,1495,80,1415,11
1977,12,Ferrari,1915,80,1925,1
1977,12,Fittipaldi,1488,80,1582,7
1977,12,Hesketh,1531,80,1664,5
1977,12,Ligier,1520,80,1263,13
1977,12,March,1562,80,1627,6
1977,12,McLaren,1762,80,1729,4
1977,12,Penske,1504,80,1545,8
1977,12,Shadow,1617,80,1992,0
1977,12,Surtees,1589,80,1515,9
1977,12,Team Lotus,1708,80,1366,12
1977,12,Tyrrell,1662,80,1764,3
1977,12,Wolf,1551,80,1469,10
1977,13,Boro,1408,89,1442,11
1977,13,Brabham,1746,80,1690,5
1977,13,Ensign,1541,80,1711,4
1977,13,Ferrari,1938,80,2031,0
1977,13,Fittipaldi,1537,80,1757,3
1977,13,Hesketh,1475,80,1207,15
1977,13,Ligier,1589,80,1883,1
1977,13,March,1563,80,1565,8
1977,13,McLaren,1729,80,1614,7
1977,13,Penske,1532,80,1633,6
1977,13,Renault,1398,130,1403,12
1977,13,Shadow,1589,80,1498,10
1977,13,Surtees,1576,80,1532,9
1977,13,Team Lotus,1639,80,1378,13
1977,13,Tyrrell,1605,80,1312,14
1977,13,Wolf,1606,80,1815,2
1977,14,Brabham,1704,80,1514,9
1977,14,Ensign,1576,80,1696,4
1977,14,Ferrari,1934,80,1918,1
1977,14,Hesketh,1490,80,1536,8
1977,14,Ligier,1588,80,1583,7
1977,14,March,1574,80,1618,6
1977,14,McLaren,1736,80,1758,3
1977,14,Penske,1494,80,1349,12
1977,14,Renault,1397,111,1395,11
1977,14,Shadow,1634,80,1801,2
1977,14,Surtees,1525,80,1254,13
1977,14,Team Lotus,1713,80,1985,0
1977,14,Tyrrell,1619,80,1660,5
1977,14,Wolf,1571,80,1463,10
1977,15,Brabham,1668,80,1535,9
1977,15,Ensign,1606,80,1710,4
1977,15,Ferrari,1905,80,1788,3
1977,15,Fittipaldi,1525,80,1486,10
1977,15,Hesketh,1521,80,1628,6
1977,15,Ligier,1608,80,1671,5
1977,15,March,1541,80,1398,12
1977,15,McLaren,1784,80,1997,0
1977,15,Penske,1444,80,1236,14
1977,15,Renault,1374,100,1316,13
1977,15,Shadow,1626,80,1602,7
1977,15,Surtees,1533,80,1559,8
1977,15,Team Lotus,1761,80,1888,1
1977,15,Tyrrell,1582,80,1450,11
1977,15,Wolf,1622,80,1809,2
1977,16,Brabham,1615,80,1371,12
1977,16,Ensign,1630,80,1715,4
1977,16,Ferrari,1851,80,1533,9
1977,16,Fittipaldi,1502,80,1423,11
1977,16,Hesketh,1510,80,1471,10
1977,16,Ligier,1549,80,1273,13
1977,16,March,1552,80,1592,7
1977,16,McLaren,1795,80,1831,2
1977,16,Penske,1485,80,1624,6
1977,16,Shadow,1656,80,1762,3
1977,16,Surtees,1562,80,1668,5
1977,16,Team Lotus,1713,80,1570,8
1977,16,Tyrrell,1637,80,1882,1
1977,16,Wolf,1688,80,1989,0
1977,17,Brabham,1627,80,1662,5
1977,17,Ensign,1577,80,1325,11
1977,17,Ferrari,1863,80,1900,1
1977,17,Kojima,1522,130,1525,8
1977,17,Ligier,1586,80,1701,4
1977,17,March,1537,80,1481,9
1977,17,McLaren,1835,80,1992,0
1977,17,Shadow,1678,80,1756,3
1977,17,Surtees,1574,80,1615,6
1977,17,Team Lotus,1652,80,1429,10
1977,17,Tyrrell,1677,80,1808,2
1977,17,Wolf,1660,80,1583,7
1978,1,ATS,1357,82,1561,7
1978,1,Brabham,1676,80,1881,1
1978,1,Ensign,1518,80,1288,12
1978,1,Ferrari,1834,80,1731,4
1978,1,Fittipaldi,1534,80,1656,5
1978,1,Ligier,1563,80,1491,9
1978,1,McLaren,1822,80,1778,3
1978,1,Merzario,1175,171,1112,13
1978,1,Shadow,1649,80,1544,8
1978,1,Surtees,1546,80,1437,10
1978,1,Team Lotus,1721,80,1988,0
1978,1,Tyrrell,1710,80,1816,2
1978,1,Williams,1411,80,1358,11
1978,1,Wolf,1652,80,1627,6
1978,2,ATS,1410,81,1608,6
1978,2,Arrows,1536,171,1542,8
1978,2,Brabham,1709,80,1818,2
1978,2,Ensign,1473,80,1332,12
1978,2,Ferrari,1870,80,2006,0
1978,2,Fittipaldi,1590,80,1877,1
1978,2,Ligier,1567,80,1578,7
1978,2,McLaren,1766,80,1476,10
1978,2,Shadow,1664,80,1714,4
1978,2,Surtees,1493,80,1228,13
1978,2,Team Lotus,1735,80,1768,3
1978,2,Tyrrell,1702,80,1675,5
1978,2,Williams,1430,80,1496,9
1978,2,Wolf,1605,80,1412,11
1978,3,ATS,1461,81,1649,5
1978,3,Arrows,1575,130,1620,6
1978,3,Brabham,1733,80,1817,2
1978,3,Ferrari,1809,80,1470,10
1978,3,Fittipaldi,1529,80,1260,14
1978,3,Hesketh,1452,80,1136,15
1978,3,Ligier,1596,80,1702,4
1978,3,McLaren,1727,80,1598,7
1978,3,Merzario,1281,130,1384,11
1978,3,Renault,1368,94,1348,12
1978,3,Surtees,1503,80,1536,8
1978,3,Team Lotus,1788,80,1992,0
1978,3,Theodore,1330,171,1298,13
1978,3,Tyrrell,1739,80,1885,1
1978,3,Williams,1482,80,1744,3
1978,3,Wolf,1581,80,1504,9
1978,4,ATS,1481,81,1545,8
1978,4,Arrows,1623,111,1717,4
1978,4,Brabham,1671,80,1297,13
1978,4,Ferrari,1853,80,1996,0
1978,4,Fittipaldi,1555,80,1630,6
1978,4,Ligier,1630,80,1760,3
1978,4,McLaren,1683,80,1523,9
1978,4,Merzario,1225,111,1140,14
1978,4,Renault,1362,89,1343,12
1978,4,Shadow,1650,80,1601,7
1978,4,Surtees,1483,80,1414,11
1978,4,Team Lotus,1815,80,1895,1
1978,4,Tyrrell,1758,80,1824,2
1978,4,Williams,1523,80,1669,5
1978,4,Wolf,1556,80,1470,10
1978,5,Arrows,1664,100,1767,3
1978,5,Brabham,1721,80,1888,1
1978,5,Ensign,1469,80,1457,10
1978,5,Ferrari,1815,80,1696,5
1978,5,Fittipaldi,1574,80,1632,6
1978,5,Ligier,1578,80,1351,12
1978,5,McLaren,1694,80,1726,4
1978,5,Renault,1404,86,1581,7
1978,5,Shadow,1608,80,1419,11
1978,5,Surtees,1438,80,1239,13
1978,5,Team Lotus,1764,80,1570,8
1978,5,Tyrrell,1801,80,1997,0
1978,5,Williams,1519,80,1508,9
1978,5,Wolf,1605,80,1814,2
1978,6,ATS,1512,80,1623,7
1978,6,Arrows,1601,94,1387,13
1978,6,Brabham,1650,80,1325,14
1978,6,Ensign,1496,80,1585,8
1978,6,Ferrari,1838,80,1910,1
1978,6,Fittipaldi,1514,80,1219,15
1978,6,Ligier,1630,80,1824,2
1978,6,Martini,1669,171,1701,5
1978,6,McLaren,1704,80,1736,4
1978,6,Renault,1417,84,1464,11
1978,6,Shadow,1588,80,1521,10
1978,6,Surtees,1462,80,1546,9
1978,6,Team Lotus,1816,80,2002,0
1978,6,Tyrrell,1799,80,1791,3
1978,6,Williams,1550,80,1663,6
1978,6,Wolf,1567,80,1436,12
1978,7,ATS,1530,80,1597,7
1978,7,Arrows,1560,89,1449,11
1978,7,Brabham,1683,80,1770,3
1978,7,Ensign,1460,80,1331,13
1978,7,Ferrari,1788,80,1580,8
1978,7,Fittipaldi,1454,80,1237,14
1978,7,Ligier,1682,80,1888,1
1978,7,McLaren,1709,80,1729,4
1978,7,Renault,1431,83,1477,10
1978,7,Shadow,1551,80,1400,12
1978,7,Surtees,1505,80,1671,5
1978,7,Team Lotus,1859,80,2007,0
1978,7,Tyrrell,1752,80,1541,9
1978,7,Williams,1569,80,1637,6
1978,7,Wolf,1618,80,1818,2
1978,8,ATS,1536,80,1555,8
1978,8,Arrows,1627,86,1884,1
1978,8,Brabham,1743,80,1989,0
1978,8,Ferrari,1748,80,1613,7
1978,8,Fittipaldi,1506,80,1669,5
1978,8,Ligier,1673,80,1645,6
1978,8,McLaren,1723,80,1774,3
1978,8,Merzario,1305,100,1498,9
1978,8,Renault,1416,82,1362,12
1978,8,Shadow,1586,80,1716,4
1978,8,Surtees,1447,80,1187,14
1978,8,Team Lotus,1855,80,1844,2
1978,8,Tyrrell,1695,80,1441,11
1978,8,Williams,1550,80,1479,10
1978,8,Wolf,1557,80,1306,13
1978,9,ATS,1527,80,1496,10
1978,9,Arrows,1635,84,1655,6
1978,9,Brabham,1767,80,1837,2
1978,9,Ferrari,1705,80,1550,9
1978,9,Fittipaldi,1465,80,1343,13
1978,9,Ligier,1678,80,1696,5
1978,9,Martini,1568,130,1460,11
1978,9,McLaren,1757,80,1899,1
1978,9,Renault,1381,81,1234,14
1978,9,Shadow,1584,80,1578,8
1978,9,Surtees,1435,80,1400,12
1978,9,Team Lotus,1889,80,2016,0
1978,9,Tyrrell,1677,80,1623,7
1978,9,Williams,1591,80,1772,3
1978,9,Wolf,1599,80,1728,4
1978,10,ATS,1543,80,1605,7
1978,10,Arrows,1611,83,1540,9
1978,10,Brabham,1797,80,1904,1
1978,10,Ensign,1435,80,1349,13
1978,10,Ferrari,1762,80,1998,0
1978,10,Fittipaldi,1460,80,1446,11
1978,10,Ligier,1673,80,1654,6
1978,10,McLaren,1753,80,1740,4
1978,10,Merzario,1331,94,1386,12
1978,10,Renault,1417,81,1559,8
1978,10,Shadow,1621,80,1771,3
1978,10,Surtees,1484,80,1677,5
1978,10,Team Lotus,1823,80,1297,14
1978,10,Tyrrell,1711,80,1829,2
1978,10,Williams,1530,80,1190,15
1978,10,Wolf,1574,80,1498,10
1978,11,ATS,1505,80,1332,13
1978,11,Arrows,1611,82,1612,7
1978,11,Brabham,1776,80,1704,5
1978,11,Ensign,1463,80,1561,8
1978,11,Ferrari,1736,80,1661,6
1978,11,Fittipaldi,1517,80,1768,3
1978,11,Ligier,1705,80,1830,2
1978,11,McLaren,1714,80,1544,9
1978,11,Renault,1409,81,1383,12
1978,11,Shadow,1562,80,1240,14
1978,11,Surtees,1473,80,1441,11
1978,11,Team Lotus,1868,80,2009,0
1978,11,Tyrrell,1717,80,1738,4
1978,11,Williams,1520,80,1489,10
1978,11,Wolf,1633,80,1889,1
1978,12,Arrows,1555,81,1246,14
1978,12,Brabham,1751,80,1665,6
1978,12,Ensign,1459,80,1446,11
1978,12,Ferrari,1761,80,1838,2
1978,12,Fittipaldi,1571,80,1772,3
1978,12,Ligier,1712,80,1739,4
1978,12,Martini,1571,111,1576,8
1978,12,McLaren,1694,80,1623,7
1978,12,Renault,1405,80,1389,12
1978,12,Shadow,1556,80,1539,9
1978,12,Surtees,1517,80,1683,5
1978,12,Team Lotus,1904,80,2021,0
1978,12,Tyrrell,1755,80,1901,1
1978,12,Williams,1480,80,1337,13
1978,12,Wolf,1600,80,1504,10
1978,13,Arrows,1491,81,1204,15
1978,13,Brabham,1785,80,1911,1
1978,13,Ensign,1426,80,1296,14
1978,13,Ferrari,1768,80,1793,3
1978,13,Fittipaldi,1626,80,1831,2
1978,13,Ligier,1719,80,1743,4
1978,13,Martini,1574,100,1579,8
1978,13,McLaren,1695,80,1700,5
1978,13,Merzario,1380,89,1528,9
1978,13,Renault,1415,80,1452,11
1978,13,Shadow,1570,80,1614,7
1978,13,Surtees,1513,80,1502,10
1978,13,Team Lotus,1934,80,2036,0
1978,13,Tyrrell,1695,80,1377,13
1978,13,Williams,1464,80,1414,12
1978,13,Wolf,1614,80,1654,6
1978,14,Arrows,1473,81,1424,11
1978,14,Brabham,1830,80,2021,0
1978,14,Ensign,1467,80,1631,6
1978,14,Ferrari,1799,80,1915,1
1978,14,Fittipaldi,1641,80,1685,5
1978,14,Ligier,1743,80,1840,2
1978,14,McLaren,1714,80,1783,3
1978,14,Merzario,1375,86,1360,12
1978,14,Renault,1391,80,1300,13
1978,14,Shadow,1549,80,1477,10
1978,14,Surtees,1460,80,1212,14
1978,14,Team Lotus,1896,80,1755,4
1978,14,Tyrrell,1673,80,1610,7
1978,14,Williams,1475,80,1510,9
1978,14,Wolf,1602,80,1564,8
1978,15,ATS,1464,80,1301,14
1978,15,Arrows,1458,80,1413,12
1978,15,Brabham,1762,80,1213,15
1978,15,Ensign,1506,80,1650,6
1978,15,Ferrari,1843,80,2029,0
1978,15,Fittipaldi,1665,80,1745,4
1978,15,Ligier,1707,80,1556,9
1978,15,Martini,1586,94,1619,7
1978,15,McLaren,1712,80,1708,5
1978,15,Merzario,1369,84,1351,13
1978,15,Renault,1446,80,1782,3
1978,15,Shadow,1539,80,1504,10
1978,15,Team Lotus,1831,80,1477,11
1978,15,Tyrrell,1653,80,1590,8
1978,15,Williams,1534,80,1909,1
1978,15,Wolf,1648,80,1844,2
1978,16,ATS,1468,80,1483,10
1978,16,Arrows,1518,80,1824,2
1978,16,Brabham,1716,80,1584,8
1978,16,Ensign,1550,80,1725,4
1978,16,Ferrari,1880,80,2018,0
1978,16,Fittipaldi,1603,80,1243,14
1978,16,Ligier,1660,80,1456,11
1978,16,McLaren,1709,80,1698,5
1978,16,Renault,1465,80,1523,9
1978,16,Shadow,1500,80,1333,13
1978,16,Surtees,1443,80,1389,12
1978,16,Team Lotus,1782,80,1627,7
1978,16,Tyrrell,1682,80,1780,3
1978,16,Williams,1561,80,1645,6
1978,16,Wolf,1697,80,1898,1
1979,1,ATS,1421,80,1211,14
1979,1,Arrows,1554,80,1661,5
1979,1,Brabham-Alfa Romeo,1434,80,1369,12
1979,1,Ensign,1559,80,1586,7
1979,1,Ferrari,1824,80,1566,8
1979,1,Fittipaldi,1640,80,1754,3
1979,1,Ligier,1718,80,1981,0
1979,1,McLaren,1731,80,1817,2
1979,1,Merzario,1353,83,1295,13
1979,1,Renault,1454,80,1420,11
1979,1,Shadow,1541,80,1702,4
1979,1,Team Lotus,1810,80,1892,1
1979,1,Tyrrell,1640,80,1479,10
1979,1,Williams,1577,80,1625,6
1979,1,Wolf,1657,80,1521,9
1979,2,ATS,1415,80,1396,11
1979,2,Arrows,1590,80,1707,4
1979,2,Brabham-Alfa Romeo,1393,80,1234,13
1979,2,Ensign,1547,80,1506,9
1979,2,Ferrari,1811,80,1777,3
1979,2,Fittipaldi,1629,80,1593,7
1979,2,Ligier,1774,80,1982,0
1979,2,McLaren,1720,80,1680,5
1979,2,Renault,1489,80,1619,6
1979,2,Shadow,1542,80,1546,8
1979,2,Team Lotus,1831,80,1895,1
1979,2,Tyrrell,1678,80,1811,2
1979,2,Williams,1551,80,1463,10
1979,2,Wolf,1599,80,1351,12
1979,3,ATS,1413,80,1405,10
1979,3,Arrows,1585,80,1571,7
1979,3,Brabham-Alfa Romeo,1453,80,1743,3
1979,3,Ferrari,1852,80,1997,0
1979,3,Fittipaldi,1606,80,1530,8
1979,3,Ligier,1702,80,1364,11
1979,3,McLaren,1701,80,1626,6
1979,3,Renault,1484,80,1468,9
1979,3,Shadow,1491,80,1251,12
1979,3,Team Lotus,1831,80,1831,2
1979,3,Tyrrell,1720,80,1881,1
1979,3,Williams,1574,80,1655,5
1979,3,Wolf,1626,80,1704,4
1979,4,ATS,1423,80,1460,10
1979,4,Arrows,1587,80,1593,7
1979,4,Brabham-Alfa Romeo,1495,80,1622,6
1979,4,Ensign,1548,80,1552,8
1979,4,Ferrari,1887,80,2010,0
1979,4,Fittipaldi,1569,80,1431,11
1979,4,Ligier,1721,80,1768,3
1979,4,McLaren,1667,80,1523,9
1979,4,Merzario,1353,82,1356,12
1979,4,Renault,1436,80,1208,14
1979,4,Shadow,1530,80,1664,5
1979,4,Team Lotus,1832,80,1836,2
1979,4,Tyrrell,1721,80,1724,4
1979,4,Williams,1626,80,1880,1
1979,4,Wolf,1567,80,1315,13
1979,5,ATS,1432,80,1464,9
1979,5,Arrows,1611,80,1701,4
1979,5,Brabham-Alfa Romeo,1475,80,1418,10
1979,5,Ferrari,1876,80,1841,2
1979,5,Fittipaldi,1579,80,1611,6
1979,5,Ligier,1777,80,1994,0
1979,5,McLaren,1639,80,1533,8
1979,5,Renault,1480,80,1646,5
1979,5,Shadow,1538,80,1565,7
1979,5,Team Lotus,1847,80,1905,1
1979,5,Tyrrell,1731,80,1763,3
1979,5,Williams,1573,80,1364,11
1979,5,Wolf,1506,80,1261,12
1979,6,ATS,1469,80,1634,6
1979,6,Alfa Romeo,1706,80,1267,13
1979,6,Arrows,1636,80,1733,4
1979,6,Brabham-Alfa Romeo,1460,80,1412,11
1979,6,Ferrari,1909,80,2037,0
1979,6,Fittipaldi,1584,80,1602,7
1979,6,Ligier,1812,80,1921,1
1979,6,McLaren,1651,80,1691,5
1979,6,Renault,1449,80,1348,12
1979,6,Shadow,1543,80,1557,8
1979,6,Team Lotus,1838,80,1805,3
1979,6,Tyrrell,1755,80,1848,2
1979,6,Williams,1548,80,1473,10
1979,6,Wolf,1508,80,1512,9
1979,7,ATS,1461,80,1431,9
1979,7,Arrows,1640,80,1654,5
1979,7,Brabham-Alfa Romeo,1488,80,1588,6
1979,7,Ferrari,1937,80,2040,0
1979,7,Fittipaldi,1545,80,1376,10
1979,7,Ligier,1791,80,1724,4
1979,7,McLaren,1674,80,1761,3
1979,7,Renault,1469,80,1537,7
1979,7,Team Lotus,1840,80,1845,2
1979,7,Tyrrell,1710,80,1512,8
1979,7,Williams,1609,80,1893,1
1979,7,Wolf,1459,80,1268,11
1979,8,ATS,1421,80,1248,13
1979,8,Alfa Romeo,1650,80,1482,10
1979,8,Arrows,1625,80,1567,8
1979,8,Brabham-Alfa Romeo,1458,80,1349,12
1979,8,Ferrari,1940,80,1950,1
1979,8,Fittipaldi,1517,80,1419,11
1979,8,Ligier,1781,80,1750,4
1979,8,McLaren,1669,80,1652,6
1979,8,Renault,1533,80,2016,0
1979,8,Shadow,1537,80,1516,9
1979,8,Team Lotus,1801,80,1621,7
1979,8,Tyrrell,1729,80,1792,3
1979,8,Williams,1662,80,1840,2
1979,8,Wolf,1507,80,1679,5
1979,9,Arrows,1599,80,1499,9
1979,9,Brabham-Alfa Romeo,1419,80,1268,12
1979,9,Ensign,1546,80,1539,8
1979,9,Ferrari,1903,80,1748,4
1979,9,Fittipaldi,1487,80,1373,11
1979,9,Ligier,1761,80,1688,5
1979,9,McLaren,1690,80,1773,3
1979,9,Renault,1600,80,1896,1
1979,9,Shadow,1546,80,1581,7
1979,9,Team Lotus,1768,80,1645,6
1979,9,Tyrrell,1753,80,1837,2
1979,9,Williams,1728,80,2010,0
1979,9,Wolf,1489,80,1437,10
1979,10,ATS,1383,80,1241,12
1979,10,Arrows,1623,80,1716,4
1979,10,Brabham-Alfa Romeo,1451,80,1564,7
1979,10,Ferrari,1892,80,1855,2
1979,10,Fittipaldi,1458,80,1350,11
1979,10,Ligier,1791,80,1906,1
1979,10,McLaren,1708,80,1773,3
1979,10,Renault,1556,80,1429,10
1979,10,Shadow,1561,80,1620,6
1979,10,Team Lotus,1719,80,1495,9
1979,10,Tyrrell,1737,80,1684,5
1979,10,Williams,1786,80,2005,0
1979,10,Wolf,1497,80,1523,8
1979,11,ATS,1397,80,1443,10
1979,11,Arrows,1609,80,1557,8
1979,11,Brabham-Alfa Romeo,1489,80,1629,6
1979,11,Ensign,1556,80,1593,7
1979,11,Ferrari,1900,80,1931,1
1979,11,Fittipaldi,1416,80,1233,13
1979,11,Ligier,1804,80,1848,2
1979,11,McLaren,1704,80,1692,5
1979,11,Renault,1607,80,1773,3
1979,11,Shadow,1550,80,1508,9
1979,11,Team Lotus,1664,80,1417,11
1979,11,Tyrrell,1738,80,1739,4
1979,11,Williams,1836,80,2016,0
1979,11,Wolf,1463,80,1336,12
1979,12,ATS,1383,80,1332,11
1979,12,Arrows,1632,80,1720,4
1979,12,Brabham-Alfa Romeo,1540,80,1765,3
1979,12,Ferrari,1908,80,1935,1
1979,12,Fittipaldi,1379,80,1233,12
1979,12,Ligier,1814,80,1849,2
1979,12,McLaren,1659,80,1430,10
1979,12,Renault,1575,80,1481,9
1979,12,Shadow,1555,80,1574,7
1979,12,Team Lotus,1668,80,1677,5
1979,12,Tyrrell,1717,80,1638,6
1979,12,Williams,1878,80,2028,0
1979,12,Wolf,1476,80,1518,8
1979,13,ATS,1428,80,1634,6
1979,13,Alfa Romeo,1639,80,1610,7
1979,13,Arrows,1618,80,1566,8
1979,13,Brabham-Alfa Romeo,1596,80,1841,2
1979,13,Ferrari,1937,80,2053,0
1979,13,Fittipaldi,1433,80,1679,5
1979,13,Ligier,1762,80,1481,10
1979,13,McLaren,1597,80,1245,13
1979,13,Renault,1560,80,1516,9
1979,13,Shadow,1517,80,1342,12
1979,13,Team Lotus,1695,80,1791,3
1979,13,Tyrrell,1723,80,1746,4
1979,13,Williams,1893,80,1943,1
1979,13,Wolf,1460,80,1403,11
1979,14,ATS,1388,80,1238,13
1979,14,Alfa Romeo,1621,80,1560,8
1979,14,Arrows,1573,80,1363,12
1979,14,Brabham-Ford,1610,80,1731,4
1979,14,Ferrari,1941,80,1958,1
1979,14,Fittipaldi,1486,80,1676,5
1979,14,Ligier,1712,80,1522,9
1979,14,McLaren,1641,80,1784,3
1979,14,Rebaque,1467,171,1460,10
1979,14,Renault,1531,80,1427,11
1979,14,Shadow,1542,80,1636,6
1979,14,Team Lotus,1676,80,1608,7
1979,14,Tyrrell,1749,80,1854,2
1979,14,Williams,1927,80,2058,0
1979,15,ATS,1448,80,1730,4
1979,15,Alfa Romeo,1563,80,1246,14
1979,15,Arrows,1574,80,1577,8
1979,15,Brabham-Ford,1612,80,1617,7
1979,15,Ensign,1544,80,1497,10
1979,15,Ferrari,1967,80,2071,0
1979,15,Fittipaldi,1525,80,1647,6
1979,15,Ligier,1648,80,1347,13
1979,15,McLaren,1655,80,1698,5
1979,15,Renault,1591,80,1920,1
1979,15,Shadow,1587,80,1785,3
1979,15,Team Lotus,1628,80,1411,12
1979,15,Tyrrell,1772,80,1859,2
1979,15,Williams,1868,80,1555,9
1979,15,Wolf,1457,80,1445,11
1980,1,ATS,1447,80,1443,10
1980,1,Alfa Romeo,1601,80,1727,4
1980,1,Arrows,1560,80,1508,9
1980,1,Brabham,1765,80,1923,1
1980,1,Ensign,1554,80,1594,7
1980,1,Ferrari,1917,80,1664,6
1980,1,Fittipaldi,1582,80,1836,2
1980,1,Ligier,1625,80,1560,8
1980,1,McLaren,1663,80,1688,5
1980,1,Renault,1531,80,1297,12
1980,1,Team Lotus,1581,80,1397,11
1980,1,Tyrrell,1777,80,1796,3
1980,1,Williams,1911,80,2051,0
1980,2,ATS,1487,80,1631,6
1980,2,Alfa Romeo,1568,80,1459,10
1980,2,Arrows,1585,80,1682,5
1980,2,Brabham,1728,80,1613,7
1980,2,Ensign,1510,80,1293,12
1980,2,Ferrari,1850,80,1406,11
1980,2,Fittipaldi,1575,80,1555,8
1980,2,Ligier,1662,80,1785,3
1980,2,McLaren,1679,80,1737,4
1980,2,Renault,1609,80,2025,0
1980,2,Team Lotus,1642,80,1917,1
1980,2,Tyrrell,1733,80,1522,9
1980,2,Williams,1903,80,1877,2
1980,3,ATS,1440,80,1267,14
1980,3,Alfa Romeo,1545,80,1468,11
1980,3,Arrows,1618,80,1746,4
1980,3,Brabham,1759,80,1855,2
1980,3,Ensign,1535,80,1625,7
1980,3,Ferrari,1773,80,1425,12
1980,3,Fittipaldi,1596,80,1666,6
1980,3,Ligier,1714,80,1917,1
1980,3,McLaren,1662,80,1600,8
1980,3,Osella,1359,171,1332,13
1980,3,Renault,1694,80,2018,0
1980,3,Shadow,1570,80,1515,10
1980,3,Team Lotus,1620,80,1560,9
1980,3,Tyrrell,1729,80,1716,5
1980,3,Williams,1883,80,1820,3
1980,4,ATS,1398,80,1249,13
1980,4,Alfa Romeo,1542,80,1531,9
1980,4,Arrows,1667,80,1903,1
1980,4,Brabham,1809,80,2012,0
1980,4,Ensign,1544,80,1573,8
1980,4,Ferrari,1768,80,1753,4
1980,4,Fittipaldi,1641,80,1836,2
1980,4,Ligier,1712,80,1707,5
1980,4,McLaren,1688,80,1789,3
1980,4,Osella,1384,130,1411,11
1980,4,Renault,1673,80,1626,7
1980,4,Team Lotus,1570,80,1375,12
1980,4,Tyrrell,1716,80,1668,6
1980,4,Williams,1825,80,1501,10
1980,5,ATS,1443,80,1602,7
1980,5,Alfa Romeo,1526,80,1467,10
1980,5,Arrows,1637,80,1533,9
1980,5,Brabham,1742,80,1417,11
1980,5,Ensign,1499,80,1298,12
1980,5,Ferrari,1764,80,1752,4
1980,5,Fittipaldi,1655,80,1700,5
1980,5,Ligier,1765,80,2003,0
1980,5,McLaren,1666,80,1581,8
1980,5,Renault,1715,80,1839,2
1980,5,Team Lotus,1591,80,1654,6
1980,5,Tyrrell,1732,80,1792,3
1980,5,Williams,1848,80,1919,1
1980,6,ATS,1478,80,1591,7
1980,6,Alfa Romeo,1519,80,1494,9
1980,6,Arrows,1669,80,1784,3
1980,6,Brabham,1770,80,1845,2
1980,6,Ferrari,1760,80,1749,4
1980,6,Fittipaldi,1664,80,1696,5
1980,6,Ligier,1799,80,1911,1
1980,6,McLaren,1613,80,1338,11
1980,6,Renault,1679,80,1567,8
1980,6,Team Lotus,1604,80,1648,6
1980,6,Tyrrell,1684,80,1445,10
1980,6,Williams,1886,80,2020,0
1980,7,ATS,1472,80,1453,10
1980,7,Alfa Romeo,1493,80,1388,11
1980,7,Arrows,1667,80,1659,6
1980,7,Brabham,1790,80,1853,2
1980,7,Ferrari,1749,80,1709,5
1980,7,Fittipaldi,1644,80,1572,8
1980,7,Ligier,1827,80,1923,1
1980,7,McLaren,1643,80,1740,4
1980,7,Osella,1424,111,1500,9
1980,7,Renault,1706,80,1792,3
1980,7,Team Lotus,1551,80,1291,12
1980,7,Tyrrell,1668,80,1618,7
1980,7,Williams,1919,80,2036,0
1980,8,ATS,1479,80,1502,9
1980,8,Alfa Romeo,1469,80,1377,11
1980,8,Arrows,1685,80,1747,4
1980,8,Brabham,1821,80,1931,1
1980,8,Ferrari,1740,80,1710,5
1980,8,Fittipaldi,1647,80,1657,6
1980,8,Ligier,1779,80,1580,8
1980,8,McLaren,1676,80,1794,3
1980,8,Osella,1378,100,1259,12
1980,8,Renault,1686,80,1619,7
1980,8,Team Lotus,1527,80,1454,10
1980,8,Tyrrell,1706,80,1851,2
1980,8,Williams,1948,80,2054,0
1980,9,ATS,1488,80,1522,9
1980,9,Alfa Romeo,1521,80,1793,3
1980,9,Arrows,1681,80,1670,6
1980,9,Brabham,1833,80,1873,2
1980,9,Ensign,1493,80,1475,10
1980,9,Ferrari,1745,80,1761,4
1980,9,Fittipaldi,1593,80,1263,13
1980,9,Ligier,1832,80,2039,0
1980,9,McLaren,1655,80,1585,8
1980,9,Osella,1366,94,1334,12
1980,9,Renault,1638,80,1435,11
1980,9,Team Lotus,1565,80,1701,5
1980,9,Tyrrell,1689,80,1631,7
1980,9,Williams,1951,80,1961,1
1980,10,ATS,1502,80,1551,8
1980,10,Alfa Romeo,1503,80,1448,10
1980,10,Arrows,1649,80,1519,9
1980,10,Brabham,1829,80,1816,3
1980,10,Ferrari,1728,80,1665,6
1980,10,Fittipaldi,1596,80,1607,7
1980,10,Ligier,1842,80,1873,2
1980,10,McLaren,1665,80,1701,5
1980,10,Osella,1337,89,1244,12
1980,10,Renault,1702,80,2033,0
1980,10,Team Lotus,1603,80,1741,4
1980,10,Tyrrell,1637,80,1391,11
1980,10,Williams,1954,80,1964,1
1980,11,ATS,1516,80,1569,8
1980,11,Alfa Romeo,1508,80,1525,9
1980,11,Arrows,1608,80,1436,11
1980,11,Brabham,1870,80,2051,0
1980,11,Ensign,1463,80,1352,12
1980,11,Ferrari,1717,80,1672,6
1980,11,Fittipaldi,1540,80,1257,13
1980,11,Ligier,1850,80,1878,2
1980,11,McLaren,1675,80,1709,5
1980,11,Osella,1365,86,1461,10
1980,11,Renault,1756,80,1933,1
1980,11,Team Lotus,1607,80,1620,7
1980,11,Tyrrell,1664,80,1751,4
1980,11,Williams,1929,80,1832,3
1980,12,ATS,1502,80,1449,10
1980,12,Alfa Romeo,1465,80,1273,12
1980,12,Arrows,1565,80,1388,11
1980,12,Brabham,1908,80,2060,0
1980,12,Ferrari,1706,80,1666,6
1980,12,Fittipaldi,1594,80,1797,3
1980,12,Ligier,1833,80,1772,4
1980,12,McLaren,1682,80,1707,5
1980,12,Osella,1403,84,1543,8
1980,12,Renault,1722,80,1624,7
1980,12,Team Lotus,1654,80,1860,2
1980,12,Tyrrell,1632,80,1520,9
1980,12,Williams,1937,80,1966,1
1980,13,Alfa Romeo,1442,80,1366,11
1980,13,Arrows,1562,80,1554,8
1980,13,Brabham,1878,80,1774,4
1980,13,Ensign,1470,80,1493,9
1980,13,Ferrari,1726,80,1806,3
1980,13,Fittipaldi,1608,80,1650,6
1980,13,Ligier,1858,80,1952,1
1980,13,McLaren,1716,80,1863,2
1980,13,Osella,1369,83,1252,12
1980,13,Renault,1668,80,1459,10
1980,13,Team Lotus,1643,80,1610,7
1980,13,Tyrrell,1648,80,1699,5
1980,13,Williams,1965,80,2076,0
1980,14,ATS,1544,80,1747,4
1980,14,Alfa Romeo,1447,80,1463,10
1980,14,Arrows,1554,80,1525,9
1980,14,Brabham,1817,80,1434,11
1980,14,Ensign,1428,80,1241,13
1980,14,Ferrari,1715,80,1672,6
1980,14,Fittipaldi,1631,80,1705,5
1980,14,Ligier,1880,80,1962,1
1980,14,McLaren,1697,80,1627,7
1980,14,Osella,1360,82,1327,12
1980,14,Renault,1702,80,1809,3
1980,14,Team Lotus,1687,80,1867,2
1980,14,Tyrrell,1632,80,1578,8
1980,14,Williams,1990,80,2088,0
1981,1,ATS,1533,80,1496,10
1981,1,Alfa Romeo,1505,80,1862,2
1981,1,Arrows,1531,80,1446,11
1981,1,Brabham,1851,80,1958,1
1981,1,Ensign,1468,80,1620,7
1981,1,Ferrari,1692,80,1600,8
1981,1,Fittipaldi,1651,80,1721,5
1981,1,Ligier,1828,80,1563,9
1981,1,McLaren,1638,80,1213,14
1981,1,Osella,1361,81,1366,12
1981,1,Renault,1698,80,1684,6
1981,1,Team Lotus,1626,80,1323,13
1981,1,Theodore,1531,130,1757,4
1981,1,Tyrrell,1668,80,1809,3
1981,1,Williams,2012,80,2098,0
1981,2,Alfa Romeo,1493,80,1460,10
1981,2,Arrows,1588,80,1933,1
1981,2,Brabham,1797,80,1588,8
1981,2,Ensign,1529,80,1853,2
1981,2,Ferrari,1645,80,1410,11
1981,2,Fittipaldi,1652,80,1659,6
1981,2,Ligier,1813,80,1767,4
1981,2,McLaren,1654,80,1702,5
1981,2,Renault,1638,80,1309,12
1981,2,Team Lotus,1668,80,1799,3
1981,2,Theodore,1571,111,1608,7
1981,2,Tyrrell,1638,80,1529,9
1981,2,Williams,2032,80,2104,0
1981,3,ATS,1552,80,1621,7
1981,3,Alfa Romeo,1536,80,1697,5
1981,3,Arrows,1625,80,1746,4
1981,3,Brabham,1854,80,2059,0
1981,3,Ensign,1476,80,1294,13
1981,3,Ferrari,1624,80,1552,9
1981,3,Fittipaldi,1616,80,1462,11
1981,3,Ligier,1752,80,1406,12
1981,3,McLaren,1657,80,1668,6
1981,3,Renault,1687,80,1855,2
1981,3,Team Lotus,1699,80,1799,3
1981,3,Theodore,1546,100,1503,10
1981,3,Tyrrell,1627,80,1591,8
1981,3,Williams,2022,80,1986,1
1981,4,ATS,1564,80,1606,8
1981,4,Alfa Romeo,1505,80,1403,13
1981,4,Arrows,1684,80,1936,1
1981,4,Brabham,1903,80,2069,0
1981,4,Ensign,1522,80,1671,6
1981,4,Ferrari,1661,80,1805,3
1981,4,Fittipaldi,1566,80,1345,14
1981,4,Ligier,1712,80,1584,9
1981,4,March,1536,80,1534,10
1981,4,McLaren,1680,80,1761,4
1981,4,Osella,1377,81,1436,12
1981,4,Renault,1696,80,1722,5
1981,4,Team Lotus,1632,80,1249,15
1981,4,Theodore,1574,94,1640,7
1981,4,Tyrrell,1601,80,1502,11
1981,4,Williams,1998,80,1906,2
1981,5,Alfa Romeo,1535,80,1637,6
1981,5,Arrows,1614,80,1289,12
1981,5,Brabham,1834,80,1526,9
1981,5,Ensign,1541,80,1595,7
1981,5,Ferrari,1690,80,1791,3
1981,5,Fittipaldi,1539,80,1453,10
1981,5,Ligier,1761,80,1933,1
1981,5,McLaren,1683,80,1696,5
1981,5,Osella,1409,81,1538,8
1981,5,Renault,1640,80,1393,11
1981,5,Team Lotus,1684,80,1849,2
1981,5,Tyrrell,1629,80,1735,4
1981,5,Williams,2018,80,2094,0
1981,6,Alfa Romeo,1539,80,1549,8
1981,6,Arrows,1550,80,1344,11
1981,6,Brabham,1789,80,1665,6
1981,6,Ensign,1581,80,1731,4
1981,6,Ferrari,1746,80,2043,0
1981,6,Ligier,1785,80,1859,2
1981,6,McLaren,1668,80,1610,7
1981,6,Renault,1607,80,1508,9
1981,6,Team Lotus,1629,80,1447,10
1981,6,Theodore,1603,89,1688,5
1981,6,Tyrrell,1662,80,1787,3
1981,6,Williams,2010,80,1978,1
1981,7,Alfa Romeo,1572,80,1700,5
1981,7,Arrows,1493,80,1300,13
1981,7,Brabham,1720,80,1408,12
1981,7,Ensign,1574,80,1549,9
1981,7,Ferrari,1803,80,2046,0
1981,7,Fittipaldi,1558,80,1622,7
1981,7,Ligier,1819,80,1939,1
1981,7,March,1529,80,1503,10
1981,7,McLaren,1703,80,1855,2
1981,7,Renault,1621,80,1665,6
1981,7,Team Lotus,1660,80,1748,4
1981,7,Theodore,1600,86,1590,8
1981,7,Tyrrell,1622,80,1464,11
1981,7,Williams,1976,80,1832,3
1981,8,Alfa Romeo,1600,80,1705,5
1981,8,Arrows,1506,80,1542,9
1981,8,Brabham,1757,80,1862,2
1981,8,Ensign,1523,80,1300,13
1981,8,Ferrari,1806,80,1815,3
1981,8,Fittipaldi,1524,80,1394,12
1981,8,Ligier,1764,80,1521,10
1981,8,March,1514,80,1453,11
1981,8,McLaren,1746,80,1931,1
1981,8,Renault,1683,80,2035,0
1981,8,Team Lotus,1683,80,1754,4
1981,8,Theodore,1607,84,1629,7
1981,8,Tyrrell,1615,80,1593,8
1981,8,Williams,1927,80,1691,6
1981,9,ATS,1594,80,1715,5
1981,9,Alfa Romeo,1575,80,1483,11
1981,9,Arrows,1519,80,1559,9
1981,9,Brabham,1761,80,1770,4
1981,9,Ferrari,1739,80,1277,14
1981,9,Fittipaldi,1502,80,1426,12
1981,9,Ligier,1790,80,1868,2
1981,9,March,1544,80,1673,6
1981,9,McLaren,1798,80,2033,0
1981,9,Osella,1451,80,1630,7
1981,9,Renault,1664,80,1610,8
1981,9,Team Lotus,1626,80,1373,13
1981,9,Theodore,1589,83,1527,10
1981,9,Tyrrell,1653,80,1804,3
1981,9,Williams,1934,80,1957,1
1981,10,ATS,1552,80,1377,13
1981,10,Alfa Romeo,1589,80,1641,7
1981,10,Arrows,1520,80,1524,10
1981,10,Brabham,1814,80,2036,0
1981,10,Ensign,1502,80,1433,12
1981,10,Ferrari,1706,80,1616,8
1981,10,Ligier,1809,80,1872,2
1981,10,March,1498,80,1277,14
1981,10,McLaren,1792,80,1774,4
1981,10,Osella,1494,80,1671,6
1981,10,Renault,1717,80,1928,1
1981,10,Team Lotus,1650,80,1719,5
1981,10,Theodore,1568,82,1487,11
1981,10,Tyrrell,1686,80,1807,3
1981,10,Williams,1878,80,1585,9
1981,11,ATS,1546,80,1527,10
1981,11,Alfa Romeo,1585,80,1569,9
1981,11,Arrows,1511,80,1481,11
1981,11,Brabham,1829,80,1877,2
1981,11,Ensign,1485,80,1429,12
1981,11,Ferrari,1702,80,1691,6
1981,11,Ligier,1853,80,2039,0
1981,11,March,1521,80,1600,8
1981,11,McLaren,1789,80,1778,4
1981,11,Osella,1525,80,1638,7
1981,11,Renault,1765,80,1932,1
1981,11,Team Lotus,1668,80,1725,5
1981,11,Theodore,1519,81,1278,14
1981,11,Tyrrell,1632,80,1380,13
1981,11,Williams,1866,80,1831,3
1981,12,ATS,1559,80,1603,8
1981,12,Alfa Romeo,1581,80,1568,9
1981,12,Arrows,1551,80,1719,5
1981,12,Brabham,1856,80,1950,1
1981,12,Ensign,1535,80,1761,4
1981,12,Ferrari,1640,80,1283,14
1981,12,Ligier,1790,80,1446,12
1981,12,March,1488,80,1367,13
1981,12,McLaren,1743,80,1540,10
1981,12,Osella,1515,80,1479,11
1981,12,Renault,1821,80,2041,0
1981,12,Team Lotus,1699,80,1817,3
1981,12,Theodore,1554,81,1679,6
1981,12,Tyrrell,1636,80,1648,7
1981,12,Williams,1872,80,1889,2
1981,13,ATS,1510,80,1276,14
1981,13,Alfa Romeo,1602,80,1680,6
1981,13,Arrows,1537,80,1492,11
1981,13,Brabham,1840,80,1787,4
1981,13,Ensign,1498,80,1374,13
1981,13,Ferrari,1682,80,1814,3
1981,13,Ligier,1734,80,1553,10
1981,13,March,1507,80,1573,9
1981,13,McLaren,1741,80,1734,5
1981,13,Osella,1541,80,1636,7
1981,13,Renault,1870,80,2050,0
1981,13,Team Lotus,1734,80,1872,2
1981,13,Toleman,1593,171,1611,8
1981,13,Tyrrell,1596,80,1448,12
1981,13,Williams,1890,80,1957,1
1981,14,ATS,1503,80,1480,11
1981,14,Alfa Romeo,1640,80,1814,3
1981,14,Arrows,1491,80,1277,14
1981,14,Brabham,1829,80,1787,4
1981,14,Ensign,1469,80,1368,13
1981,14,Ferrari,1725,80,1873,2
1981,14,Ligier,1800,80,2043,0
1981,14,March,1543,80,1679,6
1981,14,McLaren,1781,80,1944,1
1981,14,Osella,1518,80,1434,12
1981,14,Renault,1807,80,1544,10
1981,14,Team Lotus,1735,80,1735,5
1981,14,Theodore,1575,81,1643,7
1981,14,Tyrrell,1590,80,1571,9
1981,14,Williams,1843,80,1626,8
1981,15,Alfa Romeo,1684,80,1873,2
1981,15,Arrows,1508,80,1565,9
1981,15,Brabham,1821,80,1792,4
1981,15,Ensign,1470,80,1473,11
1981,15,Ferrari,1710,80,1663,7
1981,15,Fittipaldi,1525,80,1606,8
1981,15,Ligier,1786,80,1748,5
1981,15,McLaren,1764,80,1707,6
1981,15,Osella,1472,80,1273,14
1981,15,Renault,1844,80,1950,1
1981,15,Team Lotus,1754,80,1828,3
1981,15,Theodore,1534,80,1376,13
1981,15,Toleman,1517,130,1432,12
1981,15,Tyrrell,1577,80,1531,10
1981,15,Williams,1887,80,2051,0
1982,1,ATS,1547,80,1730,5
1982,1,Alfa Romeo,1688,80,1701,6
1982,1,Brabham,1765,80,1385,13
1982,1,Ferrari,1673,80,1541,10
1982,1,Fittipaldi,1535,80,1569,9
1982,1,Ligier,1728,80,1498,11
1982,1,March,1566,80,1651,7
1982,1,McLaren,1791,80,1887,2
1982,1,Osella,1430,80,1266,14
1982,1,Renault,1891,80,2059,0
1982,1,Team Lotus,1762,80,1789,4
1982,1,Theodore,1552,80,1610,8
1982,1,Toleman,1484,111,1429,12
1982,1,Tyrrell,1622,80,1823,3
1982,1,Williams,1906,80,1966,1
1982,2,ATS,1593,80,1775,4
1982,2,Alfa Romeo,1636,80,1385,13
1982,2,Arrows,1531,80,1612,8
1982,2,Brabham,1726,80,1592,9
1982,2,Ferrari,1689,80,1740,5
1982,2,Fittipaldi,1525,80,1489,11
1982,2,Ligier,1670,80,1452,12
1982,2,March,1593,80,1693,6
1982,2,McLaren,1825,80,1957,1
1982,2,Osella,1476,80,1647,7
1982,2,Renault,1930,80,2069,0
1982,2,Team Lotus,1787,80,1888,2
1982,2,Theodore,1502,80,1279,14
1982,2,Tyrrell,1665,80,1825,3
1982,2,Williams,1847,80,1554,10
1982,3,ATS,1535,80,1283,14
1982,3,Alfa Romeo,1632,80,1620,8
1982,3,Arrows,1540,80,1573,9
1982,3,Brabham,1762,80,1882,2
1982,3,Ensign,1482,80,1527,10
1982,3,Ferrari,1691,80,1700,6
1982,3,Ligier,1667,80,1660,7
1982,3,March,1622,80,1732,5
1982,3,McLaren,1869,80,2059,0
1982,3,Osella,1477,80,1483,11
1982,3,Renault,1860,80,1390,13
1982,3,Team Lotus,1787,80,1789,4
1982,3,Theodore,1485,80,1435,12
1982,3,Tyrrell,1700,80,1825,3
1982,3,Williams,1876,80,1961,1
1982,4,ATS,1554,80,1608,3
1982,4,Alfa Romeo,1581,80,1357,6
1982,4,Ferrari,1733,80,1910,0
1982,4,Osella,1519,80,1679,2
1982,4,Renault,1781,80,1487,5
1982,4,Toleman,1498,100,1529,4
1982,4,Tyrrell,1722,80,1794,1
1982,5,ATS,1516,80,1388,13
1982,5,Alfa Romeo,1572,80,1545,10
1982,5,Arrows,1571,80,1696,6
1982,5,Brabham,1769,80,1791,4
1982,5,Ferrari,1671,80,1302,14
1982,5,Fittipaldi,1564,80,1735,5
1982,5,Ligier,1713,80,1880,2
1982,5,March,1631,80,1664,7
1982,5,McLaren,1909,80,2061,0
1982,5,Osella,1533,80,1580,9
1982,5,Renault,1739,80,1638,8
1982,5,Team Lotus,1798,80,1838,3
1982,5,Toleman,1483,94,1443,12
1982,5,Tyrrell,1679,80,1511,11
1982,5,Williams,1896,80,1964,1
1982,6,ATS,1503,80,1463,9
1982,6,Alfa Romeo,1625,80,1860,2
1982,6,Arrows,1577,80,1597,7
1982,6,Brabham,1819,80,2046,0
1982,6,Ferrari,1727,80,1936,1
1982,6,Ligier,1652,80,1384,10
1982,6,McLaren,1850,80,1566,8
1982,6,Renault,1732,80,1714,5
1982,6,Team Lotus,1803,80,1820,3
1982,6,Tyrrell,1675,80,1660,6
1982,6,Williams,1870,80,1778,4
1982,7,ATS,1502,80,1498,11
1982,7,Alfa Romeo,1607,80,1551,10
1982,7,Arrows,1608,80,1737,5
1982,7,Brabham,1754,80,1404,13
1982,7,Ensign,1474,80,1445,12
1982,7,Ferrari,1765,80,1882,2
1982,7,Fittipaldi,1577,80,1623,8
1982,7,Ligier,1713,80,1941,1
1982,7,March,1660,80,1780,4
1982,7,McLaren,1897,80,2056,0
1982,7,Osella,1487,80,1292,14
1982,7,Renault,1718,80,1673,7
1982,7,Team Lotus,1766,80,1602,9
1982,7,Tyrrell,1682,80,1705,6
1982,7,Williams,1864,80,1845,3
1982,8,ATS,1499,80,1490,11
1982,8,Alfa Romeo,1644,80,1779,4
1982,8,Arrows,1649,80,1823,3
1982,8,Brabham,1816,80,2047,0
1982,8,Ensign,1466,80,1435,12
1982,8,Ferrari,1752,80,1711,6
1982,8,Ligier,1702,80,1670,7
1982,8,March,1653,80,1628,8
1982,8,McLaren,1914,80,1966,1
1982,8,Osella,1460,80,1372,13
1982,8,Renault,1683,80,1552,10
1982,8,Team Lotus,1791,80,1886,2
1982,8,Theodore,1443,80,1274,14
1982,8,Tyrrell,1662,80,1591,9
1982,8,Williams,1841,80,1757,5
1982,9,ATS,1533,80,1668,7
1982,9,Alfa Romeo,1660,80,1714,6
1982,9,Arrows,1679,80,1791,4
1982,9,Brabham,1853,80,1963,1
1982,9,Ferrari,1806,80,2055,0
1982,9,Fittipaldi,1546,80,1428,13
1982,9,Ligier,1635,80,1273,15
1982,9,March,1643,80,1607,9
1982,9,McLaren,1901,80,1858,3
1982,9,Osella,1497,80,1630,8
1982,9,Renault,1643,80,1486,12
1982,9,Team Lotus,1745,80,1536,11
1982,9,Theodore,1468,80,1553,10
1982,9,Toleman,1454,89,1354,14
1982,9,Tyrrell,1681,80,1752,5
1982,9,Williams,1855,80,1902,2
1982,10,Alfa Romeo,1680,80,1747,5
1982,10,Arrows,1677,80,1671,7
1982,10,Brabham,1789,80,1516,11
1982,10,Ensign,1460,80,1437,12
1982,10,Ferrari,1842,80,1963,1
1982,10,Fittipaldi,1499,80,1283,14
1982,10,Ligier,1623,80,1591,9
1982,10,March,1641,80,1631,8
1982,10,McLaren,1937,80,2074,0
1982,10,Osella,1469,80,1375,13
1982,10,Renault,1675,80,1787,4
1982,10,Team Lotus,1778,80,1892,2
1982,10,Toleman,1472,86,1535,10
1982,10,Tyrrell,1687,80,1709,6
1982,10,Williams,1854,80,1851,3
1982,11,ATS,1567,80,1699,6
1982,11,Alfa Romeo,1695,80,1749,5
1982,11,Arrows,1666,80,1628,8
1982,11,Brabham,1722,80,1492,11
1982,11,Ferrari,1871,80,1972,1
1982,11,Ligier,1613,80,1581,9
1982,11,March,1601,80,1417,12
1982,11,McLaren,1910,80,1814,4
1982,11,Osella,1433,80,1296,13
1982,11,Renault,1736,80,2059,0
1982,11,Team Lotus,1755,80,1677,7
1982,11,Toleman,1483,84,1520,10
1982,11,Tyrrell,1717,80,1839,3
1982,11,Williams,1865,80,1907,2
1982,12,ATS,1525,80,1360,14
1982,12,Alfa Romeo,1716,80,1798,4
1982,12,Arrows,1685,80,1755,5
1982,12,Brabham,1657,80,1434,13
1982,12,Ensign,1502,80,1706,6
1982,12,Ferrari,1912,80,2075,0
1982,12,Fittipaldi,1521,80,1594,9
1982,12,Ligier,1593,80,1524,11
1982,12,March,1575,80,1479,12
1982,12,McLaren,1854,80,1579,10
1982,12,Osella,1394,80,1247,15
1982,12,Renault,1787,80,1963,1
1982,12,Team Lotus,1739,80,1687,7
1982,12,Toleman,1513,83,1631,8
1982,12,Tyrrell,1743,80,1844,3
1982,12,Williams,1874,80,1910,2
1982,13,ATS,1524,80,1521,11
1982,13,Alfa Romeo,1659,80,1282,15
1982,13,Arrows,1700,80,1759,5
1982,13,Brabham,1644,80,1609,9
1982,13,Ensign,1485,80,1426,13
1982,13,Ferrari,1901,80,1865,3
1982,13,Fittipaldi,1560,80,1710,6
1982,13,Ligier,1645,80,1892,2
1982,13,March,1535,80,1370,14
1982,13,McLaren,1844,80,1814,4
1982,13,Renault,1762,80,1691,7
1982,13,Team Lotus,1793,80,2064,0
1982,13,Theodore,1488,80,1556,10
1982,13,Toleman,1505,82,1477,12
1982,13,Tyrrell,1724,80,1651,8
1982,13,Williams,1896,80,1979,1
1982,14,ATS,1553,80,1657,7
1982,14,Alfa Romeo,1671,80,1707,6
1982,14,Arrows,1686,80,1631,8
1982,14,Brabham,1688,80,1836,3
1982,14,Ensign,1459,80,1361,13
1982,14,Ferrari,1837,80,1279,14
1982,14,Ligier,1630,80,1586,9
1982,14,March,1512,80,1433,12
1982,14,McLaren,1859,80,1906,2
1982,14,Osella,1423,80,1521,10
1982,14,Renault,1806,80,1964,1
1982,14,Team Lotus,1795,80,1802,4
1982,14,Toleman,1500,81,1484,11
1982,14,Tyrrell,1730,80,1753,5
1982,14,Williams,1930,80,2079,0
1982,15,ATS,1577,80,1667,7
1982,15,Alfa Romeo,1663,80,1637,8
1982,15,Arrows,1660,80,1554,10
1982,15,Brabham,1629,80,1385,13
1982,15,Ensign,1465,80,1486,11
1982,15,Ferrari,1872,80,1977,1
1982,15,Fittipaldi,1566,80,1586,9
1982,15,Ligier,1666,80,1795,4
1982,15,McLaren,1871,80,1913,2
1982,15,Osella,1424,80,1427,12
1982,15,Renault,1859,80,2072,0
1982,15,Team Lotus,1788,80,1766,5
1982,15,Toleman,1459,81,1270,14
1982,15,Tyrrell,1754,80,1848,3
1982,15,Williams,1892,80,1734,6
1982,16,ATS,1590,80,1634,8
1982,16,Alfa Romeo,1675,80,1719,6
1982,16,Arrows,1680,80,1759,5
1982,16,Brabham,1581,80,1419,13
1982,16,Ensign,1440,80,1340,14
1982,16,Ferrari,1805,80,1480,12
1982,16,Ligier,1714,80,1903,2
1982,16,March,1545,80,1669,7
1982,16,McLaren,1895,80,1986,1
1982,16,Osella,1386,80,1236,15
1982,16,Renault,1861,80,1866,3
1982,16,Team Lotus,1741,80,1526,11
1982,16,Theodore,1510,80,1588,9
1982,16,Toleman,1478,81,1545,10
1982,16,Tyrrell,1804,80,2073,0
1982,16,Williams,1876,80,1822,4
1983,1,ATS,1572,80,1507,11
1983,1,Alfa Romeo,1625,80,1383,13
1983,1,Arrows,1706,80,1802,4
1983,1,Brabham,1654,80,2065,0
1983,1,Ferrari,1820,80,1859,3
1983,1,Ligier,1661,80,1458,12
1983,1,McLaren,1915,80,1988,1
1983,1,Osella,1355,80,1240,14
1983,1,RAM,1533,171,1539,10
1983,1,Renault,1841,80,1774,5
1983,1,Team Lotus,1718,80,1639,8
1983,1,Theodore,1524,80,1574,9
1983,1,Toleman,1521,80,1704,6
1983,1,Tyrrell,1777,80,1686,7
1983,1,Williams,1886,80,1920,2
1983,2,ATS,1528,80,1322,13
1983,2,Alfa Romeo,1604,80,1537,10
1983,2,Arrows,1734,80,1846,3
1983,2,Brabham,1659,80,1671,7
1983,2,Ferrari,1856,80,1976,1
1983,2,Ligier,1684,80,1753,5
1983,2,McLaren,1948,80,2088,0
1983,2,RAM,1473,130,1404,12
1983,2,Renault,1801,80,1643,8
1983,2,Team Lotus,1690,80,1592,9
1983,2,Theodore,1569,80,1789,4
1983,2,Toleman,1510,80,1472,11
1983,2,Tyrrell,1765,80,1722,6
1983,2,Williams,1892,80,1917,2
1983,3,ATS,1511,80,1458,11
1983,3,Alfa Romeo,1607,80,1617,8
1983,3,Arrows,1730,80,1713,6
1983,3,Brabham,1721,80,1967,1
1983,3,Ferrari,1870,80,1915,2
1983,3,Ligier,1700,80,1752,5
1983,3,McLaren,1887,80,1406,12
1983,3,Osella,1386,80,1497,10
1983,3,Renault,1853,80,2078,0
1983,3,Team Lotus,1633,80,1292,13
1983,3,Theodore,1589,80,1657,7
1983,3,Toleman,1521,80,1563,9
1983,3,Tyrrell,1773,80,1803,4
1983,3,Williams,1886,80,1864,3
1983,4,ATS,1543,80,1659,7
1983,4,Alfa Romeo,1629,80,1708,6
1983,4,Arrows,1745,80,1805,4
1983,4,Brabham,1687,80,1588,9
1983,4,Ferrari,1911,80,2083,0
1983,4,Ligier,1713,80,1758,5
1983,4,McLaren,1881,80,1867,3
1983,4,Osella,1383,80,1372,12
1983,4,Renault,1884,80,1983,1
1983,4,Team Lotus,1631,80,1625,8
1983,4,Theodore,1538,80,1297,13
1983,4,Toleman,1509,80,1463,11
1983,4,Tyrrell,1731,80,1541,10
1983,4,Williams,1894,80,1921,2
1983,5,ATS,1505,80,1363,10
1983,5,Alfa Romeo,1646,80,1706,5
1983,5,Arrows,1729,80,1668,6
1983,5,Brabham,1742,80,1946,1
1983,5,Ferrari,1895,80,1839,3
1983,5,Ligier,1670,80,1486,9
1983,5,Renault,1887,80,1896,2
1983,5,Team Lotus,1612,80,1547,8
1983,5,Toleman,1526,80,1591,7
1983,5,Tyrrell,1739,80,1766,4
1983,5,Williams,1927,80,2072,0
1983,6,ATS,1461,80,1282,13
1983,6,Alfa Romeo,1611,80,1470,11
1983,6,Arrows,1718,80,1675,7
1983,6,Brabham,1784,80,1914,2
1983,6,Ferrari,1917,80,1998,1
1983,6,Ligier,1649,80,1579,9
1983,6,McLaren,1821,80,1540,10
1983,6,Osella,1379,80,1366,12
1983,6,Renault,1928,80,2097,0
1983,6,Team Lotus,1642,80,1753,5
1983,6,Theodore,1575,80,1703,6
1983,6,Toleman,1572,80,1795,4
1983,6,Tyrrell,1716,80,1631,8
1983,6,Williams,1916,80,1877,3
1983,7,ATS,1442,80,1379,12
1983,7,Alfa Romeo,1603,80,1575,9
1983,7,Arrows,1727,80,1761,5
1983,7,Brabham,1803,80,1862,3
1983,7,Ferrari,1858,80,1482,11
1983,7,Ligier,1643,80,1624,8
1983,7,McLaren,1847,80,1922,2
1983,7,Osella,1354,80,1257,13
1983,7,Renault,1887,80,1733,6
1983,7,Team Lotus,1675,80,1801,4
1983,7,Theodore,1562,80,1522,10
1983,7,Toleman,1592,80,1661,7
1983,7,Tyrrell,1772,80,2084,0
1983,7,Williams,1934,80,2003,1
1983,8,ATS,1491,80,1705,6
1983,8,Alfa Romeo,1617,80,1669,7
1983,8,Arrows,1744,80,1812,4
1983,8,Brabham,1767,80,1642,8
1983,8,Ferrari,1909,80,2092,0
1983,8,Ligier,1609,80,1471,11
1983,8,McLaren,1853,80,1871,3
1983,8,Osella,1331,80,1244,13
1983,8,Renault,1913,80,1996,1
1983,8,Team Lotus,1645,80,1533,10
1983,8,Theodore,1526,80,1389,12
1983,8,Toleman,1588,80,1577,9
1983,8,Tyrrell,1772,80,1771,5
1983,8,Williams,1935,80,1936,2
1983,9,ATS,1486,80,1468,11
1983,9,Alfa Romeo,1647,80,1764,5
1983,9,Arrows,1715,80,1596,9
1983,9,Brabham,1814,80,1995,1
1983,9,Ferrari,1917,80,1942,2
1983,9,Ligier,1633,80,1718,6
1983,9,McLaren,1848,80,1830,4
1983,9,Osella,1341,80,1378,12
1983,9,Renault,1954,80,2112,0
1983,9,Spirit,1201,171,1143,14
1983,9,Team Lotus,1688,80,1862,3
1983,9,Theodore,1526,80,1527,10
1983,9,Toleman,1542,80,1325,13
1983,9,Tyrrell,1743,80,1644,8
1983,9,Williams,1893,80,1699,7
1983,10,Alfa Romeo,1700,80,1987,1
1983,10,Arrows,1716,80,1720,6
1983,10,Brabham,1841,80,1929,2
1983,10,Ferrari,1957,80,2111,0
1983,10,Ligier,1640,80,1666,7
1983,10,McLaren,1843,80,1827,4
1983,10,Osella,1367,80,1470,10
1983,10,Renault,1938,80,1889,3
1983,10,Spirit,1240,130,1280,12
1983,10,Team Lotus,1622,80,1225,13
1983,10,Theodore,1544,80,1607,8
1983,10,Toleman,1515,80,1425,11
1983,10,Tyrrell,1708,80,1576,9
1983,10,Williams,1869,80,1783,5
1983,11,ATS,1494,80,1520,10
1983,11,Alfa Romeo,1654,80,1486,11
1983,11,Arrows,1691,80,1592,9
1983,11,Brabham,1862,80,1934,2
1983,11,Ferrari,1971,80,2018,1
1983,11,Ligier,1665,80,1762,5
1983,11,McLaren,1840,80,1828,4
1983,11,Osella,1416,80,1655,7
1983,11,Renault,1975,80,2117,0
1983,11,Spirit,1351,111,1608,8
1983,11,Team Lotus,1677,80,1860,3
1983,11,Theodore,1516,80,1410,12
1983,11,Toleman,1462,80,1208,14
1983,11,Tyrrell,1652,80,1340,13
1983,11,Williams,1841,80,1737,6
1983,12,ATS,1475,80,1409,12
1983,12,Alfa Romeo,1700,80,1861,3
1983,12,Arrows,1697,80,1719,6
1983,12,Brabham,1826,80,1688,7
1983,12,Ferrari,2004,80,2130,0
1983,12,Ligier,1657,80,1628,8
1983,12,McLaren,1872,80,2007,1
1983,12,Osella,1448,80,1560,9
1983,12,Renault,1909,80,1357,13
1983,12,Spirit,1477,100,1749,5
1983,12,Team Lotus,1602,80,1245,14
1983,12,Theodore,1517,80,1521,10
1983,12,Toleman,1530,80,1916,2
1983,12,Tyrrell,1688,80,1808,4
1983,12,Williams,1787,80,1491,11
1983,13,ATS,1476,80,1481,11
1983,13,Alfa Romeo,1639,80,1378,13
1983,13,Arrows,1702,80,1718,6
1983,13,Brabham,1877,80,2101,0
1983,13,Ferrari,2008,80,2023,1
1983,13,Ligier,1678,80,1758,5
1983,13,McLaren,1814,80,1450,12
1983,13,Osella,1475,80,1571,9
1983,13,Renault,1917,80,1936,2
1983,13,Spirit,1396,94,1258,14
1983,13,Team Lotus,1664,80,1852,3
1983,13,Theodore,1538,80,1619,8
1983,13,Toleman,1592,80,1797,4
1983,13,Tyrrell,1655,80,1547,10
1983,13,Williams,1763,80,1684,7
1983,14,ATS,1523,80,1748,5
1983,14,Alfa Romeo,1689,80,1852,3
1983,14,Arrows,1697,80,1678,7
1983,14,Brabham,1925,80,2107,0
1983,14,Ferrari,1961,80,1739,6
1983,14,Ligier,1644,80,1503,11
1983,14,McLaren,1741,80,1281,14
1983,14,Osella,1450,80,1362,13
1983,14,Renault,1938,80,2008,1
1983,14,Spirit,1440,89,1526,10
1983,14,Team Lotus,1722,80,1912,2
1983,14,Theodore,1556,80,1624,8
1983,14,Toleman,1643,80,1799,4
1983,14,Tyrrell,1612,80,1447,12
1983,14,Williams,1728,80,1600,9
1983,15,ATS,1478,80,1299,13
1983,15,Alfa Romeo,1749,80,1982,1
1983,15,Arrows,1700,80,1713,6
1983,15,Brabham,1965,80,2110,0
1983,15,Ferrari,1894,80,1495,11
1983,15,Ligier,1649,80,1667,7
1983,15,McLaren,1711,80,1633,8
1983,15,Osella,1437,80,1391,12
1983,15,RAM,1507,111,1569,9
1983,15,Renault,1913,80,1825,4
1983,15,Team Lotus,1677,80,1544,10
1983,15,Toleman,1699,80,1907,2
1983,15,Tyrrell,1644,80,1750,5
1983,15,Williams,1756,80,1855,3
1984,1,ATS,1433,80,1265,14
1984,1,Alfa Romeo,1776,80,1859,3
1984,1,Arrows,1713,80,1764,5
1984,1,Brabham,1903,80,1615,9
1984,1,Ferrari,1827,80,1568,10
1984,1,Ligier,1647,80,1641,8
1984,1,McLaren,1780,80,2084,0
1984,1,Osella,1448,80,1486,11
1984,1,RAM,1563,100,1712,6
1984,1,Renault,1893,80,1827,4
1984,1,Spirit,1416,86,1360,13
1984,1,Team Lotus,1730,80,1909,2
1984,1,Toleman,1644,80,1454,12
1984,1,Tyrrell,1652,80,1680,7
1984,1,Williams,1801,80,1984,1
1984,2,ATS,1446,80,1486,11
1984,2,Alfa Romeo,1807,80,1913,2
1984,2,Arrows,1709,80,1691,7
1984,2,Brabham,1827,80,1460,12
1984,2,Ferrari,1783,80,1659,8
1984,2,Ligier,1685,80,1852,3
1984,2,McLaren,1846,80,2075,0
1984,2,Osella,1411,80,1258,14
1984,2,RAM,1513,94,1372,13
1984,2,Renault,1914,80,1990,1
1984,2,Spirit,1479,84,1714,6
1984,2,Team Lotus,1740,80,1771,5
1984,2,Toleman,1684,80,1807,4
1984,2,Tyrrell,1641,80,1604,9
1984,2,Williams,1753,80,1569,10
1984,3,ATS,1457,80,1492,11
1984,3,Alfa Romeo,1743,80,1391,13
1984,3,Arrows,1721,80,1770,5
1984,3,Brabham,1802,80,1740,6
1984,3,Ferrari,1845,80,2071,0
1984,3,Ligier,1660,80,1566,10
1984,3,McLaren,1769,80,1465,12
1984,3,Osella,1378,80,1255,14
1984,3,RAM,1555,89,1679,7
1984,3,Renault,1931,80,1990,1
1984,3,Spirit,1509,83,1593,9
1984,3,Team Lotus,1767,80,1857,3
1984,3,Toleman,1714,80,1809,4
1984,3,Tyrrell,1643,80,1648,8
1984,3,Williams,1790,80,1909,2
1984,4,ATS,1438,80,1370,13
1984,4,Alfa Romeo,1741,80,1735,6
1984,4,Arrows,1739,80,1812,4
1984,4,Brabham,1745,80,1528,11
1984,4,Ferrari,1881,80,1981,1
1984,4,Ligier,1683,80,1768,5
1984,4,McLaren,1842,80,2071,0
1984,4,Osella,1390,80,1431,12
1984,4,RAM,1578,86,1644,8
1984,4,Renault,1919,80,1875,3
1984,4,Spirit,1549,82,1681,7
1984,4,Team Lotus,1797,80,1910,2
1984,4,Toleman,1682,80,1573,10
1984,4,Tyrrell,1636,80,1611,9
1984,4,Williams,1721,80,1289,14
1984,5,ATS,1404,80,1267,14
1984,5,Alfa Romeo,1686,80,1472,12
1984,5,Arrows,1731,80,1699,7
1984,5,Brabham,1753,80,1776,5
1984,5,Ferrari,1879,80,1873,3
1984,5,Ligier,1694,80,1733,6
1984,5,McLaren,1901,80,2082,0
1984,5,Osella,1436,80,1637,8
1984,5,RAM,1585,84,1607,9
1984,5,Renault,1935,80,1994,1
1984,5,Spirit,1540,81,1513,11
1984,5,Team Lotus,1823,80,1916,2
1984,5,Toleman,1627,80,1398,13
1984,5,Tyrrell,1622,80,1570,10
1984,5,Williams,1746,80,1814,4
1984,6,ATS,1435,80,1551,8
1984,6,Alfa Romeo,1674,80,1639,7
1984,6,Brabham,1706,80,1525,9
1984,6,Ferrari,1888,80,1916,2
1984,6,Ligier,1649,80,1441,10
1984,6,McLaren,1946,80,2091,0
1984,6,Osella,1489,80,1721,5
1984,6,Renault,1876,80,1332,11
1984,6,Team Lotus,1818,80,1801,4
1984,6,Toleman,1691,80,1965,1
1984,6,Tyrrell,1635,80,1683,6
1984,6,Williams,1770,80,1844,3
1984,7,ATS,1489,80,1761,5
1984,7,Alfa Romeo,1679,80,1694,7
1984,7,Arrows,1709,80,1621,9
1984,7,Brabham,1771,80,2081,0
1984,7,Ferrari,1886,80,1878,3
1984,7,Ligier,1611,80,1474,12
1984,7,McLaren,1961,80,2006,1
1984,7,Osella,1444,80,1291,14
1984,7,RAM,1615,83,1726,6
1984,7,Renault,1816,80,1585,10
1984,7,Spirit,1535,81,1517,11
1984,7,Team Lotus,1840,80,1924,2
1984,7,Toleman,1723,80,1815,4
1984,7,Tyrrell,1639,80,1653,8
1984,7,Williams,1709,80,1413,13
1984,8,ATS,1449,80,1310,13
1984,8,Alfa Romeo,1642,80,1501,11
1984,8,Arrows,1696,80,1647,8
1984,8,Brabham,1837,80,2082,0
1984,8,Ferrari,1864,80,1783,5
1984,8,Ligier,1608,80,1596,9
1984,8,McLaren,1955,80,1936,2
1984,8,Osella,1434,80,1405,12
1984,8,RAM,1629,82,1680,7
1984,8,Renault,1795,80,1736,6
1984,8,Team Lotus,1869,80,1988,1
1984,8,Toleman,1684,80,1559,10
1984,8,Tyrrell,1670,80,1806,4
1984,8,Williams,1746,80,1857,3
1984,9,ATS,1508,80,1762,5
1984,9,Alfa Romeo,1596,80,1402,13
1984,9,Arrows,1696,80,1696,7
1984,9,Brabham,1835,80,1828,4
1984,9,Ferrari,1891,80,1996,1
1984,9,Ligier,1588,80,1520,11
1984,9,McLaren,1915,80,1753,6
1984,9,Osella,1497,80,1854,3
1984,9,RAM,1625,81,1611,9
1984,9,Renault,1748,80,1580,10
1984,9,Spirit,1518,81,1459,12
1984,9,Team Lotus,1882,80,1931,2
1984,9,Toleman,1677,80,1656,8
1984,9,Tyrrell,1616,80,1301,14
1984,9,Williams,1806,80,2085,0
1984,10,ATS,1459,80,1299,14
1984,10,Alfa Romeo,1598,80,1605,9
1984,10,Arrows,1687,80,1652,8
1984,10,Brabham,1822,80,1782,5
1984,10,Ferrari,1878,80,1830,4
1984,10,Ligier,1609,80,1682,7
1984,10,McLaren,1954,80,2099,0
1984,10,Osella,1549,80,1717,6
1984,10,RAM,1585,81,1407,13
1984,10,Renault,1799,80,1982,1
1984,10,Spirit,1517,80,1512,11
1984,10,Team Lotus,1881,80,1876,3
1984,10,Toleman,1724,80,1912,2
1984,10,Tyrrell,1603,80,1565,10
1984,10,Williams,1741,80,1480,12
1984,11,ATS,1509,80,1675,7
1984,11,Alfa Romeo,1608,80,1644,8
1984,11,Arrows,1642,80,1409,13
1984,11,Brabham,1780,80,1620,9
1984,11,Ferrari,1878,80,1877,3
1984,11,Ligier,1647,80,1808,4
1984,11,McLaren,1988,80,2110,0
1984,11,Osella,1552,80,1559,10
1984,11,RAM,1570,81,1517,11
1984,11,Renault,1843,80,1989,1
1984,11,Spirit,1560,80,1760,5
1984,11,Team Lotus,1891,80,1931,2
1984,11,Toleman,1659,80,1312,14
1984,11,Tyrrell,1630,80,1723,6
1984,11,Williams,1679,80,1477,12
1984,12,ATS,1549,80,1675,7
1984,12,Alfa Romeo,1632,80,1720,6
1984,12,Arrows,1684,80,1855,3
1984,12,Brabham,1824,80,1990,1
1984,12,Ferrari,1889,80,1931,2
1984,12,Ligier,1681,80,1807,4
1984,12,McLaren,2017,80,2122,0
1984,12,Osella,1519,80,1407,13
1984,12,RAM,1607,80,1758,5
1984,12,Renault,1800,80,1660,8
1984,12,Spirit,1551,80,1519,11
1984,12,Team Lotus,1843,80,1581,10
1984,12,Toleman,1645,80,1609,9
1984,12,Tyrrell,1576,80,1319,14
1984,12,Williams,1630,80,1480,12
1984,13,ATS,1515,80,1408,13
1984,13,Alfa Romeo,1627,80,1608,9
1984,13,Arrows,1650,80,1530,11
1984,13,Brabham,1848,80,1925,2
1984,13,Ferrari,1854,80,1701,7
1984,13,Ligier,1709,80,1808,4
1984,13,McLaren,2042,80,2132,0
1984,13,Osella,1546,80,1638,8
1984,13,RAM,1632,80,1720,6
1984,13,Renault,1817,80,1867,3
1984,13,Spirit,1533,80,1470,12
1984,13,Team Lotus,1876,80,1997,1
1984,13,Toleman,1586,80,1321,14
1984,13,Tyrrell,1573,80,1564,10
1984,13,Williams,1663,80,1762,5
1984,14,ATS,1565,80,1750,5
1984,14,Alfa Romeo,1674,80,1913,2
1984,14,Arrows,1656,80,1674,7
1984,14,Brabham,1799,80,1602,9
1984,14,Ferrari,1885,80,2004,1
1984,14,Ligier,1650,80,1335,13
1984,14,McLaren,2064,80,2145,0
1984,14,Osella,1594,80,1799,4
1984,14,RAM,1612,80,1543,10
1984,14,Renault,1779,80,1645,8
1984,14,Spirit,1568,80,1707,6
1984,14,Team Lotus,1816,80,1503,11
1984,14,Toleman,1644,80,1852,3
1984,14,Williams,1613,80,1430,12
1984,15,ATS,1515,80,1339,13
1984,15,Alfa Romeo,1712,80,1848,3
1984,15,Arrows,1669,80,1713,6
1984,15,Brabham,1827,80,1916,2
1984,15,Ferrari,1910,80,2000,1
1984,15,Ligier,1686,80,1797,4
1984,15,McLaren,2082,80,2150,0
1984,15,Osella,1603,80,1631,8
1984,15,RAM,1599,80,1549,10
1984,15,Renault,1757,80,1684,7
1984,15,Spirit,1605,80,1748,5
1984,15,Team Lotus,1766,80,1606,9
1984,15,Toleman,1595,80,1442,12
1984,15,Williams,1586,80,1501,11
1984,16,ATS,1542,80,1622,8
1984,16,Alfa Romeo,1713,80,1717,6
1984,16,Arrows,1626,80,1438,12
1984,16,Brabham,1824,80,1813,4
1984,16,Ferrari,1915,80,1933,2
1984,16,Ligier,1683,80,1675,7
1984,16,McLaren,2098,80,2162,0
1984,16,Osella,1579,80,1495,11
1984,16,RAM,1553,80,1336,13
1984,16,Renault,1758,80,1762,5
1984,16,Spirit,1591,80,1545,10
1984,16,Team Lotus,1789,80,1857,3
1984,16,Toleman,1666,80,1983,1
1984,16,Williams,1586,80,1587,9
1985,1,Alfa Romeo,1684,80,1579,9
1985,1,Arrows,1633,80,1658,7
1985,1,Brabham,1765,80,1438,12
1985,1,Ferrari,1936,80,2015,1
1985,1,Ligier,1708,80,1796,4
1985,1,McLaren,2114,80,2175,0
1985,1,Minardi,1520,171,1524,10
1985,1,Osella,1586,80,1612,8
1985,1,RAM,1584,80,1695,6
1985,1,Renault,1779,80,1855,3
1985,1,Spirit,1543,80,1322,13
1985,1,Team Lotus,1820,80,1919,2
1985,1,Tyrrell,1609,80,1741,5
1985,1,Williams,1565,80,1491,11
1985,2,Alfa Romeo,1673,80,1633,8
1985,2,Arrows,1604,80,1495,11
1985,2,Brabham,1717,80,1553,10
1985,2,Ferrari,1955,80,2027,1
1985,2,Ligier,1683,80,1594,9
1985,2,McLaren,2059,80,1693,7
1985,2,Minardi,1434,130,1336,13
1985,2,Osella,1619,80,1750,5
1985,2,RAM,1611,80,1706,6
1985,2,Renault,1809,80,1925,2
1985,2,Spirit,1516,80,1426,12
1985,2,Team Lotus,1875,80,2132,0
1985,2,Tyrrell,1648,80,1798,4
1985,2,Williams,1615,80,1848,3
1985,2,Zakspeed,1237,171,1186,14
1985,3,Alfa Romeo,1663,80,1629,8
1985,3,Arrows,1662,80,1992,1
1985,3,Brabham,1717,80,1715,6
1985,3,Ferrari,1920,80,1778,5
1985,3,Ligier,1644,80,1491,11
1985,3,McLaren,2020,80,1894,3
1985,3,Minardi,1423,111,1405,12
1985,3,Osella,1611,80,1582,9
1985,3,RAM,1594,80,1536,10
1985,3,Renault,1834,80,1928,2
1985,3,Spirit,1479,80,1339,13
1985,3,Team Lotus,1926,80,2124,0
1985,3,Tyrrell,1653,80,1668,7
1985,3,Williams,1656,80,1797,4
1985,3,Zakspeed,1193,130,1143,14
1985,4,Alfa Romeo,1637,80,1535,9
1985,4,Arrows,1670,80,1694,6
1985,4,Brabham,1666,80,1455,10
1985,4,Ferrari,1941,80,2014,1
1985,4,Ligier,1686,80,1848,3
1985,4,McLaren,2049,80,2141,0
1985,4,Renault,1829,80,1811,4
1985,4,Team Lotus,1929,80,1939,2
1985,4,Toleman,1591,80,1300,11
1985,4,Tyrrell,1651,80,1643,7
1985,4,Williams,1677,80,1742,5
1985,4,Zakspeed,1300,111,1557,8
1985,5,Alfa Romeo,1645,80,1674,7
1985,5,Arrows,1682,80,1718,6
1985,5,Brabham,1649,80,1593,9
1985,5,Ferrari,1979,80,2137,0
1985,5,Ligier,1704,80,1763,5
1985,5,McLaren,2049,80,2048,1
1985,5,Minardi,1454,100,1527,10
1985,5,Osella,1586,80,1493,11
1985,5,RAM,1560,80,1425,12
1985,5,Renault,1828,80,1824,4
1985,5,Team Lotus,1920,80,1889,3
1985,5,Toleman,1527,80,1323,13
1985,5,Tyrrell,1647,80,1634,8
1985,5,Williams,1724,80,1925,2
1985,6,Alfa Romeo,1660,80,1716,6
1985,6,Arrows,1700,80,1764,5
1985,6,Brabham,1684,80,1810,4
1985,6,Ferrari,1993,80,2040,1
1985,6,Ligier,1698,80,1678,7
1985,6,McLaren,1988,80,1605,9
1985,6,Minardi,1457,94,1467,11
1985,6,Osella,1539,80,1318,13
1985,6,RAM,1574,80,1623,8
1985,6,Renault,1782,80,1551,10
1985,6,Team Lotus,1913,80,1892,3
1985,6,Toleman,1496,80,1411,12
1985,6,Tyrrell,1694,80,1928,2
1985,6,Williams,1785,80,2124,0
1985,7,Alfa Romeo,1665,80,1683,7
1985,7,Arrows,1706,80,1728,6
1985,7,Brabham,1746,80,2111,0
1985,7,Ferrari,1973,80,1900,3
1985,7,Ligier,1639,80,1257,14
1985,7,McLaren,1981,80,1961,2
1985,7,Minardi,1448,89,1419,12
1985,7,Osella,1528,80,1489,11
1985,7,RAM,1587,80,1633,8
1985,7,Renault,1781,80,1779,5
1985,7,Team Lotus,1898,80,1839,4
1985,7,Toleman,1506,80,1535,10
1985,7,Tyrrell,1673,80,1600,9
1985,7,Williams,1834,80,2009,1
1985,7,Zakspeed,1307,100,1319,13
1985,8,Alfa Romeo,1669,80,1685,7
1985,8,Arrows,1711,80,1731,6
1985,8,Brabham,1779,80,1875,3
1985,8,Ferrari,1985,80,2030,1
1985,8,Ligier,1697,80,1927,2
1985,8,McLaren,2015,80,2136,0
1985,8,Minardi,1476,86,1580,9
1985,8,Osella,1478,80,1247,14
1985,8,RAM,1578,80,1546,10
1985,8,Renault,1792,80,1828,4
1985,8,Team Lotus,1855,80,1658,8
1985,8,Toleman,1473,80,1355,13
1985,8,Tyrrell,1695,80,1772,5
1985,8,Williams,1771,80,1510,11
1985,8,Zakspeed,1336,94,1402,12
1985,9,Alfa Romeo,1673,80,1688,7
1985,9,Arrows,1743,80,1873,3
1985,9,Brabham,1717,80,1447,12
1985,9,Ferrari,2016,80,2142,0
1985,9,Ligier,1748,80,1931,2
1985,9,McLaren,2021,80,2041,1
1985,9,Minardi,1522,84,1719,6
1985,9,Osella,1503,80,1583,9
1985,9,RAM,1538,80,1361,13
1985,9,Renault,1743,80,1508,11
1985,9,Team Lotus,1815,80,1659,8
1985,9,Toleman,1487,80,1534,10
1985,9,Tyrrell,1712,80,1776,5
1985,9,Williams,1786,80,1828,4
1985,9,Zakspeed,1304,89,1216,14
1985,10,Alfa Romeo,1626,80,1370,13
1985,10,Arrows,1750,80,1779,5
1985,10,Brabham,1756,80,1872,3
1985,10,Ferrari,2005,80,1966,2
1985,10,Ligier,1724,80,1653,8
1985,10,McLaren,2050,80,2154,0
1985,10,Minardi,1538,83,1590,9
1985,10,Osella,1546,80,1719,6
1985,10,RAM,1528,80,1493,11
1985,10,Renault,1732,80,1695,7
1985,10,Team Lotus,1857,80,2014,1
1985,10,Toleman,1499,80,1539,10
1985,10,Tyrrell,1735,80,1821,4
1985,10,Williams,1724,80,1451,12
1985,10,Zakspeed,1280,86,1207,14
1985,11,Alfa Romeo,1567,80,1255,14
1985,11,Arrows,1748,80,1737,6
1985,11,Brabham,1762,80,1780,5
1985,11,Ferrari,1997,80,1968,2
1985,11,Ligier,1687,80,1562,10
1985,11,McLaren,2074,80,2166,0
1985,11,Minardi,1501,82,1362,13
1985,11,Osella,1576,80,1678,7
1985,11,RAM,1551,80,1634,8
1985,11,Renault,1705,80,1608,9
1985,11,Team Lotus,1894,80,2023,1
1985,11,Toleman,1497,80,1490,11
1985,11,Tyrrell,1754,80,1824,4
1985,11,Williams,1762,80,1875,3
1985,11,Zakspeed,1308,84,1402,12
1985,12,Alfa Romeo,1565,80,1560,10
1985,12,Arrows,1746,80,1741,6
1985,12,Brabham,1812,80,2023,1
1985,12,Ferrari,1979,80,1911,3
1985,12,Ligier,1689,80,1694,7
1985,12,Lola,1494,80,1392,13
1985,12,McLaren,2097,80,2181,0
1985,12,Minardi,1459,81,1292,14
1985,12,Osella,1562,80,1515,11
1985,12,RAM,1531,80,1460,12
1985,12,Renault,1731,80,1827,4
1985,12,Team Lotus,1909,80,1960,2
1985,12,Toleman,1518,80,1597,9
1985,12,Tyrrell,1761,80,1785,5
1985,12,Williams,1737,80,1660,8
1985,13,Alfa Romeo,1559,80,1542,10
1985,13,Arrows,1754,80,1785,5
1985,13,Brabham,1831,80,1893,3
1985,13,Ferrari,1921,80,1260,14
1985,13,Ligier,1699,80,1734,6
1985,13,McLaren,2075,80,1993,2
1985,13,Minardi,1504,81,1673,7
1985,13,Osella,1568,80,1589,9
1985,13,RAM,1497,80,1356,13
1985,13,Renault,1753,80,1832,4
1985,13,Team Lotus,1955,80,2156,0
1985,13,Toleman,1511,80,1486,11
1985,13,Tyrrell,1739,80,1652,8
1985,13,Williams,1792,80,2027,1
1985,13,Zakspeed,1329,83,1400,12
1985,14,Alfa Romeo,1602,80,1776,5
1985,14,Arrows,1781,80,1891,3
1985,14,Brabham,1803,80,1705,7
1985,14,Ferrari,1867,80,1663,8
1985,14,Ligier,1727,80,1834,4
1985,14,Lola,1466,80,1351,13
1985,14,McLaren,2057,80,1991,2
1985,14,Minardi,1451,81,1246,14
1985,14,RAM,1480,80,1423,12
1985,14,Renault,1751,80,1744,6
1985,14,Team Lotus,1976,80,2049,1
1985,14,Toleman,1505,80,1483,11
1985,14,Tyrrell,1703,80,1556,10
1985,14,Williams,1856,80,2140,0
1985,14,Zakspeed,1375,82,1571,9
1985,15,Alfa Romeo,1563,80,1423,10
1985,15,Arrows,1799,80,1868,3
1985,15,Brabham,1768,80,1641,7
1985,15,Ferrari,1887,80,1944,2
1985,15,Lola,1433,80,1298,11
1985,15,McLaren,2056,80,2053,1
1985,15,Minardi,1499,80,1663,6
1985,15,Osella,1552,80,1493,9
1985,15,Team Lotus,1935,80,1771,5
1985,15,Toleman,1514,80,1548,8
1985,15,Tyrrell,1724,80,1801,4
1985,15,Williams,1915,80,2131,0
1985,16,Alfa Romeo,1543,80,1477,11
1985,16,Arrows,1809,80,1848,4
1985,16,Brabham,1725,80,1554,10
1985,16,Ferrari,1892,80,1909,3
1985,16,Ligier,1778,80,2026,1
1985,16,Lola,1403,80,1284,13
1985,16,McLaren,2002,80,1670,8
1985,16,Minardi,1549,80,1730,6
1985,16,Osella,1594,80,1781,5
1985,16,Renault,1722,80,1606,9
1985,16,Team Lotus,1889,80,1717,7
1985,16,Toleman,1491,80,1401,12
1985,16,Tyrrell,1767,80,1953,2
1985,16,Williams,1966,80,2148,0
1986,1,Arrows,1798,80,1757,6
1986,1,Benetton,1789,171,1845,4
1986,1,Brabham,1743,80,1800,5
1986,1,Ferrari,1854,80,1710,7
1986,1,Ligier,1815,80,1948,2
1986,1,Lola,1414,80,1454,10
1986,1,McLaren,1941,80,1654,8
1986,1,Minardi,1491,80,1272,12
1986,1,Osella,1585,80,1556,9
1986,1,Team Lotus,1923,80,2032,1
1986,1,Tyrrell,1794,80,1887,3
1986,1,Williams,2007,80,2147,0
1986,1,Zakspeed,1372,81,1362,11
1986,2,Arrows,1811,80,1860,4
1986,2,Benetton,1846,130,1911,3
1986,2,Brabham,1721,80,1645,8
1986,2,Ferrari,1804,80,1588,9
1986,2,Ligier,1791,80,1709,7
1986,2,Lola,1469,80,1786,5
1986,2,McLaren,1951,80,1976,2
1986,2,Minardi,1465,80,1392,11
1986,2,Osella,1565,80,1490,10
1986,2,Team Lotus,1969,80,2146,0
1986,2,Tyrrell,1786,80,1760,6
1986,2,Williams,2019,80,2056,1
1986,2,Zakspeed,1346,81,1254,12
1986,3,Arrows,1811,80,1809,5
1986,3,Benetton,1890,111,1976,2
1986,3,Brabham,1749,80,1851,4
1986,3,Ferrari,1830,80,1913,3
1986,3,Ligier,1759,80,1646,8
1986,3,Lola,1469,80,1470,10
1986,3,McLaren,1995,80,2157,0
1986,3,Minardi,1446,80,1387,11
1986,3,Osella,1589,80,1678,7
1986,3,Team Lotus,1897,80,1299,12
1986,3,Tyrrell,1779,80,1756,6
1986,3,Williams,2029,80,2064,1
1986,3,Zakspeed,1383,81,1528,9
1986,4,Arrows,1819,80,1853,4
1986,4,Benetton,1806,100,1511,9
1986,4,Brabham,1691,80,1371,10
1986,4,Ferrari,1823,80,1802,5
1986,4,Ligier,1790,80,1903,3
1986,4,Lola,1489,80,1554,8
1986,4,McLaren,2033,80,2167,0
1986,4,Team Lotus,1937,80,2049,1
1986,4,Tyrrell,1771,80,1741,6
1986,4,Williams,2021,80,1994,2
1986,4,Zakspeed,1431,80,1631,7
1986,5,Arrows,1797,80,1706,7
1986,5,Benetton,1806,94,1806,5
1986,5,Brabham,1705,80,1745,6
1986,5,Ferrari,1855,80,1972,2
1986,5,Ligier,1817,80,1909,3
1986,5,Lola,1516,80,1615,8
1986,5,McLaren,1998,80,1879,4
1986,5,Minardi,1435,80,1400,11
1986,5,Osella,1540,80,1312,12
1986,5,Team Lotus,1967,80,2058,1
1986,5,Tyrrell,1736,80,1586,9
1986,5,Williams,2052,80,2178,0
1986,5,Zakspeed,1442,80,1477,10
1986,6,Arrows,1745,80,1433,11
1986,6,Benetton,1722,89,1318,12
1986,6,Brabham,1689,80,1636,8
1986,6,Ferrari,1857,80,1865,4
1986,6,Ligier,1838,80,1915,3
1986,6,Lola,1557,80,1729,6
1986,6,McLaren,2016,80,2072,1
1986,6,Minardi,1444,80,1474,10
1986,6,Osella,1544,80,1556,9
1986,6,Team Lotus,1973,80,1994,2
1986,6,Tyrrell,1750,80,1800,5
1986,6,Williams,2080,80,2189,0
1986,6,Zakspeed,1485,80,1668,7
1986,7,Arrows,1720,80,1639,8
1986,7,Benetton,1660,86,1517,10
1986,7,Brabham,1711,80,1789,5
1986,7,Ferrari,1870,80,1917,3
1986,7,Ligier,1879,80,2057,1
1986,7,Lola,1528,80,1428,11
1986,7,McLaren,2013,80,2003,2
1986,7,Minardi,1466,80,1549,9
1986,7,Osella,1500,80,1320,12
1986,7,Team Lotus,2014,80,2182,0
1986,7,Tyrrell,1738,80,1693,7
1986,7,Williams,2041,80,1882,4
1986,7,Zakspeed,1531,80,1721,6
1986,8,Arrows,1724,80,1737,6
1986,8,Benetton,1601,84,1435,11
1986,8,Brabham,1749,80,1905,3
1986,8,Ferrari,1869,80,1863,4
1986,8,Ligier,1903,80,1986,2
1986,8,Lola,1558,80,1665,7
1986,8,McLaren,2027,80,2081,1
1986,8,Minardi,1434,80,1307,12
1986,8,Osella,1498,80,1489,10
1986,8,Team Lotus,1954,80,1648,8
1986,8,Tyrrell,1749,80,1792,5
1986,8,Williams,2074,80,2193,0
1986,8,Zakspeed,1537,80,1554,9
1986,9,Arrows,1716,80,1686,7
1986,9,Benetton,1557,83,1426,11
1986,9,Brabham,1760,80,1796,5
1986,9,Ferrari,1821,80,1583,9
1986,9,Ligier,1922,80,1991,2
1986,9,Lola,1571,80,1613,8
1986,9,McLaren,2040,80,2086,1
1986,9,Minardi,1444,80,1477,10
1986,9,Osella,1460,80,1308,12
1986,9,Team Lotus,1934,80,1875,4
1986,9,Tyrrell,1781,80,1911,3
1986,9,Williams,2102,80,2204,0
1986,9,Zakspeed,1574,80,1722,6
1986,10,Arrows,1687,80,1572,9
1986,10,Benetton,1597,82,1723,6
1986,10,Brabham,1780,80,1852,4
1986,10,Ferrari,1793,80,1695,7
1986,10,Ligier,1938,80,1996,2
1986,10,Lola,1611,80,1780,5
1986,10,McLaren,2020,80,1945,3
1986,10,Minardi,1413,80,1294,12
1986,10,Osella,1491,80,1602,8
1986,10,Team Lotus,1967,80,2076,1
1986,10,Tyrrell,1727,80,1435,11
1986,10,Williams,2127,80,2217,0
1986,10,Zakspeed,1556,80,1494,10
1986,11,Arrows,1674,80,1627,8
1986,11,Benetton,1616,81,1670,7
1986,11,Brabham,1726,80,1439,11
1986,11,Ferrari,1833,80,1984,2
1986,11,Ligier,1912,80,1814,5
1986,11,Lola,1654,80,1838,4
1986,11,McLaren,1964,80,1587,9
1986,11,Minardi,1427,80,1475,10
1986,11,Osella,1452,80,1305,12
1986,11,Team Lotus,1994,80,2085,1
1986,11,Tyrrell,1767,80,1909,3
1986,11,Williams,2149,80,2230,0
1986,11,Zakspeed,1590,80,1720,6
1986,12,Arrows,1716,80,1906,3
1986,12,Benetton,1662,81,1841,4
1986,12,Brabham,1660,80,1332,12
1986,12,Ferrari,1880,80,2068,1
1986,12,Ligier,1881,80,1761,6
1986,12,Lola,1709,80,1974,2
1986,12,McLaren,2013,80,2198,0
1986,12,Minardi,1452,80,1549,9
1986,12,Osella,1496,80,1666,7
1986,12,Team Lotus,1929,80,1529,10
1986,12,Tyrrell,1707,80,1445,11
1986,12,Williams,2088,80,1657,8
1986,12,Zakspeed,1628,80,1783,5
1986,13,AGS,1588,171,1605,9
1986,13,Arrows,1736,80,1802,5
1986,13,Benetton,1712,81,1907,3
1986,13,Brabham,1591,80,1327,13
1986,13,Ferrari,1920,80,2064,1
1986,13,Ligier,1831,80,1589,10
1986,13,Lola,1742,80,1853,4
1986,13,McLaren,2011,80,2006,2
1986,13,Minardi,1488,80,1634,8
1986,13,Osella,1538,80,1687,7
1986,13,Team Lotus,1851,80,1450,12
1986,13,Tyrrell,1719,80,1752,6
1986,13,Williams,2118,80,2207,0
1986,13,Zakspeed,1602,80,1510,11
1986,14,AGS,1457,130,1308,13
1986,14,Arrows,1741,80,1758,6
1986,14,Benetton,1734,80,1802,5
1986,14,Brabham,1595,80,1607,9
1986,14,Ferrari,1922,80,1927,3
1986,14,Ligier,1839,80,1863,4
1986,14,Lola,1704,80,1571,10
1986,14,McLaren,2027,80,2081,1
1986,14,Minardi,1487,80,1486,11
1986,14,Osella,1564,80,1650,8
1986,14,Team Lotus,1888,80,1981,2
1986,14,Tyrrell,1664,80,1437,12
1986,14,Williams,2141,80,2217,0
1986,14,Zakspeed,1624,80,1701,7
1986,15,Arrows,1754,80,1800,5
1986,15,Benetton,1795,80,2178,0
1986,15,Brabham,1580,80,1533,10
1986,15,Ferrari,1868,80,1614,9
1986,15,Ligier,1844,80,1862,4
1986,15,Lola,1645,80,1372,12
1986,15,McLaren,2041,80,2091,1
1986,15,Minardi,1531,80,1732,6
1986,15,Osella,1540,80,1459,11
1986,15,Team Lotus,1914,80,1990,2
1986,15,Tyrrell,1660,80,1648,8
1986,15,Williams,2101,80,1954,3
1986,15,Zakspeed,1639,80,1692,7
1986,16,Arrows,1707,80,1478,11
1986,16,Benetton,1773,80,1709,7
1986,16,Brabham,1582,80,1587,9
1986,16,Ferrari,1896,80,1985,2
1986,16,Ligier,1837,80,1812,5
1986,16,Lola,1645,80,1645,8
1986,16,McLaren,2073,80,2200,0
1986,16,Minardi,1494,80,1354,12
1986,16,Osella,1537,80,1526,10
1986,16,Team Lotus,1904,80,1871,4
1986,16,Tyrrell,1709,80,1904,3
1986,16,Williams,2101,80,2100,1
1986,16,Zakspeed,1661,80,1742,6
1987,1,AGS,1532,111,1640,7
1987,1,Arrows,1685,80,1612,8
1987,1,Benetton,1800,80,1889,3
1987,1,Brabham,1574,80,1546,9
1987,1,Ferrari,1915,80,1975,2
1987,1,March,1499,80,1309,12
1987,1,McLaren,2100,80,2207,0
1987,1,Minardi,1474,80,1406,11
1987,1,Osella,1525,80,1482,10
1987,1,Team Lotus,1890,80,1842,4
1987,1,Tyrrell,1709,80,1710,6
1987,1,Williams,2100,80,2096,1
1987,1,Zakspeed,1681,80,1758,5
1987,2,AGS,1545,100,1569,10
1987,2,Arrows,1683,80,1678,8
1987,2,Benetton,1750,80,1540,11
1987,2,Brabham,1607,80,1742,6
1987,2,Ferrari,1934,80,2003,2
1987,2,Larrousse,1678,171,1712,7
1987,2,Ligier,1778,80,1300,14
1987,2,March,1473,80,1386,13
1987,2,McLaren,2071,80,1960,3
1987,2,Minardi,1469,80,1453,12
1987,2,Osella,1544,80,1615,9
1987,2,Team Lotus,1928,80,2081,1
1987,2,Tyrrell,1730,80,1804,5
1987,2,Williams,2127,80,2229,0
1987,2,Zakspeed,1714,80,1855,4
1987,3,AGS,1589,94,1714,7
1987,3,Arrows,1734,80,1987,2
1987,3,Benetton,1734,80,1687,8
1987,3,Brabham,1668,80,2070,1
1987,3,Ferrari,1872,80,1421,13
1987,3,Larrousse,1742,130,1816,5
1987,3,Ligier,1800,80,1868,4
1987,3,March,1484,80,1519,11
1987,3,McLaren,2103,80,2225,0
1987,3,Minardi,1434,80,1290,14
1987,3,Osella,1528,80,1471,12
1987,3,Team Lotus,1931,80,1943,3
1987,3,Tyrrell,1740,80,1773,6
1987,3,Williams,2066,80,1605,10
1987,3,Zakspeed,1698,80,1639,9
1987,4,AGS,1601,89,1634,9
1987,4,Arrows,1704,80,1601,10
1987,4,Benetton,1744,80,1776,6
1987,4,Brabham,1627,80,1493,12
1987,4,Ferrari,1903,80,1998,2
1987,4,Larrousse,1677,111,1550,11
1987,4,Ligier,1776,80,1695,8
1987,4,March,1541,80,1858,4
1987,4,McLaren,2046,80,1754,7
1987,4,Minardi,1404,80,1289,14
1987,4,Osella,1504,80,1408,13
1987,4,Team Lotus,1978,80,2193,0
1987,4,Tyrrell,1776,80,1923,3
1987,4,Williams,2075,80,2103,1
1987,4,Zakspeed,1723,80,1817,5
1987,5,AGS,1608,86,1632,9
1987,5,Arrows,1740,80,1867,4
1987,5,Benetton,1714,80,1599,10
1987,5,Brabham,1660,80,1766,6
1987,5,Ferrari,1912,80,1940,3
1987,5,Larrousse,1635,100,1544,11
1987,5,Ligier,1767,80,1735,7
1987,5,March,1509,80,1406,13
1987,5,McLaren,2040,80,2021,2
1987,5,Minardi,1416,80,1459,12
1987,5,Osella,1465,80,1297,14
1987,5,Team Lotus,2022,80,2194,0
1987,5,Tyrrell,1757,80,1691,8
1987,5,Williams,2082,80,2103,1
1987,5,Zakspeed,1743,80,1819,5
1987,6,AGS,1648,84,1813,5
1987,6,Arrows,1738,80,1731,7
1987,6,Benetton,1756,80,1927,3
1987,6,Brabham,1609,80,1410,13
1987,6,Ferrari,1886,80,1791,6
1987,6,Larrousse,1648,94,1679,8
1987,6,Ligier,1725,80,1548,11
1987,6,March,1536,80,1624,9
1987,6,McLaren,2055,80,2103,1
1987,6,Minardi,1447,80,1568,10
1987,6,Osella,1429,80,1284,14
1987,6,Team Lotus,2023,80,2024,2
1987,6,Tyrrell,1782,80,1874,4
1987,6,Williams,2111,80,2220,0
1987,6,Zakspeed,1697,80,1488,12
1987,7,AGS,1683,83,1813,5
1987,7,Arrows,1785,80,1995,2
1987,7,Benetton,1793,80,1929,3
1987,7,Brabham,1591,80,1534,11
1987,7,Ferrari,1846,80,1696,8
1987,7,Larrousse,1608,89,1481,12
1987,7,Ligier,1670,80,1416,13
1987,7,March,1488,80,1297,14
1987,7,McLaren,2002,80,1749,7
1987,7,Minardi,1482,80,1617,9
1987,7,Osella,1459,80,1567,10
1987,7,Team Lotus,2041,80,2105,1
1987,7,Tyrrell,1802,80,1874,4
1987,7,Williams,2137,80,2234,0
1987,7,Zakspeed,1714,80,1770,6
1987,8,AGS,1632,82,1415,13
1987,8,Arrows,1754,80,1646,9
1987,8,Benetton,1770,80,1692,8
1987,8,Brabham,1565,80,1477,12
1987,8,Ferrari,1798,80,1602,10
1987,8,Larrousse,1662,86,1864,4
1987,8,Ligier,1694,80,1769,6
1987,8,March,1446,80,1294,14
1987,8,McLaren,2026,80,2101,1
1987,8,Minardi,1526,80,1712,7
1987,8,Osella,1472,80,1519,11
1987,8,Team Lotus,2038,80,2028,2
1987,8,Tyrrell,1829,80,1933,3
1987,8,Williams,2159,80,2242,0
1987,8,Zakspeed,1737,80,1820,5
1987,9,AGS,1621,81,1586,10
1987,9,Arrows,1769,80,1820,5
1987,9,Benetton,1804,80,1929,3
1987,9,Brabham,1618,80,1859,4
1987,9,Ferrari,1733,80,1317,14
1987,9,Larrousse,1619,84,1483,12
1987,9,Ligier,1681,80,1637,9
1987,9,March,1499,80,1708,7
1987,9,McLaren,2026,80,2028,2
1987,9,Minardi,1557,80,1667,8
1987,9,Osella,1483,80,1520,11
1987,9,Team Lotus,2054,80,2112,1
1987,9,Tyrrell,1818,80,1780,6
1987,9,Williams,2179,80,2255,0
1987,9,Zakspeed,1684,80,1418,13
1987,10,AGS,1623,81,1630,9
1987,10,Arrows,1719,80,1497,12
1987,10,Benetton,1855,80,2088,1
1987,10,Brabham,1610,80,1587,10
1987,10,Ferrari,1689,80,1549,11
1987,10,Larrousse,1643,83,1713,7
1987,10,Ligier,1718,80,1860,4
1987,10,March,1554,80,1750,6
1987,10,McLaren,2011,80,1958,3
1987,10,Minardi,1526,80,1416,13
1987,10,Osella,1448,80,1307,14
1987,10,Team Lotus,2049,80,2034,2
1987,10,Tyrrell,1792,80,1688,8
1987,10,Williams,2198,80,2267,0
1987,10,Zakspeed,1713,80,1808,5
1987,11,Arrows,1675,80,1511,11
1987,11,Benetton,1873,80,1931,3
1987,11,Brabham,1558,80,1331,13
1987,11,Ferrari,1750,80,1988,2
1987,11,Larrousse,1623,82,1560,10
1987,11,Ligier,1737,80,1802,5
1987,11,March,1577,80,1648,8
1987,11,McLaren,1985,80,1888,4
1987,11,Minardi,1542,80,1598,9
1987,11,Osella,1440,80,1411,12
1987,11,Team Lotus,2064,80,2118,1
1987,11,Tyrrell,1775,80,1715,7
1987,11,Williams,2214,80,2275,0
1987,11,Zakspeed,1723,80,1753,6
1987,12,Arrows,1715,80,1854,4
1987,12,Benetton,1887,80,1935,3
1987,12,Brabham,1569,80,1600,9
1987,12,Ferrari,1818,80,2086,1
1987,12,Larrousse,1584,81,1432,12
1987,12,Ligier,1678,80,1336,13
1987,12,March,1614,80,1743,6
1987,12,McLaren,2031,80,2234,0
1987,12,Minardi,1565,80,1646,8
1987,12,Osella,1448,80,1479,11
1987,12,Team Lotus,2023,80,1835,5
1987,12,Tyrrell,1762,80,1714,7
1987,12,Williams,2183,80,2058,2
1987,12,Zakspeed,1690,80,1566,10
1987,13,AGS,1580,81,1402,13
1987,13,Arrows,1740,80,1819,5
1987,13,Benetton,1833,80,1555,11
1987,13,Brabham,1592,80,1672,8
1987,13,Coloni,1267,171,1223,14
1987,13,Ferrari,1764,80,1603,10
1987,13,Larrousse,1642,81,1925,3
1987,13,Ligier,1633,80,1486,12
1987,13,March,1637,80,1719,7
1987,13,McLaren,2051,80,2119,1
1987,13,Minardi,1579,80,1628,9
1987,13,Team Lotus,2026,80,2034,2
1987,13,Tyrrell,1785,80,1875,4
1987,13,Williams,2202,80,2271,0
1987,13,Zakspeed,1708,80,1769,6
1987,14,Arrows,1789,80,1995,2
1987,14,Benetton,1857,80,1932,3
1987,14,Brabham,1653,80,2083,1
1987,14,Ferrari,1709,80,1525,11
1987,14,Larrousse,1691,81,1855,4
1987,14,Ligier,1629,80,1618,9
1987,14,March,1653,80,1708,7
1987,14,McLaren,1986,80,1357,13
1987,14,Minardi,1576,80,1564,10
1987,14,Osella,1486,80,1649,8
1987,14,Team Lotus,1981,80,1784,6
1987,14,Tyrrell,1791,80,1814,5
1987,14,Williams,2219,80,2280,0
1987,14,Zakspeed,1660,80,1453,12
1987,15,AGS,1574,80,1552,11
1987,15,Arrows,1797,80,1822,5
1987,15,Benetton,1874,80,1932,3
1987,15,Brabham,1681,80,1766,6
1987,15,Ferrari,1787,80,2204,0
1987,15,Larrousse,1691,80,1688,8
1987,15,Ligier,1651,80,1723,7
1987,15,March,1601,80,1345,14
1987,15,McLaren,1994,80,2014,2
1987,15,Minardi,1560,80,1500,12
1987,15,Osella,1508,80,1589,10
1987,15,Team Lotus,2008,80,2098,1
1987,15,Tyrrell,1808,80,1870,4
1987,15,Williams,2159,80,1666,9
1987,15,Zakspeed,1615,80,1444,13
1987,16,AGS,1625,80,1864,4
1987,16,Arrows,1749,80,1549,11
1987,16,Benetton,1915,80,2084,1
1987,16,Brabham,1703,80,1772,6
1987,16,Ferrari,1872,80,2196,0
1987,16,Larrousse,1738,80,1926,3
1987,16,Ligier,1600,80,1375,13
1987,16,March,1609,80,1633,9
1987,16,McLaren,1929,80,1609,10
1987,16,Minardi,1540,80,1463,12
1987,16,Team Lotus,1954,80,1706,8
1987,16,Tyrrell,1843,80,1998,2
1987,16,Williams,2089,80,1755,7
1987,16,Zakspeed,1659,80,1814,5
1988,1,AGS,1601,80,1527,11
1988,1,Arrows,1788,80,1925,3
1988,1,Benetton,1909,80,1888,4
1988,1,Coloni,1410,130,1556,10
1988,1,Euro Brun,1457,171,1448,12
1988,1,Ferrari,1927,80,2068,1
1988,1,Larrousse,1715,80,1645,9
1988,1,Ligier,1646,80,1809,5
1988,1,March,1550,80,1258,14
1988,1,McLaren,1986,80,2181,0
1988,1,Minardi,1567,80,1676,8
1988,1,Rial,1734,171,1779,6
1988,1,Team Lotus,1967,80,2005,2
1988,1,Tyrrell,1824,80,1755,7
1988,1,Williams,2000,80,1417,13
1988,2,AGS,1648,80,1832,5
1988,2,Arrows,1812,80,1892,4
1988,2,Benetton,1930,80,2008,2
1988,2,Coloni,1451,111,1503,12
1988,2,Dallara,1473,171,1468,13
1988,2,Euro Brun,1502,130,1553,11
1988,2,Ferrari,1935,80,1955,3
1988,2,Larrousse,1724,80,1750,7
1988,2,March,1564,80,1602,10
1988,2,McLaren,2033,80,2186,0
1988,2,Minardi,1608,80,1784,6
1988,2,Osella,1461,80,1251,16
1988,2,Rial,1552,130,1362,15
1988,2,Team Lotus,1993,80,2083,1
1988,2,Tyrrell,1793,80,1671,9
1988,2,Williams,1928,80,1725,8
1988,2,Zakspeed,1611,80,1439,14
1988,3,AGS,1584,80,1257,17
1988,3,Arrows,1851,80,1999,2
1988,3,Benetton,1906,80,1815,6
1988,3,Coloni,1451,100,1453,14
1988,3,Dallara,1407,130,1331,16
1988,3,Euro Brun,1502,111,1502,13
1988,3,Ferrari,1968,80,2079,1
1988,3,Larrousse,1749,80,1841,5
1988,3,Ligier,1624,80,1556,12
1988,3,March,1595,80,1704,8
1988,3,McLaren,2071,80,2195,0
1988,3,Minardi,1613,80,1629,10
1988,3,Osella,1515,80,1741,7
1988,3,Rial,1569,111,1587,11
1988,3,Team Lotus,1928,80,1424,15
1988,3,Tyrrell,1824,80,1942,3
1988,3,Williams,1921,80,1905,4
1988,3,Zakspeed,1625,80,1668,9
1988,4,AGS,1617,80,1713,7
1988,4,Arrows,1881,80,1992,2
1988,4,Benetton,1913,80,1939,3
1988,4,Coloni,1495,94,1619,9
1988,4,Dallara,1347,111,1232,15
1988,4,Euro Brun,1546,100,1665,8
1988,4,Ferrari,1993,80,2077,1
1988,4,Larrousse,1775,80,1870,4
1988,4,Ligier,1664,80,1811,5
1988,4,March,1582,80,1541,11
1988,4,McLaren,2100,80,2200,0
1988,4,Minardi,1643,80,1762,6
1988,4,Rial,1522,100,1432,13
1988,4,Team Lotus,1852,80,1507,12
1988,4,Williams,1850,80,1377,14
1988,4,Zakspeed,1617,80,1589,10
1988,5,AGS,1597,80,1539,12
1988,5,Arrows,1874,80,1853,5
1988,5,Benetton,1945,80,2078,1
1988,5,Coloni,1554,89,1785,6
1988,5,Euro Brun,1577,94,1664,9
1988,5,Ferrari,1927,80,1433,14
1988,5,Larrousse,1763,80,1721,8
1988,5,Ligier,1625,80,1490,13
1988,5,March,1637,80,1929,3
1988,5,McLaren,2125,80,2215,0
1988,5,Minardi,1640,80,1630,10
1988,5,Rial,1583,94,1745,7
1988,5,Team Lotus,1894,80,2001,2
1988,5,Tyrrell,1840,80,1893,4
1988,5,Williams,1772,80,1331,15
1988,5,Zakspeed,1610,80,1585,11
1988,6,AGS,1555,80,1396,14
1988,6,Arrows,1817,80,1481,13
1988,6,Benetton,1973,80,2079,1
1988,6,Dallara,1441,100,1776,6
1988,6,Euro Brun,1614,89,1740,7
1988,6,Ferrari,1876,80,1724,8
1988,6,Larrousse,1778,80,1836,5
1988,6,Ligier,1634,80,1660,9
1988,6,March,1633,80,1619,10
1988,6,McLaren,2146,80,2223,0
1988,6,Minardi,1682,80,1874,4
1988,6,Osella,1463,80,1278,15
1988,6,Rial,1664,89,1985,2
1988,6,Team Lotus,1823,80,1539,12
1988,6,Tyrrell,1861,80,1939,3
1988,6,Williams,1722,80,1585,11
1988,7,AGS,1504,80,1299,15
1988,7,Arrows,1810,80,1789,6
1988,7,Benetton,1966,80,1941,3
1988,7,Dallara,1529,94,1727,7
1988,7,Euro Brun,1624,86,1657,9
1988,7,Ferrari,1923,80,2064,1
1988,7,Larrousse,1764,80,1709,8
1988,7,March,1678,80,1862,4
1988,7,McLaren,2163,80,2228,0
1988,7,Minardi,1669,80,1622,10
1988,7,Osella,1488,80,1560,11
1988,7,Rial,1708,86,1819,5
1988,7,Team Lotus,1866,80,1983,2
1988,7,Tyrrell,1802,80,1417,14
1988,7,Williams,1667,80,1481,13
1988,7,Zakspeed,1592,80,1527,12
1988,8,AGS,1462,80,1308,15
1988,8,Arrows,1816,80,1833,5
1988,8,Benetton,1975,80,2005,2
1988,8,Dallara,1592,89,1734,7
1988,8,Euro Brun,1642,84,1701,8
1988,8,Ferrari,1892,80,1800,6
1988,8,Larrousse,1745,80,1673,9
1988,8,Ligier,1612,80,1538,12
1988,8,March,1727,80,1919,3
1988,8,McLaren,2179,80,2240,0
1988,8,Minardi,1660,80,1627,10
1988,8,Osella,1484,80,1471,13
1988,8,Rial,1643,84,1425,14
1988,8,Team Lotus,1871,80,1883,4
1988,8,Tyrrell,1755,80,1594,11
1988,8,Williams,1740,80,2058,1
1988,9,AGS,1462,80,1462,13
1988,9,Arrows,1828,80,1873,4
1988,9,Benetton,1967,80,1941,3
1988,9,Dallara,1611,86,1655,9
1988,9,Euro Brun,1637,83,1620,10
1988,9,Ferrari,1932,80,2070,1
1988,9,Larrousse,1707,80,1540,12
1988,9,Ligier,1604,80,1576,11
1988,9,March,1778,80,1978,2
1988,9,McLaren,2193,80,2248,0
1988,9,Osella,1445,80,1299,15
1988,9,Rial,1659,83,1696,8
1988,9,Team Lotus,1862,80,1834,5
1988,9,Tyrrell,1762,80,1782,6
1988,9,Williams,1668,80,1421,14
1988,9,Zakspeed,1620,80,1731,7
1988,10,AGS,1450,80,1409,14
1988,10,Arrows,1792,80,1641,10
1988,10,Benetton,1992,80,2088,1
1988,10,Coloni,1582,86,1660,9
1988,10,Dallara,1580,84,1491,13
1988,10,Euro Brun,1651,82,1703,8
1988,10,Ferrari,1950,80,2004,2
1988,10,Larrousse,1724,80,1785,6
1988,10,Ligier,1600,80,1585,11
1988,10,March,1812,80,1927,3
1988,10,McLaren,2207,80,2260,0
1988,10,Minardi,1677,80,1742,7
1988,10,Rial,1631,82,1546,12
1988,10,Team Lotus,1856,80,1839,5
1988,10,Tyrrell,1698,80,1337,15
1988,10,Williams,1721,80,1869,4
1988,11,AGS,1498,80,1718,7
1988,11,Arrows,1821,80,1926,3
1988,11,Benetton,1936,80,1581,11
1988,11,Coloni,1565,84,1515,12
1988,11,Dallara,1629,83,1811,5
1988,11,Ferrari,1885,80,1478,13
1988,11,Larrousse,1735,80,1776,6
1988,11,Ligier,1618,80,1685,8
1988,11,March,1861,80,2075,1
1988,11,McLaren,2220,80,2271,0
1988,11,Osella,1430,80,1379,14
1988,11,Rial,1571,81,1299,15
1988,11,Team Lotus,1885,80,1996,2
1988,11,Tyrrell,1686,80,1654,9
1988,11,Williams,1759,80,1866,4
1988,11,Zakspeed,1617,80,1607,10
1988,12,AGS,1533,80,1653,9
1988,12,Arrows,1867,80,2072,1
1988,12,Benetton,1938,80,1944,3
1988,12,Dallara,1606,82,1535,12
1988,12,Ferrari,1950,80,2205,0
1988,12,Larrousse,1730,80,1710,8
1988,12,Ligier,1643,80,1740,7
1988,12,March,1891,80,1996,2
1988,12,McLaren,2168,80,1861,5
1988,12,Minardi,1640,80,1485,13
1988,12,Osella,1400,80,1287,15
1988,12,Rial,1572,81,1575,11
1988,12,Team Lotus,1825,80,1424,14
1988,12,Tyrrell,1710,80,1785,6
1988,12,Williams,1788,80,1877,4
1988,12,Zakspeed,1618,80,1622,10
1988,13,AGS,1576,80,1739,7
1988,13,Arrows,1885,80,1944,3
1988,13,Benetton,1955,80,2012,2
1988,13,Coloni,1587,83,1658,9
1988,13,Dallara,1652,81,1829,5
1988,13,Ferrari,1937,80,1902,4
1988,13,Larrousse,1680,80,1415,14
1988,13,Ligier,1656,80,1705,8
1988,13,March,1929,80,2081,1
1988,13,McLaren,2187,80,2248,0
1988,13,Minardi,1671,80,1787,6
1988,13,Osella,1441,80,1605,10
1988,13,Rial,1520,81,1302,15
1988,13,Team Lotus,1759,80,1488,13
1988,13,Tyrrell,1673,80,1538,12
1988,13,Williams,1745,80,1591,11
1988,14,AGS,1554,80,1484,13
1988,14,Arrows,1834,80,1601,11
1988,14,Benetton,1968,80,2016,2
1988,14,Dallara,1683,81,1786,6
1988,14,Euro Brun,1654,81,1668,9
1988,14,Ferrari,1941,80,1953,3
1988,14,Larrousse,1696,80,1747,7
1988,14,Ligier,1650,80,1629,10
1988,14,March,1922,80,1899,4
1988,14,McLaren,2203,80,2260,0
1988,14,Minardi,1680,80,1708,8
1988,14,Osella,1431,80,1399,14
1988,14,Rial,1523,80,1530,12
1988,14,Team Lotus,1780,80,1837,5
1988,14,Tyrrell,1614,80,1326,15
1988,14,Williams,1805,80,2076,1
1988,15,AGS,1605,80,1826,5
1988,15,Arrows,1776,80,1548,12
1988,15,Benetton,1995,80,2099,1
1988,15,Dallara,1631,81,1420,14
1988,15,Ferrari,1958,80,2016,2
1988,15,Larrousse,1717,80,1790,6
1988,15,Ligier,1645,80,1626,10
1988,15,March,1890,80,1766,7
1988,15,McLaren,2218,80,2271,0
1988,15,Minardi,1677,80,1669,9
1988,15,Osella,1438,80,1461,13
1988,15,Rial,1534,80,1572,11
1988,15,Team Lotus,1806,80,1886,4
1988,15,Tyrrell,1637,80,1703,8
1988,15,Williams,1839,80,1940,3
1988,15,Zakspeed,1570,80,1315,15
1988,16,AGS,1622,80,1675,9
1988,16,Arrows,1728,80,1567,12
1988,16,Benetton,1989,80,1966,3
1988,16,Dallara,1601,80,1508,13
1988,16,Euro Brun,1643,81,1602,11
1988,16,Ferrari,1896,80,1458,14
1988,16,Larrousse,1718,80,1721,8
1988,16,Ligier,1667,80,1754,7
1988,16,March,1893,80,1902,4
1988,16,McLaren,2232,80,2283,0
1988,16,Minardi,1709,80,1838,5
1988,16,Rial,1581,80,1789,6
1988,16,Team Lotus,1859,80,2090,1
1988,16,Tyrrell,1582,80,1351,15
1988,16,Williams,1877,80,2011,2
1988,16,Zakspeed,1585,80,1634,10
1989,1,Arrows,1767,80,1888,4
1989,1,Benetton,1984,80,1965,3
1989,1,Brabham,1661,80,1500,13
1989,1,Dallara,1618,80,1671,9
1989,1,Ferrari,1959,80,2222,0
1989,1,Larrousse,1718,80,1719,8
1989,1,Ligier,1685,80,1754,7
1989,1,March,1918,80,2015,2
1989,1,McLaren,2216,80,2157,1
1989,1,Minardi,1653,80,1332,15
1989,1,Osella,1430,80,1403,14
1989,1,Rial,1593,80,1629,10
1989,1,Team Lotus,1847,80,1810,6
1989,1,Tyrrell,1636,80,1834,5
1989,1,Williams,1823,80,1607,11
1989,1,Zakspeed,1575,80,1542,12
1989,2,AGS,1657,80,1789,6
1989,2,Arrows,1808,80,1944,3
1989,2,Benetton,2009,80,2109,1
1989,2,Brabham,1672,80,1708,8
1989,2,Dallara,1662,80,1834,5
1989,2,Ferrari,1884,80,1537,12
1989,2,Larrousse,1665,80,1355,14
1989,2,Ligier,1644,80,1457,13
1989,2,March,1865,80,1592,11
1989,2,McLaren,2230,80,2283,0
1989,2,Minardi,1645,80,1623,10
1989,2,Osella,1480,80,1738,7
1989,2,Team Lotus,1811,80,1681,9
1989,2,Tyrrell,1690,80,1883,4
1989,2,Williams,1867,80,2011,2
1989,3,AGS,1653,80,1638,10
1989,3,Arrows,1828,80,1892,4
1989,3,Benetton,1980,80,1864,5
1989,3,Brabham,1732,80,2081,1
1989,3,Coloni,1587,82,1588,11
1989,3,Dallara,1719,80,1997,2
1989,3,Ferrari,1796,80,1400,14
1989,3,Larrousse,1638,80,1546,12
1989,3,Ligier,1660,80,1715,8
1989,3,March,1842,80,1771,7
1989,3,McLaren,2242,80,2289,0
1989,3,Minardi,1653,80,1677,9
1989,3,Team Lotus,1755,80,1493,13
1989,3,Tyrrell,1742,80,1935,3
1989,3,Williams,1853,80,1810,6
1989,4,AGS,1695,80,1878,4
1989,4,Arrows,1832,80,1847,5
1989,4,Benetton,1974,80,1955,3
1989,4,Brabham,1740,80,1764,7
1989,4,Dallara,1703,80,1655,10
1989,4,Ferrari,1734,80,1574,12
1989,4,Larrousse,1608,80,1507,13
1989,4,Ligier,1688,80,1796,6
1989,4,March,1779,80,1378,15
1989,4,McLaren,2253,80,2294,0
1989,4,Minardi,1643,80,1609,11
1989,4,Onyx,1434,171,1422,14
1989,4,Rial,1612,80,1683,9
1989,4,Team Lotus,1749,80,1731,8
1989,4,Tyrrell,1793,80,1992,2
1989,4,Williams,1899,80,2083,1
1989,5,AGS,1723,80,1826,5
1989,5,Arrows,1865,80,1993,2
1989,5,Benetton,1957,80,1895,4
1989,5,Brabham,1698,80,1542,12
1989,5,Dallara,1722,80,1786,6
1989,5,Ferrari,1728,80,1712,8
1989,5,Larrousse,1560,80,1356,14
1989,5,March,1717,80,1476,13
1989,5,McLaren,2262,80,2299,0
1989,5,Minardi,1631,80,1587,11
1989,5,Onyx,1519,130,1615,10
1989,5,Rial,1663,80,1917,3
1989,5,Team Lotus,1732,80,1674,9
1989,5,Tyrrell,1784,80,1754,7
1989,5,Williams,1939,80,2083,1
1989,6,AGS,1677,80,1479,15
1989,6,Arrows,1846,80,1780,7
1989,6,Benetton,1899,80,1322,17
1989,6,Brabham,1644,80,1415,16
1989,6,Coloni,1627,81,1798,6
1989,6,Dallara,1779,80,2079,1
1989,6,Ferrari,1684,80,1529,14
1989,6,Larrousse,1576,80,1628,11
1989,6,Ligier,1733,80,1932,3
1989,6,March,1705,80,1672,10
1989,6,McLaren,2212,80,1923,4
1989,6,Minardi,1617,80,1564,13
1989,6,Onyx,1547,111,1592,12
1989,6,Osella,1524,80,1691,9
1989,6,Rial,1701,80,1839,5
1989,6,Team Lotus,1781,80,1995,2
1989,6,Tyrrell,1774,80,1741,8
1989,6,Williams,1992,80,2230,0
1989,7,AGS,1632,80,1472,13
1989,7,Arrows,1835,80,1798,6
1989,7,Benetton,1859,80,1723,8
1989,7,Brabham,1629,80,1583,11
1989,7,Dallara,1712,80,1380,14
1989,7,Ferrari,1750,80,2065,1
1989,7,Larrousse,1596,80,1661,9
1989,7,Ligier,1754,80,1829,5
1989,7,March,1687,80,1631,10
1989,7,McLaren,2226,80,2272,0
1989,7,Minardi,1599,80,1530,12
1989,7,Onyx,1624,100,1866,4
1989,7,Team Lotus,1774,80,1754,7
1989,7,Tyrrell,1805,80,1925,3
1989,7,Williams,1997,80,2012,2
1989,8,Arrows,1827,80,1796,6
1989,8,Benetton,1891,80,1993,2
1989,8,Brabham,1631,80,1636,10
1989,8,Coloni,1576,81,1348,15
1989,8,Dallara,1652,80,1450,14
1989,8,Ferrari,1820,80,2067,1
1989,8,Larrousse,1595,80,1595,11
1989,8,Ligier,1771,80,1829,5
1989,8,March,1685,80,1677,9
1989,8,McLaren,2238,80,2280,0
1989,8,Minardi,1644,80,1864,4
1989,8,Onyx,1650,94,1708,8
1989,8,Osella,1517,80,1496,13
1989,8,Team Lotus,1806,80,1924,3
1989,8,Tyrrell,1759,80,1567,12
1989,8,Williams,1951,80,1767,7
1989,9,Arrows,1839,80,1884,4
1989,9,Benetton,1836,80,1609,11
1989,9,Brabham,1663,80,1787,6
1989,9,Dallara,1697,80,1828,5
1989,9,Ferrari,1881,80,2073,1
1989,9,Larrousse,1583,80,1540,12
1989,9,Ligier,1752,80,1685,9
1989,9,March,1675,80,1640,10
1989,9,McLaren,2249,80,2287,0
1989,9,Minardi,1668,80,1750,7
1989,9,Onyx,1607,89,1483,13
1989,9,Rial,1644,80,1395,14
1989,9,Team Lotus,1834,80,1931,3
1989,9,Tyrrell,1750,80,1722,8
1989,9,Williams,1964,80,2007,2
1989,10,Arrows,1857,80,1924,3
1989,10,Benetton,1822,80,1782,6
1989,10,Brabham,1668,80,1682,8
1989,10,Dallara,1726,80,1813,5
1989,10,Ferrari,1947,80,2212,0
1989,10,Larrousse,1559,80,1466,12
1989,10,March,1648,80,1541,11
1989,10,McLaren,2228,80,2148,1
1989,10,Minardi,1662,80,1639,9
1989,10,Onyx,1602,86,1587,10
1989,10,Osella,1483,80,1356,13
1989,10,Team Lotus,1842,80,1872,4
1989,10,Tyrrell,1746,80,1732,7
1989,10,Williams,1973,80,2003,2
1989,11,Arrows,1860,80,1871,4
1989,11,Benetton,1845,80,1922,3
1989,11,Brabham,1620,80,1402,12
1989,11,Dallara,1714,80,1674,8
1989,11,Ferrari,1981,80,2086,1
1989,11,Larrousse,1544,80,1487,11
1989,11,Ligier,1727,80,1628,9
1989,11,March,1679,80,1803,5
1989,11,McLaren,2239,80,2282,0
1989,11,Minardi,1673,80,1713,7
1989,11,Onyx,1636,84,1753,6
1989,11,Tyrrell,1712,80,1574,10
1989,11,Williams,1981,80,2006,2
1989,12,Arrows,1810,80,1534,12
1989,12,Benetton,1803,80,1635,10
1989,12,Brabham,1671,80,1879,4
1989,12,Dallara,1713,80,1710,8
1989,12,Ferrari,2011,80,2110,1
1989,12,Larrousse,1507,80,1344,14
1989,12,Ligier,1741,80,1793,6
1989,12,March,1657,80,1578,11
1989,12,McLaren,2252,80,2297,0
1989,12,Minardi,1705,80,1833,5
1989,12,Onyx,1642,83,1663,9
1989,12,Osella,1472,80,1435,13
1989,12,Team Lotus,1825,80,1761,7
1989,12,Tyrrell,1756,80,1937,3
1989,12,Williams,1991,80,2028,2
1989,13,Arrows,1759,80,1546,12
1989,13,Benetton,1835,80,1945,3
1989,13,Brabham,1691,80,1752,7
1989,13,Coloni,1530,81,1363,14
1989,13,Dallara,1668,80,1475,13
1989,13,Ferrari,2056,80,2247,0
1989,13,Larrousse,1546,80,1703,8
1989,13,Ligier,1720,80,1639,10
1989,13,March,1661,80,1673,9
1989,13,McLaren,2235,80,2170,1
1989,13,Minardi,1740,80,1884,4
1989,13,Onyx,1698,82,2002,2
1989,13,Team Lotus,1821,80,1805,6
1989,13,Tyrrell,1776,80,1841,5
1989,13,Williams,1936,80,1603,11
1989,14,Arrows,1759,80,1759,7
1989,14,Benetton,1810,80,1726,8
1989,14,Brabham,1687,80,1675,9
1989,14,Dallara,1704,80,1834,5
1989,14,Ferrari,2072,80,2127,1
1989,14,Larrousse,1602,80,1876,4
1989,14,Ligier,1684,80,1537,12
1989,14,March,1654,80,1630,10
1989,14,McLaren,2248,80,2298,0
1989,14,Minardi,1709,80,1591,11
1989,14,Onyx,1649,81,1468,13
1989,14,Osella,1443,80,1336,14
1989,14,Team Lotus,1817,80,1804,6
1989,14,Tyrrell,1820,80,2006,2
1989,14,Williams,1942,80,1958,3
1989,15,Arrows,1787,80,1883,4
1989,15,Benetton,1871,80,2234,0
1989,15,Brabham,1733,80,1934,3
1989,15,Dallara,1724,80,1788,6
1989,15,Ferrari,2016,80,1727,8
1989,15,Larrousse,1606,80,1616,10
1989,15,Ligier,1661,80,1577,11
1989,15,March,1688,80,1828,5
1989,15,McLaren,2192,80,1772,7
1989,15,Minardi,1652,80,1355,14
1989,15,Osella,1455,80,1496,12
1989,15,Team Lotus,1853,80,2010,2
1989,15,Tyrrell,1788,80,1676,9
1989,15,Williams,1977,80,2112,1
1989,15,Zakspeed,1548,80,1445,13
1989,16,Arrows,1791,80,1808,6
1989,16,Benetton,1923,80,2097,1
1989,16,Brabham,1758,80,1846,5
1989,16,Dallara,1686,80,1540,12
1989,16,Ferrari,1948,80,1653,10
1989,16,Larrousse,1574,80,1462,13
1989,16,Ligier,1673,80,1717,8
1989,16,March,1727,80,1890,4
1989,16,McLaren,2120,80,1606,11
1989,16,Minardi,1710,80,1942,3
1989,16,Onyx,1675,81,1756,7
1989,16,Osella,1495,80,1662,9
1989,16,Team Lotus,1886,80,2017,2
1989,16,Tyrrell,1726,80,1372,14
1989,16,Williams,2024,80,2226,0
1990,1,Arrows,1785,80,1761,7
1990,1,Benetton,1933,80,1961,3
1990,1,Brabham,1787,80,1893,4
1990,1,Dallara,1653,80,1536,12
1990,1,Euro Brun,1656,81,1705,8
1990,1,Ferrari,1882,80,1657,10
1990,1,Larrousse,1618,80,1788,6
1990,1,Leyton House,1643,171,1670,9
1990,1,Ligier,1623,80,1356,14
1990,1,McLaren,2151,80,2236,0
1990,1,Minardi,1742,80,1842,5
1990,1,Osella,1512,80,1572,11
1990,1,Team Lotus,1827,80,1475,13
1990,1,Tyrrell,1792,80,2081,1
1990,1,Williams,2026,80,2034,2
1990,2,AGS,1613,80,1551,11
1990,2,Arrows,1769,80,1712,8
1990,2,Benetton,1938,80,1955,3
1990,2,Brabham,1752,80,1619,10
1990,2,Dallara,1673,80,1743,7
1990,2,Ferrari,1952,80,2199,0
1990,2,Larrousse,1587,80,1483,12
1990,2,Ligier,1658,80,1784,6
1990,2,McLaren,2145,80,2128,1
1990,2,Minardi,1765,80,1837,5
1990,2,Osella,1481,80,1365,13
1990,2,Team Lotus,1789,80,1670,9
1990,2,Tyrrell,1818,80,1888,4
1990,2,Williams,2027,80,2028,2
1990,3,Benetton,1957,80,2023,2
1990,3,Brabham,1716,80,1584,11
1990,3,Dallara,1641,80,1522,12
1990,3,Euro Brun,1609,80,1362,14
1990,3,Ferrari,1956,80,1964,3
1990,3,Larrousse,1604,80,1661,9
1990,3,Leyton House,1549,130,1447,13
1990,3,Ligier,1688,80,1792,6
1990,3,McLaren,2142,80,2133,1
1990,3,Minardi,1764,80,1759,7
1990,3,Onyx,1684,81,1710,8
1990,3,Osella,1509,80,1608,10
1990,3,Team Lotus,1803,80,1847,5
1990,3,Tyrrell,1838,80,1897,4
1990,3,Williams,2064,80,2221,0
1990,4,Arrows,1805,80,1955,3
1990,4,Benetton,1900,80,1582,11
1990,4,Brabham,1672,80,1501,12
1990,4,Dallara,1636,80,1617,10
1990,4,Ferrari,1914,80,1779,7
1990,4,Larrousse,1655,80,1892,4
1990,4,Leyton House,1483,111,1372,13
1990,4,Ligier,1684,80,1670,9
1990,4,McLaren,2167,80,2254,0
1990,4,Minardi,1754,80,1721,8
1990,4,Onyx,1718,80,1846,5
1990,4,Team Lotus,1805,80,1811,6
1990,4,Tyrrell,1887,80,2100,1
1990,4,Williams,2061,80,2050,2
1990,5,Arrows,1816,80,1857,5
1990,5,Benetton,1945,80,2103,1
1990,5,Brabham,1719,80,1895,4
1990,5,Dallara,1625,80,1585,11
1990,5,Ferrari,1942,80,2027,2
1990,5,Larrousse,1689,80,1802,6
1990,5,Leyton House,1561,100,1754,7
1990,5,Ligier,1642,80,1465,13
1990,5,McLaren,2187,80,2262,0
1990,5,Minardi,1698,80,1365,14
1990,5,Onyx,1700,80,1640,10
1990,5,Osella,1542,80,1667,9
1990,5,Team Lotus,1836,80,1956,3
1990,5,Tyrrell,1853,80,1739,8
1990,5,Williams,2001,80,1548,12
1990,6,Arrows,1777,80,1610,11
1990,6,Benetton,1966,80,2033,2
1990,6,Brabham,1742,80,1812,6
1990,6,Dallara,1645,80,1723,8
1990,6,Euro Brun,1563,80,1380,14
1990,6,Ferrari,1995,80,2222,0
1990,6,Larrousse,1645,80,1485,13
1990,6,Ligier,1642,80,1642,10
1990,6,McLaren,2179,80,2150,1
1990,6,Minardi,1716,80,1769,7
1990,6,Onyx,1698,80,1689,9
1990,6,Osella,1540,80,1534,12
1990,6,Team Lotus,1843,80,1865,5
1990,6,Tyrrell,1867,80,1912,4
1990,6,Williams,1996,80,1979,3
1990,7,AGS,1613,80,1613,10
1990,7,Arrows,1774,80,1766,7
1990,7,Benetton,1970,80,1981,3
1990,7,Brabham,1726,80,1674,9
1990,7,Dallara,1628,80,1563,11
1990,7,Ferrari,2046,80,2232,0
1990,7,Larrousse,1690,80,1848,5
1990,7,Leyton House,1661,94,2100,1
1990,7,Ligier,1675,80,1800,6
1990,7,McLaren,2157,80,2073,2
1990,7,Minardi,1659,80,1404,13
1990,7,Team Lotus,1819,80,1728,8
1990,7,Tyrrell,1809,80,1511,12
1990,7,Williams,1980,80,1929,4
1990,8,AGS,1573,80,1405,13
1990,8,Arrows,1791,80,1851,5
1990,8,Benetton,1959,80,1921,4
1990,8,Brabham,1733,80,1759,7
1990,8,Dallara,1636,80,1664,9
1990,8,Ferrari,2088,80,2237,0
1990,8,Larrousse,1742,80,1951,3
1990,8,Leyton House,1631,89,1570,11
1990,8,Ligier,1683,80,1712,8
1990,8,McLaren,2138,80,2065,2
1990,8,Minardi,1649,80,1621,10
1990,8,Team Lotus,1768,80,1519,12
1990,8,Tyrrell,1809,80,1809,6
1990,8,Williams,2009,80,2116,1
1990,9,Arrows,1797,80,1816,6
1990,9,Benetton,1991,80,2121,1
1990,9,Brabham,1693,80,1525,12
1990,9,Dallara,1596,80,1418,13
1990,9,Ferrari,2082,80,2063,2
1990,9,Larrousse,1717,80,1640,10
1990,9,Leyton House,1697,86,1900,4
1990,9,Ligier,1700,80,1764,7
1990,9,McLaren,2163,80,2261,0
1990,9,Minardi,1633,80,1580,11
1990,9,Onyx,1694,80,1681,9
1990,9,Team Lotus,1789,80,1859,5
1990,9,Tyrrell,1792,80,1733,8
1990,9,Williams,2005,80,1988,3
1990,10,AGS,1592,80,1656,9
1990,10,Arrows,1799,80,1809,6
1990,10,Benetton,2004,80,2052,2
1990,10,Brabham,1641,80,1405,13
1990,10,Dallara,1628,80,1748,7
1990,10,Ferrari,2017,80,1583,11
1990,10,Larrousse,1757,80,1901,4
1990,10,Leyton House,1739,84,1848,5
1990,10,Ligier,1703,80,1712,8
1990,10,McLaren,2162,80,2160,1
1990,10,Minardi,1629,80,1615,10
1990,10,Team Lotus,1826,80,1964,3
1990,10,Tyrrell,1741,80,1510,12
1990,10,Williams,2048,80,2243,0
1990,11,Arrows,1802,80,1812,6
1990,11,Benetton,2015,80,2054,2
1990,11,Brabham,1622,80,1562,11
1990,11,Dallara,1599,80,1495,12
1990,11,Ferrari,2047,80,2133,1
1990,11,Larrousse,1780,80,1856,5
1990,11,Leyton House,1790,83,1964,3
1990,11,Ligier,1705,80,1714,8
1990,11,McLaren,2185,80,2272,0
1990,11,Minardi,1636,80,1663,9
1990,11,Osella,1554,80,1605,10
1990,11,Team Lotus,1813,80,1770,7
1990,11,Tyrrell,1778,80,1906,4
1990,11,Williams,1982,80,1413,13
1990,12,AGS,1620,80,1722,8
1990,12,Arrows,1816,80,1870,5
1990,12,Benetton,2000,80,1941,4
1990,12,Brabham,1604,80,1540,12
1990,12,Dallara,1641,80,1810,6
1990,12,Ferrari,2070,80,2142,1
1990,12,Larrousse,1752,80,1653,10
1990,12,Leyton House,1766,82,1697,9
1990,12,Ligier,1719,80,1773,7
1990,12,McLaren,2205,80,2283,0
1990,12,Minardi,1591,80,1378,14
1990,12,Osella,1561,80,1585,11
1990,12,Team Lotus,1759,80,1488,13
1990,12,Tyrrell,1820,80,1972,3
1990,12,Williams,2001,80,2055,2
1990,13,AGS,1577,80,1403,13
1990,13,Arrows,1826,80,1867,5
1990,13,Benetton,2012,80,2061,2
1990,13,Brabham,1595,80,1565,11
1990,13,Dallara,1637,80,1623,10
1990,13,Ferrari,2110,80,2266,0
1990,13,Larrousse,1735,80,1681,9
1990,13,Leyton House,1757,81,1727,8
1990,13,Ligier,1738,80,1811,6
1990,13,McLaren,2199,80,2178,1
1990,13,Minardi,1627,80,1757,7
1990,13,Team Lotus,1708,80,1515,12
1990,13,Tyrrell,1843,80,1918,4
1990,13,Williams,2000,80,1996,3
1990,14,AGS,1624,80,1806,6
1990,14,Arrows,1817,80,1780,7
1990,14,Benetton,2040,80,2151,1
1990,14,Brabham,1554,80,1370,14
1990,14,Dallara,1636,80,1635,10
1990,14,Ferrari,2145,80,2280,0
1990,14,Larrousse,1781,80,1976,3
1990,14,Leyton House,1781,81,1866,5
1990,14,Ligier,1771,80,1917,4
1990,14,McLaren,2142,80,1705,9
1990,14,Minardi,1606,80,1536,12
1990,14,Osella,1565,80,1581,11
1990,14,Team Lotus,1713,80,1727,8
1990,14,Tyrrell,1784,80,1484,13
1990,14,Williams,2016,80,2069,2
1990,15,Arrows,1817,80,1816,6
1990,15,Benetton,2081,80,2266,0
1990,15,Brabham,1544,80,1509,11
1990,15,Dallara,1639,80,1649,9
1990,15,Ferrari,2083,80,1733,8
1990,15,Larrousse,1840,80,2133,1
1990,15,Leyton House,1745,81,1606,10
1990,15,Ligier,1801,80,1917,4
1990,15,McLaren,2069,80,1440,12
1990,15,Minardi,1653,80,1851,5
1990,15,Team Lotus,1723,80,1757,7
1990,15,Tyrrell,1829,80,1980,3
1990,15,Williams,2028,80,2073,2
1990,16,AGS,1619,80,1607,10
1990,16,Benetton,2116,80,2253,0
1990,16,Brabham,1583,80,1747,7
1990,16,Dallara,1643,80,1658,9
1990,16,Ferrari,2100,80,2147,1
1990,16,Larrousse,1769,80,1398,13
1990,16,Leyton House,1697,80,1495,12
1990,16,Ligier,1804,80,1815,6
1990,16,McLaren,2069,80,2070,2
1990,16,Minardi,1695,80,1853,5
1990,16,Osella,1591,80,1700,8
1990,16,Team Lotus,1689,80,1562,11
1990,16,Tyrrell,1852,80,1921,4
1990,16,Williams,2022,80,2001,3
1991,1,AGS,1661,80,1828,6
1991,1,Benetton,2110,80,2088,2
1991,1,Brabham,1610,80,1704,9
1991,1,Dallara,1594,80,1327,15
1991,1,Ferrari,2115,80,2163,1
1991,1,Footwork,1553,171,1563,12
1991,1,Jordan,1708,171,1747,8
1991,1,Lambo,1819,171,1881,5
1991,1,Larrousse,1809,80,1921,4
1991,1,Leyton House,1660,80,1533,13
1991,1,Ligier,1752,80,1463,14
1991,1,McLaren,2114,80,2266,0
1991,1,Minardi,1716,80,1784,7
1991,1,Team Lotus,1684,80,1667,10
1991,1,Tyrrell,1881,80,1989,3
1991,1,Williams,1968,80,1637,11
1991,2,AGS,1611,80,1407,13
1991,2,Benetton,2090,80,2018,3
1991,2,Brabham,1631,80,1707,8
1991,2,Dallara,1629,80,1752,7
1991,2,Ferrari,2109,80,2087,2
1991,2,Jordan,1691,130,1673,9
1991,2,Larrousse,1767,80,1638,10
1991,2,Leyton House,1627,80,1506,12
1991,2,Ligier,1766,80,1813,6
1991,2,McLaren,2151,80,2274,0
1991,2,Minardi,1756,80,1915,4
1991,2,Team Lotus,1719,80,1857,5
1991,2,Tyrrell,1828,80,1587,11
1991,2,Williams,2007,80,2144,1
1991,3,Benetton,2037,80,1749,8
1991,3,Brabham,1674,80,1856,5
1991,3,Dallara,1691,80,2135,1
1991,3,Ferrari,2046,80,1427,13
1991,3,Jordan,1670,111,1630,10
1991,3,Lambo,1822,130,1825,6
1991,3,Leyton House,1657,80,1764,7
1991,3,Ligier,1799,80,1921,4
1991,3,Lola,1628,80,1575,11
1991,3,McLaren,2182,80,2289,0
1991,3,Minardi,1807,80,2054,2
1991,3,Team Lotus,1768,80,1981,3
1991,3,Tyrrell,1794,80,1689,9
1991,3,Williams,1939,80,1527,12
1991,4,AGS,1561,80,1380,14
1991,4,Benetton,2026,80,1994,3
1991,4,Brabham,1645,80,1542,12
1991,4,Dallara,1740,80,1904,4
1991,4,Ferrari,2049,80,2059,2
1991,4,Footwork,1509,130,1460,13
1991,4,Jordan,1708,100,1810,6
1991,4,Leyton House,1653,80,1641,10
1991,4,Ligier,1813,80,1863,5
1991,4,Lola,1658,80,1765,7
1991,4,McLaren,2203,80,2279,0
1991,4,Minardi,1791,80,1738,8
1991,4,Team Lotus,1750,80,1693,9
1991,4,Tyrrell,1752,80,1605,11
1991,4,Williams,1985,80,2123,1
1991,5,Benetton,2071,80,2256,0
1991,5,Brabham,1597,80,1398,13
1991,5,Dallara,1758,80,1810,6
1991,5,Ferrari,1987,80,1698,9
1991,5,Footwork,1575,111,1708,8
1991,5,Jordan,1765,94,1966,3
1991,5,Leyton House,1676,80,1758,7
1991,5,Ligier,1824,80,1864,5
1991,5,Lola,1651,80,1626,10
1991,5,McLaren,2139,80,1592,11
1991,5,Minardi,1818,80,1913,4
1991,5,Team Lotus,1704,80,1512,12
1991,5,Tyrrell,1816,80,2117,1
1991,5,Williams,2003,80,2055,2
1991,6,Benetton,2056,80,2008,3
1991,6,Brabham,1617,80,1682,9
1991,6,Dallara,1722,80,1598,11
1991,6,Ferrari,1920,80,1662,10
1991,6,Fondmetal,1295,171,1256,14
1991,6,Footwork,1557,100,1518,12
1991,6,Jordan,1826,89,2040,2
1991,6,Leyton House,1633,80,1451,13
1991,6,Ligier,1826,80,1833,6
1991,6,Lola,1698,80,1916,4
1991,6,McLaren,2144,80,2156,1
1991,6,Minardi,1831,80,1877,5
1991,6,Team Lotus,1721,80,1778,7
1991,6,Tyrrell,1797,80,1745,8
1991,6,Williams,2050,80,2241,0
1991,7,Benetton,2022,80,1896,5
1991,7,Brabham,1582,80,1451,13
1991,7,Dallara,1683,80,1541,12
1991,7,Ferrari,1971,80,2122,1
1991,7,Fondmetal,1454,130,1621,10
1991,7,Footwork,1500,94,1313,14
1991,7,Jordan,1865,86,1977,3
1991,7,Leyton House,1685,80,1911,4
1991,7,Ligier,1809,80,1744,8
1991,7,Lola,1675,80,1599,11
1991,7,McLaren,2127,80,2076,2
1991,7,Minardi,1831,80,1831,6
1991,7,Team Lotus,1734,80,1777,7
1991,7,Tyrrell,1773,80,1697,9
1991,7,Williams,2091,80,2246,0
1991,8,Benetton,2017,80,2001,3
1991,8,Brabham,1602,80,1669,9
1991,8,Dallara,1703,80,1770,7
1991,8,Ferrari,1994,80,2056,2
1991,8,Footwork,1494,89,1476,12
1991,8,Jordan,1881,84,1929,4
1991,8,Leyton House,1628,80,1399,13
1991,8,Ligier,1768,80,1582,11
1991,8,Lola,1664,80,1628,10
1991,8,McLaren,2134,80,2155,1
1991,8,Minardi,1831,80,1829,6
1991,8,Team Lotus,1733,80,1730,8
1991,8,Tyrrell,1795,80,1871,5
1991,8,Williams,2126,80,2256,0
1991,9,Benetton,2005,80,1962,4
1991,9,Brabham,1639,80,1784,7
1991,9,Dallara,1732,80,1836,6
1991,9,Ferrari,2029,80,2149,1
1991,9,Jordan,1908,83,2001,3
1991,9,Lambo,1710,111,1431,13
1991,9,Leyton House,1645,80,1694,9
1991,9,Ligier,1794,80,1887,5
1991,9,Lola,1649,80,1594,11
1991,9,McLaren,2125,80,2094,2
1991,9,Minardi,1783,80,1540,12
1991,9,Team Lotus,1717,80,1656,10
1991,9,Tyrrell,1786,80,1755,8
1991,9,Williams,2158,80,2277,0
1991,10,Benetton,1985,80,1907,5
1991,10,Brabham,1629,80,1595,11
1991,10,Dallara,1693,80,1540,12
1991,10,Ferrari,2041,80,2082,2
1991,10,Jordan,1917,82,1948,4
1991,10,Lambo,1687,100,1653,10
1991,10,Leyton House,1705,80,1987,3
1991,10,Ligier,1804,80,1839,6
1991,10,Lola,1609,80,1433,13
1991,10,McLaren,2156,80,2282,0
1991,10,Minardi,1775,80,1750,8
1991,10,Team Lotus,1713,80,1700,9
1991,10,Tyrrell,1788,80,1794,7
1991,10,Williams,2163,80,2179,1
1991,11,Benetton,2019,80,2157,1
1991,11,Brabham,1684,80,1984,3
1991,11,Dallara,1731,80,1870,5
1991,11,Ferrari,1979,80,1590,11
1991,11,Fondmetal,1593,111,1814,6
1991,11,Jordan,1876,81,1700,9
1991,11,Leyton House,1642,80,1392,13
1991,11,Ligier,1800,80,1787,7
1991,11,Lola,1583,80,1491,12
1991,11,McLaren,2185,80,2295,0
1991,11,Minardi,1767,80,1737,8
1991,11,Team Lotus,1752,80,1926,4
1991,11,Tyrrell,1758,80,1640,10
1991,11,Williams,2150,80,2104,2
1991,12,Benetton,2018,80,2015,3
1991,12,Brabham,1689,80,1703,9
1991,12,Dallara,1745,80,1790,7
1991,12,Ferrari,2004,80,2075,2
1991,12,Fondmetal,1578,100,1555,12
1991,12,Jordan,1891,81,1941,4
1991,12,Lambo,1664,94,1615,11
1991,12,Leyton House,1697,80,1873,5
1991,12,Ligier,1791,80,1754,8
1991,12,Lola,1546,80,1392,14
1991,12,McLaren,2186,80,2188,1
1991,12,Minardi,1782,80,1836,6
1991,12,Team Lotus,1733,80,1667,10
1991,12,Tyrrell,1713,80,1508,13
1991,12,Williams,2179,80,2295,0
1991,13,Benetton,2004,80,1955,4
1991,13,Brabham,1697,80,1724,8
1991,13,Dallara,1688,80,1397,13
1991,13,Ferrari,2022,80,2082,2
1991,13,Footwork,1506,86,1545,11
1991,13,Jordan,1879,81,1837,6
1991,13,Leyton House,1739,80,1868,5
1991,13,Ligier,1788,80,1780,7
1991,13,Lola,1531,80,1480,12
1991,13,McLaren,2188,80,2195,1
1991,13,Minardi,1821,80,1990,3
1991,13,Team Lotus,1711,80,1631,10
1991,13,Tyrrell,1705,80,1679,9
1991,13,Williams,2206,80,2309,0
1991,14,Benetton,2007,80,2018,3
1991,14,Brabham,1714,80,1778,7
1991,14,Dallara,1730,80,1872,5
1991,14,Ferrari,2054,80,2174,1
1991,14,Fondmetal,1622,94,1726,8
1991,14,Footwork,1509,84,1520,12
1991,14,Jordan,1870,80,1841,6
1991,14,Leyton House,1782,80,1930,4
1991,14,Ligier,1754,80,1604,11
1991,14,Lola,1496,80,1351,14
1991,14,McLaren,2173,80,2116,2
1991,14,Minardi,1795,80,1702,9
1991,14,Team Lotus,1668,80,1474,13
1991,14,Tyrrell,1693,80,1647,10
1991,14,Williams,2230,80,2323,0
1991,15,Benetton,1986,80,1904,5
1991,15,Brabham,1762,80,1994,3
1991,15,Dallara,1665,80,1370,14
1991,15,Ferrari,2064,80,2100,2
1991,15,Fondmetal,1639,89,1685,9
1991,15,Footwork,1550,83,1722,8
1991,15,Jordan,1816,80,1480,13
1991,15,Leyton House,1794,80,1832,6
1991,15,Ligier,1760,80,1784,7
1991,15,Lola,1501,80,1518,12
1991,15,McLaren,2202,80,2321,0
1991,15,Minardi,1765,80,1655,10
1991,15,Team Lotus,1652,80,1595,11
1991,15,Tyrrell,1736,80,1930,4
1991,15,Williams,2227,80,2217,1
1991,16,Benetton,2008,80,2090,2
1991,16,Brabham,1725,80,1591,11
1991,16,Dallara,1725,80,1923,4
1991,16,Ferrari,2057,80,2028,3
1991,16,Footwork,1586,82,1719,8
1991,16,Jordan,1831,80,1880,5
1991,16,Lambo,1605,89,1413,13
1991,16,Leyton House,1772,80,1695,9
1991,16,Ligier,1718,80,1523,12
1991,16,McLaren,2229,80,2333,0
1991,16,Minardi,1739,80,1645,10
1991,16,Team Lotus,1677,80,1771,7
1991,16,Tyrrell,1756,80,1823,6
1991,16,Williams,2226,80,2219,1
1992,1,Benetton,2027,80,2100,2
1992,1,Brabham,1731,80,1752,8
1992,1,Dallara,1710,80,1671,10
1992,1,Ferrari,1999,80,1590,12
1992,1,Fondmetal,1607,86,1506,13
1992,1,Footwork,1638,81,1875,5
1992,1,Jordan,1834,80,1844,6
1992,1,Larrousse,1775,80,1796,7
1992,1,Ligier,1761,80,1935,4
1992,1,March,1673,80,1419,14
1992,1,McLaren,2229,80,2227,1
1992,1,Minardi,1716,80,1629,11
1992,1,Team Lotus,1730,80,1997,3
1992,1,Tyrrell,1747,80,1715,9
1992,1,Williams,2249,80,2346,0
1992,2,Benetton,2059,80,2188,1
1992,2,Dallara,1747,80,1869,5
1992,2,Ferrari,1934,80,1660,10
1992,2,Fondmetal,1625,84,1680,9
1992,2,Footwork,1659,81,1726,8
1992,2,Jordan,1783,80,1536,12
1992,2,Larrousse,1776,80,1781,7
1992,2,Ligier,1776,80,1824,6
1992,2,March,1621,80,1427,13
1992,2,McLaren,2208,80,2131,2
1992,2,Minardi,1690,80,1593,11
1992,2,Team Lotus,1773,80,1925,4
1992,2,Tyrrell,1791,80,1991,3
1992,2,Williams,2271,80,2354,0
1992,3,Benetton,2086,80,2192,1
1992,3,Dallara,1775,80,1872,5
1992,3,Ferrari,1972,80,2081,2
1992,3,Fondmetal,1648,83,1728,8
1992,3,Footwork,1714,81,1984,3
1992,3,Jordan,1732,80,1536,12
1992,3,Larrousse,1788,80,1827,6
1992,3,Ligier,1739,80,1601,11
1992,3,March,1637,80,1684,9
1992,3,McLaren,2149,80,1446,13
1992,3,Minardi,1734,80,1922,4
1992,3,Team Lotus,1776,80,1783,7
1992,3,Tyrrell,1761,80,1654,10
1992,3,Williams,2290,80,2362,0
1992,4,Benetton,2109,80,2195,1
1992,4,Dallara,1798,80,1879,5
1992,4,Ferrari,2001,80,2089,2
1992,4,Fondmetal,1667,82,1737,8
1992,4,Footwork,1759,80,1928,4
1992,4,Jordan,1675,80,1447,13
1992,4,Larrousse,1752,80,1611,11
1992,4,Ligier,1721,80,1658,10
1992,4,March,1677,80,1822,6
1992,4,McLaren,2122,80,2040,3
1992,4,Minardi,1746,80,1785,7
1992,4,Team Lotus,1760,80,1705,9
1992,4,Tyrrell,1718,80,1546,12
1992,4,Williams,2305,80,2365,0
1992,5,Benetton,2110,80,2114,2
1992,5,Dallara,1827,80,1935,4
1992,5,Ferrari,1940,80,1669,10
1992,5,Fondmetal,1640,81,1536,12
1992,5,Footwork,1808,80,1996,3
1992,5,Jordan,1721,80,1871,5
1992,5,Larrousse,1741,80,1701,9
1992,5,Ligier,1735,80,1782,7
1992,5,March,1691,80,1737,8
1992,5,McLaren,2142,80,2206,1
1992,5,Minardi,1716,80,1606,11
1992,5,Team Lotus,1707,80,1450,13
1992,5,Tyrrell,1743,80,1826,6
1992,5,Williams,2320,80,2375,0
1992,6,Andrea Moda,1596,171,1615,11
1992,6,Benetton,2111,80,2116,2
1992,6,Dallara,1830,80,1842,6
1992,6,Ferrari,1896,80,1765,8
1992,6,Fondmetal,1613,81,1513,13
1992,6,Footwork,1838,80,1939,4
1992,6,Jordan,1707,80,1665,10
1992,6,Larrousse,1787,80,1997,3
1992,6,Ligier,1747,80,1791,7
1992,6,March,1640,80,1414,14
1992,6,McLaren,2183,80,2341,0
1992,6,Minardi,1750,80,1879,5
1992,6,Team Lotus,1707,80,1706,9
1992,6,Tyrrell,1710,80,1590,12
1992,6,Williams,2306,80,2253,1
1992,7,Benetton,2131,80,2211,1
1992,7,Dallara,1822,80,1794,7
1992,7,Ferrari,1942,80,2086,2
1992,7,Fondmetal,1576,81,1427,13
1992,7,Footwork,1838,80,1839,6
1992,7,Jordan,1682,80,1600,11
1992,7,Larrousse,1768,80,1705,9
1992,7,Ligier,1774,80,1878,5
1992,7,March,1702,80,1991,3
1992,7,McLaren,2218,80,2350,0
1992,7,Minardi,1749,80,1744,8
1992,7,Team Lotus,1671,80,1536,12
1992,7,Tyrrell,1754,80,1929,4
1992,7,Williams,2248,80,1672,10
1992,8,Benetton,2149,80,2218,1
1992,8,Dallara,1827,80,1843,6
1992,8,Ferrari,1899,80,1764,8
1992,8,Fondmetal,1543,80,1419,13
1992,8,Footwork,1861,80,1947,4
1992,8,Jordan,1663,80,1599,11
1992,8,Larrousse,1754,80,1707,9
1992,8,Ligier,1816,80,2007,3
1992,8,March,1690,80,1654,10
1992,8,McLaren,2151,80,1552,12
1992,8,Minardi,1777,80,1885,5
1992,8,Team Lotus,1733,80,2083,2
1992,8,Tyrrell,1763,80,1792,7
1992,8,Williams,2275,80,2361,0
1992,9,Benetton,2163,80,2217,1
1992,9,Brabham,1722,80,1690,10
1992,9,Dallara,1817,80,1779,8
1992,9,Ferrari,1891,80,1867,6
1992,9,Fondmetal,1580,80,1718,9
1992,9,Footwork,1882,80,1959,4
1992,9,Jordan,1647,80,1587,12
1992,9,Larrousse,1712,80,1531,13
1992,9,Ligier,1836,80,1905,5
1992,9,March,1637,80,1426,14
1992,9,McLaren,2145,80,2130,2
1992,9,Minardi,1750,80,1649,11
1992,9,Team Lotus,1793,80,2010,3
1992,9,Tyrrell,1775,80,1814,7
1992,9,Williams,2295,80,2366,0
1992,10,Andrea Moda,1489,130,1368,14
1992,10,Benetton,2158,80,2136,2
1992,10,Dallara,1825,80,1854,6
1992,10,Ferrari,1921,80,2023,3
1992,10,Fondmetal,1587,80,1611,11
1992,10,Footwork,1887,80,1907,5
1992,10,Jordan,1651,80,1666,10
1992,10,Larrousse,1713,80,1717,9
1992,10,Ligier,1861,80,1955,4
1992,10,March,1665,80,1753,8
1992,10,McLaren,2164,80,2222,1
1992,10,Minardi,1762,80,1805,7
1992,10,Team Lotus,1729,80,1504,13
1992,10,Tyrrell,1735,80,1574,12
1992,10,Williams,2314,80,2379,0
1992,11,Benetton,2138,80,2060,3
1992,11,Brabham,1718,80,1702,9
1992,11,Dallara,1794,80,1663,10
1992,11,Ferrari,1930,80,1963,4
1992,11,Fondmetal,1572,80,1519,12
1992,11,Footwork,1891,80,1903,5
1992,11,Jordan,1670,80,1741,8
1992,11,Larrousse,1689,80,1601,11
1992,11,Ligier,1802,80,1445,13
1992,11,March,1694,80,1787,7
1992,11,McLaren,2204,80,2355,0
1992,11,Team Lotus,1803,80,2091,2
1992,11,Tyrrell,1759,80,1839,6
1992,11,Williams,2303,80,2264,1
1992,12,Benetton,2177,80,2352,0
1992,12,Dallara,1826,80,1953,4
1992,12,Ferrari,1870,80,1453,13
1992,12,Fondmetal,1613,80,1788,7
1992,12,Footwork,1884,80,1859,6
1992,12,Jordan,1677,80,1705,9
1992,12,Larrousse,1672,80,1606,11
1992,12,Ligier,1747,80,1549,12
1992,12,March,1707,80,1752,8
1992,12,McLaren,2191,80,2150,2
1992,12,Minardi,1742,80,1666,10
1992,12,Team Lotus,1858,80,2018,3
1992,12,Tyrrell,1788,80,1895,5
1992,12,Williams,2295,80,2264,1
1992,13,Benetton,2191,80,2239,1
1992,13,Dallara,1842,80,1901,5
1992,13,Ferrari,1807,80,1558,12
1992,13,Fondmetal,1623,80,1655,10
1992,13,Footwork,1900,80,1961,4
1992,13,Jordan,1693,80,1752,8
1992,13,Larrousse,1705,80,1840,6
1992,13,Ligier,1738,80,1714,9
1992,13,March,1727,80,1798,7
1992,13,McLaren,2227,80,2363,0
1992,13,Minardi,1693,80,1453,13
1992,13,Team Lotus,1801,80,1624,11
1992,13,Tyrrell,1831,80,2017,3
1992,13,Williams,2269,80,2167,2
1992,14,Benetton,2182,80,2152,2
1992,14,Dallara,1805,80,1654,10
1992,14,Ferrari,1740,80,1489,12
1992,14,Footwork,1912,80,1957,4
1992,14,Jordan,1693,80,1692,9
1992,14,Larrousse,1678,80,1577,11
1992,14,Ligier,1772,80,1885,5
1992,14,March,1740,80,1789,7
1992,14,McLaren,2232,80,2252,1
1992,14,Minardi,1704,80,1740,8
1992,14,Team Lotus,1854,80,2014,3
1992,14,Tyrrell,1834,80,1844,6
1992,14,Williams,2292,80,2382,0
1992,15,Benetton,2176,80,2154,2
1992,15,Dallara,1793,80,1750,8
1992,15,Ferrari,1792,80,1943,4
1992,15,Footwork,1890,80,1805,7
1992,15,Jordan,1720,80,1832,6
1992,15,Larrousse,1680,80,1690,9
1992,15,Ligier,1717,80,1484,12
1992,15,March,1720,80,1643,10
1992,15,McLaren,2238,80,2259,1
1992,15,Minardi,1741,80,1883,5
1992,15,Team Lotus,1794,80,1588,11
1992,15,Tyrrell,1871,80,2019,3
1992,15,Williams,2314,80,2395,0
1992,16,Benetton,2192,80,2251,1
1992,16,Dallara,1773,80,1701,9
1992,16,Ferrari,1856,80,2101,2
1992,16,Footwork,1881,80,1848,6
1992,16,Jordan,1760,80,1939,4
1992,16,Larrousse,1671,80,1637,10
1992,16,Ligier,1776,80,2009,3
1992,16,March,1724,80,1741,8
1992,16,McLaren,2268,80,2387,0
1992,16,Minardi,1752,80,1788,7
1992,16,Team Lotus,1819,80,1888,5
1992,16,Tyrrell,1812,80,1492,12
1992,16,Williams,2253,80,1596,11
1993,1,Benetton,2135,80,1707,9
1993,1,Ferrari,1871,80,1911,5
1993,1,Footwork,1876,80,1858,6
1993,1,Jordan,1717,80,1544,11
1993,1,Larrousse,1684,80,1731,8
1993,1,Ligier,1840,80,2098,2
1993,1,Lola,1548,80,1773,7
1993,1,McLaren,2268,80,2267,1
1993,1,Minardi,1797,80,2006,3
1993,1,Sauber,1883,171,1959,4
1993,1,Team Lotus,1775,80,1629,10
1993,1,Tyrrell,1742,80,1425,12
1993,1,Williams,2285,80,2385,0
1993,2,Benetton,2138,80,2146,2
1993,2,Ferrari,1865,80,1849,6
1993,2,Footwork,1861,80,1800,7
1993,2,Jordan,1667,80,1459,12
1993,2,Larrousse,1721,80,1884,5
1993,2,Ligier,1870,80,1955,4
1993,2,Lola,1586,80,1720,8
1993,2,McLaren,2292,80,2390,0
1993,2,Minardi,1752,80,1572,11
1993,2,Sauber,1787,130,1698,9
1993,2,Team Lotus,1827,80,2017,3
1993,2,Tyrrell,1714,80,1638,10
1993,2,Williams,2281,80,2271,1
1993,3,Benetton,2120,80,2060,3
1993,3,Ferrari,1820,80,1637,10
1993,3,Footwork,1838,80,1746,8
1993,3,Jordan,1704,80,1825,6
1993,3,Larrousse,1754,80,1881,5
1993,3,Ligier,1810,80,1565,11
1993,3,Lola,1626,80,1770,7
1993,3,McLaren,2315,80,2400,0
1993,3,Minardi,1793,80,1941,4
1993,3,Sauber,1669,111,1450,12
1993,3,Team Lotus,1884,80,2102,2
1993,3,Tyrrell,1705,80,1680,9
1993,3,Williams,2279,80,2272,1
1993,4,Benetton,2145,80,2237,1
1993,4,Ferrari,1779,80,1639,10
1993,4,Footwork,1819,80,1744,8
1993,4,Jordan,1653,80,1462,12
1993,4,Larrousse,1791,80,1937,4
1993,4,Ligier,1871,80,2094,2
1993,4,Lola,1666,80,1820,6
1993,4,McLaren,2254,80,1707,9
1993,4,Minardi,1815,80,1883,5
1993,4,Sauber,1778,100,2003,3
1993,4,Team Lotus,1861,80,1795,7
1993,4,Tyrrell,1673,80,1562,11
1993,4,Williams,2305,80,2400,0
1993,5,Benetton,2145,80,2144,2
1993,5,Ferrari,1828,80,2012,3
1993,5,Footwork,1814,80,1795,7
1993,5,Jordan,1673,80,1733,8
1993,5,Larrousse,1802,80,1839,6
1993,5,Ligier,1893,80,1953,4
1993,5,Lola,1643,80,1566,11
1993,5,McLaren,2257,80,2264,1
1993,5,Minardi,1832,80,1891,5
1993,5,Sauber,1729,94,1643,10
1993,5,Team Lotus,1825,80,1704,9
1993,5,Tyrrell,1632,80,1468,12
1993,5,Williams,2325,80,2401,0
1993,6,Benetton,2086,80,1653,10
1993,6,Ferrari,1884,80,2103,2
1993,6,Footwork,1773,80,1574,11
1993,6,Jordan,1708,80,1828,6
1993,6,Larrousse,1789,80,1745,8
1993,6,Ligier,1908,80,1956,4
1993,6,Lola,1604,80,1455,12
1993,6,McLaren,2287,80,2395,0
1993,6,Minardi,1869,80,2017,3
1993,6,Sauber,1717,89,1688,9
1993,6,Team Lotus,1841,80,1892,5
1993,6,Tyrrell,1664,80,1777,7
1993,6,Williams,2316,80,2285,1
1993,7,Benetton,2121,80,2233,1
1993,7,Ferrari,1933,80,2106,2
1993,7,Footwork,1756,80,1698,9
1993,7,Jordan,1716,80,1742,8
1993,7,Larrousse,1812,80,1896,5
1993,7,Ligier,1934,80,2028,3
1993,7,Lola,1592,80,1553,11
1993,7,McLaren,2221,80,1659,10
1993,7,Minardi,1865,80,1854,6
1993,7,Sauber,1771,86,1947,4
1993,7,Team Lotus,1833,80,1803,7
1993,7,Tyrrell,1622,80,1461,12
1993,7,Williams,2336,80,2411,0
1993,8,Benetton,2148,80,2238,1
1993,8,Ferrari,1894,80,1769,8
1993,8,Footwork,1766,80,1802,7
1993,8,Jordan,1760,80,1958,4
1993,8,Larrousse,1821,80,1857,6
1993,8,Ligier,1957,80,2042,3
1993,8,Lola,1599,80,1622,10
1993,8,McLaren,2205,80,2163,2
1993,8,Minardi,1876,80,1914,5
1993,8,Sauber,1723,84,1573,11
1993,8,Team Lotus,1778,80,1474,12
1993,8,Tyrrell,1637,80,1686,9
1993,8,Williams,2352,80,2413,0
1993,9,Benetton,2170,80,2246,1
1993,9,Ferrari,1874,80,1814,7
1993,9,Footwork,1803,80,1959,4
1993,9,Jordan,1758,80,1752,8
1993,9,Larrousse,1798,80,1707,9
1993,9,Ligier,1949,80,1922,5
1993,9,Lola,1568,80,1449,12
1993,9,McLaren,2175,80,2080,3
1993,9,Minardi,1835,80,1653,10
1993,9,Sauber,1754,83,1846,6
1993,9,Team Lotus,1838,80,2109,2
1993,9,Tyrrell,1620,80,1559,11
1993,9,Williams,2367,80,2423,0
1993,10,Benetton,2187,80,2250,1
1993,10,Ferrari,1896,80,1968,4
1993,10,Footwork,1759,80,1576,11
1993,10,Jordan,1746,80,1701,9
1993,10,Larrousse,1789,80,1757,8
1993,10,Ligier,1983,80,2120,2
1993,10,Lola,1579,80,1619,10
1993,10,McLaren,2151,80,2075,3
1993,10,Minardi,1829,80,1809,7
1993,10,Sauber,1789,82,1901,5
1993,10,Team Lotus,1843,80,1858,6
1993,10,Tyrrell,1585,80,1448,12
1993,10,Williams,2380,80,2430,0
1993,11,Benetton,2202,80,2257,1
1993,11,Ferrari,1940,80,2119,2
1993,11,Footwork,1811,80,2029,3
1993,11,Jordan,1757,80,1800,7
1993,11,Larrousse,1803,80,1854,6
1993,11,Ligier,1983,80,1985,4
1993,11,Lola,1571,80,1542,11
1993,11,McLaren,2086,80,1471,12
1993,11,Minardi,1803,80,1706,9
1993,11,Sauber,1816,81,1906,5
1993,11,Team Lotus,1801,80,1647,10
1993,11,Tyrrell,1617,80,1734,8
1993,11,Williams,2392,80,2439,0
1993,12,Benetton,2214,80,2258,1
1993,12,Ferrari,1925,80,1875,6
1993,12,Footwork,1774,80,1654,10
1993,12,Jordan,1709,80,1470,12
1993,12,Larrousse,1805,80,1813,7
1993,12,Ligier,1984,80,1987,4
1993,12,Lola,1604,80,1741,8
1993,12,McLaren,2100,80,2140,2
1993,12,Minardi,1761,80,1580,11
1993,12,Sauber,1838,81,1914,5
1993,12,Team Lotus,1850,80,2032,3
1993,12,Tyrrell,1633,80,1691,9
1993,12,Williams,2403,80,2445,0
1993,13,Benetton,2176,80,2012,4
1993,13,Ferrari,1977,80,2223,1
1993,13,Footwork,1732,80,1579,11
1993,13,Jordan,1661,80,1469,12
1993,13,Larrousse,1826,80,1911,5
1993,13,Ligier,1934,80,1662,10
1993,13,Lola,1642,80,1792,7
1993,13,McLaren,2111,80,2147,2
1993,13,Minardi,1782,80,1855,6
1993,13,Sauber,1876,81,2036,3
1993,13,Team Lotus,1829,80,1765,8
1993,13,Tyrrell,1646,80,1690,9
1993,13,Williams,2414,80,2455,0
1993,14,Benetton,2218,80,2393,0
1993,14,Ferrari,2012,80,2126,2
1993,14,Footwork,1711,80,1645,10
1993,14,Jordan,1682,80,1746,8
1993,14,Larrousse,1834,80,1863,6
1993,14,Ligier,1945,80,1982,4
1993,14,Lola,1653,80,1692,9
1993,14,McLaren,2046,80,1488,12
1993,14,Minardi,1810,80,1910,5
1993,14,Sauber,1910,80,2039,3
1993,14,Team Lotus,1780,80,1584,11
1993,14,Tyrrell,1676,80,1796,7
1993,14,Williams,2393,80,2310,1
1993,15,Benetton,2153,80,1711,9
1993,15,Ferrari,1949,80,1634,10
1993,15,Footwork,1718,80,1741,8
1993,15,Jordan,1744,80,2109,2
1993,15,Larrousse,1829,80,1809,7
1993,15,Ligier,1968,80,2048,3
1993,15,McLaren,2111,80,2373,0
1993,15,Minardi,1832,80,1913,5
1993,15,Sauber,1925,80,1980,4
1993,15,Team Lotus,1798,80,1856,6
1993,15,Tyrrell,1641,80,1503,11
1993,15,Williams,2375,80,2305,1
1993,16,Benetton,2104,80,1952,5
1993,16,Ferrari,1991,80,2121,2
1993,16,Footwork,1765,80,1969,4
1993,16,Jordan,1773,80,1860,6
1993,16,Larrousse,1826,80,1816,7
1993,16,Ligier,1986,80,2052,3
1993,16,McLaren,2168,80,2365,0
1993,16,Minardi,1793,80,1633,10
1993,16,Sauber,1884,80,1712,9
1993,16,Team Lotus,1747,80,1527,11
1993,16,Tyrrell,1664,80,1742,8
1993,16,Williams,2357,80,2290,1
1994,1,Benetton,2162,80,2365,0
1994,1,Ferrari,2025,80,2133,2
1994,1,Footwork,1716,80,1524,12
1994,1,Jordan,1826,80,2043,3
1994,1,Larrousse,1816,80,1776,8
1994,1,Ligier,1940,80,1734,9
1994,1,McLaren,2089,80,1636,11
1994,1,Minardi,1800,80,1823,7
1994,1,Pacific,1307,171,1270,13
1994,1,Sauber,1896,80,1933,5
1994,1,Simtek,1627,171,1651,10
1994,1,Team Lotus,1776,80,1868,6
1994,1,Tyrrell,1715,80,1974,4
1994,1,Williams,2343,80,2289,1
1994,2,Benetton,2210,80,2364,0
1994,2,Ferrari,2066,80,2219,1
1994,2,Footwork,1777,80,2038,3
1994,2,Jordan,1883,80,2115,2
1994,2,Larrousse,1838,80,1928,5
1994,2,Ligier,1917,80,1842,7
1994,2,McLaren,2002,80,1697,10
1994,2,Minardi,1786,80,1738,9
1994,2,Sauber,1916,80,1989,4
1994,2,Simtek,1694,130,1772,8
1994,2,Team Lotus,1799,80,1874,6
1994,2,Tyrrell,1669,80,1496,12
1994,2,Williams,2286,80,1626,11
1994,3,Benetton,2246,80,2363,0
1994,3,Ferrari,2099,80,2222,1
1994,3,Footwork,1781,80,1792,8
1994,3,Jordan,1851,80,1753,9
1994,3,Larrousse,1783,80,1416,13
1994,3,Ligier,1903,80,1852,7
1994,3,McLaren,2042,80,2131,2
1994,3,Minardi,1765,80,1688,10
1994,3,Pacific,1383,130,1464,12
1994,3,Sauber,1945,80,2055,3
1994,3,Simtek,1664,111,1611,11
1994,3,Team Lotus,1819,80,1887,6
1994,3,Tyrrell,1729,80,1982,4
1994,3,Williams,2227,80,1974,5
1994,4,Benetton,2274,80,2369,0
1994,4,Ferrari,2110,80,2149,2
1994,4,Footwork,1773,80,1748,9
1994,4,Jordan,1896,80,2055,3
1994,4,Larrousse,1818,80,1936,5
1994,4,Ligier,1901,80,1898,6
1994,4,McLaren,2087,80,2222,1
1994,4,Minardi,1807,80,1989,4
1994,4,Pacific,1501,111,1774,8
1994,4,Sauber,1883,80,1429,13
1994,4,Simtek,1670,100,1683,10
1994,4,Team Lotus,1824,80,1842,7
1994,4,Tyrrell,1703,80,1631,11
1994,4,Williams,2148,80,1568,12
1994,5,Benetton,2271,80,2258,1
1994,5,Ferrari,2105,80,2085,3
1994,5,Footwork,1757,80,1701,10
1994,5,Jordan,1909,80,1951,5
1994,5,Larrousse,1757,80,1460,13
1994,5,Ligier,1902,80,1903,6
1994,5,McLaren,2022,80,1774,9
1994,5,Minardi,1846,80,1996,4
1994,5,Pacific,1544,100,1609,11
1994,5,Sauber,1819,80,1579,12
1994,5,Simtek,1700,94,1791,8
1994,5,Team Lotus,1829,80,1849,7
1994,5,Tyrrell,1770,80,2120,2
1994,5,Williams,2201,80,2347,0
1994,6,Benetton,2293,80,2375,0
1994,6,Ferrari,2114,80,2147,2
1994,6,Footwork,1756,80,1752,9
1994,6,Jordan,1941,80,2057,3
1994,6,Larrousse,1728,80,1647,11
1994,6,Ligier,1892,80,1855,7
1994,6,McLaren,1954,80,1721,10
1994,6,Minardi,1868,80,1942,5
1994,6,Pacific,1544,94,1545,12
1994,6,Sauber,1748,80,1476,13
1994,6,Simtek,1722,89,1793,8
1994,6,Team Lotus,1861,80,1992,4
1994,6,Tyrrell,1801,80,1888,6
1994,6,Williams,2213,80,2245,1
1994,7,Benetton,2313,80,2389,0
1994,7,Ferrari,2121,80,2149,2
1994,7,Footwork,1782,80,1883,6
1994,7,Jordan,1887,80,1638,11
1994,7,Larrousse,1731,80,1740,9
1994,7,Ligier,1841,80,1537,12
1994,7,McLaren,1896,80,1705,10
1994,7,Minardi,1895,80,1992,4
1994,7,Sauber,1817,80,2044,3
1994,7,Simtek,1747,86,1834,7
1994,7,Team Lotus,1878,80,1940,5
1994,7,Tyrrell,1800,80,1796,8
1994,7,Williams,2223,80,2252,1
1994,8,Benetton,2257,80,1917,6
1994,8,Ferrari,2144,80,2238,1
1994,8,Footwork,1794,80,1840,7
1994,8,Jordan,1925,80,2049,3
1994,8,Larrousse,1708,80,1628,11
1994,8,Ligier,1810,80,1704,10
1994,8,McLaren,1950,80,2122,2
1994,8,Minardi,1875,80,1806,8
1994,8,Sauber,1849,80,1933,5
1994,8,Simtek,1705,84,1532,12
1994,8,Team Lotus,1853,80,1758,9
1994,8,Tyrrell,1839,80,1983,4
1994,8,Williams,2256,80,2378,0
1994,9,Benetton,2193,80,1923,6
1994,9,Ferrari,2183,80,2360,0
1994,9,Footwork,1845,80,2124,2
1994,9,Jordan,1878,80,1710,10
1994,9,Larrousse,1764,80,2048,3
1994,9,Ligier,1872,80,2215,1
1994,9,McLaren,1926,80,1860,7
1994,9,Minardi,1821,80,1541,12
1994,9,Sauber,1826,80,1758,9
1994,9,Simtek,1751,83,1933,5
1994,9,Team Lotus,1812,80,1639,11
1994,9,Tyrrell,1831,80,1804,8
1994,9,Williams,2211,80,2035,4
1994,10,Benetton,2233,80,2348,0
1994,10,Ferrari,2127,80,1824,8
1994,10,Footwork,1815,80,1711,10
1994,10,Jordan,1816,80,1554,12
1994,10,Larrousse,1794,80,1886,6
1994,10,Ligier,1902,80,1990,4
1994,10,McLaren,1970,80,2119,2
1994,10,Minardi,1849,80,1935,5
1994,10,Sauber,1785,80,1646,11
1994,10,Simtek,1772,82,1841,7
1994,10,Team Lotus,1800,80,1759,9
1994,10,Tyrrell,1872,80,2044,3
1994,10,Williams,2218,80,2240,1
1994,11,Benetton,2215,80,2163,2
1994,11,Ferrari,2056,80,1661,11
1994,11,Footwork,1852,80,1989,4
1994,11,Jordan,1802,80,1761,9
1994,11,Larrousse,1743,80,1549,12
1994,11,Ligier,1913,80,1946,5
1994,11,McLaren,2021,80,2208,1
1994,11,Minardi,1860,80,1896,6
1994,11,Sauber,1767,80,1707,10
1994,11,Simtek,1789,81,1846,7
1994,11,Team Lotus,1801,80,1805,8
1994,11,Tyrrell,1910,80,2050,3
1994,11,Williams,2248,80,2357,0
1994,12,Benetton,2159,80,1926,6
1994,12,Ferrari,2098,80,2216,1
1994,12,Footwork,1832,80,1767,9
1994,12,Jordan,1853,80,2048,3
1994,12,Larrousse,1788,80,1939,5
1994,12,Ligier,1933,80,2001,4
1994,12,McLaren,2048,80,2132,2
1994,12,Minardi,1829,80,1715,10
1994,12,Sauber,1739,80,1642,11
1994,12,Simtek,1803,81,1851,7
1994,12,Team Lotus,1757,80,1549,12
1994,12,Tyrrell,1889,80,1818,8
1994,12,Williams,2273,80,2363,0
1994,13,Benetton,2141,80,2089,3
1994,13,Ferrari,2020,80,1562,12
1994,13,Footwork,1867,80,1998,4
1994,13,Jordan,1909,80,2122,2
1994,13,Larrousse,1793,80,1807,8
1994,13,Ligier,1938,80,1957,5
1994,13,McLaren,2084,80,2217,1
1994,13,Minardi,1835,80,1856,7
1994,13,Sauber,1717,80,1638,11
1994,13,Simtek,1794,81,1762,9
1994,13,Team Lotus,1787,80,1895,6
1994,13,Tyrrell,1853,80,1717,10
1994,13,Williams,2294,80,2371,0
1994,14,Benetton,2185,80,2344,0
1994,14,Ferrari,2019,80,2016,4
1994,14,Footwork,1856,80,1820,8
1994,14,Jordan,1945,80,2059,3
1994,14,Larrousse,1745,80,1551,12
1994,14,Ligier,1923,80,1870,7
1994,14,McLaren,2097,80,2141,2
1994,14,Minardi,1821,80,1770,9
1994,14,Sauber,1760,80,1943,5
1994,14,Simtek,1765,80,1648,11
1994,14,Team Lotus,1770,80,1713,10
1994,14,Tyrrell,1865,80,1906,6
1994,14,Williams,2286,80,2258,1
1994,15,Benetton,2199,80,2244,1
1994,15,Ferrari,2049,80,2140,2
1994,15,Footwork,1867,80,1906,6
1994,15,Jordan,1974,80,2067,3
1994,15,Larrousse,1770,80,1850,7
1994,15,Ligier,1893,80,1773,9
1994,15,McLaren,2071,80,1976,5
1994,15,Minardi,1774,80,1549,12
1994,15,Sauber,1809,80,1997,4
1994,15,Simtek,1752,80,1705,10
1994,15,Team Lotus,1778,80,1807,8
1994,15,Tyrrell,1823,80,1650,11
1994,15,Williams,2306,80,2382,0
1994,16,Benetton,2133,80,1562,12
1994,16,Ferrari,2089,80,2230,1
1994,16,Footwork,1876,80,1906,6
1994,16,Jordan,1996,80,2072,3
1994,16,Larrousse,1767,80,1759,9
1994,16,Ligier,1918,80,2007,4
1994,16,McLaren,2088,80,2150,2
1994,16,Minardi,1792,80,1852,7
1994,16,Sauber,1841,80,1949,5
1994,16,Simtek,1728,80,1639,11
1994,16,Team Lotus,1763,80,1707,10
1994,16,Tyrrell,1821,80,1811,8
1994,16,Williams,2325,80,2395,0
1995,1,Benetton,2186,80,2360,0
1995,1,Ferrari,2105,80,2154,2
1995,1,Footwork,1864,80,1818,8
1995,1,Forti,1791,171,1847,7
1995,1,Jordan,1937,80,1615,11
1995,1,Ligier,1926,80,1955,5
1995,1,McLaren,2088,80,2088,3
1995,1,Minardi,1783,80,1751,9
1995,1,Pacific,1612,89,1876,6
1995,1,Sauber,1807,80,1691,10
1995,1,Simtek,1683,80,1465,12
1995,1,Tyrrell,1857,80,2001,4
1995,1,Williams,2315,80,2279,1
1995,2,Benetton,2183,80,2175,2
1995,2,Ferrari,2134,80,2245,1
1995,2,Footwork,1842,80,1756,9
1995,2,Forti,1819,130,1850,7
1995,2,Jordan,1882,80,1701,10
1995,2,Ligier,1944,80,2014,4
1995,2,McLaren,2031,80,1630,11
1995,2,Minardi,1787,80,1801,8
1995,2,Pacific,1576,86,1478,12
1995,2,Sauber,1858,80,2065,3
1995,2,Simtek,1725,80,1886,6
1995,2,Tyrrell,1878,80,1952,5
1995,2,Williams,2333,80,2404,0
1995,3,Benetton,2150,80,2041,4
1995,3,Ferrari,2159,80,2250,1
1995,3,Footwork,1834,80,1805,8
1995,3,Forti,1796,111,1751,9
1995,3,Jordan,1902,80,1956,5
1995,3,Ligier,1937,80,1912,6
1995,3,McLaren,2060,80,2152,2
1995,3,Minardi,1800,80,1848,7
1995,3,Pacific,1599,84,1665,10
1995,3,Sauber,1903,80,2067,3
1995,3,Simtek,1699,80,1612,11
1995,3,Tyrrell,1822,80,1518,12
1995,3,Williams,2350,80,2413,0
1995,4,Benetton,2197,80,2377,0
1995,4,Ferrari,2180,80,2258,1
1995,4,Footwork,1838,80,1853,7
1995,4,Forti,1724,100,1503,12
1995,4,Jordan,1940,80,2073,3
1995,4,Ligier,1954,80,2016,4
1995,4,McLaren,1998,80,1704,10
1995,4,Minardi,1789,80,1747,9
1995,4,Pacific,1595,83,1584,11
1995,4,Sauber,1917,80,1959,5
1995,4,Simtek,1719,80,1789,8
1995,4,Tyrrell,1841,80,1901,6
1995,4,Williams,2321,80,2202,2
1995,5,Benetton,2238,80,2384,0
1995,5,Ferrari,2180,80,2181,2
1995,5,Footwork,1851,80,1904,6
1995,5,Forti,1760,94,1845,7
1995,5,Jordan,1891,80,1701,10
1995,5,Ligier,1927,80,1817,8
1995,5,McLaren,2021,80,2086,3
1995,5,Minardi,1820,80,1951,5
1995,5,Pacific,1593,82,1586,11
1995,5,Sauber,1939,80,2017,4
1995,5,Simtek,1676,80,1501,12
1995,5,Tyrrell,1821,80,1753,9
1995,5,Williams,2315,80,2293,1
1995,6,Benetton,2210,80,2120,3
1995,6,Ferrari,2218,80,2388,0
1995,6,Footwork,1882,80,2009,4
1995,6,Forti,1780,89,1837,7
1995,6,Jordan,1955,80,2241,1
1995,6,Ligier,1968,80,2153,2
1995,6,McLaren,1965,80,1744,9
1995,6,Minardi,1836,80,1895,6
1995,6,Pacific,1598,81,1615,10
1995,6,Sauber,1880,80,1549,11
1995,6,Tyrrell,1849,80,1948,5
1995,6,Williams,2257,80,1815,8
1995,7,Benetton,2247,80,2379,0
1995,7,Ferrari,2196,80,2116,3
1995,7,Footwork,1865,80,1805,8
1995,7,Forti,1751,86,1657,10
1995,7,Jordan,1973,80,2023,4
1995,7,Ligier,2007,80,2153,2
1995,7,McLaren,1966,80,1970,5
1995,7,Minardi,1840,80,1854,7
1995,7,Pacific,1579,81,1509,11
1995,7,Sauber,1888,80,1909,6
1995,7,Tyrrell,1825,80,1741,9
1995,7,Williams,2262,80,2276,1
1995,8,Benetton,2279,80,2393,0
1995,8,Ferrari,2212,80,2271,1
1995,8,Footwork,1815,80,1545,11
1995,8,Forti,1726,84,1645,10
1995,8,Jordan,1935,80,1811,8
1995,8,Ligier,2026,80,2094,3
1995,8,McLaren,1981,80,2028,4
1995,8,Minardi,1854,80,1906,6
1995,8,Pacific,1604,81,1698,9
1995,8,Sauber,1905,80,1964,5
1995,8,Tyrrell,1831,80,1851,7
1995,8,Williams,2248,80,2200,2
1995,9,Benetton,2307,80,2407,0
1995,9,Ferrari,2209,80,2197,2
1995,9,Footwork,1762,80,1542,11
1995,9,Forti,1707,83,1640,10
1995,9,Jordan,1917,80,1860,7
1995,9,Ligier,2029,80,2036,4
1995,9,McLaren,1945,80,1808,8
1995,9,Minardi,1829,80,1733,9
1995,9,Pacific,1652,80,1886,6
1995,9,Sauber,1942,80,2086,3
1995,9,Tyrrell,1857,80,1957,5
1995,9,Williams,2256,80,2287,1
1995,10,Benetton,2287,80,2215,2
1995,10,Ferrari,2225,80,2285,1
1995,10,Footwork,1734,80,1644,10
1995,10,Forti,1670,82,1529,11
1995,10,Jordan,1928,80,1962,5
1995,10,Ligier,2030,80,2034,4
1995,10,McLaren,1902,80,1737,9
1995,10,Minardi,1844,80,1897,6
1995,10,Pacific,1689,80,1825,7
1995,10,Sauber,1973,80,2088,3
1995,10,Tyrrell,1843,80,1790,8
1995,10,Williams,2287,80,2409,0
1995,11,Benetton,2315,80,2421,0
1995,11,Ferrari,2166,80,1554,11
1995,11,Footwork,1743,80,1772,8
1995,11,Forti,1677,81,1701,9
1995,11,Jordan,1935,80,1962,5
1995,11,Ligier,2059,80,2177,2
1995,11,McLaren,1929,80,2019,4
1995,11,Minardi,1843,80,1842,7
1995,11,Pacific,1675,80,1629,10
1995,11,Sauber,1999,80,2094,3
1995,11,Tyrrell,1854,80,1897,6
1995,11,Williams,2291,80,2305,1
1995,12,Benetton,2339,80,2430,0
1995,12,Ferrari,2115,80,1938,6
1995,12,Footwork,1793,80,2017,4
1995,12,Forti,1726,81,1951,5
1995,12,Jordan,1919,80,1861,7
1995,12,Ligier,2003,80,1667,10
1995,12,McLaren,1986,80,2261,1
1995,12,Minardi,1833,80,1793,8
1995,12,Pacific,1643,80,1523,11
1995,12,Sauber,2034,80,2176,2
1995,12,Tyrrell,1896,80,2090,3
1995,12,Williams,2232,80,1749,9
1995,13,Benetton,2332,80,2305,1
1995,13,Ferrari,2132,80,2180,2
1995,13,Footwork,1779,80,1736,9
1995,13,Forti,1708,81,1651,10
1995,13,Jordan,1920,80,1922,6
1995,13,Ligier,2012,80,2039,4
1995,13,McLaren,1985,80,1983,5
1995,13,Minardi,1827,80,1803,8
1995,13,Pacific,1617,80,1526,11
1995,13,Sauber,2049,80,2102,3
1995,13,Tyrrell,1890,80,1867,7
1995,13,Williams,2271,80,2400,0
1995,14,Benetton,2353,80,2432,0
1995,14,Ferrari,2164,80,2276,1
1995,14,Footwork,1782,80,1792,8
1995,14,Forti,1710,80,1717,9
1995,14,Jordan,1954,80,2097,3
1995,14,Ligier,2019,80,2045,4
1995,14,McLaren,1985,80,1985,5
1995,14,Minardi,1844,80,1912,6
1995,14,Pacific,1618,80,1622,10
1995,14,Sauber,1989,80,1555,11
1995,14,Tyrrell,1884,80,1863,7
1995,14,Williams,2257,80,2214,2
1995,15,Benetton,2371,80,2443,0
1995,15,Ferrari,2173,80,2199,2
1995,15,Footwork,1755,80,1653,10
1995,15,Forti,1712,80,1720,9
1995,15,Jordan,1948,80,1928,6
1995,15,Ligier,2025,80,2047,4
1995,15,McLaren,1985,80,1986,5
1995,15,Minardi,1835,80,1803,8
1995,15,Pacific,1596,80,1511,11
1995,15,Sauber,2017,80,2105,3
1995,15,Tyrrell,1880,80,1865,7
1995,15,Williams,2267,80,2301,1
1995,16,Benetton,2389,80,2457,0
1995,16,Ferrari,2110,80,1668,10
1995,16,Footwork,1775,80,1848,7
1995,16,Forti,1713,80,1714,9
1995,16,Jordan,1990,80,2180,2
1995,16,Ligier,2044,80,2114,3
1995,16,McLaren,2034,80,2273,1
1995,16,Minardi,1851,80,1914,6
1995,16,Pacific,1575,80,1496,11
1995,16,Sauber,2011,80,1992,5
1995,16,Tyrrell,1910,80,2035,4
1995,16,Williams,2207,80,1825,8
1995,17,Benetton,2331,80,1840,8
1995,17,Ferrari,2031,80,1551,11
1995,17,Footwork,1832,80,2167,2
1995,17,Forti,1750,80,1916,6
1995,17,Jordan,1945,80,1757,9
1995,17,Ligier,2084,80,2267,1
1995,17,McLaren,2053,80,2115,3
1995,17,Minardi,1877,80,1983,5
1995,17,Pacific,1622,80,1847,7
1995,17,Sauber,1954,80,1672,10
1995,17,Tyrrell,1938,80,2044,4
1995,17,Williams,2253,80,2412,0
1996,1,Benetton,2303,80,2217,2
1996,1,Ferrari,2090,80,2258,1
1996,1,Footwork,1837,80,1853,7
1996,1,Jordan,1895,80,1695,9
1996,1,Ligier,2065,80,1998,5
1996,1,McLaren,2066,80,2110,3
1996,1,Minardi,1859,80,1789,8
1996,1,Sauber,1947,80,1929,6
1996,1,Tyrrell,1959,80,2037,4
1996,1,Williams,2289,80,2407,0
1996,2,Benetton,2303,80,2306,1
1996,2,Ferrari,2117,80,2189,2
1996,2,Footwork,1795,80,1632,10
1996,2,Forti,1774,80,1859,7
1996,2,Jordan,1876,80,1816,8
1996,2,Ligier,2052,80,2004,5
1996,2,McLaren,2077,80,2119,3
1996,2,Minardi,1873,80,1927,6
1996,2,Sauber,1905,80,1750,9
1996,2,Tyrrell,1977,80,2047,4
1996,2,Williams,2318,80,2418,0
1996,3,Benetton,2306,80,2314,1
1996,3,Ferrari,2120,80,2128,3
1996,3,Footwork,1844,80,2034,4
1996,3,Forti,1778,80,1795,8
1996,3,Jordan,1931,80,2175,2
1996,3,Ligier,2030,80,1945,6
1996,3,McLaren,2062,80,2004,5
1996,3,Minardi,1846,80,1737,9
1996,3,Sauber,1897,80,1873,7
1996,3,Tyrrell,1925,80,1642,10
1996,3,Williams,2343,80,2434,0
1996,4,Benetton,2255,80,2010,5
1996,4,Ferrari,2154,80,2282,1
1996,4,Footwork,1844,80,1845,7
1996,4,Jordan,1971,80,2099,3
1996,4,Ligier,2009,80,1929,6
1996,4,McLaren,2087,80,2186,2
1996,4,Minardi,1830,80,1774,8
1996,4,Sauber,1927,80,2031,4
1996,4,Tyrrell,1874,80,1682,9
1996,4,Williams,2365,80,2446,0
1996,5,Benetton,2247,80,2221,2
1996,5,Ferrari,2183,80,2289,1
1996,5,Footwork,1820,80,1736,9
1996,5,Forti,1795,80,1859,7
1996,5,Jordan,2004,80,2111,3
1996,5,Ligier,2018,80,2053,4
1996,5,McLaren,2070,80,2005,5
1996,5,Minardi,1849,80,1921,6
1996,5,Sauber,1875,80,1642,10
1996,5,Tyrrell,1858,80,1810,8
1996,5,Williams,2383,80,2452,0
1996,6,Benetton,2195,80,1957,6
1996,6,Ferrari,2159,80,2075,4
1996,6,Footwork,1800,80,1729,9
1996,6,Forti,1809,80,1858,7
1996,6,Jordan,1963,80,1821,8
1996,6,Ligier,2072,80,2405,0
1996,6,McLaren,2110,80,2284,1
1996,6,Minardi,1809,80,1631,10
1996,6,Sauber,1933,80,2180,2
1996,6,Tyrrell,1908,80,2104,3
1996,6,Williams,2329,80,2024,5
1996,7,Benetton,2217,80,2285,1
1996,7,Ferrari,2204,80,2392,0
1996,7,Footwork,1823,80,1906,6
1996,7,Jordan,1939,80,1862,7
1996,7,Ligier,2055,80,2001,5
1996,7,McLaren,2099,80,2065,4
1996,7,Minardi,1777,80,1656,9
1996,7,Sauber,1975,80,2106,3
1996,7,Tyrrell,1877,80,1779,8
1996,7,Williams,2304,80,2225,2
1996,8,Benetton,2234,80,2293,1
1996,8,Ferrari,2148,80,1900,7
1996,8,Footwork,1784,80,1626,10
1996,8,Forti,1831,80,1922,6
1996,8,Jordan,1977,80,2114,3
1996,8,Ligier,2011,80,1828,8
1996,8,McLaren,2121,80,2198,2
1996,8,Minardi,1818,80,1979,5
1996,8,Sauber,1994,80,2055,4
1996,8,Tyrrell,1845,80,1738,9
1996,8,Williams,2331,80,2421,0
1996,9,Benetton,2248,80,2297,1
1996,9,Ferrari,2076,80,1651,10
1996,9,Footwork,1814,80,1921,6
1996,9,Forti,1811,80,1734,9
1996,9,Jordan,1995,80,2055,4
1996,9,Ligier,2036,80,2120,3
1996,9,McLaren,2138,80,2200,2
1996,9,Minardi,1829,80,1866,7
1996,9,Sauber,1957,80,1825,8
1996,9,Tyrrell,1876,80,1984,5
1996,9,Williams,2354,80,2432,0
1996,10,Benetton,2260,80,2301,1
1996,10,Ferrari,2001,80,1691,9
1996,10,Footwork,1835,80,1910,6
1996,10,Jordan,2021,80,2112,3
1996,10,Ligier,1989,80,1797,8
1996,10,McLaren,2151,80,2199,2
1996,10,Minardi,1833,80,1847,7
1996,10,Sauber,1964,80,1987,5
1996,10,Tyrrell,1911,80,2038,4
1996,10,Williams,2373,80,2443,0
1996,11,Benetton,2270,80,2306,1
1996,11,Ferrari,2050,80,2180,2
1996,11,Footwork,1822,80,1776,8
1996,11,Jordan,2027,80,2049,4
1996,11,Ligier,1989,80,1988,5
1996,11,McLaren,2146,80,2129,3
1996,11,Minardi,1800,80,1672,9
1996,11,Sauber,1956,80,1927,6
1996,11,Tyrrell,1899,80,1860,7
1996,11,Williams,2391,80,2455,0
1996,12,Benetton,2279,80,2315,1
1996,12,Ferrari,2004,80,1872,7
1996,12,Footwork,1841,80,1908,6
1996,12,Jordan,2033,80,2053,4
1996,12,Ligier,2016,80,2112,3
1996,12,McLaren,2158,80,2205,2
1996,12,Minardi,1792,80,1764,8
1996,12,Sauber,1908,80,1680,9
1996,12,Tyrrell,1917,80,1978,5
1996,12,Williams,2407,80,2468,0
1996,13,Benetton,2253,80,2150,3
1996,13,Ferrari,2077,80,2415,0
1996,13,Footwork,1867,80,1969,5
1996,13,Jordan,2000,80,1867,7
1996,13,Ligier,1972,80,1791,8
1996,13,McLaren,2169,80,2209,2
1996,13,Minardi,1815,80,1902,6
1996,13,Sauber,1860,80,1673,9
1996,13,Tyrrell,1942,80,2038,4
1996,13,Williams,2395,80,2350,1
1996,14,Benetton,2266,80,2312,1
1996,14,Ferrari,2149,80,2411,0
1996,14,Footwork,1877,80,1912,6
1996,14,Jordan,2024,80,2113,3
1996,14,Ligier,1989,80,2045,4
1996,14,McLaren,2177,80,2209,2
1996,14,Minardi,1784,80,1662,9
1996,14,Sauber,1857,80,1848,7
1996,14,Tyrrell,1910,80,1786,8
1996,14,Williams,2341,80,2018,5
1996,15,Benetton,2259,80,2233,2
1996,15,Ferrari,2189,80,2297,1
1996,15,Footwork,1856,80,1775,8
1996,15,Jordan,2032,80,2061,4
1996,15,Ligier,1990,80,1994,5
1996,15,McLaren,2130,80,1880,7
1996,15,Minardi,1756,80,1651,9
1996,15,Sauber,1906,80,2112,3
1996,15,Tyrrell,1913,80,1921,6
1996,15,Williams,2366,80,2447,0
1996,16,Benetton,2239,80,2160,3
1996,16,Ferrari,2218,80,2306,1
1996,16,Footwork,1854,80,1849,7
1996,16,Jordan,2039,80,2064,4
1996,16,Ligier,1978,80,1934,6
1996,16,McLaren,2149,80,2214,2
1996,16,Minardi,1756,80,1754,8
1996,16,Sauber,1925,80,1986,5
1996,16,Tyrrell,1869,80,1671,9
1996,16,Williams,2387,80,2460,0
1997,1,Arrows,1819,80,1826,7
1997,1,Benetton,2237,80,2230,2
1997,1,Ferrari,2240,80,2315,1
1997,1,Jordan,1982,80,1553,10
1997,1,McLaren,2198,80,2426,0
1997,1,Minardi,1784,80,1893,6
1997,1,Prost,2028,171,2135,3
1997,1,Sauber,1956,80,2065,4
1997,1,Stewart,1698,171,1736,8
1997,1,Tyrrell,1832,80,1696,9
1997,1,Williams,2331,80,2041,5
1997,2,Arrows,1795,80,1699,9
1997,2,Benetton,2255,80,2323,1
1997,2,Ferrari,2211,80,2110,4
1997,2,Jordan,1972,80,1942,6
1997,2,McLaren,2192,80,2176,3
1997,2,Minardi,1798,80,1848,7
1997,2,Prost,2122,130,2228,2
1997,2,Sauber,1967,80,2004,5
1997,2,Stewart,1625,130,1548,10
1997,2,Tyrrell,1821,80,1784,8
1997,2,Williams,2361,80,2453,0
1997,3,Arrows,1774,80,1688,9
1997,3,Benetton,2215,80,2036,5
1997,3,Ferrari,2237,80,2327,1
1997,3,Jordan,2020,80,2218,2
1997,3,McLaren,2172,80,2101,4
1997,3,Minardi,1807,80,1841,7
1997,3,Prost,1976,111,1584,10
1997,3,Sauber,2002,80,2142,3
1997,3,Stewart,1670,111,1746,8
1997,3,Tyrrell,1841,80,1914,6
1997,3,Williams,2386,80,2470,0
1997,4,Arrows,1757,80,1693,9
1997,4,Benetton,2204,80,2165,3
1997,4,Ferrari,2256,80,2325,1
1997,4,Jordan,2061,80,2212,2
1997,4,McLaren,2155,80,2091,4
1997,4,Minardi,1801,80,1780,8
1997,4,Prost,1957,100,1937,6
1997,4,Sauber,2002,80,2003,5
1997,4,Stewart,1635,100,1553,10
1997,4,Tyrrell,1844,80,1856,7
1997,4,Williams,2406,80,2475,0
1997,5,Arrows,1722,80,1569,10
1997,5,Benetton,2170,80,2033,5
1997,5,Ferrari,2294,80,2452,0
1997,5,Jordan,2066,80,2083,4
1997,5,McLaren,2098,80,1720,9
1997,5,Minardi,1825,80,1917,6
1997,5,Prost,2036,94,2216,2
1997,5,Sauber,1963,80,1802,8
1997,5,Stewart,1718,94,2299,1
1997,5,Tyrrell,1893,80,2131,3
1997,5,Williams,2343,80,1895,7
1997,6,Arrows,1693,80,1583,10
1997,6,Benetton,2182,80,2226,2
1997,6,Ferrari,2268,80,2173,3
1997,6,Jordan,2042,80,1957,6
1997,6,McLaren,2079,80,2022,5
1997,6,Minardi,1802,80,1714,9
1997,6,Prost,2104,89,2295,1
1997,6,Sauber,1986,80,2067,4
1997,6,Stewart,1737,89,1778,8
1997,6,Tyrrell,1888,80,1872,7
1997,6,Williams,2371,80,2454,0
1997,7,Arrows,1725,80,1846,7
1997,7,Benetton,2210,80,2313,1
1997,7,Ferrari,2303,80,2442,0
1997,7,Jordan,2077,80,2213,2
1997,7,McLaren,2053,80,1961,6
1997,7,Minardi,1763,80,1594,10
1997,7,Prost,2081,86,2026,5
1997,7,Sauber,2005,80,2072,4
1997,7,Stewart,1725,86,1694,9
1997,7,Tyrrell,1868,80,1800,8
1997,7,Williams,2329,80,2184,3
1997,8,Arrows,1735,80,1771,8
1997,8,Benetton,2216,80,2238,2
1997,8,Ferrari,2334,80,2448,0
1997,8,Jordan,2094,80,2150,3
1997,8,McLaren,2059,80,2082,4
1997,8,Minardi,1782,80,1850,7
1997,8,Prost,2050,84,1959,6
1997,8,Sauber,2007,80,2014,5
1997,8,Stewart,1691,84,1575,10
1997,8,Tyrrell,1836,80,1711,9
1997,8,Williams,2332,80,2340,1
1997,9,Arrows,1787,80,2055,4
1997,9,Benetton,2239,80,2326,1
1997,9,Ferrari,2269,80,1607,10
1997,9,Jordan,2107,80,2154,3
1997,9,McLaren,2093,80,2222,2
1997,9,Minardi,1797,80,1848,7
1997,9,Prost,2042,83,2018,5
1997,9,Sauber,1994,80,1948,6
1997,9,Stewart,1707,83,1761,8
1997,9,Tyrrell,1808,80,1702,9
1997,9,Williams,2361,80,2462,0
1997,10,Arrows,1831,80,1993,5
1997,10,Benetton,2277,80,2442,0
1997,10,Ferrari,2286,80,2335,1
1997,10,Jordan,2104,80,2094,4
1997,10,McLaren,2121,80,2227,2
1997,10,Minardi,1758,80,1597,10
1997,10,Prost,2067,82,2151,3
1997,10,Sauber,1985,80,1951,6
1997,10,Stewart,1722,82,1773,8
1997,10,Tyrrell,1819,80,1859,7
1997,10,Williams,2295,80,1739,9
1997,11,Arrows,1896,80,2301,1
1997,11,Benetton,2225,80,1985,6
1997,11,Ferrari,2263,80,2190,3
1997,11,Jordan,2104,80,2101,4
1997,11,McLaren,2063,80,1742,9
1997,11,Minardi,1781,80,1859,7
1997,11,Prost,2059,81,2033,5
1997,11,Sauber,2027,80,2223,2
1997,11,Stewart,1694,81,1588,10
1997,11,Tyrrell,1814,80,1796,8
1997,11,Williams,2333,80,2449,0
1997,12,Arrows,1925,80,2012,5
1997,12,Benetton,2198,80,2111,4
1997,12,Ferrari,2301,80,2437,0
1997,12,Jordan,2140,80,2305,1
1997,12,McLaren,1992,80,1630,10
1997,12,Minardi,1785,80,1798,8
1997,12,Prost,2008,81,1748,9
1997,12,Sauber,2054,80,2149,3
1997,12,Stewart,1728,81,1860,7
1997,12,Tyrrell,1840,80,1940,6
1997,12,Williams,2315,80,2258,2
1997,13,Arrows,1885,80,1748,9
1997,13,Benetton,2225,80,2315,1
1997,13,Ferrari,2260,80,2115,4
1997,13,Jordan,2145,80,2160,3
1997,13,McLaren,2070,80,2410,0
1997,13,Minardi,1789,80,1806,8
1997,13,Prost,2011,81,2022,5
1997,13,Sauber,2035,80,1969,6
1997,13,Stewart,1758,81,1868,7
1997,13,Tyrrell,1800,80,1627,10
1997,13,Williams,2300,80,2253,2
1997,14,Arrows,1927,80,2073,4
1997,14,Benetton,2178,80,1985,6
1997,14,Ferrari,2241,80,2178,3
1997,14,Jordan,2162,80,2228,2
1997,14,McLaren,2128,80,2297,1
1997,14,Minardi,1807,80,1873,7
1997,14,Prost,1953,80,1643,10
1997,14,Sauber,2033,80,2028,5
1997,14,Stewart,1750,80,1721,9
1997,14,Tyrrell,1801,80,1806,8
1997,14,Williams,2330,80,2438,0
1997,15,Arrows,1982,80,2210,2
1997,15,Benetton,2209,80,2310,1
1997,15,Ferrari,2182,80,1850,8
1997,15,Jordan,2104,80,1651,10
1997,15,McLaren,2089,80,1981,6
1997,15,Minardi,1791,80,1733,9
1997,15,Prost,1997,80,2143,3
1997,15,Sauber,2045,80,2090,4
1997,15,Stewart,1775,80,1872,7
1997,15,Tyrrell,1841,80,2006,5
1997,15,Williams,2355,80,2447,0
1997,16,Arrows,1979,80,1973,6
1997,16,Benetton,2199,80,2168,3
1997,16,Ferrari,2233,80,2417,0
1997,16,Jordan,2088,80,2042,5
1997,16,McLaren,2121,80,2216,2
1997,16,Minardi,1798,80,1823,8
1997,16,Prost,1947,80,1773,9
1997,16,Sauber,2055,80,2090,4
1997,16,Stewart,1746,80,1633,10
1997,16,Tyrrell,1854,80,1896,7
1997,16,Williams,2351,80,2336,1
1997,17,Arrows,1922,80,1655,10
1997,17,Benetton,2207,80,2236,2
1997,17,Ferrari,2218,80,2175,3
1997,17,Jordan,2052,80,1922,7
1997,17,McLaren,2177,80,2416,0
1997,17,Minardi,1786,80,1742,9
1997,17,Prost,1980,80,2082,4
1997,17,Sauber,2051,80,2037,5
1997,17,Stewart,1786,80,1946,6
1997,17,Tyrrell,1848,80,1828,8
1997,17,Williams,2349,80,2340,1
1998,1,Arrows,1900,80,1837,8
1998,1,Benetton,2187,80,2111,4
1998,1,Ferrari,2223,80,2240,2
1998,1,Jordan,2048,80,2035,5
1998,1,McLaren,2229,80,2423,0
1998,1,Minardi,1777,80,1741,9
1998,1,Prost,1978,80,1968,6
1998,1,Sauber,2072,80,2153,3
1998,1,Stewart,1752,80,1633,10
1998,1,Tyrrell,1857,80,1892,7
1998,1,Williams,2347,80,2341,1
1998,2,Arrows,1849,80,1641,10
1998,2,Benetton,2199,80,2241,2
1998,2,Ferrari,2246,80,2324,1
1998,2,Jordan,2032,80,1975,6
1998,2,McLaren,2274,80,2435,0
1998,2,Minardi,1767,80,1731,9
1998,2,Prost,1961,80,1905,7
1998,2,Sauber,2077,80,2098,4
1998,2,Stewart,1802,80,2007,5
1998,2,Tyrrell,1850,80,1822,8
1998,2,Williams,2317,80,2194,3
1998,3,Arrows,1803,80,1635,10
1998,3,Benetton,2209,80,2248,2
1998,3,Ferrari,2284,80,2442,0
1998,3,Jordan,2045,80,2094,4
1998,3,McLaren,2289,80,2338,1
1998,3,Minardi,1759,80,1728,9
1998,3,Prost,1947,80,1898,7
1998,3,Sauber,2095,80,2164,3
1998,3,Stewart,1834,80,1941,6
1998,3,Tyrrell,1843,80,1817,8
1998,3,Williams,2272,80,2059,5
1998,4,Arrows,1835,80,1941,6
1998,4,Benetton,2153,80,1762,9
1998,4,Ferrari,2298,80,2344,1
1998,4,Jordan,2057,80,2099,4
1998,4,McLaren,2323,80,2452,0
1998,4,Minardi,1801,80,2005,5
1998,4,Prost,1935,80,1894,7
1998,4,Sauber,2110,80,2171,3
1998,4,Stewart,1790,80,1628,10
1998,4,Tyrrell,1837,80,1813,8
1998,4,Williams,2270,80,2264,2
1998,5,Arrows,1792,80,1633,10
1998,5,Benetton,2176,80,2248,2
1998,5,Ferrari,2309,80,2349,1
1998,5,Jordan,2027,80,1908,7
1998,5,McLaren,2353,80,2464,0
1998,5,Minardi,1786,80,1733,9
1998,5,Prost,1940,80,1957,6
1998,5,Sauber,2097,80,2044,5
1998,5,Stewart,1853,80,2148,3
1998,5,Tyrrell,1832,80,1814,8
1998,5,Williams,2240,80,2127,4
1998,6,Arrows,1855,80,2146,3
1998,6,Benetton,2209,80,2333,1
1998,6,Ferrari,2301,80,2272,2
1998,6,Jordan,2014,80,1967,6
1998,6,McLaren,2378,80,2476,0
1998,6,Minardi,1805,80,1872,7
1998,6,Prost,1905,80,1750,9
1998,6,Sauber,2085,80,2039,5
1998,6,Stewart,1801,80,1634,10
1998,6,Tyrrell,1828,80,1812,8
1998,6,Williams,2215,80,2122,4
1998,7,Arrows,1893,80,2005,5
1998,7,Benetton,2237,80,2339,1
1998,7,Ferrari,2333,80,2468,0
1998,7,Jordan,1990,80,1898,7
1998,7,McLaren,2316,80,1765,9
1998,7,Minardi,1858,80,2144,3
1998,7,Prost,1886,80,1820,8
1998,7,Sauber,2030,80,1652,10
1998,7,Stewart,1874,80,2224,2
1998,7,Tyrrell,1869,80,2071,4
1998,7,Williams,2172,80,1980,6
1998,8,Arrows,1894,80,1898,7
1998,8,Benetton,2225,80,2181,3
1998,8,Ferrari,2360,80,2465,0
1998,8,Jordan,1962,80,1849,8
1998,8,McLaren,2324,80,2348,1
1998,8,Minardi,1835,80,1764,9
1998,8,Prost,1901,80,1954,6
1998,8,Sauber,2044,80,2088,4
1998,8,Stewart,1911,80,2010,5
1998,8,Tyrrell,1829,80,1664,10
1998,8,Williams,2188,80,2242,2
1998,9,Arrows,1880,80,1836,8
1998,9,Benetton,2231,80,2256,2
1998,9,Ferrari,2385,80,2479,0
1998,9,Jordan,1999,80,2149,3
1998,9,McLaren,2332,80,2357,1
1998,9,Minardi,1872,80,2007,5
1998,9,Prost,1873,80,1766,9
1998,9,Sauber,2015,80,1913,7
1998,9,Stewart,1855,80,1665,10
1998,9,Tyrrell,1855,80,1947,6
1998,9,Williams,2171,80,2110,4
1998,10,Arrows,1837,80,1660,10
1998,10,Benetton,2196,80,2046,5
1998,10,Ferrari,2383,80,2374,1
1998,10,Jordan,2044,80,2229,2
1998,10,McLaren,2363,80,2480,0
1998,10,Minardi,1876,80,1890,7
1998,10,Prost,1889,80,1948,6
1998,10,Sauber,2031,80,2084,4
1998,10,Stewart,1830,80,1758,9
1998,10,Tyrrell,1849,80,1828,8
1998,10,Williams,2171,80,2174,3
1998,11,Arrows,1834,80,1822,8
1998,11,Benetton,2177,80,2111,4
1998,11,Ferrari,2348,80,2204,3
1998,11,Jordan,2084,80,2234,2
1998,11,McLaren,2390,80,2491,0
1998,11,Minardi,1850,80,1755,9
1998,11,Prost,1902,80,1950,6
1998,11,Sauber,2030,80,2027,5
1998,11,Stewart,1789,80,1646,10
1998,11,Tyrrell,1857,80,1886,7
1998,11,Williams,2204,80,2338,1
1998,12,Arrows,1857,80,1943,6
1998,12,Benetton,2150,80,2047,5
1998,12,Ferrari,2377,80,2488,0
1998,12,Jordan,2104,80,2168,3
1998,12,McLaren,2388,80,2379,1
1998,12,Minardi,1809,80,1641,10
1998,12,Prost,1900,80,1890,7
1998,12,Sauber,2043,80,2093,4
1998,12,Stewart,1794,80,1811,8
1998,12,Tyrrell,1834,80,1747,9
1998,12,Williams,2216,80,2259,2
1998,13,Arrows,1908,80,2151,3
1998,13,Benetton,2106,80,1913,7
1998,13,Ferrari,2315,80,1848,8
1998,13,Jordan,2159,80,2462,0
1998,13,McLaren,2336,80,2063,5
1998,13,Minardi,1838,80,1939,6
1998,13,Prost,1934,80,2081,4
1998,13,Sauber,2091,80,2335,1
1998,13,Stewart,1759,80,1627,10
1998,13,Tyrrell,1814,80,1739,9
1998,13,Williams,2227,80,2266,2
1998,14,Arrows,1856,80,1648,10
1998,14,Benetton,2094,80,2051,5
1998,14,Ferrari,2351,80,2465,0
1998,14,Jordan,2197,80,2330,1
1998,14,McLaren,2321,80,2277,2
1998,14,Minardi,1835,80,1824,8
1998,14,Prost,1899,80,1760,9
1998,14,Sauber,2110,80,2175,3
1998,14,Stewart,1786,80,1882,7
1998,14,Tyrrell,1842,80,1953,6
1998,14,Williams,2206,80,2128,4
1998,15,Arrows,1848,80,1823,8
1998,15,Benetton,2112,80,2177,3
1998,15,Ferrari,2355,80,2366,1
1998,15,Jordan,2180,80,2126,4
1998,15,McLaren,2354,80,2472,0
1998,15,Minardi,1815,80,1745,9
1998,15,Prost,1898,80,1895,7
1998,15,Sauber,2097,80,2050,5
1998,15,Stewart,1820,80,1946,6
1998,15,Tyrrell,1803,80,1641,10
1998,15,Williams,2218,80,2262,2
1998,16,Arrows,1805,80,1637,10
1998,16,Benetton,2098,80,2050,5
1998,16,Ferrari,2359,80,2373,1
1998,16,Jordan,2199,80,2262,2
1998,16,McLaren,2383,80,2487,0
1998,16,Minardi,1829,80,1880,7
1998,16,Prost,1911,80,1956,6
1998,16,Sauber,2100,80,2113,4
1998,16,Stewart,1802,80,1738,9
1998,16,Tyrrell,1805,80,1811,8
1998,16,Williams,2214,80,2197,3
1999,1,Arrows,1848,80,2004,5
1999,1,BAR,1878,171,1952,6
1999,1,Benetton,2116,80,2182,3
1999,1,Ferrari,2388,80,2497,0
1999,1,Jordan,2231,80,2354,1
1999,1,McLaren,2317,80,1627,10
1999,1,Minardi,1843,80,1892,7
1999,1,Prost,1877,80,1742,9
1999,1,Sauber,2056,80,1850,8
1999,1,Stewart,1852,80,2081,4
1999,1,Williams,2226,80,2272,2
1999,2,Arrows,1874,80,1958,6
1999,2,BAR,1855,130,1833,8
1999,2,Benetton,2104,80,2057,5
1999,2,Ferrari,2387,80,2386,1
1999,2,Jordan,2241,80,2277,2
1999,2,McLaren,2359,80,2485,0
1999,2,Minardi,1853,80,1892,7
1999,2,Prost,1920,80,2096,4
1999,2,Sauber,1997,80,1674,10
1999,2,Stewart,1830,80,1762,9
1999,2,Williams,2222,80,2205,3
1999,3,Arrows,1829,80,1660,10
1999,3,BAR,1893,111,1963,6
1999,3,Benetton,2107,80,2118,4
1999,3,Ferrari,2412,80,2508,0
1999,3,Jordan,2234,80,2207,3
1999,3,McLaren,2366,80,2386,1
1999,3,Minardi,1863,80,1901,7
1999,3,Prost,1887,80,1771,9
1999,3,Sauber,2007,80,2037,5
1999,3,Stewart,1892,80,2246,2
1999,3,Williams,2171,80,1868,8
1999,4,Arrows,1813,80,1762,9
1999,4,BAR,1878,100,1842,8
1999,4,Benetton,2122,80,2183,3
1999,4,Ferrari,2434,80,2517,0
1999,4,Jordan,2243,80,2277,2
1999,4,McLaren,2371,80,2388,1
1999,4,Minardi,1826,80,1663,10
1999,4,Prost,1929,80,2090,4
1999,4,Sauber,1986,80,1918,7
1999,4,Stewart,1911,80,1964,6
1999,4,Williams,2145,80,2059,5
1999,5,Arrows,1832,80,1894,7
1999,5,BAR,1914,94,2025,5
1999,5,Benetton,2096,80,1992,6
1999,5,Ferrari,2428,80,2408,1
1999,5,Jordan,2220,80,2133,4
1999,5,McLaren,2400,80,2514,0
1999,5,Minardi,1827,80,1831,8
1999,5,Prost,1977,80,2165,3
1999,5,Sauber,1944,80,1778,9
1999,5,Stewart,1860,80,1665,10
1999,5,Williams,2172,80,2266,2
1999,6,Arrows,1815,80,1757,9
1999,6,BAR,1861,89,1663,10
1999,6,Benetton,2142,80,2355,1
1999,6,Ferrari,2405,80,2313,2
1999,6,Jordan,2168,80,1865,8
1999,6,McLaren,2427,80,2525,0
1999,6,Minardi,1854,80,1955,6
1999,6,Prost,1961,80,1913,7
1999,6,Sauber,1964,80,2029,5
1999,6,Stewart,1910,80,2086,4
1999,6,Williams,2177,80,2192,3
1999,7,Arrows,1819,80,1833,8
1999,7,BAR,1887,86,1962,6
1999,7,Benetton,2084,80,1791,9
1999,7,Ferrari,2360,80,2146,4
1999,7,Jordan,2225,80,2487,0
1999,7,McLaren,2422,80,2407,1
1999,7,Minardi,1864,80,1901,7
1999,7,Prost,1978,80,2033,5
1999,7,Sauber,1912,80,1675,10
1999,7,Stewart,1972,80,2244,2
1999,7,Williams,2180,80,2192,3
1999,8,Arrows,1808,80,1766,9
1999,8,BAR,1841,84,1672,10
1999,8,Benetton,2075,80,2052,5
1999,8,Ferrari,2366,80,2386,1
1999,8,Jordan,2219,80,2200,3
1999,8,McLaren,2443,80,2521,0
1999,8,Minardi,1860,80,1846,8
1999,8,Prost,1965,80,1922,7
1999,8,Sauber,1953,80,2094,4
1999,8,Stewart,1974,80,1979,6
1999,8,Williams,2198,80,2268,2
1999,9,Arrows,1797,80,1759,9
1999,9,BAR,1840,83,1838,8
1999,9,Benetton,2100,80,2181,3
1999,9,Ferrari,2397,80,2514,0
1999,9,Jordan,2232,80,2277,2
1999,9,McLaren,2436,80,2410,1
1999,9,Minardi,1881,80,1964,6
1999,9,Prost,1981,80,2036,5
1999,9,Sauber,1986,80,2098,4
1999,9,Stewart,1961,80,1918,7
1999,9,Williams,2140,80,1686,10
1999,10,Arrows,1790,80,1761,9
1999,10,BAR,1802,82,1662,10
1999,10,Benetton,2090,80,2057,5
1999,10,Ferrari,2424,80,2526,0
1999,10,Jordan,2262,80,2373,1
1999,10,McLaren,2398,80,2230,3
1999,10,Minardi,1888,80,1912,7
1999,10,Prost,2006,80,2104,4
1999,10,Sauber,1986,80,1984,6
1999,10,Stewart,1938,80,1859,8
1999,10,Williams,2170,80,2268,2
1999,11,Arrows,1782,80,1754,9
1999,11,BAR,1825,81,1900,7
1999,11,Benetton,2097,80,2122,4
1999,11,Ferrari,2422,80,2414,1
1999,11,Jordan,2269,80,2293,2
1999,11,McLaren,2426,80,2528,0
1999,11,Minardi,1879,80,1846,8
1999,11,Prost,2015,80,2048,5
1999,11,Sauber,1932,80,1673,10
1999,11,Stewart,1984,80,2176,3
1999,11,Williams,2133,80,2005,6
1999,12,Arrows,1756,80,1645,10
1999,12,BAR,1827,81,1836,8
1999,12,Benetton,2076,80,1996,6
1999,12,Ferrari,2401,80,2322,2
1999,12,Jordan,2294,80,2387,1
1999,12,McLaren,2450,80,2540,0
1999,12,Minardi,1857,80,1769,9
1999,12,Prost,1996,80,1926,7
1999,12,Sauber,1971,80,2102,4
1999,12,Stewart,1998,80,2043,5
1999,12,Williams,2148,80,2195,3
1999,13,Arrows,1770,80,1824,8
1999,13,BAR,1866,81,2029,5
1999,13,Benetton,2020,80,1672,10
1999,13,Ferrari,2384,80,2324,2
1999,13,Jordan,2335,80,2518,0
1999,13,McLaren,2400,80,2161,4
1999,13,Minardi,1837,80,1762,9
1999,13,Prost,1981,80,1923,7
1999,13,Sauber,1974,80,1982,6
1999,13,Stewart,2036,80,2183,3
1999,13,Williams,2193,80,2376,1
1999,14,Arrows,1796,80,1898,7
1999,14,BAR,1890,80,1972,6
1999,14,Benetton,1985,80,1864,8
1999,14,Ferrari,2336,80,2088,5
1999,14,Jordan,2270,80,1684,10
1999,14,McLaren,2363,80,2242,3
1999,14,Minardi,1883,80,2101,4
1999,14,Prost,2035,80,2364,1
1999,14,Sauber,1934,80,1782,9
1999,14,Stewart,2096,80,2489,0
1999,14,Williams,2215,80,2290,2
1999,15,Arrows,1791,80,1771,9
1999,15,BAR,1883,80,1861,8
1999,15,Benetton,2001,80,2055,5
1999,15,Ferrari,2370,80,2490,0
1999,15,Jordan,2256,80,2218,3
1999,15,McLaren,2368,80,2384,1
1999,15,Minardi,1906,80,1984,6
1999,15,Prost,1976,80,1696,10
1999,15,Sauber,1973,80,2113,4
1999,15,Stewart,2136,80,2265,2
1999,15,Williams,2166,80,1957,7
1999,16,Arrows,1803,80,1850,8
1999,16,BAR,1905,80,1986,6
1999,16,Benetton,1988,80,1941,7
1999,16,Ferrari,2374,80,2388,1
1999,16,Jordan,2263,80,2286,2
1999,16,McLaren,2397,80,2501,0
1999,16,Minardi,1881,80,1792,9
1999,16,Prost,1918,80,1694,10
1999,16,Sauber,2004,80,2116,4
1999,16,Stewart,2121,80,2074,5
1999,16,Williams,2175,80,2203,3
2000,1,Arrows,1780,80,1690,9
2000,1,BAR,1956,80,2235,2
2000,1,Benetton,2022,80,2156,3
2000,1,Ferrari,2402,80,2507,0
2000,1,Jaguar,1428,171,1414,10
2000,1,Jordan,2205,80,1905,7
2000,1,McLaren,2333,80,1828,8
2000,1,Minardi,1919,80,2070,4
2000,1,Prost,1940,80,2005,5
2000,1,Sauber,1992,80,1953,6
2000,1,Williams,2212,80,2353,1
2000,2,Arrows,1828,80,2072,4
2000,2,BAR,1971,80,2020,5
2000,2,Benetton,2075,80,2329,1
2000,2,Ferrari,2424,80,2503,0
2000,2,Jaguar,1583,130,1766,8
2000,2,Jordan,2219,80,2261,2
2000,2,McLaren,2260,80,1919,7
2000,2,Minardi,1927,80,1953,6
2000,2,Prost,1896,80,1738,9
2000,2,Sauber,1933,80,1581,10
2000,2,Williams,2207,80,2187,3
2000,3,Arrows,1842,80,1885,7
2000,3,BAR,2019,80,2229,2
2000,3,Benetton,2067,80,2041,5
2000,3,Ferrari,2441,80,2505,0
2000,3,Jaguar,1744,111,2074,4
2000,3,Jordan,2157,80,1851,8
2000,3,McLaren,2285,80,2349,1
2000,3,Minardi,1935,80,1961,6
2000,3,Prost,1841,80,1609,10
2000,3,Sauber,1981,80,2150,3
2000,3,Williams,2146,80,1761,9
2000,4,Arrows,1802,80,1643,10
2000,4,BAR,1969,80,1774,9
2000,4,Benetton,2073,80,2094,4
2000,4,Ferrari,2428,80,2381,1
2000,4,Jaguar,1802,100,1884,7
2000,4,Jordan,2160,80,2169,3
2000,4,McLaren,2329,80,2471,0
2000,4,Minardi,1915,80,1843,8
2000,4,Prost,1868,80,1952,6
2000,4,Sauber,1992,80,2026,5
2000,4,Williams,2169,80,2238,2
2000,5,Arrows,1767,80,1642,10
2000,5,BAR,1983,80,2024,5
2000,5,Benetton,2053,80,1978,6
2000,5,Ferrari,2419,80,2386,1
2000,5,Jaguar,1830,94,1888,7
2000,5,Jordan,2163,80,2174,3
2000,5,McLaren,2365,80,2486,0
2000,5,Minardi,1899,80,1840,8
2000,5,Prost,1842,80,1759,9
2000,5,Sauber,2014,80,2087,4
2000,5,Williams,2188,80,2248,2
2000,6,Arrows,1828,80,2145,3
2000,6,BAR,1938,80,1767,9
2000,6,Benetton,2090,80,2240,2
2000,6,Ferrari,2439,80,2515,0
2000,6,Jaguar,1828,89,1823,8
2000,6,Jordan,2100,80,1666,10
2000,6,McLaren,2368,80,2380,1
2000,6,Minardi,1923,80,2017,5
2000,6,Prost,1867,80,1950,6
2000,6,Sauber,2031,80,2092,4
2000,6,Williams,2138,80,1924,7
2000,7,Arrows,1829,80,1833,8
2000,7,BAR,1958,80,2021,5
2000,7,Benetton,2121,80,2235,2
2000,7,Ferrari,2429,80,2394,1
2000,7,Jaguar,1887,86,2140,3
2000,7,Jordan,2057,80,1925,7
2000,7,McLaren,2397,80,2504,0
2000,7,Minardi,1878,80,1670,10
2000,7,Prost,1887,80,1957,6
2000,7,Sauber,2044,80,2090,4
2000,7,Williams,2075,80,1789,9
2000,8,Arrows,1886,80,2133,3
2000,8,BAR,1972,80,2020,5
2000,8,Benetton,2163,80,2333,1
2000,8,Ferrari,2448,80,2522,0
2000,8,Jaguar,1858,84,1774,9
2000,8,Jordan,2065,80,2088,4
2000,8,McLaren,2372,80,2283,2
2000,8,Minardi,1870,80,1843,8
2000,8,Prost,1845,80,1672,10
2000,8,Sauber,2029,80,1976,6
2000,8,Williams,2037,80,1923,7
2000,9,Arrows,1837,80,1669,10
2000,9,BAR,2018,80,2220,2
2000,9,Benetton,2135,80,2041,5
2000,9,Ferrari,2438,80,2397,1
2000,9,Jaguar,1853,83,1838,8
2000,9,Jordan,2071,80,2088,4
2000,9,McLaren,2401,80,2508,0
2000,9,Minardi,1848,80,1769,9
2000,9,Prost,1857,80,1896,7
2000,9,Sauber,2017,80,1972,6
2000,9,Williams,2064,80,2149,3
2000,10,Arrows,1817,80,1759,9
2000,10,BAR,2061,80,2226,2
2000,10,Benetton,2092,80,1923,7
2000,10,Ferrari,2429,80,2398,1
2000,10,Jaguar,1887,82,2009,5
2000,10,Jordan,2012,80,1677,10
2000,10,McLaren,2426,80,2518,0
2000,10,Minardi,1870,80,1951,6
2000,10,Prost,1852,80,1834,8
2000,10,Sauber,2031,80,2084,4
2000,10,Williams,2086,80,2154,3
2000,11,Arrows,1868,80,2067,4
2000,11,BAR,2054,80,2032,5
2000,11,Benetton,2030,80,1682,10
2000,11,Ferrari,2450,80,2530,0
2000,11,Jaguar,1890,81,1901,7
2000,11,Jordan,2001,80,1971,6
2000,11,McLaren,2420,80,2398,1
2000,11,Minardi,1863,80,1839,8
2000,11,Prost,1833,80,1764,9
2000,11,Sauber,2055,80,2149,3
2000,11,Williams,2118,80,2233,2
2000,12,Arrows,1861,80,1840,8
2000,12,BAR,2025,80,1920,7
2000,12,Benetton,2016,80,1973,6
2000,12,Ferrari,2441,80,2406,1
2000,12,Jaguar,1926,81,2070,4
2000,12,Jordan,2033,80,2145,3
2000,12,McLaren,2443,80,2531,0
2000,12,Minardi,1844,80,1769,9
2000,12,Prost,1799,80,1662,10
2000,12,Sauber,2050,80,2030,5
2000,12,Williams,2144,80,2237,2
2000,13,Arrows,1838,80,1764,9
2000,13,BAR,2038,80,2084,4
2000,13,Benetton,1992,80,1915,7
2000,13,Ferrari,2434,80,2409,1
2000,13,Jaguar,1946,81,2016,5
2000,13,Jordan,2060,80,2150,3
2000,13,McLaren,2463,80,2542,0
2000,13,Minardi,1841,80,1833,8
2000,13,Prost,1768,80,1649,10
2000,13,Sauber,2034,80,1975,6
2000,13,Williams,2166,80,2245,2
2000,14,Arrows,1892,80,2139,3
2000,14,BAR,2036,80,2030,5
2000,14,Benetton,2013,80,2083,4
2000,14,Ferrari,2456,80,2545,0
2000,14,Jaguar,1910,80,1767,9
2000,14,Jordan,2000,80,1668,10
2000,14,McLaren,2454,80,2420,1
2000,14,Minardi,1852,80,1891,7
2000,14,Prost,1779,80,1818,8
2000,14,Sauber,2021,80,1972,6
2000,14,Williams,2184,80,2254,2
2000,15,Arrows,1842,80,1662,10
2000,15,BAR,2074,80,2235,2
2000,15,Benetton,1991,80,1912,7
2000,15,Ferrari,2476,80,2555,0
2000,15,Jaguar,1944,80,2071,4
2000,15,Jordan,2064,80,2345,1
2000,15,McLaren,2411,80,2208,3
2000,15,Minardi,1848,80,1832,8
2000,15,Prost,1812,80,1943,6
2000,15,Sauber,2022,80,2024,5
2000,15,Williams,2128,80,1786,9
2000,16,Arrows,1870,80,1955,6
2000,16,BAR,2093,80,2158,3
2000,16,Benetton,1962,80,1854,8
2000,16,Ferrari,2493,80,2555,0
2000,16,Jaguar,1974,80,2079,4
2000,16,Jordan,2028,80,1922,7
2000,16,McLaren,2409,80,2403,1
2000,16,Minardi,1831,80,1764,9
2000,16,Prost,1779,80,1654,10
2000,16,Sauber,2023,80,2030,5
2000,16,Williams,2156,80,2244,2
2000,17,Arrows,1890,80,1956,6
2000,17,BAR,2123,80,2243,2
2000,17,Benetton,1988,80,2081,4
2000,17,Ferrari,2508,80,2565,0
2000,17,Jaguar,2009,80,2149,3
2000,17,Jordan,1987,80,1855,8
2000,17,McLaren,2409,80,2407,1
2000,17,Minardi,1816,80,1757,9
2000,17,Prost,1803,80,1888,7
2000,17,Sauber,2025,80,2030,5
2000,17,Williams,2088,80,1677,10
2001,1,Arrows,1894,80,1905,7
2001,1,BAR,2118,80,2100,4
2001,1,Benetton,1947,80,1783,9
2001,1,Ferrari,2521,80,2574,0
2001,1,Jaguar,2014,80,2029,5
2001,1,Jordan,2025,80,2148,3
2001,1,McLaren,2408,80,2408,1
2001,1,Minardi,1819,80,1834,8
2001,1,Prost,1835,80,1953,6
2001,1,Sauber,2062,80,2232,2
2001,1,Williams,2009,80,1682,10
2001,2,Arrows,1929,80,2072,4
2001,2,BAR,2066,80,1794,9
2001,2,Benetton,1939,80,1912,7
2001,2,Ferrari,2534,80,2583,0
2001,2,Jaguar,2005,80,1973,6
2001,2,Jordan,2069,80,2229,2
2001,2,McLaren,2408,80,2409,1
2001,2,Minardi,1823,80,1836,8
2001,2,Prost,1870,80,2010,5
2001,2,Sauber,2006,80,1687,10
2001,2,Williams,2049,80,2147,3
2001,3,Arrows,1883,80,1687,10
2001,3,BAR,2087,80,2152,3
2001,3,Benetton,1957,80,2021,5
2001,3,Ferrari,2516,80,2443,1
2001,3,Jaguar,1966,80,1796,9
2001,3,Jordan,2074,80,2090,4
2001,3,McLaren,2437,80,2553,0
2001,3,Minardi,1839,80,1903,7
2001,3,Prost,1891,80,1962,6
2001,3,Sauber,2053,80,2225,2
2001,3,Williams,2003,80,1870,8
2001,4,Arrows,1889,80,1908,7
2001,4,BAR,2075,80,2036,5
2001,4,Benetton,1924,80,1791,9
2001,4,Ferrari,2478,80,2315,2
2001,4,Jaguar,1942,80,1860,8
2001,4,Jordan,2093,80,2155,3
2001,4,McLaren,2433,80,2421,1
2001,4,Minardi,1808,80,1673,10
2001,4,Prost,1906,80,1963,6
2001,4,Sauber,2062,80,2088,4
2001,4,Williams,2079,80,2509,0
2001,5,Arrows,1894,80,1909,7
2001,5,BAR,2109,80,2240,2
2001,5,Benetton,1894,80,1784,9
2001,5,Ferrari,2497,80,2562,0
2001,5,Jaguar,1895,80,1683,10
2001,5,Jordan,2108,80,2163,3
2001,5,McLaren,2385,80,2130,4
2001,5,Minardi,1814,80,1839,8
2001,5,Prost,1919,80,1966,6
2001,5,Sauber,2056,80,2038,5
2001,5,Williams,2144,80,2348,1
2001,6,Arrows,1931,80,2086,4
2001,6,BAR,2123,80,2174,3
2001,6,Benetton,1898,80,1910,7
2001,6,Ferrari,2482,80,2427,1
2001,6,Jaguar,1925,80,2025,5
2001,6,Jordan,2050,80,1691,10
2001,6,McLaren,2417,80,2532,0
2001,6,Minardi,1804,80,1766,9
2001,6,Prost,1930,80,1970,6
2001,6,Sauber,2094,80,2246,2
2001,6,Williams,2079,80,1872,8
2001,7,Arrows,1941,80,1974,6
2001,7,BAR,2150,80,2251,2
2001,7,Benetton,1924,80,2026,5
2001,7,Ferrari,2498,80,2561,0
2001,7,Jaguar,1986,80,2341,1
2001,7,Jordan,1984,80,1695,10
2001,7,McLaren,2375,80,2211,3
2001,7,Minardi,1797,80,1770,9
2001,7,Prost,1960,80,2086,4
2001,7,Sauber,2060,80,1936,7
2001,7,Williams,2027,80,1874,8
2001,8,Arrows,1924,80,1864,8
2001,8,BAR,2096,80,1809,9
2001,8,Benetton,1881,80,1689,10
2001,8,Ferrari,2482,80,2421,1
2001,8,Jaguar,1998,80,2032,5
2001,8,Jordan,1982,80,1979,6
2001,8,McLaren,2354,80,2286,2
2001,8,Minardi,1819,80,1906,7
2001,8,Prost,1985,80,2084,4
2001,8,Sauber,2082,80,2157,3
2001,8,Williams,2105,80,2484,0
2001,9,Arrows,1898,80,1795,9
2001,9,BAR,2098,80,2103,4
2001,9,Benetton,1902,80,1973,6
2001,9,Ferrari,2496,80,2546,0
2001,9,Jaguar,2032,80,2153,3
2001,9,Jordan,1925,80,1698,10
2001,9,McLaren,2337,80,2280,2
2001,9,Minardi,1826,80,1851,8
2001,9,Prost,1973,80,1930,7
2001,9,Sauber,2074,80,2047,5
2001,9,Williams,2167,80,2336,1
2001,10,Arrows,1889,80,1859,8
2001,10,BAR,2087,80,2050,5
2001,10,Benetton,1906,80,1919,7
2001,10,Ferrari,2508,80,2555,0
2001,10,Jaguar,1986,80,1803,9
2001,10,Jordan,1977,80,2153,3
2001,10,McLaren,2325,80,2282,2
2001,10,Minardi,1796,80,1674,10
2001,10,Prost,1975,80,1982,6
2001,10,Sauber,2081,80,2104,4
2001,10,Williams,2213,80,2347,1
2001,11,Arrows,1895,80,1917,7
2001,11,BAR,2078,80,2050,5
2001,11,Benetton,1881,80,1787,9
2001,11,Ferrari,2490,80,2423,1
2001,11,Jaguar,1985,80,1984,6
2001,11,Jordan,2007,80,2096,4
2001,11,McLaren,2362,80,2513,0
2001,11,Minardi,1769,80,1663,10
2001,11,Prost,1953,80,1867,8
2001,11,Sauber,2100,80,2171,3
2001,11,Williams,2227,80,2265,2
2001,12,Arrows,1922,80,2031,5
2001,12,BAR,2113,80,2254,2
2001,12,Benetton,1929,80,2159,3
2001,12,Ferrari,2477,80,2425,1
2001,12,Jaguar,1931,80,1683,10
2001,12,Jordan,1988,80,1929,7
2001,12,McLaren,2300,80,1883,8
2001,12,Minardi,1807,80,1962,6
2001,12,Prost,1982,80,2096,4
2001,12,Sauber,2050,80,1798,9
2001,12,Williams,2278,80,2502,0
2001,13,Arrows,1923,80,1925,7
2001,13,BAR,2114,80,2116,4
2001,13,Benetton,1915,80,1867,8
2001,13,Ferrari,2491,80,2545,0
2001,13,Jaguar,1944,80,1982,6
2001,13,Jordan,2001,80,2043,5
2001,13,McLaren,2319,80,2376,1
2001,13,Minardi,1777,80,1672,10
2001,13,Prost,1946,80,1802,9
2001,13,Sauber,2078,80,2173,3
2001,13,Williams,2278,80,2281,2
2001,14,Arrows,1923,80,1922,7
2001,14,BAR,2102,80,2059,5
2001,14,Benetton,1970,80,2246,2
2001,14,Ferrari,2505,80,2558,0
2001,14,Jaguar,1910,80,1791,9
2001,14,Jordan,2036,80,2172,3
2001,14,McLaren,2335,80,2387,1
2001,14,Minardi,1792,80,1841,8
2001,14,Prost,1954,80,1982,6
2001,14,Sauber,2017,80,1695,10
2001,14,Williams,2248,80,2139,4
2001,15,Arrows,1897,80,1792,9
2001,15,BAR,2118,80,2179,3
2001,15,Benetton,1974,80,1985,6
2001,15,Ferrari,2489,80,2428,1
2001,15,Jaguar,1968,80,2241,2
2001,15,Jordan,2038,80,2048,5
2001,15,McLaren,2270,80,1706,10
2001,15,Minardi,1804,80,1846,8
2001,15,Prost,1949,80,1928,7
2001,15,Sauber,2040,80,2104,4
2001,15,Williams,2297,80,2505,0
2001,16,Arrows,1891,80,1869,8
2001,16,BAR,2086,80,1953,7
2001,16,Benetton,1991,80,2048,5
2001,16,Ferrari,2475,80,2419,1
2001,16,Jaguar,2014,80,2170,3
2001,16,Jordan,2079,80,2251,2
2001,16,McLaren,2322,80,2500,0
2001,16,Minardi,1777,80,1675,10
2001,16,Prost,1958,80,1991,6
2001,16,Sauber,2057,80,2113,4
2001,16,Williams,2229,80,1822,9
2001,17,Arrows,1872,80,1799,9
2001,17,BAR,2070,80,2014,6
2001,17,Benetton,2029,80,2176,3
2001,17,Ferrari,2489,80,2544,0
2001,17,Jaguar,1953,80,1706,10
2001,17,Jordan,2089,80,2124,4
2001,17,McLaren,2314,80,2292,2
2001,17,Minardi,1807,80,1924,7
2001,17,Prost,1942,80,1883,8
2001,17,Sauber,2059,80,2065,5
2001,17,Williams,2264,80,2364,1
2002,1,Arrows,1876,80,1892,7
2002,1,BAR,2053,80,1989,6
2002,1,Ferrari,2502,80,2553,0
2002,1,Jaguar,2001,80,2151,3
2002,1,Jordan,2043,80,1842,8
2002,1,McLaren,2307,80,2284,2
2002,1,Minardi,1854,80,2065,4
2002,1,Renault,1717,80,1699,9
2002,1,Sauber,1999,80,1608,10
2002,1,Toyota,1933,171,2019,5
2002,1,Williams,2290,80,2369,1
2002,2,Arrows,1867,80,1834,8
2002,2,BAR,2051,80,2043,5
2002,2,Ferrari,2487,80,2426,1
2002,2,Jaguar,1979,80,1916,7
2002,2,Jordan,2029,80,1982,6
2002,2,McLaren,2242,80,1662,10
2002,2,Minardi,1831,80,1752,9
2002,2,Renault,1775,80,2230,2
2002,2,Sauber,2037,80,2157,3
2002,2,Toyota,2008,130,2092,4
2002,2,Williams,2334,80,2509,0
2002,3,Arrows,1830,80,1658,10
2002,3,BAR,2026,80,1926,7
2002,3,Ferrari,2500,80,2553,0
2002,3,Jaguar,1993,80,2035,5
2002,3,Jordan,2018,80,1983,6
2002,3,McLaren,2250,80,2271,2
2002,3,Minardi,1832,80,1835,8
2002,3,Renault,1842,80,2146,3
2002,3,Sauber,1984,80,1784,9
2002,3,Toyota,2039,111,2098,4
2002,3,Williams,2346,80,2383,1
2002,4,Arrows,1844,80,1895,7
2002,4,BAR,2040,80,2092,4
2002,4,Ferrari,2513,80,2563,0
2002,4,Jaguar,1962,80,1852,8
2002,4,Jordan,1965,80,1680,10
2002,4,McLaren,2236,80,2192,3
2002,4,Minardi,1857,80,1953,6
2002,4,Renault,1918,80,2231,2
2002,4,Sauber,1995,80,2027,5
2002,4,Toyota,1973,100,1781,9
2002,4,Williams,2356,80,2390,1
2002,5,Arrows,1886,80,2069,4
2002,5,BAR,2038,80,2029,5
2002,5,Ferrari,2525,80,2571,0
2002,5,Jaguar,1938,80,1856,8
2002,5,Jordan,1926,80,1788,9
2002,5,McLaren,2243,80,2266,2
2002,5,Minardi,1820,80,1673,10
2002,5,Renault,1915,80,1909,7
2002,5,Sauber,2029,80,2149,3
2002,5,Toyota,1971,94,1968,6
2002,5,Williams,2363,80,2392,1
2002,6,Arrows,1889,80,1902,7
2002,6,BAR,2024,80,1973,6
2002,6,Ferrari,2537,80,2581,0
2002,6,Jaguar,1905,80,1780,9
2002,6,Jordan,1983,80,2230,2
2002,6,McLaren,2230,80,2185,3
2002,6,Minardi,1824,80,1835,8
2002,6,Renault,1953,80,2073,4
2002,6,Sauber,1970,80,1686,10
2002,6,Toyota,1984,89,2020,5
2002,6,Williams,2371,80,2399,1
2002,7,Arrows,1915,80,2011,5
2002,7,BAR,1975,80,1689,10
2002,7,Ferrari,2518,80,2443,1
2002,7,Jaguar,1905,80,1905,7
2002,7,Jordan,2008,80,2079,4
2002,7,McLaren,2279,80,2517,0
2002,7,Minardi,1827,80,1836,8
2002,7,Renault,1995,80,2143,3
2002,7,Sauber,1969,80,1965,6
2002,7,Toyota,1941,86,1786,9
2002,7,Williams,2355,80,2294,2
2002,8,Arrows,1901,80,1850,8
2002,8,BAR,1985,80,2021,5
2002,8,Ferrari,2530,80,2578,0
2002,8,Jaguar,1864,80,1680,10
2002,8,Jordan,2055,80,2239,2
2002,8,McLaren,2303,80,2382,1
2002,8,Minardi,1842,80,1897,7
2002,8,Renault,2030,80,2151,3
2002,8,Sauber,1968,80,1967,6
2002,8,Toyota,1905,84,1784,9
2002,8,Williams,2314,80,2124,4
2002,9,Arrows,1902,80,1905,7
2002,9,BAR,1994,80,2026,5
2002,9,Ferrari,2541,80,2584,0
2002,9,Jaguar,1885,80,1957,6
2002,9,Jordan,1991,80,1689,10
2002,9,McLaren,2322,80,2387,1
2002,9,Minardi,1826,80,1769,9
2002,9,Renault,2058,80,2160,3
2002,9,Sauber,1993,80,2084,4
2002,9,Toyota,1891,83,1847,8
2002,9,Williams,2308,80,2289,2
2002,10,Arrows,1890,80,1846,8
2002,10,BAR,2039,80,2243,2
2002,10,Ferrari,2552,80,2593,0
2002,10,Jaguar,1901,80,1959,6
2002,10,Jordan,2016,80,2086,4
2002,10,McLaren,2273,80,2058,5
2002,10,Minardi,1795,80,1663,10
2002,10,Renault,2029,80,1922,7
2002,10,Sauber,2027,80,2157,3
2002,10,Toyota,1866,82,1775,9
2002,10,Williams,2326,80,2392,1
2002,11,BAR,1994,80,1815,8
2002,11,Ferrari,2561,80,2598,0
2002,11,Jaguar,1910,80,1941,6
2002,11,Jordan,1955,80,1703,9
2002,11,McLaren,2299,80,2381,1
2002,11,Minardi,1833,80,1995,5
2002,11,Renault,2056,80,2156,3
2002,11,Sauber,2040,80,2084,4
2002,11,Toyota,1867,81,1870,7
2002,11,Williams,2318,80,2289,2
2002,12,Arrows,1893,80,1904,7
2002,12,BAR,1963,80,1856,8
2002,12,Ferrari,2571,80,2606,0
2002,12,Jaguar,1921,80,1962,6
2002,12,Jordan,1988,80,2083,4
2002,12,McLaren,2296,80,2289,2
2002,12,Minardi,1798,80,1664,10
2002,12,Renault,2007,80,1791,9
2002,12,Sauber,2065,80,2163,3
2002,12,Toyota,1897,81,2014,5
2002,12,Williams,2334,80,2395,1
2002,13,BAR,1959,80,1946,6
2002,13,Ferrari,2579,80,2614,0
2002,13,Jaguar,1911,80,1876,7
2002,13,Jordan,2025,80,2149,3
2002,13,McLaren,2294,80,2287,2
2002,13,Minardi,1770,80,1672,9
2002,13,Renault,2008,80,2013,5
2002,13,Sauber,2070,80,2086,4
2002,13,Toyota,1875,81,1798,8
2002,13,Williams,2348,80,2402,1
2002,14,BAR,1969,80,2007,5
2002,14,Ferrari,2588,80,2622,0
2002,14,Jaguar,1952,80,2145,3
2002,14,Jordan,1993,80,1885,7
2002,14,McLaren,2294,80,2291,2
2002,14,Minardi,1745,80,1657,9
2002,14,Renault,1967,80,1805,8
2002,14,Sauber,2047,80,1958,6
2002,14,Toyota,1913,80,2065,4
2002,14,Williams,2361,80,2410,1
2002,15,BAR,2004,80,2146,3
2002,15,Ferrari,2597,80,2630,0
2002,15,Jaguar,2011,80,2361,1
2002,15,Jordan,1997,80,2008,5
2002,15,McLaren,2259,80,2113,4
2002,15,Minardi,1750,80,1764,8
2002,15,Renault,2020,80,2240,2
2002,15,Sauber,2027,80,1953,6
2002,15,Toyota,1903,80,1871,7
2002,15,Williams,2303,80,1702,9
2002,16,BAR,2022,80,2084,4
2002,16,Ferrari,2603,80,2628,0
2002,16,Jaguar,1983,80,1897,7
2002,16,Jordan,2002,80,2021,5
2002,16,McLaren,2284,80,2376,1
2002,16,Minardi,1731,80,1659,9
2002,16,Renault,2052,80,2154,3
2002,16,Sauber,2014,80,1964,6
2002,16,Toyota,1882,80,1805,8
2002,16,Williams,2297,80,2281,2
2002,17,BAR,1969,80,1697,9
2002,17,Ferrari,2609,80,2635,0
2002,17,Jaguar,1962,80,1891,7
2002,17,Jordan,2033,80,2156,3
2002,17,McLaren,2306,80,2387,1
2002,17,Minardi,1738,80,1766,8
2002,17,Renault,2061,80,2092,4
2002,17,Sauber,2016,80,2023,5
2002,17,Toyota,1895,80,1944,6
2002,17,Williams,2294,80,2285,2
2003,1,BAR,1980,80,2016,5
2003,1,Ferrari,2565,80,2337,2
2003,1,Jaguar,1929,80,1807,8
2003,1,Jordan,2004,80,1895,7
2003,1,McLaren,2350,80,2552,0
2003,1,Minardi,1774,80,1926,6
2003,1,Renault,2084,80,2164,3
2003,1,Sauber,2030,80,2086,4
2003,1,Toyota,1856,80,1684,9
2003,1,Williams,2316,80,2394,1
2003,2,BAR,2003,80,2083,4
2003,2,Ferrari,2544,80,2467,1
2003,2,Jaguar,1884,80,1689,9
2003,2,Jordan,1993,80,1955,6
2003,2,McLaren,2391,80,2554,0
2003,2,Minardi,1774,80,1773,8
2003,2,Renault,2119,80,2262,2
2003,2,Sauber,2029,80,2023,5
2003,2,Toyota,1858,80,1867,7
2003,2,Williams,2293,80,2211,3
2003,3,BAR,2022,80,2089,4
2003,3,Ferrari,2481,80,1820,8
2003,3,Jaguar,1897,80,1938,6
2003,3,Jordan,2053,80,2525,0
2003,3,McLaren,2400,80,2427,1
2003,3,Minardi,1749,80,1657,9
2003,3,Renault,2150,80,2271,2
2003,3,Sauber,2056,80,2169,3
2003,3,Toyota,1860,80,1864,7
2003,3,Williams,2249,80,2053,5
2003,4,BAR,2040,80,2106,4
2003,4,Ferrari,2502,80,2564,0
2003,4,Jaguar,1893,80,1881,7
2003,4,Jordan,2003,80,1818,8
2003,4,McLaren,2404,80,2417,1
2003,4,Minardi,1729,80,1652,9
2003,4,Renault,2160,80,2195,3
2003,4,Sauber,2039,80,1976,6
2003,4,Toyota,1891,80,2019,5
2003,4,Williams,2259,80,2292,2
2003,5,BAR,2025,80,1971,6
2003,5,Ferrari,2520,80,2578,0
2003,5,Jaguar,1931,80,2089,4
2003,5,Jordan,2010,80,2033,5
2003,5,McLaren,2342,80,1703,9
2003,5,Minardi,1736,80,1764,8
2003,5,Renault,2200,80,2380,1
2003,5,Sauber,2011,80,1899,7
2003,5,Toyota,1939,80,2167,3
2003,5,Williams,2267,80,2296,2
2003,6,BAR,2068,80,2265,2
2003,6,Ferrari,2534,80,2582,0
2003,6,Jaguar,1966,80,2099,4
2003,6,Jordan,1987,80,1907,7
2003,6,McLaren,2358,80,2405,1
2003,6,Minardi,1745,80,1778,8
2003,6,Renault,2172,80,2065,5
2003,6,Sauber,1961,80,1707,9
2003,6,Toyota,1945,80,1966,6
2003,6,Williams,2256,80,2217,3
2003,7,BAR,2035,80,1914,7
2003,7,Ferrari,2495,80,2340,2
2003,7,Jaguar,1917,80,1706,9
2003,7,Jordan,1998,80,2037,5
2003,7,McLaren,2371,80,2411,1
2003,7,Minardi,1753,80,1782,8
2003,7,Renault,2178,80,2199,3
2003,7,Sauber,1963,80,1969,6
2003,7,Toyota,1977,80,2098,4
2003,7,Williams,2303,80,2526,0
2003,8,BAR,2007,80,1908,7
2003,8,Ferrari,2513,80,2573,0
2003,8,Jaguar,1957,80,2096,4
2003,8,Jordan,1948,80,1708,9
2003,8,McLaren,2341,80,2234,3
2003,8,Minardi,1788,80,1942,6
2003,8,Renault,2201,80,2286,2
2003,8,Sauber,1933,80,1819,8
2003,8,Toyota,1990,80,2034,5
2003,8,Williams,2325,80,2402,1
2003,9,BAR,2029,80,2103,4
2003,9,Ferrari,2499,80,2450,1
2003,9,Jaguar,2003,80,2175,3
2003,9,Jordan,1952,80,1962,6
2003,9,McLaren,2278,80,1841,8
2003,9,Minardi,1806,80,1872,7
2003,9,Renault,2220,80,2291,2
2003,9,Sauber,1953,80,2025,5
2003,9,Toyota,1942,80,1714,9
2003,9,Williams,2367,80,2536,0
2003,10,BAR,2032,80,2044,5
2003,10,Ferrari,2487,80,2444,1
2003,10,Jaguar,2042,80,2183,3
2003,10,Jordan,1925,80,1827,8
2003,10,McLaren,2285,80,2305,2
2003,10,Minardi,1822,80,1882,7
2003,10,Renault,2161,80,1735,9
2003,10,Sauber,1957,80,1970,6
2003,10,Toyota,1977,80,2102,4
2003,10,Williams,2403,80,2540,0
2003,11,BAR,2036,80,2049,5
2003,11,Ferrari,2505,80,2572,0
2003,11,Jaguar,2000,80,1845,8
2003,11,Jordan,1920,80,1906,7
2003,11,McLaren,2290,80,2306,2
2003,11,Minardi,1797,80,1702,9
2003,11,Renault,2172,80,2204,3
2003,11,Sauber,1961,80,1976,6
2003,11,Toyota,2006,80,2108,4
2003,11,Williams,2408,80,2425,1
2003,12,BAR,2039,80,2048,5
2003,12,Ferrari,2453,80,2165,4
2003,12,Jaguar,1979,80,1913,7
2003,12,Jordan,1882,80,1715,9
2003,12,McLaren,2316,80,2408,1
2003,12,Minardi,1799,80,1803,8
2003,12,Renault,2199,80,2291,2
2003,12,Sauber,1964,80,1975,6
2003,12,Toyota,2043,80,2186,3
2003,12,Williams,2439,80,2559,0
2003,13,BAR,2028,80,1986,6
2003,13,Ferrari,2398,80,2171,4
2003,13,Jaguar,2023,80,2191,3
2003,13,Jordan,1845,80,1704,9
2003,13,McLaren,2338,80,2417,1
2003,13,Minardi,1799,80,1799,8
2003,13,Renault,2252,80,2525,0
2003,13,Sauber,1980,80,2042,5
2003,13,Toyota,2015,80,1917,7
2003,13,Williams,2419,80,2346,2
2003,14,BAR,2061,80,2202,3
2003,14,Ferrari,2433,80,2542,0
2003,14,Jaguar,2047,80,2124,4
2003,14,Jordan,1855,80,1888,7
2003,14,McLaren,2336,80,2328,2
2003,14,Minardi,1798,80,1797,8
2003,14,Renault,2214,80,2083,5
2003,14,Sauber,1980,80,1980,6
2003,14,Toyota,1962,80,1718,9
2003,14,Williams,2421,80,2431,1
2003,15,BAR,2007,80,1722,9
2003,15,Ferrari,2462,80,2556,0
2003,15,Jaguar,2033,80,1988,6
2003,15,Jordan,1891,80,2033,5
2003,15,McLaren,2353,80,2418,1
2003,15,Minardi,1798,80,1797,8
2003,15,Renault,2217,80,2227,3
2003,15,Sauber,2027,80,2284,2
2003,15,Toyota,1948,80,1906,7
2003,15,Williams,2377,80,2174,4
2003,16,BAR,2061,80,2284,2
2003,16,Ferrari,2485,80,2564,0
2003,16,Jaguar,2023,80,1986,6
2003,16,Jordan,1874,80,1818,8
2003,16,McLaren,2367,80,2421,1
2003,16,Minardi,1776,80,1687,9
2003,16,Renault,2219,80,2226,3
2003,16,Sauber,2033,80,2052,5
2003,16,Toyota,1984,80,2113,4
2003,16,Williams,2315,80,1938,7
2004,1,BAR,2096,80,2205,3
2004,1,Ferrari,2504,80,2571,0
2004,1,Jaguar,2016,80,1992,6
2004,1,Jordan,1862,80,1817,8
2004,1,McLaren,2330,80,2172,4
2004,1,Minardi,1756,80,1679,9
2004,1,Renault,2255,80,2397,1
2004,1,Sauber,2039,80,2060,5
2004,1,Toyota,1968,80,1916,7
2004,1,Williams,2317,80,2322,2
2004,2,BAR,2138,80,2294,2
2004,2,Ferrari,2520,80,2580,0
2004,2,Jaguar,1996,80,1919,7
2004,2,Jordan,1850,80,1809,8
2004,2,McLaren,2298,80,2173,4
2004,2,Minardi,1738,80,1666,9
2004,2,Renault,2251,80,2237,3
2004,2,Sauber,2044,80,2064,5
2004,2,Toyota,1972,80,1985,6
2004,2,Williams,2339,80,2414,1
2004,3,BAR,2187,80,2394,1
2004,3,Ferrari,2535,80,2590,0
2004,3,Jaguar,2023,80,2131,4
2004,3,Jordan,1859,80,1890,7
2004,3,McLaren,2235,80,1715,9
2004,3,Minardi,1746,80,1778,8
2004,3,Renault,2265,80,2316,2
2004,3,Sauber,2034,80,1996,6
2004,3,Toyota,1990,80,2057,5
2004,3,Williams,2320,80,2253,3
2004,4,BAR,2230,80,2394,1
2004,4,Ferrari,2547,80,2595,0
2004,4,Jaguar,2003,80,1927,7
2004,4,Jordan,1827,80,1691,9
2004,4,McLaren,2218,80,2168,4
2004,4,Minardi,1755,80,1788,8
2004,4,Renault,2260,80,2241,3
2004,4,Sauber,2042,80,2072,5
2004,4,Toyota,1992,80,1997,6
2004,4,Williams,2321,80,2325,2
2004,5,BAR,2249,80,2313,2
2004,5,Ferrari,2559,80,2604,0
2004,5,Jaguar,2001,80,1996,6
2004,5,Jordan,1821,80,1800,8
2004,5,McLaren,2190,80,2097,5
2004,5,Minardi,1736,80,1661,9
2004,5,Renault,2289,80,2408,1
2004,5,Sauber,2062,80,2143,4
2004,5,Toyota,1976,80,1918,7
2004,5,Williams,2306,80,2252,3
2004,6,BAR,2282,80,2410,1
2004,6,Ferrari,2523,80,2367,2
2004,6,Jaguar,1953,80,1699,9
2004,6,Jordan,1850,80,1969,6
2004,6,McLaren,2133,80,1840,8
2004,6,Minardi,1763,80,1872,7
2004,6,Renault,2334,80,2547,0
2004,6,Sauber,2080,80,2146,4
2004,6,Toyota,1994,80,2064,5
2004,6,Williams,2295,80,2252,3
2004,7,BAR,2310,80,2416,1
2004,7,Ferrari,2539,80,2594,0
2004,7,Jaguar,1991,80,2133,4
2004,7,Jordan,1876,80,1972,6
2004,7,McLaren,2067,80,1720,9
2004,7,Minardi,1769,80,1789,8
2004,7,Renault,2335,80,2335,2
2004,7,Sauber,2107,80,2221,3
2004,7,Toyota,1978,80,1918,7
2004,7,Williams,2259,80,2104,5
2004,8,BAR,2333,80,2421,1
2004,8,Ferrari,2552,80,2603,0
2004,8,Jaguar,2008,80,2063,5
2004,8,Jordan,1921,80,2124,4
2004,8,McLaren,2105,80,2216,3
2004,8,Minardi,1805,80,1966,6
2004,8,Renault,2278,80,1950,7
2004,8,Sauber,2144,80,2301,2
2004,8,Toyota,1934,80,1718,9
2004,8,Williams,2202,80,1856,8
2004,9,BAR,2351,80,2419,1
2004,9,Ferrari,2564,80,2607,0
2004,9,Jaguar,1991,80,1934,7
2004,9,Jordan,1880,80,1727,9
2004,9,McLaren,2116,80,2150,4
2004,9,Minardi,1850,80,2051,5
2004,9,Renault,2288,80,2318,2
2004,9,Sauber,2118,80,2023,6
2004,9,Toyota,1984,80,2203,3
2004,9,Williams,2142,80,1869,8
2004,10,BAR,2346,80,2328,2
2004,10,Ferrari,2575,80,2616,0
2004,10,Jaguar,2007,80,2064,5
2004,10,Jordan,1870,80,1836,8
2004,10,McLaren,2139,80,2213,3
2004,10,Minardi,1821,80,1720,9
2004,10,Renault,2315,80,2411,1
2004,10,Sauber,2096,80,2017,6
2004,10,Toyota,1971,80,1931,7
2004,10,Williams,2144,80,2148,4
2004,11,BAR,2343,80,2332,2
2004,11,Ferrari,2585,80,2625,0
2004,11,Jaguar,2020,80,2066,5
2004,11,Jordan,1860,80,1827,8
2004,11,McLaren,2186,80,2398,1
2004,11,Minardi,1795,80,1704,9
2004,11,Renault,2263,80,2031,6
2004,11,Sauber,2107,80,2144,4
2004,11,Toyota,1960,80,1925,7
2004,11,Williams,2162,80,2220,3
2004,12,BAR,2360,80,2426,1
2004,12,Ferrari,2595,80,2631,0
2004,12,Jaguar,2031,80,2072,5
2004,12,Jordan,1851,80,1821,8
2004,12,McLaren,2196,80,2229,3
2004,12,Minardi,1772,80,1690,9
2004,12,Renault,2276,80,2317,2
2004,12,Sauber,2088,80,2017,6
2004,12,Toyota,1952,80,1923,7
2004,12,Williams,2161,80,2157,4
2004,13,BAR,2339,80,2258,3
2004,13,Ferrari,2604,80,2640,0
2004,13,Jaguar,2025,80,2004,6
2004,13,Jordan,1843,80,1812,8
2004,13,McLaren,2174,80,2096,5
2004,13,Minardi,1751,80,1675,9
2004,13,Renault,2308,80,2420,1
2004,13,Sauber,2101,80,2148,4
2004,13,Toyota,1945,80,1917,7
2004,13,Williams,2191,80,2307,2
2004,14,BAR,2282,80,1852,8
2004,14,Ferrari,2583,80,2497,1
2004,14,Jaguar,2061,80,2216,3
2004,14,Jordan,1870,80,1976,6
2004,14,McLaren,2231,80,2558,0
2004,14,Minardi,1732,80,1662,9
2004,14,Renault,2267,80,2109,5
2004,14,Sauber,2139,80,2304,2
2004,14,Toyota,1981,80,2135,4
2004,14,Williams,2145,80,1943,7
2004,15,BAR,2312,80,2411,1
2004,15,Ferrari,2592,80,2626,0
2004,15,Jaguar,2066,80,2087,5
2004,15,Jordan,1859,80,1821,8
2004,15,McLaren,2233,80,2240,3
2004,15,Minardi,1717,80,1660,9
2004,15,Renault,2220,80,2043,6
2004,15,Sauber,2144,80,2162,4
2004,15,Toyota,1970,80,1932,7
2004,15,Williams,2180,80,2301,2
2004,16,BAR,2337,80,2420,1
2004,16,Ferrari,2600,80,2634,0
2004,16,Jaguar,2057,80,2021,6
2004,16,Jordan,1870,80,1909,7
2004,16,McLaren,2252,80,2315,2
2004,16,Minardi,1703,80,1649,9
2004,16,Renault,2225,80,2241,3
2004,16,Sauber,2134,80,2101,5
2004,16,Toyota,1942,80,1835,8
2004,16,Williams,2177,80,2170,4
2004,17,BAR,2337,80,2338,2
2004,17,Ferrari,2609,80,2643,0
2004,17,Jaguar,2033,80,1937,7
2004,17,Jordan,1857,80,1811,8
2004,17,McLaren,2236,80,2181,4
2004,17,Minardi,1690,80,1639,9
2004,17,Renault,2230,80,2245,3
2004,17,Sauber,2127,80,2098,5
2004,17,Toyota,1955,80,1999,6
2004,17,Williams,2221,80,2408,1
2004,18,BAR,2307,80,2193,4
2004,18,Ferrari,2569,80,2381,2
2004,18,Jaguar,2012,80,1931,7
2004,18,Jordan,1846,80,1804,8
2004,18,McLaren,2273,80,2418,1
2004,18,Minardi,1677,80,1628,9
2004,18,Renault,2234,80,2248,3
2004,18,Sauber,2120,80,2097,5
2004,18,Toyota,1964,80,1999,6
2004,18,Williams,2278,80,2561,0
2005,1,BAR,2251,80,1944,7
2005,1,Ferrari,2550,80,2484,1
2005,1,Jordan,1829,80,1763,8
2005,1,McLaren,2260,80,2215,4
2005,1,Minardi,1655,80,1565,9
2005,1,Red Bull,2191,171,2341,2
2005,1,Renault,2285,80,2551,0
2005,1,Sauber,2102,80,2029,6
2005,1,Toyota,1989,80,2089,5
2005,1,Williams,2281,80,2291,3
2005,2,BAR,2179,80,1695,9
2005,2,Ferrari,2495,80,2165,5
2005,2,Jordan,1846,80,1908,7
2005,2,McLaren,2262,80,2269,3
2005,2,Minardi,1675,80,1754,8
2005,2,Red Bull,2195,130,2199,4
2005,2,Renault,2337,80,2556,0
2005,2,Sauber,2091,80,2048,6
2005,2,Toyota,2045,80,2408,1
2005,2,Williams,2296,80,2344,2
2005,3,BAR,2099,80,1712,9
2005,3,Ferrari,2429,80,2085,6
2005,3,Jordan,1862,80,1923,7
2005,3,McLaren,2278,80,2340,2
2005,3,Minardi,1695,80,1773,8
2005,3,Red Bull,2171,111,2132,5
2005,3,Renault,2384,80,2548,0
2005,3,Sauber,2109,80,2183,4
2005,3,Toyota,2107,80,2405,1
2005,3,Williams,2291,80,2276,3
2005,4,BAR,2019,80,1723,9
2005,4,Ferrari,2433,80,2443,1
2005,4,Jordan,1876,80,1933,7
2005,4,McLaren,2291,80,2340,2
2005,4,Minardi,1715,80,1788,8
2005,4,Red Bull,2138,100,2061,6
2005,4,Renault,2421,80,2545,0
2005,4,Sauber,2137,80,2251,3
2005,4,Toyota,2128,80,2185,4
2005,4,Williams,2261,80,2144,5
2005,5,Ferrari,2376,80,2130,5
2005,5,Jordan,1872,80,1854,7
2005,5,McLaren,2334,80,2534,0
2005,5,Minardi,1704,80,1663,8
2005,5,Red Bull,2147,94,2172,4
2005,5,Renault,2426,80,2443,1
2005,5,Sauber,2112,80,2014,6
2005,5,Toyota,2169,80,2316,2
2005,5,Williams,2261,80,2260,3
2005,6,Ferrari,2335,80,2207,4
2005,6,Jordan,1890,80,1963,6
2005,6,McLaren,2374,80,2535,0
2005,6,Minardi,1724,80,1804,7
2005,6,Red Bull,2080,89,1738,8
2005,6,Renault,2411,80,2359,2
2005,6,Sauber,2109,80,2097,5
2005,6,Toyota,2188,80,2250,3
2005,6,Williams,2292,80,2415,1
2005,7,BAR,2023,80,2034,6
2005,7,Ferrari,2339,80,2349,2
2005,7,Jordan,1879,80,1838,8
2005,7,McLaren,2340,80,2218,4
2005,7,Minardi,1711,80,1663,9
2005,7,Red Bull,2123,86,2249,3
2005,7,Renault,2440,80,2550,0
2005,7,Sauber,2081,80,1970,7
2005,7,Toyota,2175,80,2129,5
2005,7,Williams,2319,80,2421,1
2005,8,BAR,1984,80,1860,8
2005,8,Ferrari,2360,80,2432,1
2005,8,Jordan,1906,80,2015,6
2005,8,McLaren,2382,80,2541,0
2005,8,Minardi,1748,80,1905,7
2005,8,Red Bull,2123,84,2120,5
2005,8,Renault,2377,80,1736,9
2005,8,Sauber,2125,80,2323,2
2005,8,Toyota,2179,80,2194,4
2005,8,Williams,2310,80,2280,3
2005,9,BAR,2014,80,2107,5
2005,9,Ferrari,2397,80,2542,0
2005,9,Jordan,1963,80,2402,1
2005,9,McLaren,2346,80,2224,4
2005,9,Minardi,1809,80,2317,2
2005,9,Red Bull,2060,83,1747,9
2005,9,Renault,2313,80,2079,6
2005,9,Sauber,2077,80,1882,8
2005,9,Toyota,2197,80,2265,3
2005,9,Williams,2259,80,1993,7
2005,10,BAR,2060,80,2230,3
2005,10,Ferrari,2385,80,2344,2
2005,10,Jordan,1942,80,1875,8
2005,10,McLaren,2362,80,2414,1
2005,10,Minardi,1787,80,1724,9
2005,10,Red Bull,2055,82,2041,6
2005,10,Renault,2364,80,2516,0
2005,10,Sauber,2085,80,2108,5
2005,10,Toyota,2195,80,2186,4
2005,10,Williams,2206,80,1991,7
2005,11,BAR,2110,80,2306,2
2005,11,Ferrari,2361,80,2275,3
2005,11,Jordan,1925,80,1869,8
2005,11,McLaren,2398,80,2530,0
2005,11,Minardi,1770,80,1711,9
2005,11,Red Bull,2035,81,1971,7
2005,11,Renault,2379,80,2421,1
2005,11,Sauber,2090,80,2110,5
2005,11,Toyota,2193,80,2186,4
2005,11,Williams,2171,80,2060,6
2005,12,BAR,2154,80,2311,2
2005,12,Ferrari,2342,80,2273,3
2005,12,Jordan,1888,80,1738,9
2005,12,McLaren,2405,80,2430,1
2005,12,Minardi,1783,80,1828,8
2005,12,Red Bull,2050,81,2103,5
2005,12,Renault,2414,80,2537,0
2005,12,Sauber,2080,80,2046,6
2005,12,Toyota,2191,80,2186,4
2005,12,Williams,2131,80,1983,7
2005,13,BAR,2176,80,2246,3
2005,13,Ferrari,2360,80,2425,1
2005,13,Jordan,1916,80,2016,6
2005,13,McLaren,2435,80,2548,0
2005,13,Minardi,1793,80,1827,8
2005,13,Red Bull,1998,81,1753,9
2005,13,Renault,2361,80,2143,5
2005,13,Sauber,2058,80,1970,7
2005,13,Toyota,2217,80,2322,2
2005,13,Williams,2142,80,2178,4
2005,14,BAR,2207,80,2322,2
2005,14,Ferrari,2319,80,2140,5
2005,14,Jordan,1903,80,1857,8
2005,14,McLaren,2460,80,2556,0
2005,14,Minardi,1820,80,1924,7
2005,14,Red Bull,2036,80,2165,4
2005,14,Renault,2378,80,2429,1
2005,14,Sauber,2053,80,2038,6
2005,14,Toyota,2225,80,2257,3
2005,14,Williams,2085,80,1764,9
2005,15,BAR,2203,80,2190,4
2005,15,Ferrari,2272,80,2067,6
2005,15,Jordan,1893,80,1858,8
2005,15,McLaren,2483,80,2567,0
2005,15,Minardi,1799,80,1722,9
2005,15,Red Bull,2019,80,1965,7
2005,15,Renault,2392,80,2435,1
2005,15,Sauber,2064,80,2105,5
2005,15,Toyota,2246,80,2329,2
2005,15,Williams,2121,80,2241,3
2005,16,BAR,2229,80,2328,2
2005,16,Ferrari,2255,80,2201,4
2005,16,Jordan,1903,80,1940,7
2005,16,McLaren,2503,80,2578,0
2005,16,Minardi,1780,80,1710,9
2005,16,Red Bull,1987,80,1874,8
2005,16,Renault,2403,80,2441,1
2005,16,Sauber,2073,80,2108,5
2005,16,Toyota,2211,80,2063,6
2005,16,Williams,2151,80,2247,3
2005,17,BAR,2236,80,2262,3
2005,17,Ferrari,2273,80,2337,2
2005,17,Jordan,1892,80,1850,8
2005,17,McLaren,2521,80,2591,0
2005,17,Minardi,1809,80,1920,7
2005,17,Red Bull,2012,80,2099,5
2005,17,Renault,2412,80,2447,1
2005,17,Sauber,2067,80,2042,6
2005,17,Toyota,2207,80,2193,4
2005,17,Williams,2088,80,1758,9
2005,18,BAR,2242,80,2262,3
2005,18,Ferrari,2243,80,2131,5
2005,18,Jordan,1883,80,1851,8
2005,18,McLaren,2538,80,2603,0
2005,18,Minardi,1788,80,1713,9
2005,18,Red Bull,2045,80,2165,4
2005,18,Renault,2421,80,2455,1
2005,18,Sauber,2046,80,1965,7
2005,18,Toyota,2177,80,2055,6
2005,18,Williams,2141,80,2320,2
2005,19,BAR,2207,80,2061,6
2005,19,Ferrari,2189,80,1891,8
2005,19,Jordan,1894,80,1937,7
2005,19,McLaren,2527,80,2484,1
2005,19,Minardi,1770,80,1702,9
2005,19,Red Bull,2084,80,2239,3
2005,19,Renault,2452,80,2583,0
2005,19,Sauber,2071,80,2170,4
2005,19,Toyota,2208,80,2328,2
2005,19,Williams,2135,80,2117,5
2006,1,BMW Sauber,1655,171,1684,7
2006,1,Ferrari,2234,80,2401,1
2006,1,Honda,1672,80,2155,3
2006,1,MF1,1388,171,1366,9
2006,1,McLaren,2494,80,2356,2
2006,1,Red Bull,2064,80,1998,5
2006,1,Renault,2479,80,2584,0
2006,1,Super Aguri,1230,171,1178,10
2006,1,Toro Rosso,1746,171,1793,6
2006,1,Toyota,2145,80,1648,8
2006,1,Williams,2128,80,2107,4
2006,2,BMW Sauber,1822,130,2059,4
2006,2,Ferrari,2227,80,2203,3
2006,2,Honda,1749,80,2375,1
2006,2,MF1,1528,130,1686,7
2006,2,McLaren,2463,80,2345,2
2006,2,Red Bull,2002,80,1533,9
2006,2,Renault,2501,80,2586,0
2006,2,Super Aguri,1390,130,1550,8
2006,2,Toro Rosso,1791,130,1843,6
2006,2,Toyota,2115,80,2023,5
2006,2,Williams,2063,80,1316,10
2006,3,BMW Sauber,1953,111,2135,3
2006,3,Ferrari,2161,80,1611,9
2006,3,Honda,1817,80,2035,4
2006,3,MF1,1618,111,1748,7
2006,3,McLaren,2458,80,2441,1
2006,3,Red Bull,1996,80,1982,5
2006,3,Renault,2519,80,2587,0
2006,3,Super Aguri,1493,111,1630,8
2006,3,Toro Rosso,1817,111,1867,6
2006,3,Toyota,2148,80,2255,2
2006,3,Williams,1982,80,1432,10
2006,4,BMW Sauber,1935,100,1908,6
2006,4,Ferrari,2229,80,2528,0
2006,4,Honda,1873,80,2036,4
2006,4,MF1,1646,100,1700,8
2006,4,McLaren,2429,80,2316,2
2006,4,Red Bull,1936,80,1653,9
2006,4,Renault,2505,80,2453,1
2006,4,Super Aguri,1466,100,1419,10
2006,4,Toro Rosso,1817,100,1817,7
2006,4,Toyota,2115,80,2005,5
2006,4,Williams,2025,80,2134,3
2006,5,BMW Sauber,1950,94,1981,5
2006,5,Ferrari,2294,80,2523,0
2006,5,Honda,1930,80,2127,3
2006,5,MF1,1665,94,1711,8
2006,5,McLaren,2405,80,2312,2
2006,5,Red Bull,1864,80,1505,10
2006,5,Renault,2492,80,2443,1
2006,5,Super Aguri,1495,94,1566,9
2006,5,Toro Rosso,1818,94,1822,7
2006,5,Toyota,2076,80,1934,6
2006,5,Williams,2036,80,2064,4
2006,6,BMW Sauber,1977,89,2055,4
2006,6,Ferrari,2320,80,2394,1
2006,6,Honda,1975,80,2134,3
2006,6,MF1,1653,89,1618,9
2006,6,McLaren,2385,80,2311,2
2006,6,Red Bull,1854,80,1830,7
2006,6,Renault,2509,80,2572,0
2006,6,Super Aguri,1479,89,1436,10
2006,6,Toro Rosso,1801,89,1743,8
2006,6,Toyota,2044,80,1930,6
2006,6,Williams,2026,80,1996,5
2006,7,BMW Sauber,1980,86,1989,5
2006,7,Ferrari,2273,80,2107,4
2006,7,Honda,2012,80,2141,3
2006,7,MF1,1667,86,1713,8
2006,7,McLaren,2392,80,2417,1
2006,7,Red Bull,1921,80,2234,2
2006,7,Renault,2524,80,2581,0
2006,7,Super Aguri,1501,86,1570,9
2006,7,Toro Rosso,1806,86,1821,7
2006,7,Toyota,2019,80,1929,6
2006,7,Williams,1961,80,1511,10
2006,8,BMW Sauber,2013,84,2135,3
2006,8,Ferrari,2301,80,2386,1
2006,8,Honda,2008,80,1994,5
2006,8,MF1,1657,84,1624,9
2006,8,McLaren,2374,80,2303,2
2006,8,Red Bull,1901,80,1847,7
2006,8,Renault,2537,80,2587,0
2006,8,Super Aguri,1488,84,1443,10
2006,8,Toro Rosso,1794,84,1750,8
2006,8,Toyota,1999,80,1929,6
2006,8,Williams,1986,80,2055,4
2006,9,BMW Sauber,2024,83,2065,4
2006,9,Ferrari,2323,80,2396,1
2006,9,Honda,1990,80,1928,6
2006,9,MF1,1648,83,1616,9
2006,9,McLaren,2359,80,2304,2
2006,9,Red Bull,1921,80,1980,5
2006,9,Renault,2549,80,2595,0
2006,9,Super Aguri,1475,83,1432,10
2006,9,Toro Rosso,1801,83,1826,7
2006,9,Toyota,2029,80,2141,3
2006,9,Williams,1938,80,1771,8
2006,10,BMW Sauber,1978,82,1773,8
2006,10,Ferrari,2367,80,2544,0
2006,10,Honda,2021,80,2141,3
2006,10,MF1,1679,82,1804,7
2006,10,McLaren,2302,80,1513,10
2006,10,Red Bull,1950,80,2052,4
2006,10,Renault,2531,80,2459,1
2006,10,Super Aguri,1495,82,1569,9
2006,10,Toro Rosso,1832,82,1969,5
2006,10,Toyota,2071,80,2244,2
2006,10,Williams,1933,80,1918,6
2006,11,BMW Sauber,2000,81,2069,4
2006,11,Ferrari,2404,80,2545,0
2006,11,Honda,1959,80,1532,10
2006,11,MF1,1692,81,1737,8
2006,11,McLaren,2278,80,2198,3
2006,11,Red Bull,1961,80,1997,5
2006,11,Renault,2514,80,2450,1
2006,11,Super Aguri,1515,81,1591,9
2006,11,Toro Rosso,1850,81,1915,6
2006,11,Toyota,2109,80,2251,2
2006,11,Williams,1916,80,1859,7
2006,12,BMW Sauber,1945,81,1689,9
2006,12,Ferrari,2436,80,2554,0
2006,12,Honda,2018,80,2242,2
2006,12,MF1,1656,81,1510,10
2006,12,McLaren,2304,80,2394,1
2006,12,Red Bull,1969,80,1998,5
2006,12,Renault,2467,80,2224,3
2006,12,Super Aguri,1553,81,1716,8
2006,12,Toro Rosso,1864,81,1917,6
2006,12,Toyota,2104,80,2089,4
2006,12,Williams,1903,80,1858,7
2006,13,BMW Sauber,2004,81,2247,2
2006,13,Ferrari,2375,80,2043,5
2006,13,Honda,2089,80,2510,0
2006,13,MF1,1702,81,1898,6
2006,13,McLaren,2326,80,2402,1
2006,13,Red Bull,2005,80,2151,3
2006,13,Renault,2401,80,1697,9
2006,13,Super Aguri,1587,81,1720,8
2006,13,Toro Rosso,1861,81,1850,7
2006,13,Toyota,2101,80,2091,4
2006,13,Williams,1848,80,1544,10
2006,14,BMW Sauber,1973,80,1883,7
2006,14,Ferrari,2410,80,2516,0
2006,14,Honda,2132,80,2260,2
2006,14,MF1,1693,80,1664,9
2006,14,McLaren,2301,80,2214,3
2006,14,Red Bull,1993,80,1955,6
2006,14,Renault,2402,80,2404,1
2006,14,Super Aguri,1570,80,1510,10
2006,14,Toro Rosso,1845,80,1785,8
2006,14,Toyota,2102,80,2105,4
2006,14,Williams,1884,80,2003,5
2006,15,BMW Sauber,2030,80,2255,2
2006,15,Ferrari,2438,80,2531,0
2006,15,Honda,2127,80,2113,4
2006,15,McLaren,2321,80,2389,1
2006,15,Red Bull,1969,80,1874,7
2006,15,Renault,2363,80,2228,3
2006,15,Spyker MF1,1374,171,1350,10
2006,15,Super Aguri,1570,80,1568,9
2006,15,Toro Rosso,1828,80,1760,8
2006,15,Toyota,2088,80,2037,5
2006,15,Williams,1895,80,1934,6
2006,16,BMW Sauber,2047,80,2097,4
2006,16,Ferrari,2461,80,2539,0
2006,16,Honda,2159,80,2269,2
2006,16,McLaren,2299,80,2218,3
2006,16,Red Bull,1963,80,1945,6
2006,16,Renault,2372,80,2401,1
2006,16,Spyker MF1,1524,130,1693,8
2006,16,Super Aguri,1573,80,1585,9
2006,16,Toro Rosso,1831,80,1844,7
2006,16,Toyota,2031,80,1482,10
2006,16,Williams,1920,80,2007,5
2006,17,BMW Sauber,2043,80,2029,5
2006,17,Ferrari,2453,80,2426,1
2006,17,Honda,2184,80,2275,2
2006,17,McLaren,2281,80,2215,3
2006,17,Red Bull,1944,80,1871,7
2006,17,Renault,2406,80,2528,0
2006,17,Spyker MF1,1482,111,1431,10
2006,17,Super Aguri,1576,80,1590,9
2006,17,Toro Rosso,1817,80,1761,8
2006,17,Toyota,2047,80,2098,4
2006,17,Williams,1924,80,1940,6
2006,18,BMW Sauber,2056,80,2102,4
2006,18,Ferrari,2474,80,2553,0
2006,18,Honda,2206,80,2284,2
2006,18,McLaren,2267,80,2216,3
2006,18,Red Bull,1928,80,1865,7
2006,18,Renault,2409,80,2418,1
2006,18,Spyker MF1,1550,100,1695,8
2006,18,Super Aguri,1630,80,1988,5
2006,18,Toro Rosso,1838,80,1923,6
2006,18,Toyota,1986,80,1668,9
2006,18,Williams,1867,80,1497,10
2007,1,BMW Sauber,2096,80,2267,2
2007,1,Ferrari,2493,80,2565,0
2007,1,Honda,2161,80,1964,6
2007,1,McLaren,2293,80,2395,1
2007,1,Red Bull,1897,80,1771,8
2007,1,Renault,2373,80,2233,3
2007,1,Spyker,1390,171,1370,10
2007,1,Super Aguri,1670,80,1811,7
2007,1,Toro Rosso,1802,80,1646,9
2007,1,Toyota,1993,80,2011,5
2007,1,Williams,1912,80,2073,4
2007,2,BMW Sauber,2132,80,2268,2
2007,2,Ferrari,2481,80,2439,1
2007,2,Honda,2106,80,1878,7
2007,2,McLaren,2336,80,2524,0
2007,2,Red Bull,1903,80,1925,6
2007,2,Renault,2342,80,2226,3
2007,2,Spyker,1372,130,1351,10
2007,2,Super Aguri,1682,80,1722,8
2007,2,Toro Rosso,1769,80,1640,9
2007,2,Toyota,2015,80,2087,4
2007,2,Williams,1933,80,2001,5
2007,3,BMW Sauber,2162,80,2273,2
2007,3,Ferrari,2498,80,2562,0
2007,3,Honda,2070,80,1958,6
2007,3,McLaren,2351,80,2403,1
2007,3,Red Bull,1861,80,1665,9
2007,3,Renault,2301,80,2138,4
2007,3,Spyker,1483,111,1804,7
2007,3,Super Aguri,1694,80,1733,8
2007,3,Toro Rosso,1719,80,1478,10
2007,3,Toyota,2048,80,2172,3
2007,3,Williams,1950,80,2007,5
2007,4,BMW Sauber,2187,80,2277,2
2007,4,Ferrari,2513,80,2570,0
2007,4,Honda,2027,80,1867,7
2007,4,McLaren,2363,80,2406,1
2007,4,Red Bull,1914,80,2159,3
2007,4,Renault,2254,80,2053,5
2007,4,Spyker,1565,100,1693,8
2007,4,Super Aguri,1733,80,1896,6
2007,4,Toro Rosso,1673,80,1495,10
2007,4,Toyota,1988,80,1670,9
2007,4,Williams,1978,80,2084,4
2007,5,BMW Sauber,2187,80,2190,3
2007,5,Ferrari,2498,80,2441,1
2007,5,Honda,2008,80,1944,6
2007,5,McLaren,2397,80,2536,0
2007,5,Red Bull,1898,80,1852,7
2007,5,Renault,2262,80,2286,2
2007,5,Spyker,1534,94,1477,10
2007,5,Super Aguri,1713,80,1643,9
2007,5,Toro Rosso,1731,80,1978,5
2007,5,Toyota,1938,80,1777,8
2007,5,Williams,2000,80,2081,4
2007,6,BMW Sauber,2224,80,2379,1
2007,6,Ferrari,2446,80,2136,4
2007,6,Honda,1964,80,1776,8
2007,6,McLaren,2428,80,2547,0
2007,6,Red Bull,1886,80,1844,7
2007,6,Renault,2248,80,2202,3
2007,6,Spyker,1514,89,1465,10
2007,6,Super Aguri,1760,80,1972,5
2007,6,Toro Rosso,1708,80,1642,9
2007,6,Toyota,1935,80,1924,6
2007,6,Williams,2044,80,2253,2
2007,7,BMW Sauber,2186,80,2036,5
2007,7,Ferrari,2441,80,2427,1
2007,7,Honda,1925,80,1772,8
2007,7,McLaren,2453,80,2547,0
2007,7,Red Bull,1923,80,2067,4
2007,7,Renault,2258,80,2291,2
2007,7,Spyker,1498,86,1454,10
2007,7,Super Aguri,1775,80,1823,7
2007,7,Toro Rosso,1691,80,1637,9
2007,7,Toyota,1981,80,2158,3
2007,7,Williams,2021,80,1939,6
2007,8,BMW Sauber,2207,80,2278,2
2007,8,Ferrari,2466,80,2555,0
2007,8,Honda,1957,80,2070,4
2007,8,McLaren,2448,80,2431,1
2007,8,Red Bull,1906,80,1851,7
2007,8,Renault,2246,80,2202,3
2007,8,Spyker,1519,84,1588,9
2007,8,Super Aguri,1768,80,1746,8
2007,8,Toro Rosso,1652,80,1499,10
2007,8,Toyota,1969,80,1933,6
2007,8,Williams,2018,80,2009,5
2007,9,BMW Sauber,2224,80,2285,2
2007,9,Ferrari,2488,80,2567,0
2007,9,Honda,1983,80,2075,4
2007,9,McLaren,2445,80,2435,1
2007,9,Red Bull,1925,80,1992,5
2007,9,Renault,2237,80,2203,3
2007,9,Spyker,1557,83,1697,8
2007,9,Super Aguri,1780,80,1823,7
2007,9,Toro Rosso,1644,80,1618,9
2007,9,Toyota,1907,80,1524,10
2007,9,Williams,2001,80,1937,6
2007,10,BMW Sauber,2200,80,2114,4
2007,10,Ferrari,2479,80,2449,1
2007,10,Honda,1971,80,1929,6
2007,10,McLaren,2470,80,2567,0
2007,10,Red Bull,1978,80,2254,2
2007,10,Renault,2200,80,2034,5
2007,10,Spyker,1568,82,1603,9
2007,10,Super Aguri,1790,80,1824,7
2007,10,Toro Rosso,1614,80,1497,10
2007,10,Toyota,1871,80,1763,8
2007,10,Williams,2033,80,2162,3
2007,11,BMW Sauber,2218,80,2279,2
2007,11,Ferrari,2472,80,2445,1
2007,11,Honda,1912,80,1531,10
2007,11,McLaren,2491,80,2575,0
2007,11,Red Bull,1967,80,1931,6
2007,11,Renault,2166,80,2032,5
2007,11,Spyker,1575,81,1602,9
2007,11,Super Aguri,1797,80,1826,7
2007,11,Toro Rosso,1635,80,1711,8
2007,11,Toyota,1928,80,2147,3
2007,11,Williams,2044,80,2083,4
2007,12,BMW Sauber,2231,80,2281,2
2007,12,Ferrari,2494,80,2579,0
2007,12,Honda,1896,80,1849,7
2007,12,McLaren,2482,80,2450,1
2007,12,Red Bull,1974,80,1999,5
2007,12,Renault,2169,80,2181,3
2007,12,Spyker,1556,81,1484,10
2007,12,Super Aguri,1788,80,1751,8
2007,12,Toro Rosso,1633,80,1625,9
2007,12,Toyota,1926,80,1923,6
2007,12,Williams,2052,80,2082,4
2007,13,BMW Sauber,2243,80,2289,2
2007,13,Ferrari,2486,80,2456,1
2007,13,Honda,1918,80,1989,5
2007,13,McLaren,2504,80,2587,0
2007,13,Red Bull,1964,80,1929,6
2007,13,Renault,2155,80,2104,4
2007,13,Spyker,1538,81,1471,10
2007,13,Super Aguri,1779,80,1744,8
2007,13,Toro Rosso,1630,80,1618,9
2007,13,Toyota,1908,80,1848,7
2007,13,Williams,2075,80,2166,3
2007,14,BMW Sauber,2254,80,2294,2
2007,14,Ferrari,2507,80,2592,0
2007,14,Honda,1884,80,1761,8
2007,14,McLaren,2495,80,2463,1
2007,14,Red Bull,1987,80,2074,4
2007,14,Renault,2129,80,2027,5
2007,14,Spyker,1549,80,1591,9
2007,14,Super Aguri,1734,80,1511,10
2007,14,Toro Rosso,1663,80,1801,7
2007,14,Toyota,1910,80,1918,6
2007,14,Williams,2095,80,2172,3
2007,15,BMW Sauber,2227,80,2118,4
2007,15,Ferrari,2476,80,2350,2
2007,15,Honda,1873,80,1835,7
2007,15,McLaren,2516,80,2599,0
2007,15,Red Bull,2021,80,2161,3
2007,15,Renault,2176,80,2393,1
2007,15,Spyker,1604,80,1963,5
2007,15,Super Aguri,1712,80,1634,9
2007,15,Toro Rosso,1704,80,1884,6
2007,15,Toyota,1879,80,1756,8
2007,15,Williams,2036,80,1532,10
2007,16,BMW Sauber,2203,80,2111,4
2007,16,Ferrari,2500,80,2590,0
2007,16,Honda,1922,80,2146,3
2007,16,McLaren,2505,80,2465,1
2007,16,Red Bull,2017,80,2002,5
2007,16,Renault,2129,80,1945,6
2007,16,Spyker,1580,80,1502,10
2007,16,Super Aguri,1697,80,1642,9
2007,16,Toro Rosso,1768,80,2245,2
2007,16,Toyota,1852,80,1755,8
2007,16,Williams,1993,80,1853,7
2007,17,BMW Sauber,2197,80,2176,3
2007,17,Ferrari,2521,80,2597,0
2007,17,Honda,1872,80,1674,9
2007,17,McLaren,2496,80,2460,1
2007,17,Red Bull,2012,80,1994,5
2007,17,Renault,2063,80,1554,10
2007,17,Spyker,1609,80,1712,8
2007,17,Super Aguri,1733,80,1883,6
2007,17,Toro Rosso,1781,80,1818,7
2007,17,Toyota,1891,80,2045,4
2007,17,Williams,2046,80,2239,2
2008,1,BMW Sauber,2233,80,2388,1
2008,1,Ferrari,2461,80,2029,5
2008,1,Force India,1612,171,1633,9
2008,1,Honda,1816,80,1584,10
2008,1,McLaren,2517,80,2599,0
2008,1,Red Bull,1970,80,1777,8
2008,1,Renault,2085,80,2147,3
2008,1,Super Aguri,1752,80,1818,7
2008,1,Toro Rosso,1831,80,2039,4
2008,1,Toyota,1895,80,1910,6
2008,1,Williams,2091,80,2240,2
2008,2,BMW Sauber,2267,80,2393,1
2008,2,Ferrari,2490,80,2580,0
2008,2,Force India,1709,130,1826,7
2008,2,Honda,1838,80,1904,6
2008,2,McLaren,2482,80,2337,2
2008,2,Red Bull,1991,80,2064,4
2008,2,Renault,2066,80,2009,5
2008,2,Super Aguri,1737,80,1684,9
2008,2,Toro Rosso,1778,80,1577,10
2008,2,Toyota,1940,80,2137,3
2008,2,Williams,2032,80,1807,8
2008,3,BMW Sauber,2295,80,2401,1
2008,3,Ferrari,2513,80,2588,0
2008,3,Force India,1728,111,1760,8
2008,3,Honda,1839,80,1844,7
2008,3,McLaren,2451,80,2334,2
2008,3,Red Bull,2007,80,2065,4
2008,3,Renault,2038,80,1939,6
2008,3,Super Aguri,1704,80,1574,10
2008,3,Toro Rosso,1756,80,1693,9
2008,3,Toyota,1982,80,2139,3
2008,3,Williams,2024,80,2002,5
2008,4,BMW Sauber,2296,80,2300,2
2008,4,Ferrari,2531,80,2595,0
2008,4,Force India,1759,100,1832,7
2008,4,Honda,1882,80,2051,4
2008,4,McLaren,2450,80,2445,1
2008,4,Red Bull,2036,80,2150,3
2008,4,Renault,1984,80,1714,9
2008,4,Super Aguri,1716,80,1756,8
2008,4,Toro Rosso,1717,80,1572,10
2008,4,Toyota,1970,80,1930,6
2008,4,Williams,2019,80,2003,5
2008,5,BMW Sauber,2297,80,2299,2
2008,5,Ferrari,2547,80,2606,0
2008,5,Force India,1751,94,1728,8
2008,5,Honda,1870,80,1833,7
2008,5,McLaren,2450,80,2448,1
2008,5,Red Bull,2043,80,2068,4
2008,5,Renault,2020,80,2142,3
2008,5,Toro Rosso,1691,80,1604,9
2008,5,Toyota,1958,80,1919,6
2008,5,Williams,2013,80,1994,5
2008,6,BMW Sauber,2321,80,2416,1
2008,6,Ferrari,2510,80,2352,2
2008,6,Force India,1716,89,1600,9
2008,6,Honda,1893,80,1974,5
2008,6,McLaren,2477,80,2588,0
2008,6,Red Bull,2066,80,2154,3
2008,6,Renault,1982,80,1849,7
2008,6,Toro Rosso,1749,80,2038,4
2008,6,Toyota,1918,80,1753,8
2008,6,Williams,1994,80,1924,6
2008,7,BMW Sauber,2363,80,2560,0
2008,7,Ferrari,2458,80,2228,3
2008,7,Force India,1716,86,1715,8
2008,7,Honda,1924,80,2045,4
2008,7,McLaren,2418,80,1942,6
2008,7,Red Bull,2116,80,2389,1
2008,7,Renault,1922,80,1640,9
2008,7,Toro Rosso,1798,80,1955,5
2008,7,Toyota,1974,80,2247,2
2008,7,Williams,1963,80,1843,7
2008,8,BMW Sauber,2332,80,2216,3
2008,8,Ferrari,2484,80,2565,0
2008,8,Force India,1693,84,1610,9
2008,8,Honda,1907,80,1845,7
2008,8,McLaren,2396,80,2328,2
2008,8,Red Bull,2109,80,2087,4
2008,8,Renault,1938,80,1984,5
2008,8,Toro Rosso,1823,80,1898,6
2008,8,Toyota,2042,80,2373,1
2008,8,Williams,1925,80,1767,8
2008,9,BMW Sauber,2349,80,2407,1
2008,9,Ferrari,2433,80,2228,3
2008,9,Force India,1673,83,1602,9
2008,9,Honda,1960,80,2246,2
2008,9,McLaren,2430,80,2547,0
2008,9,Red Bull,2064,80,1867,7
2008,9,Renault,1967,80,2063,4
2008,9,Toro Rosso,1805,80,1748,8
2008,9,Toyota,2032,80,2005,5
2008,9,Williams,1924,80,1919,6
2008,10,BMW Sauber,2320,80,2211,3
2008,10,Ferrari,2407,80,2325,2
2008,10,Force India,1683,82,1717,8
2008,10,Honda,1902,80,1646,9
2008,10,McLaren,2457,80,2551,0
2008,10,Red Bull,2022,80,1866,7
2008,10,Renault,2027,80,2365,1
2008,10,Toro Rosso,1853,80,2051,4
2008,10,Toyota,2025,80,2005,5
2008,10,Williams,1923,80,1922,6
2008,11,BMW Sauber,2279,80,2111,4
2008,11,Ferrari,2385,80,2313,2
2008,11,Force India,1692,81,1725,8
2008,11,Honda,1906,80,1918,6
2008,11,McLaren,2479,80,2555,0
2008,11,Red Bull,2017,80,2002,5
2008,11,Renault,2057,80,2150,3
2008,11,Toro Rosso,1807,80,1641,9
2008,11,Toyota,2082,80,2359,1
2008,11,Williams,1908,80,1851,7
2008,12,BMW Sauber,2280,80,2284,2
2008,12,Ferrari,2417,80,2533,0
2008,12,Force India,1673,81,1602,9
2008,12,Honda,1874,80,1763,8
2008,12,McLaren,2467,80,2428,1
2008,12,Red Bull,1984,80,1862,7
2008,12,Renault,2030,80,1941,6
2008,12,Toro Rosso,1859,80,2053,4
2008,12,Toyota,2102,80,2162,3
2008,12,Williams,1925,80,1990,5
2008,13,BMW Sauber,2303,80,2388,1
2008,13,Ferrari,2445,80,2545,0
2008,13,Force India,1683,81,1719,8
2008,13,Honda,1828,80,1639,9
2008,13,McLaren,2437,80,2322,2
2008,13,Red Bull,1987,80,1997,5
2008,13,Renault,2058,80,2153,3
2008,13,Toro Rosso,1903,80,2054,4
2008,13,Toyota,2067,80,1944,6
2008,13,Williams,1909,80,1849,7
2008,14,BMW Sauber,2301,80,2295,2
2008,14,Ferrari,2390,80,2123,4
2008,14,Force India,1665,80,1598,9
2008,14,Honda,1809,80,1749,8
2008,14,McLaren,2435,80,2426,1
2008,14,Red Bull,1990,80,1997,5
2008,14,Renault,2080,80,2158,3
2008,14,Toro Rosso,1971,80,2500,0
2008,14,Toyota,2038,80,1939,6
2008,14,Williams,1896,80,1846,7
2008,15,BMW Sauber,2255,80,2036,5
2008,15,Ferrari,2318,80,1785,8
2008,15,Force India,1650,80,1588,9
2008,15,Honda,1814,80,1832,7
2008,15,McLaren,2409,80,2311,2
2008,15,Red Bull,1978,80,1933,6
2008,15,Renault,2138,80,2486,0
2008,15,Toro Rosso,1996,80,2069,4
2008,15,Toyota,2064,80,2155,3
2008,15,Williams,1952,80,2344,1
2008,16,BMW Sauber,2278,80,2353,1
2008,16,Ferrari,2306,80,2277,2
2008,16,Force India,1636,80,1585,9
2008,16,Honda,1801,80,1755,8
2008,16,McLaren,2351,80,1897,7
2008,16,Red Bull,1985,80,2014,5
2008,16,Renault,2197,80,2458,0
2008,16,Toro Rosso,2016,80,2084,4
2008,16,Toyota,2086,80,2162,3
2008,16,Williams,1950,80,1943,6
2008,17,BMW Sauber,2261,80,2203,3
2008,17,Ferrari,2320,80,2361,1
2008,17,Force India,1624,80,1576,9
2008,17,Honda,1811,80,1847,7
2008,17,McLaren,2382,80,2482,0
2008,17,Red Bull,1979,80,1956,6
2008,17,Renault,2214,80,2263,2
2008,17,Toro Rosso,2020,80,2030,5
2008,17,Toyota,2091,80,2108,4
2008,17,Williams,1914,80,1778,8
2008,18,BMW Sauber,2212,80,1982,6
2008,18,Ferrari,2356,80,2484,0
2008,18,Force India,1612,80,1567,9
2008,18,Honda,1798,80,1749,8
2008,18,McLaren,2345,80,2220,3
2008,18,Red Bull,1988,80,2023,5
2008,18,Renault,2246,80,2354,1
2008,18,Toro Rosso,2062,80,2248,2
2008,18,Toyota,2095,80,2109,4
2008,18,Williams,1902,80,1863,7
2009,1,BMW Sauber,2170,80,2013,6
2009,1,Brawn,2339,171,2541,0
2009,1,Ferrari,2289,80,1804,8
2009,1,Force India,1666,80,2030,5
2009,1,McLaren,2277,80,1610,9
2009,1,Red Bull,1970,80,1896,7
2009,1,Renault,2261,80,2313,2
2009,1,Toro Rosso,2080,80,2140,4
2009,1,Toyota,2143,80,2388,1
2009,1,Williams,1954,80,2200,3
2009,2,BMW Sauber,2214,80,2376,1
2009,2,Brawn,2440,130,2523,0
2009,2,Ferrari,2233,80,2054,6
2009,2,Force India,1656,80,1625,9
2009,2,McLaren,2252,80,2183,4
2009,2,Red Bull,2012,80,2213,3
2009,2,Renault,2203,80,1876,8
2009,2,Toro Rosso,2054,80,1958,7
2009,2,Toyota,2175,80,2293,2
2009,2,Williams,1984,80,2082,5
2009,3,BMW Sauber,2165,80,1982,7
2009,3,Brawn,2430,111,2413,1
2009,3,Ferrari,2189,80,2057,6
2009,3,Force India,1684,80,1783,8
2009,3,McLaren,2265,80,2306,2
2009,3,Red Bull,2073,80,2472,0
2009,3,Renault,2181,80,2117,5
2009,3,Toro Rosso,2076,80,2158,4
2009,3,Toyota,2188,80,2231,3
2009,3,Williams,1931,80,1712,9
2009,4,BMW Sauber,2098,80,1734,9
2009,4,Brawn,2458,100,2528,0
2009,4,Ferrari,2183,80,2168,4
2009,4,Force India,1708,80,1792,8
2009,4,McLaren,2258,80,2235,3
2009,4,Red Bull,2133,80,2357,1
2009,4,Renault,2164,80,2110,5
2009,4,Toro Rosso,2053,80,1966,7
2009,4,Toyota,2210,80,2289,2
2009,4,Williams,1952,80,2017,6
2009,5,BMW Sauber,2113,80,2156,4
2009,5,Brawn,2479,94,2540,0
2009,5,Ferrari,2193,80,2223,3
2009,5,Force India,1729,80,1805,8
2009,5,McLaren,2218,80,2055,6
2009,5,Red Bull,2185,80,2362,1
2009,5,Renault,2191,80,2285,2
2009,5,Toro Rosso,2001,80,1739,9
2009,5,Toyota,2167,80,1981,7
2009,5,Williams,1982,80,2082,5
2009,6,BMW Sauber,2065,80,1887,8
2009,6,Brawn,2496,89,2550,0
2009,6,Ferrari,2229,80,2369,1
2009,6,Force India,1777,80,2001,6
2009,6,McLaren,2155,80,1758,9
2009,6,Red Bull,2211,80,2288,2
2009,6,Renault,2185,80,2168,4
2009,6,Toro Rosso,2022,80,2089,5
2009,6,Toyota,2127,80,1980,7
2009,6,Williams,2026,80,2205,3
2009,7,BMW Sauber,2072,80,2093,5
2009,7,Brawn,2509,86,2557,0
2009,7,Ferrari,2215,80,2168,4
2009,7,Force India,1761,80,1710,9
2009,7,McLaren,2114,80,1981,7
2009,7,Red Bull,2246,80,2370,1
2009,7,Renault,2157,80,2049,6
2009,7,Toro Rosso,1991,80,1885,8
2009,7,Toyota,2161,80,2278,2
2009,7,Williams,2064,80,2204,3
2009,8,BMW Sauber,2049,80,1971,7
2009,8,Brawn,2492,84,2429,1
2009,8,Ferrari,2232,80,2290,2
2009,8,Force India,1814,80,2069,5
2009,8,McLaren,2066,80,1893,8
2009,8,Red Bull,2293,80,2502,0
2009,8,Renault,2133,80,2046,6
2009,8,Toro Rosso,1945,80,1754,9
2009,8,Toyota,2161,80,2160,4
2009,8,Williams,2095,80,2207,3
2009,9,BMW Sauber,2030,80,1961,7
2009,9,Brawn,2449,83,2253,3
2009,9,Ferrari,2262,80,2377,1
2009,9,Force India,1821,80,1842,8
2009,9,McLaren,2071,80,2088,5
2009,9,Red Bull,2336,80,2509,0
2009,9,Renault,2138,80,2153,4
2009,9,Toro Rosso,1904,80,1753,9
2009,9,Toyota,2134,80,2039,6
2009,9,Williams,2131,80,2277,2
2009,10,BMW Sauber,2028,80,2023,6
2009,10,Brawn,2392,82,2122,5
2009,10,Ferrari,2288,80,2386,1
2009,10,Force India,1825,80,1838,8
2009,10,McLaren,2134,80,2487,0
2009,10,Red Bull,2331,80,2315,2
2009,10,Renault,2105,80,1968,7
2009,10,Toro Rosso,1869,80,1741,9
2009,10,Toyota,2139,80,2157,4
2009,10,Williams,2150,80,2218,3
2009,11,BMW Sauber,2041,80,2089,5
2009,11,Brawn,2423,81,2516,0
2009,11,Ferrari,2292,80,2308,2
2009,11,Force India,1846,80,1925,7
2009,11,McLaren,2188,80,2368,1
2009,11,Red Bull,2281,80,2056,6
2009,11,Renault,2116,80,2158,4
2009,11,Toro Rosso,1839,80,1729,9
2009,11,Toyota,2094,80,1885,8
2009,11,Williams,2166,80,2224,3
2009,12,BMW Sauber,2075,80,2216,3
2009,12,Brawn,2366,81,2130,5
2009,12,Ferrari,2331,80,2499,0
2009,12,Force India,1905,80,2359,1
2009,12,McLaren,2184,80,2171,4
2009,12,Red Bull,2288,80,2309,2
2009,12,Renault,2063,80,1763,9
2009,12,Toro Rosso,1839,80,1840,8
2009,12,Toyota,2066,80,1967,7
2009,12,Williams,2141,80,2046,6
2009,13,BMW Sauber,2079,80,2093,5
2009,13,Brawn,2400,81,2503,0
2009,13,Ferrari,2343,80,2387,1
2009,13,Force India,1969,80,2271,2
2009,13,McLaren,2179,80,2165,4
2009,13,Red Bull,2242,80,2053,6
2009,13,Renault,2097,80,2211,3
2009,13,Toro Rosso,1817,80,1732,9
2009,13,Toyota,2029,80,1884,8
2009,13,Williams,2107,80,1973,7
2009,14,BMW Sauber,2082,80,2091,5
2009,14,Brawn,2352,80,2183,4
2009,14,Ferrari,2289,80,1986,7
2009,14,Force India,1944,80,1874,8
2009,14,McLaren,2232,80,2478,0
2009,14,Red Bull,2238,80,2229,3
2009,14,Renault,2135,80,2278,2
2009,14,Toro Rosso,1798,80,1727,9
2009,14,Toyota,2085,80,2355,1
2009,14,Williams,2091,80,2036,6
2009,15,BMW Sauber,2085,80,2098,5
2009,15,Brawn,2294,80,2062,6
2009,15,Ferrari,2276,80,2236,3
2009,15,Force India,1926,80,1871,8
2009,15,McLaren,2247,80,2291,2
2009,15,Red Bull,2284,80,2470,0
2009,15,Renault,2101,80,1979,7
2009,15,Toro Rosso,1781,80,1718,9
2009,15,Toyota,2142,80,2350,1
2009,15,Williams,2106,80,2156,4
2009,16,BMW Sauber,2129,80,2349,1
2009,16,Brawn,2280,80,2239,3
2009,16,Ferrari,2254,80,2180,4
2009,16,Force India,1932,80,1951,7
2009,16,McLaren,2257,80,2294,2
2009,16,Red Bull,2324,80,2472,0
2009,16,Renault,2057,80,1892,8
2009,16,Toro Rosso,1830,80,2077,5
2009,16,Toyota,2118,80,2050,6
2009,16,Williams,2053,80,1767,9
2009,17,BMW Sauber,2161,80,2277,2
2009,17,Brawn,2301,80,2368,1
2009,17,Ferrari,2205,80,1986,7
2009,17,Force India,1896,80,1756,9
2009,17,McLaren,2217,80,2054,6
2009,17,Red Bull,2359,80,2480,0
2009,17,Renault,2019,80,1888,8
2009,17,Toro Rosso,1887,80,2135,4
2009,17,Toyota,2141,80,2214,3
2009,17,Williams,2062,80,2092,5
2010,1,Ferrari,2250,80,2420,0
2010,1,Force India,1930,80,2055,4
2010,1,HRT,1467,171,1461,10
2010,1,Lotus,1720,171,1762,8
2010,1,McLaren,2238,80,2307,1
2010,1,Mercedes,1982,81,2123,3
2010,1,Red Bull,2333,80,2247,2
2010,1,Renault,2003,80,1947,6
2010,1,Sauber,2020,80,1738,9
2010,1,Toro Rosso,1880,80,1861,7
2010,1,Virgin,1288,171,1247,11
2010,1,Williams,2051,80,2014,5
2010,2,Ferrari,2246,80,2232,2
2010,2,Force India,1958,80,2057,4
2010,2,HRT,1465,130,1462,10
2010,2,Lotus,1688,130,1654,9
2010,2,McLaren,2276,80,2425,0
2010,2,Mercedes,2011,80,2126,3
2010,2,Red Bull,2274,80,1969,6
2010,2,Renault,2054,80,2284,1
2010,2,Sauber,1974,80,1804,8
2010,2,Toro Rosso,1876,80,1864,7
2010,2,Virgin,1259,130,1227,11
2010,2,Williams,2043,80,2011,5
2010,3,Ferrari,2203,80,2034,5
2010,3,Force India,1993,80,2126,3
2010,3,HRT,1513,111,1610,9
2010,3,Lotus,1632,111,1526,10
2010,3,McLaren,2238,80,2099,4
2010,3,Mercedes,2058,80,2282,1
2010,3,Red Bull,2311,80,2425,0
2010,3,Renault,2089,80,2204,2
2010,3,Sauber,1905,80,1358,11
2010,3,Toro Rosso,1889,80,1933,6
2010,3,Virgin,1377,111,1720,8
2010,3,Williams,2012,80,1887,7
2010,4,Ferrari,2207,80,2221,2
2010,4,Force India,1996,80,2007,5
2010,4,HRT,1544,100,1618,9
2010,4,Lotus,1666,100,1743,8
2010,4,McLaren,2276,80,2414,0
2010,4,Mercedes,2102,80,2281,1
2010,4,Red Bull,2265,80,2101,4
2010,4,Renault,2102,80,2139,3
2010,4,Sauber,1829,80,1404,11
2010,4,Toro Rosso,1884,80,1865,7
2010,4,Virgin,1415,100,1467,10
2010,4,Williams,1998,80,1949,6
2010,5,Ferrari,2228,80,2301,1
2010,5,Force India,2012,80,2068,4
2010,5,HRT,1503,94,1381,11
2010,5,Lotus,1662,94,1651,9
2010,5,McLaren,2251,80,2166,3
2010,5,Mercedes,2127,80,2210,2
2010,5,Red Bull,2301,80,2420,0
2010,5,Renault,2083,80,2020,5
2010,5,Sauber,1812,80,1771,8
2010,5,Toro Rosso,1878,80,1858,7
2010,5,Virgin,1439,94,1488,10
2010,5,Williams,1986,80,1943,6
2010,6,Ferrari,2229,80,2233,2
2010,6,Force India,2011,80,2009,5
2010,6,HRT,1565,89,1812,7
2010,6,Lotus,1681,89,1740,8
2010,6,McLaren,2232,80,2168,3
2010,6,Mercedes,2118,80,2087,4
2010,6,Red Bull,2332,80,2434,0
2010,6,Renault,2124,80,2292,1
2010,6,Sauber,1759,80,1562,10
2010,6,Toro Rosso,1888,80,1925,6
2010,6,Virgin,1415,89,1352,11
2010,6,Williams,1939,80,1694,9
2010,7,Ferrari,2202,80,2099,4
2010,7,Force India,2010,80,2005,5
2010,7,HRT,1554,86,1525,10
2010,7,Lotus,1630,86,1412,11
2010,7,McLaren,2271,80,2426,0
2010,7,Mercedes,2139,80,2219,2
2010,7,Red Bull,2332,80,2334,1
2010,7,Renault,2130,80,2151,3
2010,7,Sauber,1794,80,1903,6
2010,7,Toro Rosso,1880,80,1848,7
2010,7,Virgin,1459,86,1603,9
2010,7,Williams,1905,80,1776,8
2010,8,Ferrari,2226,80,2315,1
2010,8,Force India,1995,80,1935,6
2010,8,HRT,1571,84,1622,9
2010,8,Lotus,1653,84,1724,8
2010,8,McLaren,2307,80,2438,0
2010,8,Mercedes,2143,80,2156,3
2010,8,Red Bull,2315,80,2255,2
2010,8,Renault,2121,80,2088,4
2010,8,Sauber,1730,80,1431,11
2010,8,Toro Rosso,1901,80,1986,5
2010,8,Virgin,1470,84,1502,10
2010,8,Williams,1891,80,1847,7
2010,9,Ferrari,2178,80,1951,6
2010,9,Force India,2010,80,2069,4
2010,9,HRT,1561,83,1530,10
2010,9,Lotus,1606,83,1422,11
2010,9,McLaren,2314,80,2339,1
2010,9,Mercedes,2089,80,1779,8
2010,9,Red Bull,2344,80,2453,0
2010,9,Renault,2129,80,2156,3
2010,9,Sauber,1786,80,1968,5
2010,9,Toro Rosso,1888,80,1840,7
2010,9,Virgin,1500,83,1607,9
2010,9,Williams,1945,80,2209,2
2010,10,Ferrari,2116,80,1790,8
2010,10,Force India,2008,80,2003,5
2010,10,HRT,1530,82,1410,11
2010,10,Lotus,1612,82,1633,9
2010,10,McLaren,2320,80,2338,1
2010,10,Mercedes,2119,80,2219,2
2010,10,Red Bull,2369,80,2460,0
2010,10,Renault,2084,80,1874,7
2010,10,Sauber,1843,80,2048,4
2010,10,Toro Rosso,1895,80,1919,6
2010,10,Virgin,1504,82,1517,10
2010,10,Williams,1987,80,2130,3
2010,11,Ferrari,2179,80,2426,0
2010,11,Force India,1970,80,1793,8
2010,11,HRT,1528,81,1523,10
2010,11,Lotus,1572,81,1418,11
2010,11,McLaren,2305,80,2251,2
2010,11,Mercedes,2111,80,2083,4
2010,11,Red Bull,2364,80,2349,1
2010,11,Renault,2098,80,2143,3
2010,11,Sauber,1878,80,1987,5
2010,11,Toro Rosso,1887,80,1859,7
2010,11,Virgin,1529,81,1620,9
2010,11,Williams,1975,80,1940,6
2010,12,Ferrari,2214,80,2316,1
2010,12,Force India,1934,80,1789,8
2010,12,HRT,1502,81,1399,11
2010,12,Lotus,1585,81,1629,9
2010,12,McLaren,2259,80,2037,5
2010,12,Mercedes,2078,80,1955,6
2010,12,Red Bull,2386,80,2468,0
2010,12,Renault,2124,80,2220,2
2010,12,Sauber,1917,80,2057,4
2010,12,Toro Rosso,1881,80,1857,7
2010,12,Virgin,1527,81,1521,10
2010,12,Williams,2010,80,2134,3
2010,13,Ferrari,2202,80,2168,3
2010,13,Force India,1962,80,2066,4
2010,13,HRT,1478,81,1388,11
2010,13,Lotus,1596,81,1631,9
2010,13,McLaren,2298,80,2446,0
2010,13,Mercedes,2065,80,2021,5
2010,13,Red Bull,2379,80,2356,1
2010,13,Renault,2146,80,2226,2
2010,13,Sauber,1921,80,1935,6
2010,13,Toro Rosso,1877,80,1860,7
2010,13,Virgin,1525,81,1518,10
2010,13,Williams,1966,80,1796,8
2010,14,Ferrari,2250,80,2443,0
2010,14,Force India,1942,80,1871,7
2010,14,HRT,1457,80,1377,11
2010,14,Lotus,1581,80,1529,10
2010,14,McLaren,2309,80,2343,1
2010,14,Mercedes,2083,80,2149,3
2010,14,Red Bull,2357,80,2269,2
2010,14,Renault,2121,80,2028,5
2010,14,Sauber,1892,80,1785,8
2010,14,Toro Rosso,1887,80,1928,6
2010,14,Virgin,1544,80,1617,9
2010,14,Williams,1990,80,2070,4
2010,15,Ferrari,2293,80,2452,0
2010,15,Force India,1941,80,1937,6
2010,15,HRT,1438,80,1366,11
2010,15,Lotus,1591,80,1625,9
2010,15,McLaren,2299,80,2263,2
2010,15,Mercedes,2099,80,2155,3
2010,15,Red Bull,2357,80,2358,1
2010,15,Renault,2100,80,2027,5
2010,15,Sauber,1837,80,1565,10
2010,15,Toro Rosso,1881,80,1858,7
2010,15,Virgin,1577,80,1719,8
2010,15,Williams,2010,80,2075,4
2010,16,Ferrari,2307,80,2351,1
2010,16,Force India,1887,80,1571,10
2010,16,HRT,1470,80,1602,9
2010,16,Lotus,1631,80,1813,7
2010,16,McLaren,2291,80,2266,2
2010,16,Mercedes,2112,80,2160,3
2010,16,Red Bull,2382,80,2478,0
2010,16,Renault,2040,80,1431,11
2010,16,Sauber,1885,80,2060,4
2010,16,Toro Rosso,1890,80,1924,6
2010,16,Virgin,1606,80,1721,8
2010,16,Williams,2010,80,2010,5
2010,17,Ferrari,2341,80,2473,0
2010,17,Force India,1925,80,2058,4
2010,17,HRT,1503,80,1626,9
2010,17,Lotus,1655,80,1741,8
2010,17,McLaren,2305,80,2354,1
2010,17,Mercedes,2137,80,2236,2
2010,17,Red Bull,2322,80,1601,10
2010,17,Renault,2066,80,2148,3
2010,17,Sauber,1895,80,1923,6
2010,17,Toro Rosso,1883,80,1856,7
2010,17,Virgin,1570,80,1427,11
2010,17,Williams,2009,80,2005,5
2010,18,Ferrari,2346,80,2365,1
2010,18,Force India,1895,80,1795,8
2010,18,HRT,1482,80,1409,11
2010,18,Lotus,1657,80,1664,9
2010,18,McLaren,2298,80,2273,2
2010,18,Mercedes,2144,80,2171,3
2010,18,Red Bull,2357,80,2474,0
2010,18,Renault,2056,80,2024,5
2010,18,Sauber,1904,80,1935,6
2010,18,Toro Rosso,1879,80,1864,7
2010,18,Virgin,1566,80,1550,10
2010,18,Williams,2024,80,2083,4
2010,19,Ferrari,2305,80,2127,4
2010,19,Force India,1870,80,1788,8
2010,19,HRT,1463,80,1396,11
2010,19,Lotus,1658,80,1661,9
2010,19,McLaren,2311,80,2363,1
2010,19,Mercedes,2166,80,2252,2
2010,19,Red Bull,2387,80,2490,0
2010,19,Renault,2080,80,2163,3
2010,19,Sauber,1911,80,1934,6
2010,19,Toro Rosso,1903,80,1999,5
2010,19,Virgin,1561,80,1544,10
2010,19,Williams,1996,80,1881,7
2011,1,Ferrari,2281,80,2203,3
2011,1,Force India,1899,80,1999,5
2011,1,Lotus,1701,80,1907,6
2011,1,McLaren,2323,80,2369,1
2011,1,Mercedes,2109,80,1699,9
2011,1,Red Bull,2412,80,2501,0
2011,1,Renault,2114,80,2248,2
2011,1,Sauber,1856,80,1549,10
2011,1,Toro Rosso,1935,80,2074,4
2011,1,Virgin,1606,80,1819,7
2011,1,Williams,1957,80,1794,8
2011,2,Ferrari,2262,80,2194,3
2011,2,Force India,1906,80,1932,6
2011,2,HRT,1478,80,1531,10
2011,2,Lotus,1715,80,1763,8
2011,2,McLaren,2333,80,2371,1
2011,2,Mercedes,2089,80,2027,5
2011,2,Red Bull,2434,80,2510,0
2011,2,Renault,2142,80,2247,2
2011,2,Sauber,1901,80,2065,4
2011,2,Toro Rosso,1921,80,1870,7
2011,2,Virgin,1619,80,1662,9
2011,2,Williams,1896,80,1469,11
2011,3,Ferrari,2246,80,2191,3
2011,3,Force India,1912,80,1932,6
2011,3,HRT,1463,80,1409,11
2011,3,Lotus,1709,80,1688,9
2011,3,McLaren,2364,80,2497,0
2011,3,Mercedes,2123,80,2245,2
2011,3,Red Bull,2426,80,2397,1
2011,3,Renault,2133,80,2099,4
2011,3,Sauber,1924,80,1997,5
2011,3,Toro Rosso,1896,80,1798,8
2011,3,Virgin,1609,80,1575,10
2011,3,Williams,1888,80,1865,7
2011,4,Ferrari,2271,80,2364,1
2011,4,Force India,1902,80,1866,7
2011,4,HRT,1449,80,1398,11
2011,4,Lotus,1703,80,1683,9
2011,4,McLaren,2349,80,2293,2
2011,4,Mercedes,2135,80,2173,3
2011,4,Red Bull,2446,80,2523,0
2011,4,Renault,2126,80,2101,4
2011,4,Sauber,1926,80,1935,6
2011,4,Toro Rosso,1918,80,1998,5
2011,4,Virgin,1600,80,1567,10
2011,4,Williams,1866,80,1792,8
2011,5,Ferrari,2273,80,2282,2
2011,5,Force India,1908,80,1931,6
2011,5,HRT,1436,80,1386,11
2011,5,Lotus,1698,80,1677,9
2011,5,McLaren,2357,80,2388,1
2011,5,Mercedes,2144,80,2178,3
2011,5,Red Bull,2464,80,2534,0
2011,5,Renault,2120,80,2102,4
2011,5,Sauber,1943,80,2002,5
2011,5,Toro Rosso,1906,80,1865,7
2011,5,Virgin,1591,80,1559,10
2011,5,Williams,1848,80,1786,8
2011,6,Ferrari,2295,80,2380,1
2011,6,Force India,1940,80,2074,4
2011,6,HRT,1424,80,1375,11
2011,6,Lotus,1692,80,1672,9
2011,6,McLaren,2346,80,2302,2
2011,6,Mercedes,2091,80,1807,8
2011,6,Red Bull,2481,80,2547,0
2011,6,Renault,2102,80,2030,5
2011,6,Sauber,1983,80,2157,3
2011,6,Toro Rosso,1897,80,1862,7
2011,6,Virgin,1583,80,1551,10
2011,6,Williams,1864,80,1923,6
2011,7,Ferrari,2262,80,2124,4
2011,7,Force India,1881,80,1446,11
2011,7,HRT,1472,80,1729,8
2011,7,Lotus,1668,80,1569,10
2011,7,McLaren,2379,80,2521,0
2011,7,Mercedes,2128,80,2255,2
2011,7,Red Bull,2469,80,2425,1
2011,7,Renault,2117,80,2173,3
2011,7,Sauber,1989,80,2012,5
2011,7,Toro Rosso,1905,80,1934,6
2011,7,Virgin,1596,80,1650,9
2011,7,Williams,1864,80,1861,7
2011,8,Ferrari,2287,80,2380,1
2011,8,Force India,1909,80,1999,5
2011,8,HRT,1454,80,1397,11
2011,8,Lotus,1668,80,1666,9
2011,8,McLaren,2363,80,2307,2
2011,8,Mercedes,2141,80,2180,3
2011,8,Red Bull,2487,80,2553,0
2011,8,Renault,2086,80,1960,6
2011,8,Sauber,1965,80,1874,7
2011,8,Toro Rosso,1937,80,2074,4
2011,8,Virgin,1588,80,1555,10
2011,8,Williams,1847,80,1782,8
2011,9,Ferrari,2330,80,2516,0
2011,9,Force India,1899,80,1865,7
2011,9,HRT,1469,80,1518,10
2011,9,Lotus,1627,80,1435,11
2011,9,McLaren,2351,80,2307,2
2011,9,Mercedes,2150,80,2183,3
2011,9,Red Bull,2475,80,2432,1
2011,9,Renault,2073,80,2028,5
2011,9,Sauber,1990,80,2081,4
2011,9,Toro Rosso,1937,80,1938,6
2011,9,Virgin,1600,80,1649,9
2011,9,Williams,1833,80,1780,8
2011,10,Ferrari,2346,80,2401,1
2011,10,Force India,1947,80,2159,3
2011,10,HRT,1452,80,1390,11
2011,10,Lotus,1632,80,1651,9
2011,10,McLaren,2386,80,2528,0
2011,10,Mercedes,2142,80,2111,4
2011,10,Red Bull,2447,80,2331,2
2011,10,Renault,2049,80,1956,6
2011,10,Sauber,1995,80,2015,5
2011,10,Toro Rosso,1922,80,1866,7
2011,10,Virgin,1590,80,1549,10
2011,10,Williams,1820,80,1773,8
2011,11,Ferrari,2339,80,2313,2
2011,11,Force India,1992,80,2163,3
2011,11,HRT,1464,80,1510,10
2011,11,Lotus,1593,80,1422,11
2011,11,McLaren,2417,80,2536,0
2011,11,Mercedes,2120,80,2037,5
2011,11,Red Bull,2443,80,2429,1
2011,11,Renault,2017,80,1881,7
2011,11,Sauber,1985,80,1947,6
2011,11,Toro Rosso,1953,80,2079,4
2011,11,Virgin,1600,80,1641,9
2011,11,Williams,1810,80,1771,8
2011,12,Ferrari,2333,80,2312,2
2011,12,Force India,2014,80,2087,4
2011,12,HRT,1474,80,1511,10
2011,12,Lotus,1623,80,1732,8
2011,12,McLaren,2419,80,2426,1
2011,12,Mercedes,2134,80,2184,3
2011,12,Red Bull,2466,80,2554,0
2011,12,Renault,2017,80,2020,5
2011,12,Sauber,1963,80,1876,7
2011,12,Toro Rosso,1893,80,1445,11
2011,12,Virgin,1609,80,1640,9
2011,12,Williams,1833,80,1923,6
2011,13,Ferrari,2329,80,2314,2
2011,13,Force India,2015,80,2017,5
2011,13,HRT,1484,80,1523,10
2011,13,Lotus,1648,80,1740,8
2011,13,McLaren,2421,80,2431,1
2011,13,Mercedes,2145,80,2187,3
2011,13,Red Bull,2487,80,2566,0
2011,13,Renault,2003,80,1948,6
2011,13,Sauber,1905,80,1458,11
2011,13,Toro Rosso,1935,80,2074,4
2011,13,Virgin,1617,80,1649,9
2011,13,Williams,1837,80,1851,7
2011,14,Ferrari,2326,80,2315,2
2011,14,Force India,2046,80,2169,3
2011,14,HRT,1468,80,1405,11
2011,14,Lotus,1652,80,1663,9
2011,14,McLaren,2424,80,2436,1
2011,14,Mercedes,2137,80,2107,4
2011,14,Red Bull,2506,80,2578,0
2011,14,Renault,1965,80,1799,8
2011,14,Sauber,1928,80,1999,5
2011,14,Toro Rosso,1918,80,1866,7
2011,14,Virgin,1606,80,1563,10
2011,14,Williams,1854,80,1922,6
2011,15,Ferrari,2345,80,2419,1
2011,15,Force India,2025,80,1951,6
2011,15,HRT,1453,80,1394,11
2011,15,Lotus,1654,80,1663,9
2011,15,McLaren,2452,80,2568,0
2011,15,Mercedes,2148,80,2188,3
2011,15,Red Bull,2475,80,2350,2
2011,15,Renault,1975,80,2008,5
2011,15,Sauber,1960,80,2076,4
2011,15,Toro Rosso,1889,80,1790,8
2011,15,Virgin,1596,80,1557,10
2011,15,Williams,1854,80,1856,7
2011,16,Ferrari,2341,80,2326,2
2011,16,Force India,2024,80,2018,5
2011,16,HRT,1438,80,1383,11
2011,16,Lotus,1673,80,1747,8
2011,16,McLaren,2452,80,2450,1
2011,16,Mercedes,2140,80,2110,4
2011,16,Red Bull,2498,80,2581,0
2011,16,Renault,1953,80,1872,7
2011,16,Sauber,1911,80,1705,9
2011,16,Toro Rosso,1940,80,2161,3
2011,16,Virgin,1586,80,1549,10
2011,16,Williams,1869,80,1925,6
2011,17,Ferrari,2338,80,2325,2
2011,17,Force India,2022,80,2015,5
2011,17,HRT,1425,80,1374,11
2011,17,Lotus,1690,80,1752,8
2011,17,McLaren,2452,80,2454,1
2011,17,Mercedes,2150,80,2190,3
2011,17,Red Bull,2518,80,2593,0
2011,17,Renault,1936,80,1870,7
2011,17,Sauber,1916,80,1932,6
2011,17,Toro Rosso,1972,80,2076,4
2011,17,Virgin,1578,80,1546,10
2011,17,Williams,1836,80,1698,9
2011,18,Ferrari,2357,80,2433,1
2011,18,Force India,2036,80,2089,4
2011,18,HRT,1413,80,1365,11
2011,18,Lotus,1685,80,1667,9
2011,18,McLaren,2479,80,2587,0
2011,18,Mercedes,2159,80,2194,3
2011,18,Red Bull,2486,80,2363,2
2011,18,Renault,1921,80,1866,7
2011,18,Sauber,1935,80,2001,5
2011,18,Toro Rosso,1933,80,1795,8
2011,18,Virgin,1571,80,1542,10
2011,18,Williams,1855,80,1921,6
2011,19,Ferrari,2353,80,2337,2
2011,19,Force India,2064,80,2179,3
2011,19,HRT,1401,80,1355,11
2011,19,Lotus,1680,80,1663,9
2011,19,McLaren,2476,80,2468,1
2011,19,Mercedes,2150,80,2113,4
2011,19,Red Bull,2510,80,2596,0
2011,19,Renault,1923,80,1932,6
2011,19,Sauber,1950,80,2003,5
2011,19,Toro Rosso,1917,80,1865,7
2011,19,Virgin,1563,80,1536,10
2011,19,Williams,1838,80,1779,8
2012,1,Caterham,1288,171,1248,10
2012,1,Ferrari,2350,80,2339,2
2012,1,Force India,2042,80,1959,6
2012,1,Lotus F1,1995,171,2094,4
2012,1,Marussia,1469,171,1463,9
2012,1,McLaren,2501,80,2600,0
2012,1,Mercedes,2105,80,1876,7
2012,1,Red Bull,2504,80,2480,1
2012,1,Sauber,1990,80,2165,3
2012,1,Toro Rosso,1940,80,2018,5
2012,1,Williams,1814,80,1719,8
2012,2,Caterham,1392,130,1501,9
2012,2,Ferrari,2390,80,2578,0
2012,2,Force India,2024,80,1958,6
2012,2,HRT,1373,80,1258,11
2012,2,Lotus F1,2047,130,2102,4
2012,2,Marussia,1441,130,1410,10
2012,2,McLaren,2475,80,2371,2
2012,2,Mercedes,2050,80,1779,8
2012,2,Red Bull,2459,80,2258,3
2012,2,Sauber,2049,80,2408,1
2012,2,Toro Rosso,1922,80,1862,7
2012,2,Williams,1851,80,2003,5
2012,3,Caterham,1443,111,1519,9
2012,3,Ferrari,2337,80,2071,5
2012,3,Force India,1996,80,1882,7
2012,3,HRT,1351,80,1261,11
2012,3,Lotus F1,2096,111,2194,3
2012,3,Marussia,1430,111,1409,10
2012,3,McLaren,2473,80,2466,1
2012,3,Mercedes,2120,80,2542,0
2012,3,Red Bull,2437,80,2359,2
2012,3,Sauber,2028,80,1964,6
2012,3,Toro Rosso,1891,80,1770,8
2012,3,Williams,1896,80,2087,4
2012,4,Caterham,1510,100,1683,8
2012,4,Ferrari,2297,80,2156,4
2012,4,Force India,2033,80,2188,3
2012,4,HRT,1360,80,1393,10
2012,4,Lotus F1,2166,100,2400,1
2012,4,Marussia,1460,100,1538,9
2012,4,McLaren,2419,80,2080,5
2012,4,Mercedes,2165,80,2295,2
2012,4,Red Bull,2465,80,2568,0
2012,4,Sauber,2014,80,1967,6
2012,4,Toro Rosso,1886,80,1868,7
2012,4,Williams,1828,80,1320,11
2012,5,Caterham,1527,94,1566,9
2012,5,Ferrari,2324,80,2411,1
2012,5,Force India,2002,80,1889,7
2012,5,HRT,1343,80,1279,11
2012,5,Lotus F1,2203,94,2301,2
2012,5,Marussia,1454,94,1439,10
2012,5,McLaren,2353,80,2004,6
2012,5,Mercedes,2140,80,2068,5
2012,5,Red Bull,2414,80,2177,4
2012,5,Sauber,2052,80,2199,3
2012,5,Toro Rosso,1861,80,1768,8
2012,5,Williams,1907,80,2512,0
2012,6,Caterham,1539,89,1575,9
2012,6,Ferrari,2322,80,2315,2
2012,6,Force India,2028,80,2120,4
2012,6,HRT,1328,80,1270,11
2012,6,Lotus F1,2171,89,2076,5
2012,6,Marussia,1450,89,1437,10
2012,6,McLaren,2324,80,2242,3
2012,6,Mercedes,2189,80,2375,1
2012,6,Red Bull,2442,80,2532,0
2012,6,Sauber,2019,80,1903,7
2012,6,Toro Rosso,1843,80,1775,8
2012,6,Williams,1923,80,1961,6
2012,7,Caterham,1548,86,1577,9
2012,7,Ferrari,2289,80,2165,4
2012,7,Force India,2018,80,1981,6
2012,7,HRT,1314,80,1261,11
2012,7,Lotus F1,2217,86,2379,1
2012,7,Marussia,1447,86,1434,10
2012,7,McLaren,2368,80,2515,0
2012,7,Mercedes,2162,80,2077,5
2012,7,Red Bull,2401,80,2254,3
2012,7,Sauber,2069,80,2278,2
2012,7,Toro Rosso,1828,80,1770,8
2012,7,Williams,1912,80,1883,7
2012,8,Caterham,1555,84,1578,9
2012,8,Ferrari,2332,80,2504,0
2012,8,Force India,2041,80,2129,4
2012,8,HRT,1302,80,1253,11
2012,8,Lotus F1,2256,84,2383,1
2012,8,Marussia,1443,84,1431,10
2012,8,McLaren,2312,80,2098,5
2012,8,Mercedes,2192,80,2292,2
2012,8,Red Bull,2368,80,2252,3
2012,8,Sauber,2050,80,1990,6
2012,8,Toro Rosso,1815,80,1766,8
2012,8,Williams,1905,80,1881,7
2012,9,Caterham,1560,83,1579,9
2012,9,Ferrari,2347,80,2397,1
2012,9,Force India,2012,80,1903,7
2012,9,HRT,1290,80,1244,11
2012,9,Lotus F1,2268,83,2307,2
2012,9,Marussia,1440,83,1428,10
2012,9,McLaren,2278,80,2175,4
2012,9,Mercedes,2200,80,2228,3
2012,9,Red Bull,2400,80,2513,0
2012,9,Sauber,2036,80,1990,6
2012,9,Toro Rosso,1804,80,1761,8
2012,9,Williams,1935,80,2046,5
2012,10,Caterham,1564,82,1579,9
2012,10,Ferrari,2382,80,2515,0
2012,10,Force India,2006,80,1982,6
2012,10,HRT,1279,80,1235,11
2012,10,Lotus F1,2278,82,2312,2
2012,10,Marussia,1437,82,1424,10
2012,10,McLaren,2306,80,2393,1
2012,10,Mercedes,2176,80,2087,5
2012,10,Red Bull,2355,80,2183,4
2012,10,Sauber,2072,80,2210,3
2012,10,Toro Rosso,1815,80,1859,7
2012,10,Williams,1903,80,1784,8
2012,11,Caterham,1567,81,1580,9
2012,11,Ferrari,2355,80,2258,3
2012,11,Force India,2000,80,1981,6
2012,11,HRT,1268,80,1227,11
2012,11,Lotus F1,2303,81,2396,1
2012,11,Marussia,1434,81,1421,10
2012,11,McLaren,2349,80,2509,0
2012,11,Mercedes,2156,80,2085,5
2012,11,Red Bull,2349,80,2328,2
2012,11,Sauber,2036,80,1904,7
2012,11,Toro Rosso,1804,80,1760,8
2012,11,Williams,1947,80,2124,4
2012,12,Caterham,1570,81,1580,9
2012,12,Ferrari,2318,80,2181,4
2012,12,Force India,2039,80,2209,3
2012,12,HRT,1258,80,1219,11
2012,12,Lotus F1,2307,81,2322,2
2012,12,Marussia,1430,81,1418,10
2012,12,McLaren,2387,80,2519,0
2012,12,Mercedes,2139,80,2080,5
2012,12,Red Bull,2363,80,2410,1
2012,12,Sauber,1990,80,1797,8
2012,12,Toro Rosso,1832,80,1948,6
2012,12,Williams,1932,80,1886,7
2012,13,Caterham,1597,81,1709,8
2012,13,Ferrari,2320,80,2325,2
2012,13,Force India,2043,80,2059,5
2012,13,HRT,1280,80,1368,10
2012,13,Lotus F1,2295,81,2249,3
2012,13,Marussia,1453,81,1548,9
2012,13,McLaren,2418,80,2530,0
2012,13,Mercedes,2141,80,2149,4
2012,13,Red Bull,2300,80,1311,11
2012,13,Sauber,2053,80,2377,1
2012,13,Toro Rosso,1839,80,1865,7
2012,13,Williams,1940,80,1966,6
2012,14,Caterham,1598,80,1605,9
2012,14,Ferrari,2320,80,2322,2
2012,14,Force India,2077,80,2212,3
2012,14,HRT,1302,80,1391,10
2012,14,Lotus F1,2258,80,2101,5
2012,14,Marussia,1496,80,1707,8
2012,14,McLaren,2419,80,2421,1
2012,14,Mercedes,2144,80,2154,4
2012,14,Red Bull,2348,80,2511,0
2012,14,Sauber,2018,80,1916,7
2012,14,Toro Rosso,1864,80,1964,6
2012,14,Williams,1879,80,1332,11
2012,15,Caterham,1602,80,1613,9
2012,15,Ferrari,2339,80,2406,1
2012,15,Force India,2076,80,2070,5
2012,15,HRT,1293,80,1258,11
2012,15,Lotus F1,2239,80,2169,4
2012,15,Marussia,1489,80,1466,10
2012,15,McLaren,2387,80,2262,3
2012,15,Mercedes,2095,80,1818,8
2012,15,Red Bull,2388,80,2523,0
2012,15,Sauber,2075,80,2288,2
2012,15,Toro Rosso,1867,80,1878,7
2012,15,Williams,1900,80,1964,6
2012,16,Caterham,1604,80,1616,9
2012,16,Ferrari,2354,80,2410,1
2012,16,Force India,2104,80,2215,3
2012,16,HRT,1284,80,1250,11
2012,16,Lotus F1,2255,80,2312,2
2012,16,Marussia,1483,80,1462,10
2012,16,McLaren,2336,80,2107,5
2012,16,Mercedes,2058,80,1921,7
2012,16,Red Bull,2420,80,2532,0
2012,16,Sauber,2055,80,2000,6
2012,16,Toro Rosso,1911,80,2122,4
2012,16,Williams,1876,80,1797,8
2012,17,Caterham,1607,80,1617,9
2012,17,Ferrari,2366,80,2414,1
2012,17,Force India,2113,80,2146,4
2012,17,HRT,1275,80,1243,11
2012,17,Lotus F1,2251,80,2240,3
2012,17,Marussia,1478,80,1458,10
2012,17,McLaren,2334,80,2327,2
2012,17,Mercedes,2043,80,1997,6
2012,17,Red Bull,2447,80,2541,0
2012,17,Sauber,2007,80,1821,8
2012,17,Toro Rosso,1907,80,1894,7
2012,17,Williams,1912,80,2045,5
2012,18,Caterham,1609,80,1617,9
2012,18,Ferrari,2378,80,2422,1
2012,18,Force India,2090,80,2000,6
2012,18,HRT,1267,80,1236,11
2012,18,Lotus F1,2297,80,2520,0
2012,18,Marussia,1473,80,1454,10
2012,18,McLaren,2315,80,2252,3
2012,18,Mercedes,2001,80,1820,8
2012,18,Red Bull,2425,80,2348,2
2012,18,Sauber,2019,80,2057,5
2012,18,Toro Rosso,1904,80,1892,7
2012,18,Williams,1955,80,2120,4
2012,19,Caterham,1611,80,1618,9
2012,19,Ferrari,2370,80,2338,2
2012,19,Force India,2101,80,2140,4
2012,19,HRT,1259,80,1229,11
2012,19,Lotus F1,2285,80,2247,3
2012,19,Marussia,1468,80,1451,10
2012,19,McLaren,2357,80,2526,0
2012,19,Mercedes,1963,80,1818,8
2012,19,Red Bull,2427,80,2433,1
2012,19,Sauber,2012,80,1987,6
2012,19,Toro Rosso,1901,80,1893,7
2012,19,Williams,1976,80,2049,5
2012,20,Caterham,1636,80,1740,8
2012,20,Ferrari,2381,80,2426,1
2012,20,Force India,2125,80,2220,3
2012,20,HRT,1284,80,1388,10
2012,20,Lotus F1,2230,80,1931,7
2012,20,Marussia,1491,80,1581,9
2012,20,McLaren,2395,80,2537,0
2012,20,Mercedes,1998,80,2124,4
2012,20,Red Bull,2410,80,2350,2
2012,20,Sauber,2005,80,1984,6
2012,20,Toro Rosso,1929,80,2041,5
2012,20,Williams,1911,80,1331,11
2013,1,Caterham,1606,80,1484,10
2013,1,Ferrari,2391,80,2429,1
2013,1,Force India,2129,80,2145,4
2013,1,Lotus F1,2287,80,2522,0
2013,1,Marussia,1511,80,1591,9
2013,1,McLaren,2340,80,2099,5
2013,1,Mercedes,2041,80,2206,3
2013,1,Red Bull,2397,80,2347,2
2013,1,Sauber,1985,80,1907,7
2013,1,Toro Rosso,1938,80,1971,6
2013,1,Williams,1882,80,1804,8
2013,2,Caterham,1608,80,1616,9
2013,2,Ferrari,2381,80,2343,2
2013,2,Force India,2071,80,1527,10
2013,2,Lotus F1,2278,80,2250,3
2013,2,Marussia,1550,80,1723,8
2013,2,McLaren,2288,80,2101,5
2013,2,Mercedes,2101,80,2388,1
2013,2,Red Bull,2426,80,2541,0
2013,2,Sauber,2014,80,2131,4
2013,2,Toro Rosso,1946,80,1975,6
2013,2,Williams,1883,80,1887,7
2013,3,Caterham,1584,80,1490,10
2013,3,Ferrari,2411,80,2534,0
2013,3,Force India,2053,80,2000,6
2013,3,Lotus F1,2306,80,2402,1
2013,3,Marussia,1564,80,1613,9
2013,3,McLaren,2259,80,2172,4
2013,3,Mercedes,2145,80,2295,2
2013,3,Red Bull,2393,80,2263,3
2013,3,Sauber,1993,80,1916,7
2013,3,Toro Rosso,1967,80,2054,5
2013,3,Williams,1865,80,1803,8
2013,4,Caterham,1592,80,1618,9
2013,4,Ferrari,2361,80,2108,5
2013,4,Force India,2101,80,2293,2
2013,4,Lotus F1,2329,80,2408,1
2013,4,Marussia,1545,80,1474,10
2013,4,McLaren,2239,80,2171,4
2013,4,Mercedes,2164,80,2226,3
2013,4,Red Bull,2423,80,2537,0
2013,4,Sauber,1975,80,1911,7
2013,4,Toro Rosso,1937,80,1814,8
2013,4,Williams,1888,80,1969,6
2013,5,Caterham,1597,80,1618,9
2013,5,Ferrari,2398,80,2530,0
2013,5,Force India,2114,80,2152,4
2013,5,Lotus F1,2347,80,2412,1
2013,5,Marussia,1528,80,1465,10
2013,5,McLaren,2209,80,2100,5
2013,5,Mercedes,2180,80,2232,3
2013,5,Red Bull,2406,80,2345,2
2013,5,Sauber,1961,80,1910,7
2013,5,Toro Rosso,1947,80,1983,6
2013,5,Williams,1869,80,1802,8
2013,6,Caterham,1573,80,1476,10
2013,6,Ferrari,2355,80,2193,4
2013,6,Force India,2153,80,2305,2
2013,6,Lotus F1,2294,80,2029,6
2013,6,Marussia,1543,80,1597,9
2013,6,McLaren,2217,80,2242,3
2013,6,Mercedes,2232,80,2513,0
2013,6,Red Bull,2411,80,2431,1
2013,6,Sauber,1949,80,1905,7
2013,6,Toro Rosso,1970,80,2060,5
2013,6,Williams,1853,80,1794,8
2013,7,Caterham,1580,80,1606,9
2013,7,Ferrari,2369,80,2414,1
2013,7,Force India,2156,80,2168,4
2013,7,Lotus F1,2253,80,2115,5
2013,7,Marussia,1578,80,1725,8
2013,7,McLaren,2180,80,2028,6
2013,7,Mercedes,2252,80,2316,2
2013,7,Red Bull,2437,80,2536,0
2013,7,Sauber,1896,80,1523,10
2013,7,Toro Rosso,2014,80,2219,3
2013,7,Williams,1860,80,1887,7
2013,8,Caterham,1588,80,1617,9
2013,8,Ferrari,2361,80,2336,2
2013,8,Force India,2158,80,2165,4
2013,8,Lotus F1,2252,80,2247,3
2013,8,Marussia,1556,80,1480,10
2013,8,McLaren,2126,80,1831,8
2013,8,Mercedes,2300,80,2513,0
2013,8,Red Bull,2436,80,2432,1
2013,8,Sauber,1915,80,1979,6
2013,8,Toro Rosso,2028,80,2074,5
2013,8,Williams,1866,80,1887,7
2013,9,Caterham,1594,80,1617,9
2013,9,Ferrari,2356,80,2336,2
2013,9,Force India,2130,80,2021,6
2013,9,Lotus F1,2284,80,2401,1
2013,9,Marussia,1538,80,1471,10
2013,9,McLaren,2135,80,2161,4
2013,9,Mercedes,2289,80,2255,3
2013,9,Red Bull,2459,80,2548,0
2013,9,Sauber,1946,80,2062,5
2013,9,Toro Rosso,2005,80,1921,7
2013,9,Williams,1852,80,1797,8
2013,10,Caterham,1622,80,1738,8
2013,10,Ferrari,2336,80,2264,3
2013,10,Force India,2069,80,1533,10
2013,10,Lotus F1,2312,80,2410,1
2013,10,Marussia,1552,80,1601,9
2013,10,McLaren,2141,80,2161,4
2013,10,Mercedes,2334,80,2526,0
2013,10,Red Bull,2437,80,2355,2
2013,10,Sauber,1956,80,1987,6
2013,10,Toro Rosso,1985,80,1916,7
2013,10,Williams,1889,80,2053,5
2013,11,Caterham,1625,80,1636,9
2013,11,Ferrari,2354,80,2420,1
2013,11,Force India,2071,80,2078,5
2013,11,Lotus F1,2284,80,2185,4
2013,11,Marussia,1536,80,1478,10
2013,11,McLaren,2161,80,2233,3
2013,11,Mercedes,2335,80,2337,2
2013,11,Red Bull,2461,80,2553,0
2013,11,Sauber,1946,80,1910,7
2013,11,Toro Rosso,1987,80,1992,6
2013,11,Williams,1871,80,1808,8
2013,12,Caterham,1626,80,1632,9
2013,12,Ferrari,2370,80,2428,1
2013,12,Force India,2023,80,1829,8
2013,12,Lotus F1,2248,80,2107,5
2013,12,Marussia,1522,80,1467,10
2013,12,McLaren,2131,80,2016,6
2013,12,Mercedes,2319,80,2265,3
2013,12,Red Bull,2483,80,2566,0
2013,12,Sauber,1998,80,2300,2
2013,12,Toro Rosso,2018,80,2141,4
2013,12,Williams,1876,80,1892,7
2013,13,Caterham,1628,80,1632,9
2013,13,Ferrari,2382,80,2429,1
2013,13,Force India,2016,80,1998,6
2013,13,Lotus F1,2264,80,2321,2
2013,13,Marussia,1509,80,1459,10
2013,13,McLaren,2136,80,2154,4
2013,13,Mercedes,2305,80,2255,3
2013,13,Red Bull,2502,80,2574,0
2013,13,Sauber,2014,80,2065,5
2013,13,Toro Rosso,1980,80,1828,8
2013,13,Williams,1880,80,1897,7
2013,14,Caterham,1667,80,1859,7
2013,14,Ferrari,2346,80,2187,4
2013,14,Force India,1953,80,1534,10
2013,14,Lotus F1,2296,80,2417,1
2013,14,Marussia,1549,80,1732,8
2013,14,McLaren,2125,80,2083,5
2013,14,Mercedes,2294,80,2255,3
2013,14,Red Bull,2520,80,2587,0
2013,14,Sauber,2066,80,2299,2
2013,14,Toro Rosso,1930,80,1699,9
2013,14,Williams,1899,80,1974,6
2013,15,Caterham,1665,80,1656,9
2013,15,Ferrari,2344,80,2339,2
2013,15,Force India,1960,80,1978,6
2013,15,Lotus F1,2323,80,2420,1
2013,15,Marussia,1535,80,1485,10
2013,15,McLaren,2115,80,2076,5
2013,15,Mercedes,2270,80,2174,4
2013,15,Red Bull,2535,80,2593,0
2013,15,Sauber,2100,80,2217,3
2013,15,Toro Rosso,1922,80,1898,7
2013,15,Williams,1881,80,1808,8
2013,16,Caterham,1634,80,1513,10
2013,16,Ferrari,2326,80,2261,3
2013,16,Force India,1982,80,2054,5
2013,16,Lotus F1,2326,80,2337,2
2013,16,Marussia,1552,80,1617,9
2013,16,McLaren,2122,80,2150,4
2013,16,Mercedes,2300,80,2420,1
2013,16,Red Bull,2549,80,2604,0
2013,16,Sauber,2047,80,1829,8
2013,16,Toro Rosso,1934,80,1973,6
2013,16,Williams,1882,80,1889,7
2013,17,Caterham,1636,80,1640,9
2013,17,Ferrari,2312,80,2259,3
2013,17,Force India,2014,80,2131,4
2013,17,Lotus F1,2329,80,2340,2
2013,17,Marussia,1537,80,1480,10
2013,17,McLaren,2113,80,2076,5
2013,17,Mercedes,2327,80,2428,1
2013,17,Red Bull,2562,80,2613,0
2013,17,Sauber,2015,80,1914,7
2013,17,Toro Rosso,1908,80,1810,8
2013,17,Williams,1900,80,1967,6
2013,18,Caterham,1608,80,1499,10
2013,18,Ferrari,2301,80,2258,3
2013,18,Force India,1973,80,1819,8
2013,18,Lotus F1,2351,80,2437,1
2013,18,Marussia,1553,80,1612,9
2013,18,McLaren,2104,80,2073,5
2013,18,Mercedes,2331,80,2343,2
2013,18,Red Bull,2575,80,2623,0
2013,18,Sauber,2043,80,2133,4
2013,18,Toro Rosso,1904,80,1891,7
2013,18,Williams,1914,80,1967,6
2013,19,Caterham,1583,80,1490,10
2013,19,Ferrari,2328,80,2436,1
2013,19,Force India,1974,80,1977,6
2013,19,Lotus F1,2295,80,1930,7
2013,19,Marussia,1565,80,1612,9
2013,19,McLaren,2142,80,2313,2
2013,19,Mercedes,2316,80,2262,3
2013,19,Red Bull,2587,80,2633,0
2013,19,Sauber,2065,80,2137,4
2013,19,Toro Rosso,1932,80,2042,5
2013,19,Williams,1891,80,1802,8
2014,1,Caterham,1395,171,1367,9
2014,1,Ferrari,2037,171,2060,2
2014,1,Force India,1840,171,1860,4
2014,1,Lotus F1,1584,171,1523,8
2014,1,Marussia,1579,171,1588,7
2014,1,McLaren,2115,171,2171,1
2014,1,Mercedes,2288,171,2362,0
2014,1,Red Bull,1368,171,1222,10
2014,1,Sauber,1713,171,1700,6
2014,1,Toro Rosso,1766,171,1776,5
2014,1,Williams,1903,171,1943,3
2014,2,Caterham,1432,130,1472,8
2014,2,Ferrari,2051,130,2066,2
2014,2,Force India,1889,130,1945,3
2014,2,Lotus F1,1586,130,1589,7
2014,2,Marussia,1495,130,1399,9
2014,2,McLaren,2004,130,1895,4
2014,2,Mercedes,2333,130,2382,0
2014,2,Red Bull,1868,130,2136,1
2014,2,Sauber,1529,130,1269,10
2014,2,Toro Rosso,1732,130,1694,6
2014,2,Williams,1848,130,1790,5
2014,3,Caterham,1458,111,1508,8
2014,3,Ferrari,1999,111,1894,4
2014,3,Force India,1966,111,2135,1
2014,3,Lotus F1,1622,111,1688,6
2014,3,Marussia,1534,111,1599,7
2014,3,McLaren,1855,111,1469,9
2014,3,Mercedes,2351,111,2385,0
2014,3,Red Bull,1965,111,2028,2
2014,3,Sauber,1423,111,1311,10
2014,3,Toro Rosso,1749,111,1780,5
2014,3,Williams,1882,111,1943,3
2014,4,Caterham,1415,100,1302,10
2014,4,Ferrari,2040,100,2142,1
2014,4,Force India,1964,100,1960,3
2014,4,Lotus F1,1622,100,1624,7
2014,4,Marussia,1505,100,1438,9
2014,4,McLaren,1801,100,1733,6
2014,4,Mercedes,2361,100,2389,0
2014,4,Red Bull,1993,100,2038,2
2014,4,Sauber,1457,100,1511,8
2014,4,Toro Rosso,1761,100,1791,5
2014,4,Williams,1881,100,1878,4
2014,5,Caterham,1383,94,1290,10
2014,5,Ferrari,2022,94,1975,3
2014,5,Force India,1926,94,1817,5
2014,5,Lotus F1,1674,94,1848,4
2014,5,Marussia,1484,94,1428,9
2014,5,McLaren,1774,94,1723,6
2014,5,Mercedes,2371,94,2398,0
2014,5,Red Bull,2036,94,2147,1
2014,5,Sauber,1474,94,1510,8
2014,5,Toro Rosso,1732,94,1640,7
2014,5,Williams,1918,94,2031,2
2014,6,Caterham,1410,89,1497,8
2014,6,Ferrari,2030,89,2053,2
2014,6,Force India,1934,89,1957,3
2014,6,Lotus F1,1681,89,1703,6
2014,6,Marussia,1511,89,1598,7
2014,6,McLaren,1800,89,1863,4
2014,6,Mercedes,2378,89,2404,0
2014,6,Red Bull,2067,89,2156,1
2014,6,Sauber,1459,89,1419,9
2014,6,Toro Rosso,1667,89,1327,10
2014,6,Williams,1892,89,1811,5
2014,7,Caterham,1411,86,1412,9
2014,7,Ferrari,2001,86,1898,4
2014,7,Force India,1940,86,1960,3
2014,7,Lotus F1,1651,86,1547,8
2014,7,Marussia,1470,86,1315,10
2014,7,McLaren,1851,86,2026,2
2014,7,Mercedes,2350,86,2245,1
2014,7,Red Bull,2118,86,2322,0
2014,7,Sauber,1491,86,1593,7
2014,7,Toro Rosso,1676,86,1700,6
2014,7,Williams,1872,86,1806,5
2014,8,Caterham,1411,84,1411,9
2014,8,Ferrari,2014,84,2058,2
2014,8,Force India,1946,84,1965,3
2014,8,Lotus F1,1662,84,1697,6
2014,8,Marussia,1479,84,1511,8
2014,8,McLaren,1858,84,1876,4
2014,8,Mercedes,2360,84,2394,0
2014,8,Red Bull,2060,84,1830,5
2014,8,Sauber,1515,84,1596,7
2014,8,Toro Rosso,1614,84,1332,10
2014,8,Williams,1922,84,2143,1
2014,9,Caterham,1387,83,1296,10
2014,9,Ferrari,1990,83,1904,4
2014,9,Force India,1920,83,1819,5
2014,9,Lotus F1,1653,83,1622,7
2014,9,Marussia,1468,83,1427,9
2014,9,McLaren,1881,83,1956,3
2014,9,Mercedes,2368,83,2396,0
2014,9,Red Bull,2062,83,2067,2
2014,9,Sauber,1516,83,1519,8
2014,9,Toro Rosso,1634,83,1691,6
2014,9,Williams,1969,83,2143,1
2014,10,Caterham,1365,82,1283,10
2014,10,Ferrari,1988,82,1979,3
2014,10,Force India,1914,82,1895,4
2014,10,Lotus F1,1663,82,1700,6
2014,10,Marussia,1457,82,1420,9
2014,10,McLaren,1866,82,1814,5
2014,10,Mercedes,2375,82,2402,0
2014,10,Red Bull,2063,82,2069,2
2014,10,Sauber,1516,82,1517,8
2014,10,Toro Rosso,1630,82,1618,7
2014,10,Williams,2011,82,2151,1
2014,11,Caterham,1371,81,1392,9
2014,11,Ferrari,2021,81,2159,1
2014,11,Force India,1856,81,1327,10
2014,11,Lotus F1,1654,81,1621,7
2014,11,Marussia,1467,81,1503,8
2014,11,McLaren,1854,81,1813,5
2014,11,Mercedes,2332,81,2121,2
2014,11,Red Bull,2112,81,2322,0
2014,11,Sauber,1548,81,1680,6
2014,11,Toro Rosso,1675,81,1860,4
2014,11,Williams,2004,81,1985,3
2014,12,Caterham,1378,81,1404,9
2014,12,Ferrari,2014,81,1989,3
2014,12,Force India,1845,81,1812,5
2014,12,Lotus F1,1604,81,1330,10
2014,12,Marussia,1477,81,1516,8
2014,12,McLaren,1861,81,1886,4
2014,12,Mercedes,2311,81,2237,1
2014,12,Red Bull,2156,81,2322,0
2014,12,Sauber,1562,81,1611,7
2014,12,Toro Rosso,1683,81,1708,6
2014,12,Williams,2019,81,2068,2
2014,13,Caterham,1384,81,1407,9
2014,13,Ferrari,1979,81,1832,5
2014,13,Force India,1872,81,1966,3
2014,13,Lotus F1,1607,81,1617,7
2014,13,Marussia,1445,81,1309,10
2014,13,McLaren,1867,81,1889,4
2014,13,Mercedes,2325,81,2374,0
2014,13,Red Bull,2143,81,2103,2
2014,13,Sauber,1555,81,1531,8
2014,13,Toro Rosso,1688,81,1706,6
2014,13,Williams,2051,81,2175,1
2014,14,Caterham,1407,80,1498,8
2014,14,Ferrari,1999,80,2072,2
2014,14,Force India,1859,80,1817,5
2014,14,Lotus F1,1609,80,1617,7
2014,14,Marussia,1439,80,1416,9
2014,14,McLaren,1841,80,1736,6
2014,14,Mercedes,2337,80,2382,0
2014,14,Red Bull,2156,80,2200,1
2014,14,Sauber,1513,80,1317,10
2014,14,Toro Rosso,1724,80,1869,4
2014,14,Williams,2040,80,2001,3
2014,15,Caterham,1407,80,1407,9
2014,15,Ferrari,1953,80,1748,6
2014,15,Force India,1866,80,1891,4
2014,15,Lotus F1,1593,80,1533,8
2014,15,Marussia,1410,80,1296,10
2014,15,McLaren,1881,80,2056,2
2014,15,Mercedes,2349,80,2393,0
2014,15,Red Bull,2168,80,2208,1
2014,15,Sauber,1532,80,1599,7
2014,15,Toro Rosso,1739,80,1792,5
2014,15,Williams,2031,80,2000,3
2014,16,Caterham,1406,80,1403,9
2014,16,Ferrari,1961,80,1984,3
2014,16,Force India,1856,80,1818,5
2014,16,Lotus F1,1580,80,1530,8
2014,16,Marussia,1385,80,1285,10
2014,16,McLaren,1918,80,2059,2
2014,16,Mercedes,2360,80,2401,0
2014,16,Red Bull,2124,80,1933,4
2014,16,Sauber,1548,80,1603,7
2014,16,Toro Rosso,1734,80,1719,6
2014,16,Williams,2061,80,2183,1
2014,17,Ferrari,1967,80,1989,3
2014,17,Force India,1803,80,1497,8
2014,17,Lotus F1,1616,80,1774,5
2014,17,McLaren,1915,80,1905,4
2014,17,Mercedes,2369,80,2406,0
2014,17,Red Bull,2142,80,2200,1
2014,17,Sauber,1554,80,1574,7
2014,17,Toro Rosso,1729,80,1709,6
2014,17,Williams,2067,80,2089,2
2014,18,Ferrari,1954,80,1909,4
2014,18,Force India,1803,80,1802,5
2014,18,Lotus F1,1611,80,1593,7
2014,18,McLaren,1946,80,2067,2
2014,18,Mercedes,2379,80,2415,0
2014,18,Red Bull,2115,80,2018,3
2014,18,Sauber,1533,80,1456,8
2014,18,Toro Rosso,1724,80,1707,6
2014,18,Williams,2093,80,2194,1
2014,19,Caterham,1391,80,1331,9
2014,19,Ferrari,1929,80,1829,5
2014,19,Force India,1822,80,1886,4
2014,19,Lotus F1,1609,80,1603,7
2014,19,McLaren,1956,80,1989,3
2014,19,Mercedes,2387,80,2421,0
2014,19,Red Bull,2113,80,2104,2
2014,19,Sauber,1524,80,1491,8
2014,19,Toro Rosso,1721,80,1710,6
2014,19,Williams,2115,80,2200,1
2015,1,Ferrari,1974,80,2180,1
2015,1,Force India,1818,80,1807,5
2015,1,Lotus F1,1580,80,1461,8
2015,1,McLaren,1904,80,1634,7
2015,1,Mercedes,2396,80,2429,0
2015,1,Red Bull,2077,80,1933,4
2015,1,Sauber,1580,80,1953,3
2015,1,Toro Rosso,1718,80,1703,6
2015,1,Williams,2114,80,2107,2
2015,2,Ferrari,2034,80,2337,0
2015,2,Force India,1784,80,1643,7
2015,2,Lotus F1,1618,80,1778,5
2015,2,Manor Marussia,1507,171,1508,8
2015,2,McLaren,1836,80,1461,9
2015,2,Mercedes,2372,80,2275,1
2015,2,Red Bull,2046,80,1929,4
2015,2,Sauber,1606,80,1692,6
2015,2,Toro Rosso,1759,80,1960,3
2015,2,Williams,2111,80,2103,2
2015,3,Ferrari,2070,80,2183,1
2015,3,Force India,1772,80,1730,6
2015,3,Lotus F1,1673,80,1948,3
2015,3,Manor Marussia,1447,130,1378,9
2015,3,McLaren,1791,80,1658,7
2015,3,Mercedes,2381,80,2414,0
2015,3,Red Bull,2006,80,1838,5
2015,3,Sauber,1656,80,1860,4
2015,3,Toro Rosso,1719,80,1557,8
2015,3,Williams,2108,80,2097,2
2015,4,Ferrari,2098,80,2188,1
2015,4,Force India,1777,80,1794,5
2015,4,Lotus F1,1715,80,1856,4
2015,4,Manor Marussia,1469,111,1510,8
2015,4,McLaren,1775,80,1727,6
2015,4,Mercedes,2389,80,2420,0
2015,4,Red Bull,2001,80,1985,3
2015,4,Sauber,1650,80,1633,7
2015,4,Toro Rosso,1668,80,1441,9
2015,4,Williams,2105,80,2092,2
2015,5,Ferrari,2120,80,2198,1
2015,5,Force India,1751,80,1649,7
2015,5,Lotus F1,1748,80,1859,4
2015,5,Manor Marussia,1444,100,1382,9
2015,5,McLaren,1731,80,1563,8
2015,5,Mercedes,2397,80,2427,0
2015,5,Red Bull,1998,80,1986,3
2015,5,Sauber,1663,80,1704,6
2015,5,Toro Rosso,1694,80,1778,5
2015,5,Williams,2103,80,2095,2
2015,6,Ferrari,2139,80,2208,1
2015,6,Force India,1789,80,1947,3
2015,6,Lotus F1,1724,80,1645,7
2015,6,Manor Marussia,1426,94,1372,9
2015,6,McLaren,1761,80,1859,4
2015,6,Mercedes,2405,80,2435,0
2015,6,Red Bull,2015,80,2077,2
2015,6,Sauber,1687,80,1776,5
2015,6,Toro Rosso,1698,80,1710,6
2015,6,Williams,2048,80,1576,8
2015,7,Ferrari,2132,80,2104,2
2015,7,Force India,1808,80,1874,4
2015,7,Lotus F1,1768,80,1949,3
2015,7,Manor Marussia,1444,89,1505,8
2015,7,McLaren,1704,80,1439,9
2015,7,Mercedes,2412,80,2440,0
2015,7,Red Bull,1979,80,1831,5
2015,7,Sauber,1678,80,1644,7
2015,7,Toro Rosso,1703,80,1719,6
2015,7,Williams,2080,80,2191,1
2015,8,Ferrari,2125,80,2102,2
2015,8,Force India,1839,80,1957,3
2015,8,Lotus F1,1792,80,1871,4
2015,8,Manor Marussia,1459,86,1511,8
2015,8,McLaren,1649,80,1438,9
2015,8,Mercedes,2419,80,2446,0
2015,8,Red Bull,1937,80,1753,6
2015,8,Sauber,1670,80,1643,7
2015,8,Toro Rosso,1721,80,1789,5
2015,8,Williams,2106,80,2198,1
2015,9,Ferrari,2143,80,2210,1
2015,9,Force India,1848,80,1882,4
2015,9,Lotus F1,1734,80,1446,9
2015,9,Manor Marussia,1490,84,1608,7
2015,9,McLaren,1682,80,1783,5
2015,9,Mercedes,2425,80,2452,0
2015,9,Red Bull,1946,80,1976,3
2015,9,Sauber,1679,80,1714,6
2015,9,Toro Rosso,1689,80,1563,8
2015,9,Williams,2104,80,2098,2
2015,10,Ferrari,2184,80,2374,0
2015,10,Force India,1792,80,1458,9
2015,10,Lotus F1,1749,80,1790,5
2015,10,Manor Marussia,1497,83,1523,8
2015,10,McLaren,1736,80,1944,3
2015,10,Mercedes,2371,80,1933,4
2015,10,Red Bull,1991,80,2183,1
2015,10,Sauber,1686,80,1713,6
2015,10,Toro Rosso,1745,80,2045,2
2015,10,Williams,2046,80,1675,7
2015,11,Ferrari,2129,80,1848,5
2015,11,Force India,1830,80,1959,3
2015,11,Lotus F1,1811,80,2167,1
2015,11,Manor Marussia,1480,82,1416,9
2015,11,McLaren,1699,80,1582,8
2015,11,Mercedes,2383,80,2420,0
2015,11,Red Bull,2011,80,2078,2
2015,11,Sauber,1680,80,1657,7
2015,11,Toro Rosso,1742,80,1736,6
2015,11,Williams,2014,80,1917,4
2015,12,Ferrari,2146,80,2200,1
2015,12,Force India,1861,80,1965,3
2015,12,Lotus F1,1745,80,1468,9
2015,12,Manor Marussia,1492,81,1534,8
2015,12,McLaren,1689,80,1662,7
2015,12,Mercedes,2391,80,2421,0
2015,12,Red Bull,1990,80,1916,4
2015,12,Sauber,1704,80,1801,5
2015,12,Toro Rosso,1742,80,1740,6
2015,12,Williams,2029,80,2075,2
2015,13,Ferrari,2189,80,2356,0
2015,13,Force India,1868,80,1892,4
2015,13,Lotus F1,1724,80,1666,7
2015,13,Manor Marussia,1501,81,1537,8
2015,13,McLaren,1644,80,1457,9
2015,13,Mercedes,2345,80,2141,2
2015,13,Red Bull,2028,80,2178,1
2015,13,Sauber,1710,80,1732,6
2015,13,Toro Rosso,1756,80,1805,5
2015,13,Williams,2021,80,1995,3
2015,14,Ferrari,2197,80,2225,1
2015,14,Force India,1891,80,1976,3
2015,14,Lotus F1,1760,80,1877,4
2015,14,Manor Marussia,1483,81,1413,9
2015,14,McLaren,1662,80,1720,6
2015,14,Mercedes,2359,80,2404,0
2015,14,Red Bull,1970,80,1686,7
2015,14,Sauber,1683,80,1573,8
2015,14,Toro Rosso,1767,80,1807,5
2015,14,Williams,2036,80,2088,2
2015,15,Ferrari,2204,80,2228,1
2015,15,Force India,1925,80,2067,2
2015,15,Lotus F1,1755,80,1741,6
2015,15,Manor Marussia,1467,80,1406,9
2015,15,McLaren,1660,80,1653,7
2015,15,Mercedes,2371,80,2413,0
2015,15,Red Bull,1956,80,1915,4
2015,15,Sauber,1707,80,1801,5
2015,15,Toro Rosso,1731,80,1582,8
2015,15,Williams,2029,80,2003,3
2015,16,Ferrari,2211,80,2233,1
2015,16,Force India,1938,80,1985,3
2015,16,Lotus F1,1768,80,1810,5
2015,16,Manor Marussia,1479,80,1524,8
2015,16,McLaren,1701,80,1874,4
2015,16,Mercedes,2383,80,2423,0
2015,16,Red Bull,1904,80,1685,7
2015,16,Sauber,1713,80,1732,6
2015,16,Toro Rosso,1785,80,2055,2
2015,16,Williams,1970,80,1465,9
2015,17,Ferrari,2151,80,1484,9
2015,17,Force India,1947,80,1979,3
2015,17,Lotus F1,1779,80,1817,5
2015,17,Manor Marussia,1492,80,1541,8
2015,17,McLaren,1694,80,1670,7
2015,17,Mercedes,2393,80,2430,0
2015,17,Red Bull,1941,80,2060,2
2015,17,Sauber,1719,80,1743,6
2015,17,Toro Rosso,1809,80,1886,4
2015,17,Williams,2016,80,2181,1
2015,18,Ferrari,2166,80,2213,1
2015,18,Force India,1957,80,1993,3
2015,18,Lotus F1,1790,80,1832,5
2015,18,Manor Marussia,1478,80,1423,9
2015,18,McLaren,1672,80,1593,8
2015,18,Mercedes,2401,80,2431,0
2015,18,Red Bull,1936,80,1921,4
2015,18,Sauber,1712,80,1683,7
2015,18,Toro Rosso,1800,80,1769,6
2015,18,Williams,2033,80,2084,2
2015,19,Ferrari,2180,80,2223,1
2015,19,Force India,1981,80,2081,2
2015,19,Lotus F1,1799,80,1832,5
2015,19,Manor Marussia,1464,80,1411,9
2015,19,McLaren,1672,80,1670,7
2015,19,Mercedes,2409,80,2440,0
2015,19,Red Bull,1949,80,1995,3
2015,19,Sauber,1687,80,1589,8
2015,19,Toro Rosso,1792,80,1765,6
2015,19,Williams,2011,80,1936,4
2016,1,Ferrari,2192,80,2236,1
2016,1,Force India,1962,80,1887,5
2016,1,Haas F1 Team,1853,171,1922,4
2016,1,Manor Marussia,1442,80,1354,10
2016,1,McLaren,1664,80,1636,8
2016,1,Mercedes,2418,80,2452,0
2016,1,Red Bull,1978,80,2087,2
2016,1,Renault,1707,171,1707,7
2016,1,Sauber,1658,80,1541,9
2016,1,Toro Rosso,1789,80,1781,6
2016,1,Williams,2011,80,2011,3
2016,2,Ferrari,2203,80,2245,1
2016,2,Force India,1904,80,1438,10
2016,2,Haas F1 Team,1928,130,2014,3
2016,2,Manor Marussia,1454,80,1499,9
2016,2,McLaren,1686,80,1772,6
2016,2,Mercedes,2426,80,2459,0
2016,2,Red Bull,2004,80,2100,2
2016,2,Renault,1710,130,1712,7
2016,2,Sauber,1653,80,1634,8
2016,2,Toro Rosso,1818,80,1931,4
2016,2,Williams,1985,80,1890,5
2016,3,Ferrari,2213,80,2251,1
2016,3,Force India,1896,80,1873,5
2016,3,Haas F1 Team,1862,111,1738,7
2016,3,Manor Marussia,1439,80,1382,10
2016,3,McLaren,1705,80,1777,6
2016,3,Mercedes,2434,80,2466,0
2016,3,Red Bull,2026,80,2106,2
2016,3,Renault,1658,111,1552,9
2016,3,Sauber,1649,80,1633,8
2016,3,Toro Rosso,1841,80,1928,4
2016,3,Williams,1993,80,2022,3
2016,4,Ferrari,2222,80,2256,1
2016,4,Force India,1876,80,1810,6
2016,4,Haas F1 Team,1864,100,1870,5
2016,4,Manor Marussia,1425,80,1369,10
2016,4,McLaren,1752,80,1990,3
2016,4,Mercedes,2442,80,2473,0
2016,4,Red Bull,1977,80,1750,7
2016,4,Renault,1725,100,1915,4
2016,4,Sauber,1628,80,1544,9
2016,4,Toro Rosso,1805,80,1659,8
2016,4,Williams,2017,80,2105,2
2016,5,Ferrari,2230,80,2259,1
2016,5,Force India,1888,80,1930,4
2016,5,Haas F1 Team,1847,94,1802,6
2016,5,Manor Marussia,1440,80,1501,9
2016,5,McLaren,1774,80,1850,5
2016,5,Mercedes,2385,80,1445,10
2016,5,Red Bull,2040,80,2379,0
2016,5,Renault,1702,94,1648,8
2016,5,Sauber,1644,80,1706,7
2016,5,Toro Rosso,1843,80,1993,3
2016,5,Williams,2035,80,2105,2
2016,6,Ferrari,2199,80,2068,3
2016,6,Force India,1929,80,2102,2
2016,6,Haas F1 Team,1823,89,1746,7
2016,6,Manor Marussia,1473,80,1613,8
2016,6,McLaren,1807,80,1933,4
2016,6,Mercedes,2399,80,2442,0
2016,6,Red Bull,2083,80,2225,1
2016,6,Renault,1645,89,1434,10
2016,6,Sauber,1625,80,1555,9
2016,6,Toro Rosso,1851,80,1875,5
2016,6,Williams,1997,80,1832,6
2016,7,Ferrari,2211,80,2253,1
2016,7,Force India,1935,80,1955,4
2016,7,Haas F1 Team,1804,86,1741,7
2016,7,Manor Marussia,1456,80,1393,10
2016,7,McLaren,1807,80,1806,6
2016,7,Mercedes,2410,80,2448,0
2016,7,Red Bull,2075,80,2049,3
2016,7,Renault,1621,86,1552,9
2016,7,Sauber,1628,80,1637,8
2016,7,Toro Rosso,1857,80,1878,5
2016,7,Williams,2023,80,2116,2
2016,8,Ferrari,2221,80,2261,1
2016,8,Force India,1971,80,2113,2
2016,8,Haas F1 Team,1788,84,1735,7
2016,8,Manor Marussia,1467,80,1507,9
2016,8,McLaren,1821,80,1872,5
2016,8,Mercedes,2421,80,2458,0
2016,8,Red Bull,2052,80,1978,4
2016,8,Renault,1623,84,1631,8
2016,8,Sauber,1658,80,1782,6
2016,8,Toro Rosso,1800,80,1442,10
2016,8,Williams,2027,80,2043,3
2016,9,Ferrari,2209,80,2162,2
2016,9,Force India,1907,80,1452,10
2016,9,Haas F1 Team,1819,83,1938,4
2016,9,Manor Marussia,1508,80,1692,7
2016,9,McLaren,1858,80,2016,3
2016,9,Mercedes,2431,80,2467,0
2016,9,Red Bull,2090,80,2234,1
2016,9,Renault,1625,83,1633,8
2016,9,Sauber,1636,80,1553,9
2016,9,Toro Rosso,1817,80,1870,5
2016,9,Williams,1989,80,1829,6
2016,10,Ferrari,2198,80,2157,2
2016,10,Force India,1936,80,2023,3
2016,10,Haas F1 Team,1787,82,1668,8
2016,10,Manor Marussia,1487,80,1412,10
2016,10,McLaren,1848,80,1813,6
2016,10,Mercedes,2439,80,2473,0
2016,10,Red Bull,2122,80,2238,1
2016,10,Renault,1610,82,1555,9
2016,10,Sauber,1653,80,1715,7
2016,10,Toro Rosso,1844,80,1939,4
2016,10,Williams,1968,80,1895,5
2016,11,Ferrari,2190,80,2159,2
2016,11,Force India,1910,80,1824,6
2016,11,Haas F1 Team,1761,81,1662,8
2016,11,Manor Marussia,1467,80,1399,10
2016,11,McLaren,1882,80,2019,3
2016,11,Mercedes,2448,80,2480,0
2016,11,Red Bull,2150,80,2247,1
2016,11,Renault,1631,81,1711,7
2016,11,Sauber,1632,80,1555,9
2016,11,Toro Rosso,1866,80,1945,4
2016,11,Williams,1952,80,1894,5
2016,12,Ferrari,2184,80,2160,2
2016,12,Force India,1936,80,2027,3
2016,12,Haas F1 Team,1769,81,1800,6
2016,12,Manor Marussia,1478,80,1514,9
2016,12,McLaren,1896,80,1950,4
2016,12,Mercedes,2456,80,2487,0
2016,12,Red Bull,2173,80,2256,1
2016,12,Renault,1632,81,1635,8
2016,12,Sauber,1594,80,1427,10
2016,12,Toro Rosso,1840,80,1745,7
2016,12,Williams,1939,80,1892,5
2016,13,Ferrari,2162,80,2074,3
2016,13,Force India,1975,80,2121,2
2016,13,Haas F1 Team,1776,81,1800,6
2016,13,Manor Marussia,1485,80,1512,9
2016,13,McLaren,1909,80,1953,4
2016,13,Mercedes,2464,80,2494,0
2016,13,Red Bull,2193,80,2266,1
2016,13,Renault,1632,81,1631,8
2016,13,Sauber,1558,80,1417,10
2016,13,Toro Rosso,1818,80,1740,7
2016,13,Williams,1929,80,1891,5
2016,14,Ferrari,2183,80,2267,1
2016,14,Force India,1973,80,1968,4
2016,14,Haas F1 Team,1795,80,1870,5
2016,14,Manor Marussia,1465,80,1386,10
2016,14,McLaren,1890,80,1819,6
2016,14,Mercedes,2471,80,2501,0
2016,14,Red Bull,2187,80,2168,2
2016,14,Renault,1613,80,1537,9
2016,14,Sauber,1570,80,1614,8
2016,14,Toro Rosso,1800,80,1735,7
2016,14,Williams,1951,80,2036,3
2016,15,Ferrari,2180,80,2170,2
2016,15,Force India,1972,80,1969,4
2016,15,Haas F1 Team,1781,80,1729,7
2016,15,Manor Marussia,1446,80,1375,10
2016,15,McLaren,1919,80,2034,3
2016,15,Mercedes,2479,80,2508,0
2016,15,Red Bull,2206,80,2277,1
2016,15,Renault,1645,80,1778,6
2016,15,Sauber,1559,80,1521,9
2016,15,Toro Rosso,1816,80,1873,5
2016,15,Williams,1903,80,1663,8
2016,16,Ferrari,2179,80,2171,2
2016,16,Force India,1971,80,1968,4
2016,16,Haas F1 Team,1729,80,1423,10
2016,16,Manor Marussia,1456,80,1493,9
2016,16,McLaren,1912,80,1889,5
2016,16,Mercedes,2455,80,2354,1
2016,16,Red Bull,2246,80,2435,0
2016,16,Renault,1673,80,1782,6
2016,16,Sauber,1571,80,1611,8
2016,16,Toro Rosso,1798,80,1733,7
2016,16,Williams,1932,80,2035,3
2016,17,Ferrari,2178,80,2177,2
2016,17,Force India,1987,80,2048,3
2016,17,Haas F1 Team,1759,80,1862,5
2016,17,Manor Marussia,1439,80,1374,10
2016,17,McLaren,1860,80,1565,9
2016,17,Mercedes,2464,80,2502,0
2016,17,Red Bull,2258,80,2299,1
2016,17,Renault,1696,80,1782,6
2016,17,Sauber,1580,80,1614,8
2016,17,Toro Rosso,1784,80,1728,7
2016,17,Williams,1939,80,1963,4
2016,18,Ferrari,2179,80,2180,2
2016,18,Force India,1956,80,1825,6
2016,18,Haas F1 Team,1751,80,1725,7
2016,18,Manor Marussia,1424,80,1367,10
2016,18,McLaren,1898,80,2032,3
2016,18,Mercedes,2474,80,2510,0
2016,18,Red Bull,2268,80,2307,1
2016,18,Renault,1684,80,1639,8
2016,18,Sauber,1569,80,1528,9
2016,18,Toro Rosso,1815,80,1941,4
2016,18,Williams,1928,80,1890,5
2016,19,Ferrari,2179,80,2181,2
2016,19,Force India,1975,80,2045,3
2016,19,Haas F1 Team,1712,80,1552,9
2016,19,Manor Marussia,1410,80,1356,10
2016,19,McLaren,1879,80,1816,6
2016,19,Mercedes,2483,80,2519,0
2016,19,Red Bull,2278,80,2313,1
2016,19,Renault,1690,80,1714,7
2016,19,Sauber,1615,80,1850,5
2016,19,Toro Rosso,1782,80,1655,8
2016,19,Williams,1936,80,1961,4
2016,20,Ferrari,2160,80,2085,3
2016,20,Force India,2009,80,2145,2
2016,20,Haas F1 Team,1658,80,1416,10
2016,20,Manor Marussia,1444,80,1590,8
2016,20,McLaren,1863,80,1808,6
2016,20,Mercedes,2492,80,2527,0
2016,20,Red Bull,2286,80,2319,1
2016,20,Renault,1661,80,1544,9
2016,20,Sauber,1661,80,1847,5
2016,20,Toro Rosso,1815,80,1938,4
2016,20,Williams,1899,80,1742,7
2016,21,Ferrari,2186,80,2293,1
2016,21,Force India,2018,80,2052,3
2016,21,Haas F1 Team,1686,80,1774,6
2016,21,Manor Marussia,1488,80,1678,7
2016,21,McLaren,1865,80,1872,5
2016,21,Mercedes,2501,80,2534,0
2016,21,Red Bull,2270,80,2206,2
2016,21,Renault,1636,80,1542,9
2016,21,Sauber,1653,80,1629,8
2016,21,Toro Rosso,1756,80,1434,10
2016,21,Williams,1911,80,1951,4
2017,1,Ferrari,2232,80,2456,0
2017,1,Force India,2008,80,1969,4
2017,1,Haas F1 Team,1646,80,1501,9
2017,1,McLaren,1822,80,1634,8
2017,1,Mercedes,2477,80,2381,1
2017,1,Red Bull,2257,80,2206,2
2017,1,Renault,1662,80,1760,6
2017,1,Sauber,1661,80,1687,7
2017,1,Toro Rosso,1779,80,1850,5
2017,1,Williams,1937,80,2037,3
2017,2,Ferrari,2251,80,2313,1
2017,2,Force India,1983,80,1887,5
2017,2,Haas F1 Team,1700,80,1920,4
2017,2,McLaren,1769,80,1518,9
2017,2,Mercedes,2487,80,2525,0
2017,2,Red Bull,2246,80,2208,2
2017,2,Renault,1684,80,1762,6
2017,2,Sauber,1649,80,1606,8
2017,2,Toro Rosso,1828,80,2025,3
2017,2,Williams,1896,80,1724,7
2017,3,Ferrari,2292,80,2465,0
2017,3,Force India,1977,80,1957,4
2017,3,Haas F1 Team,1733,80,1840,5
2017,3,McLaren,1719,80,1523,9
2017,3,Mercedes,2465,80,2379,1
2017,3,Red Bull,2237,80,2203,2
2017,3,Renault,1701,80,1767,6
2017,3,Sauber,1658,80,1691,7
2017,3,Toro Rosso,1786,80,1638,8
2017,3,Williams,1925,80,2030,3
2017,4,Ferrari,2301,80,2333,1
2017,4,Force India,1992,80,2045,3
2017,4,Haas F1 Team,1726,80,1702,7
2017,4,McLaren,1695,80,1623,8
2017,4,Mercedes,2477,80,2521,0
2017,4,Red Bull,2231,80,2206,2
2017,4,Renault,1741,80,1916,4
2017,4,Sauber,1628,80,1506,9
2017,4,Toro Rosso,1784,80,1779,6
2017,4,Williams,1913,80,1869,5
2017,5,Ferrari,2310,80,2339,1
2017,5,Force India,2004,80,2049,3
2017,5,Haas F1 Team,1719,80,1698,7
2017,5,McLaren,1677,80,1615,8
2017,5,Mercedes,2488,80,2530,0
2017,5,Red Bull,2226,80,2207,2
2017,5,Renault,1777,80,1919,4
2017,5,Sauber,1654,80,1755,6
2017,5,Toro Rosso,1798,80,1846,5
2017,5,Williams,1856,80,1528,9
2017,6,Ferrari,2344,80,2487,0
2017,6,Force India,1958,80,1729,7
2017,6,Haas F1 Team,1758,80,1915,4
2017,6,McLaren,1663,80,1616,8
2017,6,Mercedes,2447,80,2256,2
2017,6,Red Bull,2245,80,2323,1
2017,6,Renault,1777,80,1776,6
2017,6,Sauber,1623,80,1504,9
2017,6,Toro Rosso,1840,80,2016,3
2017,6,Williams,1856,80,1856,5
2017,7,Ferrari,2321,80,2238,2
2017,7,Force India,1976,80,2039,3
2017,7,Haas F1 Team,1762,80,1776,6
2017,7,McLaren,1653,80,1613,8
2017,7,Mercedes,2463,80,2519,0
2017,7,Red Bull,2263,80,2332,1
2017,7,Renault,1806,80,1922,4
2017,7,Sauber,1637,80,1687,7
2017,7,Toro Rosso,1785,80,1527,9
2017,7,Williams,1856,80,1859,5
2017,8,Ferrari,2281,80,2112,3
2017,8,Force India,1971,80,1953,4
2017,8,Haas F1 Team,1780,80,1845,5
2017,8,McLaren,1661,80,1691,7
2017,8,Mercedes,2447,80,2387,1
2017,8,Red Bull,2301,80,2476,0
2017,8,Renault,1757,80,1524,9
2017,8,Sauber,1631,80,1608,8
2017,8,Toro Rosso,1783,80,1779,6
2017,8,Williams,1907,80,2145,2
2017,9,Ferrari,2294,80,2338,1
2017,9,Force India,1968,80,1956,4
2017,9,Haas F1 Team,1823,80,2020,3
2017,9,McLaren,1667,80,1692,7
2017,9,Mercedes,2462,80,2516,0
2017,9,Red Bull,2286,80,2230,2
2017,9,Renault,1761,80,1776,6
2017,9,Sauber,1626,80,1607,8
2017,9,Toro Rosso,1733,80,1521,9
2017,9,Williams,1897,80,1868,5
2017,10,Ferrari,2305,80,2343,1
2017,10,Force India,1965,80,1954,4
2017,10,Haas F1 Team,1799,80,1714,7
2017,10,McLaren,1687,80,1762,6
2017,10,Mercedes,2475,80,2525,0
2017,10,Red Bull,2273,80,2227,2
2017,10,Renault,1809,80,2017,3
2017,10,Sauber,1621,80,1604,8
2017,10,Toro Rosso,1685,80,1513,9
2017,10,Williams,1890,80,1866,5
2017,11,Ferrari,2340,80,2486,0
2017,11,Force India,1946,80,1873,5
2017,11,Haas F1 Team,1779,80,1708,7
2017,11,McLaren,1736,80,2010,3
2017,11,Mercedes,2457,80,2391,1
2017,11,Red Bull,2263,80,2224,2
2017,11,Renault,1802,80,1780,6
2017,11,Sauber,1595,80,1490,9
2017,11,Toro Rosso,1735,80,1913,4
2017,11,Williams,1844,80,1637,8
2017,12,Ferrari,2344,80,2358,1
2017,12,Force India,1917,80,1797,6
2017,12,Haas F1 Team,1808,80,1916,4
2017,12,McLaren,1711,80,1624,8
2017,12,Mercedes,2472,80,2527,0
2017,12,Red Bull,2254,80,2222,2
2017,12,Renault,1844,80,2011,3
2017,12,Sauber,1573,80,1487,9
2017,12,Toro Rosso,1726,80,1702,7
2017,12,Williams,1846,80,1852,5
2017,13,Ferrari,2348,80,2361,1
2017,13,Force India,1940,80,2027,3
2017,13,Haas F1 Team,1817,80,1848,5
2017,13,McLaren,1670,80,1504,9
2017,13,Mercedes,2485,80,2536,0
2017,13,Red Bull,2247,80,2219,2
2017,13,Renault,1815,80,1716,7
2017,13,Sauber,1577,80,1591,8
2017,13,Toro Rosso,1737,80,1769,6
2017,13,Williams,1864,80,1926,4
2017,14,Ferrari,2289,80,1524,9
2017,14,Force India,1960,80,2034,3
2017,14,Haas F1 Team,1794,80,1709,7
2017,14,McLaren,1705,80,1831,5
2017,14,Mercedes,2498,80,2545,0
2017,14,Red Bull,2266,80,2340,1
2017,14,Renault,1839,80,1924,4
2017,14,Sauber,1579,80,1588,8
2017,14,Toro Rosso,1795,80,2135,2
2017,14,Williams,1847,80,1787,6
2017,15,Ferrari,2272,80,2225,2
2017,15,Force India,1978,80,2043,3
2017,15,Haas F1 Team,1793,80,1790,6
2017,15,McLaren,1749,80,1921,4
2017,15,Mercedes,2477,80,2396,1
2017,15,Red Bull,2305,80,2482,0
2017,15,Renault,1800,80,1645,8
2017,15,Sauber,1560,80,1484,9
2017,15,Toro Rosso,1776,80,1720,7
2017,15,Williams,1851,80,1865,5
2017,16,Ferrari,2261,80,2225,2
2017,16,Force India,1993,80,2049,3
2017,16,Haas F1 Team,1821,80,1930,4
2017,16,McLaren,1757,80,1782,6
2017,16,Mercedes,2490,80,2536,0
2017,16,Red Bull,2315,80,2349,1
2017,16,Renault,1781,80,1719,7
2017,16,Sauber,1543,80,1475,9
2017,16,Toro Rosso,1745,80,1635,8
2017,16,Williams,1854,80,1864,5
2017,17,Ferrari,2279,80,2341,1
2017,17,Force India,2005,80,2054,3
2017,17,Haas F1 Team,1784,80,1636,8
2017,17,McLaren,1746,80,1710,7
2017,17,Mercedes,2501,80,2544,0
2017,17,Red Bull,2298,80,2237,2
2017,17,Renault,1813,80,1930,4
2017,17,Sauber,1526,80,1464,9
2017,17,Toro Rosso,1753,80,1779,6
2017,17,Williams,1856,80,1864,5
2017,18,Ferrari,2268,80,2231,2
2017,18,Force India,2017,80,2059,3
2017,18,Haas F1 Team,1800,80,1854,5
2017,18,McLaren,1754,80,1779,6
2017,18,Mercedes,2481,80,2404,1
2017,18,Red Bull,2336,80,2495,0
2017,18,Renault,1759,80,1510,9
2017,18,Sauber,1538,80,1580,8
2017,18,Toro Rosso,1743,80,1708,7
2017,18,Williams,1873,80,1941,4
2017,19,Ferrari,2310,80,2489,0
2017,19,Force India,1991,80,1887,5
2017,19,Haas F1 Team,1750,80,1509,9
2017,19,McLaren,1788,80,1928,4
2017,19,Mercedes,2465,80,2402,1
2017,19,Red Bull,2316,80,2249,2
2017,19,Renault,1764,80,1778,6
2017,19,Sauber,1547,80,1581,8
2017,19,Toro Rosso,1734,80,1704,7
2017,19,Williams,1905,80,2039,3
2017,20,Ferrari,2321,80,2360,1
2017,20,Force India,1985,80,1965,4
2017,20,Haas F1 Team,1739,80,1705,7
2017,20,McLaren,1802,80,1854,5
2017,20,Mercedes,2479,80,2535,0
2017,20,Red Bull,2301,80,2247,2
2017,20,Renault,1814,80,2026,3
2017,20,Sauber,1554,80,1584,8
2017,20,Toro Rosso,1693,80,1503,9
2017,20,Williams,1883,80,1799,6
2018,1,Ferrari,2357,80,2500,0
2018,1,Force India,1964,80,1883,5
2018,1,Haas F1 Team,1694,80,1503,9
2018,1,McLaren,1843,80,2028,3
2018,1,Mercedes,2464,80,2403,1
2018,1,Red Bull,2289,80,2243,2
2018,1,Renault,1842,80,1934,4
2018,1,Sauber,1590,80,1753,6
2018,1,Toro Rosso,1675,80,1612,8
2018,1,Williams,1850,80,1722,7
2018,2,Ferrari,2388,80,2508,0
2018,2,Force India,1922,80,1727,7
2018,2,Haas F1 Team,1752,80,2016,3
2018,2,McLaren,1847,80,1860,5
2018,2,Mercedes,2451,80,2401,1
2018,2,Red Bull,2230,80,1526,9
2018,2,Renault,1864,80,1936,4
2018,2,Sauber,1623,80,1754,6
2018,2,Toro Rosso,1735,80,2150,2
2018,2,Williams,1809,80,1632,8
2018,3,Ferrari,2359,80,2252,2
2018,3,Force India,1898,80,1809,6
2018,3,Haas F1 Team,1777,80,1853,5
2018,3,McLaren,1866,80,1936,4
2018,3,Mercedes,2438,80,2391,1
2018,3,Red Bull,2281,80,2480,0
2018,3,Renault,1897,80,2025,3
2018,3,Sauber,1623,80,1620,8
2018,3,Toro Rosso,1689,80,1531,9
2018,3,Williams,1790,80,1728,7
2018,4,Ferrari,2361,80,2368,1
2018,4,Force India,1945,80,2156,2
2018,4,Haas F1 Team,1746,80,1643,8
2018,4,McLaren,1867,80,1869,5
2018,4,Mercedes,2455,80,2521,0
2018,4,Red Bull,2207,80,1550,9
2018,4,Renault,1926,80,2035,3
2018,4,Sauber,1671,80,1917,4
2018,4,Toro Rosso,1694,80,1708,7
2018,4,Williams,1791,80,1791,6
2018,5,Ferrari,2336,80,2240,2
2018,5,Force India,1917,80,1820,6
2018,5,Haas F1 Team,1799,80,2024,3
2018,5,McLaren,1869,80,1878,5
2018,5,Mercedes,2470,80,2525,0
2018,5,Red Bull,2239,80,2323,1
2018,5,Renault,1933,80,1959,4
2018,5,Sauber,1681,80,1714,7
2018,5,Toro Rosso,1659,80,1531,9
2018,5,Williams,1763,80,1654,8
2018,6,Ferrari,2340,80,2356,1
2018,6,Force India,1945,80,2043,3
2018,6,Haas F1 Team,1782,80,1732,7
2018,6,McLaren,1831,80,1661,8
2018,6,Mercedes,2432,80,2262,2
2018,6,Red Bull,2290,80,2474,0
2018,6,Renault,1923,80,1887,5
2018,6,Sauber,1704,80,1785,6
2018,6,Toro Rosso,1710,80,1928,4
2018,6,Williams,1722,80,1540,9
2018,7,Ferrari,2370,80,2491,0
2018,7,Force India,1949,80,1961,4
2018,7,Haas F1 Team,1770,80,1729,7
2018,7,McLaren,1796,80,1659,8
2018,7,Mercedes,2421,80,2383,1
2018,7,Red Bull,2277,80,2237,2
2018,7,Renault,1948,80,2046,3
2018,7,Sauber,1734,80,1854,5
2018,7,Toro Rosso,1729,80,1786,6
2018,7,Williams,1685,80,1538,9
2018,8,Ferrari,2346,80,2256,2
2018,8,Force India,1891,80,1558,9
2018,8,Haas F1 Team,1818,80,2029,3
2018,8,McLaren,1796,80,1796,6
2018,8,Mercedes,2441,80,2514,0
2018,8,Red Bull,2293,80,2348,1
2018,8,Renault,1951,80,1962,4
2018,8,Sauber,1760,80,1856,5
2018,8,Toro Rosso,1727,80,1719,7
2018,8,Williams,1674,80,1636,8
2018,9,Ferrari,2350,80,2366,1
2018,9,Force India,1926,80,2040,3
2018,9,Haas F1 Team,1878,80,2155,2
2018,9,McLaren,1825,80,1937,4
2018,9,Mercedes,2380,80,1568,9
2018,9,Red Bull,2332,80,2485,0
2018,9,Renault,1914,80,1749,7
2018,9,Sauber,1781,80,1860,5
2018,9,Toro Rosso,1741,80,1789,6
2018,9,Williams,1666,80,1638,8
2018,10,Ferrari,2378,80,2489,0
2018,10,Force India,1937,80,1970,4
2018,10,Haas F1 Team,1865,80,1826,6
2018,10,McLaren,1838,80,1884,5
2018,10,Mercedes,2377,80,2370,1
2018,10,Red Bull,2314,80,2251,2
2018,10,Renault,1943,80,2054,3
2018,10,Sauber,1740,80,1561,9
2018,10,Toro Rosso,1724,80,1663,8
2018,10,Williams,1679,80,1729,7
2018,11,Ferrari,2377,80,2372,1
2018,11,Force India,1928,80,1900,5
2018,11,Haas F1 Team,1888,80,1962,4
2018,11,McLaren,1805,80,1673,8
2018,11,Mercedes,2405,80,2498,0
2018,11,Red Bull,2299,80,2249,2
2018,11,Renault,1969,80,2062,3
2018,11,Sauber,1755,80,1805,6
2018,11,Toro Rosso,1726,80,1734,7
2018,11,Williams,1651,80,1539,9
2018,12,Ferrari,2377,80,2376,1
2018,12,Force India,1894,80,1759,7
2018,12,Haas F1 Team,1906,80,1968,4
2018,12,McLaren,1822,80,1882,5
2018,12,Mercedes,2428,80,2510,0
2018,12,Red Bull,2288,80,2248,2
2018,12,Renault,1940,80,1835,6
2018,12,Sauber,1733,80,1658,8
2018,12,Toro Rosso,1776,80,2042,3
2018,12,Williams,1626,80,1528,9
2018,13,Ferrari,2403,80,2507,0
2018,13,Force India,1927,80,2053,3
2018,13,Haas F1 Team,1919,80,1967,4
2018,13,McLaren,1774,80,1555,9
2018,13,Mercedes,2419,80,2390,1
2018,13,Red Bull,2279,80,2244,2
2018,13,Renault,1904,80,1760,7
2018,13,Sauber,1749,80,1803,6
2018,13,Toro Rosso,1799,80,1877,5
2018,13,Williams,1628,80,1634,8
2018,14,Ferrari,2399,80,2386,1
2018,14,Force India,1956,80,2058,3
2018,14,Haas F1 Team,1865,80,1563,9
2018,14,McLaren,1766,80,1740,7
2018,14,Mercedes,2441,80,2521,0
2018,14,Red Bull,2271,80,2243,2
2018,14,Renault,1918,80,1966,4
2018,14,Sauber,1761,80,1805,6
2018,14,Toro Rosso,1770,80,1664,8
2018,14,Williams,1670,80,1862,5
2018,15,Ferrari,2373,80,2270,2
2018,15,Force India,1897,80,1572,9
2018,15,Haas F1 Team,1821,80,1674,8
2018,15,McLaren,1816,80,2037,3
2018,15,Mercedes,2460,80,2532,0
2018,15,Red Bull,2289,80,2358,1
2018,15,Renault,1929,80,1966,4
2018,15,Sauber,1784,80,1872,5
2018,15,Toro Rosso,1778,80,1806,6
2018,15,Williams,1682,80,1724,7
2018,16,Ferrari,2375,80,2383,1
2018,16,Force India,1894,80,1888,5
2018,16,Haas F1 Team,1852,80,1948,4
2018,16,McLaren,1800,80,1749,7
2018,16,Mercedes,2477,80,2539,0
2018,16,Red Bull,2280,80,2246,2
2018,16,Renault,1907,80,1828,6
2018,16,Sauber,1827,80,2033,3
2018,16,Toro Rosso,1737,80,1564,9
2018,16,Williams,1676,80,1654,8
2018,17,Ferrari,2353,80,2265,2
2018,17,Force India,1928,80,2045,3
2018,17,Haas F1 Team,1875,80,1951,4
2018,17,McLaren,1771,80,1670,8
2018,17,Mercedes,2492,80,2549,0
2018,17,Red Bull,2297,80,2362,1
2018,17,Renault,1903,80,1889,5
2018,17,Sauber,1810,80,1749,7
2018,17,Toro Rosso,1752,80,1802,6
2018,17,Williams,1649,80,1542,9
2018,18,Ferrari,2385,80,2518,0
2018,18,Force India,1937,80,1966,4
2018,18,Haas F1 Team,1820,80,1565,9
2018,18,McLaren,1764,80,1739,7
2018,18,Mercedes,2454,80,2289,2
2018,18,Red Bull,2311,80,2368,1
2018,18,Renault,1933,80,2050,3
2018,18,Sauber,1810,80,1812,6
2018,18,Toro Rosso,1777,80,1870,5
2018,18,Williams,1647,80,1641,8
2018,19,Ferrari,2387,80,2393,1
2018,19,Force India,1900,80,1758,7
2018,19,Haas F1 Team,1764,80,1559,9
2018,19,McLaren,1787,80,1871,5
2018,19,Mercedes,2420,80,2289,2
2018,19,Red Bull,2347,80,2507,0
2018,19,Renault,1959,80,2058,3
2018,19,Sauber,1839,80,1950,4
2018,19,Toro Rosso,1784,80,1806,6
2018,19,Williams,1645,80,1640,8
2018,20,Ferrari,2365,80,2280,2
2018,20,Force India,1898,80,1889,5
2018,20,Haas F1 Team,1808,80,1945,4
2018,20,McLaren,1761,80,1662,8
2018,20,Mercedes,2444,80,2529,0
2018,20,Red Bull,2355,80,2384,1
2018,20,Renault,1920,80,1759,7
2018,20,Sauber,1878,80,2045,3
2018,20,Toro Rosso,1789,80,1806,6
2018,20,Williams,1622,80,1528,9
2018,21,Ferrari,2370,80,2390,1
2018,21,Force India,1896,80,1890,5
2018,21,Haas F1 Team,1809,80,1811,6
2018,21,McLaren,1755,80,1737,7
2018,21,Mercedes,2465,80,2539,0
2018,21,Red Bull,2338,80,2273,2
2018,21,Renault,1949,80,2056,3
2018,21,Sauber,1896,80,1959,4
2018,21,Toro Rosso,1763,80,1663,8
2018,21,Williams,1601,80,1519,9
2019,1,Alfa Romeo,1762,171,1807,5
2019,1,Ferrari,2350,80,2273,2
2019,1,Haas F1 Team,1849,80,1998,3
2019,1,McLaren,1725,80,1604,8
2019,1,Mercedes,2483,80,2550,0
2019,1,Racing Point,1714,171,1755,6
2019,1,Red Bull,2348,80,2385,1
2019,1,Renault,1942,80,1916,4
2019,1,Toro Rosso,1750,80,1702,7
2019,1,Williams,1568,80,1432,9
2019,2,Alfa Romeo,1834,130,1919,4
2019,2,Ferrari,2358,80,2389,1
2019,2,Haas F1 Team,1817,80,1710,7
2019,2,McLaren,1774,80,2003,3
2019,2,Mercedes,2499,80,2558,0
2019,2,Racing Point,1736,130,1762,6
2019,2,Red Bull,2332,80,2269,2
2019,2,Renault,1883,80,1506,9
2019,2,Toro Rosso,1768,80,1834,5
2019,2,Williams,1570,80,1578,8
2019,3,Alfa Romeo,1841,111,1853,5
2019,3,Ferrari,2365,80,2392,1
2019,3,Haas F1 Team,1794,80,1714,7
2019,3,McLaren,1741,80,1627,8
2019,3,Mercedes,2514,80,2567,0
2019,3,Racing Point,1793,111,1912,4
2019,3,Red Bull,2317,80,2263,2
2019,3,Renault,1916,80,2020,3
2019,3,Toro Rosso,1770,80,1777,6
2019,3,Williams,1550,80,1472,9
2019,4,Alfa Romeo,1845,100,1855,5
2019,4,Ferrari,2372,80,2395,1
2019,4,Haas F1 Team,1775,80,1711,7
2019,4,McLaren,1779,80,1915,4
2019,4,Mercedes,2526,80,2576,0
2019,4,Racing Point,1854,100,2020,3
2019,4,Red Bull,2305,80,2260,2
2019,4,Renault,1861,80,1640,8
2019,4,Toro Rosso,1771,80,1778,6
2019,4,Williams,1532,80,1464,9
2019,5,Alfa Romeo,1814,94,1715,7
2019,5,Ferrari,2352,80,2272,2
2019,5,Haas F1 Team,1820,80,2010,3
2019,5,McLaren,1810,80,1917,4
2019,5,Mercedes,2538,80,2584,0
2019,5,Racing Point,1797,94,1634,8
2019,5,Red Bull,2321,80,2381,1
2019,5,Renault,1842,80,1788,6
2019,5,Toro Rosso,1786,80,1843,5
2019,5,Williams,1517,80,1458,9
2019,6,Alfa Romeo,1755,89,1505,9
2019,6,Ferrari,2360,80,2393,1
2019,6,Haas F1 Team,1811,80,1782,6
2019,6,McLaren,1851,80,2009,3
2019,6,Mercedes,2549,80,2591,0
2019,6,Racing Point,1773,89,1710,7
2019,6,Red Bull,2308,80,2258,2
2019,6,Renault,1844,80,1851,5
2019,6,Toro Rosso,1811,80,1914,4
2019,6,Williams,1529,80,1576,8
2019,7,Alfa Romeo,1742,86,1703,7
2019,7,Ferrari,2368,80,2396,1
2019,7,Haas F1 Team,1774,80,1630,8
2019,7,McLaren,1836,80,1785,6
2019,7,Mercedes,2559,80,2598,0
2019,7,Racing Point,1807,86,1913,4
2019,7,Red Bull,2297,80,2254,2
2019,7,Renault,1880,80,2013,3
2019,7,Toro Rosso,1818,80,1846,5
2019,7,Williams,1514,80,1455,9
2019,8,Alfa Romeo,1779,84,1911,4
2019,8,Ferrari,2374,80,2400,1
2019,8,Haas F1 Team,1742,80,1622,8
2019,8,McLaren,1872,80,2014,3
2019,8,Mercedes,2569,80,2606,0
2019,8,Racing Point,1800,84,1780,6
2019,8,Red Bull,2287,80,2251,2
2019,8,Renault,1874,80,1856,5
2019,8,Toro Rosso,1797,80,1712,7
2019,8,Williams,1500,80,1445,9
2019,9,Alfa Romeo,1810,83,1916,4
2019,9,Ferrari,2380,80,2403,1
2019,9,Haas F1 Team,1714,80,1615,8
2019,9,McLaren,1904,80,2020,3
2019,9,Mercedes,2525,80,2307,2
2019,9,Racing Point,1811,83,1846,5
2019,9,Red Bull,2330,80,2537,0
2019,9,Renault,1856,80,1789,6
2019,9,Toro Rosso,1778,80,1708,7
2019,9,Williams,1486,80,1436,9
2019,10,Alfa Romeo,1819,82,1849,5
2019,10,Ferrari,2386,80,2408,1
2019,10,Haas F1 Team,1671,80,1482,9
2019,10,McLaren,1931,80,2032,3
2019,10,Mercedes,2539,80,2588,0
2019,10,Racing Point,1789,82,1709,7
2019,10,Red Bull,2317,80,2270,2
2019,10,Renault,1872,80,1929,4
2019,10,Toro Rosso,1778,80,1776,6
2019,10,Williams,1502,80,1560,8
2019,11,Alfa Romeo,1779,81,1618,8
2019,11,Ferrari,2391,80,2411,1
2019,11,Haas F1 Team,1706,80,1831,5
2019,11,McLaren,1934,80,1945,4
2019,11,Mercedes,2477,80,1814,6
2019,11,Racing Point,1832,81,2020,3
2019,11,Red Bull,2359,80,2538,0
2019,11,Renault,1817,80,1495,9
2019,11,Toro Rosso,1831,80,2163,2
2019,11,Williams,1532,80,1657,7
2019,12,Alfa Romeo,1811,81,1925,4
2019,12,Ferrari,2371,80,2290,2
2019,12,Haas F1 Team,1685,80,1615,8
2019,12,McLaren,1957,80,2044,3
2019,12,Mercedes,2499,80,2564,0
2019,12,Racing Point,1822,81,1789,6
2019,12,Red Bull,2369,80,2402,1
2019,12,Renault,1793,80,1715,7
2019,12,Toro Rosso,1837,80,1857,5
2019,12,Williams,1515,80,1455,9
2019,13,Alfa Romeo,1756,81,1501,9
2019,13,Ferrari,2403,80,2541,0
2019,13,Haas F1 Team,1687,80,1692,7
2019,13,McLaren,1926,80,1804,6
2019,13,Mercedes,2484,80,2439,1
2019,13,Racing Point,1863,81,2030,3
2019,13,Red Bull,2351,80,2287,2
2019,13,Renault,1807,80,1852,5
2019,13,Toro Rosso,1859,80,1935,4
2019,13,Williams,1527,80,1571,8
2019,14,Alfa Romeo,1779,80,1848,5
2019,14,Ferrari,2433,80,2548,0
2019,14,Haas F1 Team,1648,80,1488,9
2019,14,McLaren,1899,80,1801,6
2019,14,Mercedes,2473,80,2436,1
2019,14,Racing Point,1880,80,1939,4
2019,14,Red Bull,2310,80,2140,3
2019,14,Renault,1864,80,2174,2
2019,14,Toro Rosso,1829,80,1719,7
2019,14,Williams,1537,80,1575,8
2019,15,Alfa Romeo,1780,80,1783,6
2019,15,Ferrari,2458,80,2553,0
2019,15,Haas F1 Team,1657,80,1688,7
2019,15,McLaren,1929,80,2040,3
2019,15,Mercedes,2438,80,2303,2
2019,15,Racing Point,1834,80,1634,8
2019,15,Red Bull,2328,80,2389,1
2019,15,Renault,1864,80,1866,5
2019,15,Toro Rosso,1853,80,1936,4
2019,15,Williams,1520,80,1453,9
2019,16,Alfa Romeo,1746,80,1622,8
2019,16,Ferrari,2451,80,2427,1
2019,16,Haas F1 Team,1694,80,1841,5
2019,16,McLaren,1955,80,2048,3
2019,16,Mercedes,2464,80,2554,0
2019,16,Racing Point,1858,80,1938,4
2019,16,Red Bull,2316,80,2275,2
2019,16,Renault,1848,80,1796,6
2019,16,Toro Rosso,1824,80,1720,7
2019,16,Williams,1504,80,1444,9
2019,17,Alfa Romeo,1754,80,1777,6
2019,17,Ferrari,2446,80,2428,1
2019,17,Haas F1 Team,1694,80,1694,7
2019,17,McLaren,1976,80,2054,3
2019,17,Mercedes,2486,80,2564,0
2019,17,Racing Point,1860,80,1865,5
2019,17,Red Bull,2307,80,2272,2
2019,17,Renault,1793,80,1501,9
2019,17,Toro Rosso,1849,80,1937,4
2019,17,Williams,1517,80,1567,8
2019,18,Alfa Romeo,1743,80,1704,7
2019,18,Ferrari,2442,80,2429,1
2019,18,Haas F1 Team,1675,80,1608,8
2019,18,McLaren,1942,80,1807,6
2019,18,Mercedes,2505,80,2575,0
2019,18,Racing Point,1896,80,2040,3
2019,18,Red Bull,2299,80,2271,2
2019,18,Renault,1826,80,1933,4
2019,18,Toro Rosso,1852,80,1863,5
2019,18,Williams,1502,80,1444,9
2019,19,Alfa Romeo,1750,80,1778,6
2019,19,Ferrari,2415,80,2303,2
2019,19,Haas F1 Team,1660,80,1601,8
2019,19,McLaren,1946,80,1959,4
2019,19,Mercedes,2522,80,2585,0
2019,19,Racing Point,1891,80,1873,5
2019,19,Red Bull,2319,80,2394,1
2019,19,Renault,1870,80,2036,3
2019,19,Toro Rosso,1825,80,1718,7
2019,19,Williams,1488,80,1434,9
2019,20,Alfa Romeo,1797,80,2031,3
2019,20,Ferrari,2356,80,1500,9
2019,20,Haas F1 Team,1665,80,1687,7
2019,20,McLaren,1990,80,2191,2
2019,20,Mercedes,2462,80,1916,5
2019,20,Racing Point,1871,80,1801,6
2019,20,Red Bull,2359,80,2541,0
2019,20,Renault,1889,80,1949,4
2019,20,Toro Rosso,1885,80,2347,1
2019,20,Williams,1502,80,1557,8
2019,21,Alfa Romeo,1782,80,1731,7
2019,21,Ferrari,2337,80,2280,2
2019,21,Haas F1 Team,1654,80,1613,8
2019,21,McLaren,1990,80,1990,4
2019,21,Mercedes,2484,80,2549,0
2019,21,Racing Point,1909,80,2063,3
2019,21,Red Bull,2367,80,2393,1
2019,21,Renault,1874,80,1823,6
2019,21,Toro Rosso,1888,80,1895,5
2019,21,Williams,1490,80,1440,9
2020,1,Alfa Romeo,1785,80,1797,6
2020,1,AlphaTauri,1890,171,1966,4
2020,1,Ferrari,2349,80,2390,1
2020,1,Haas F1 Team,1616,80,1437,9
2020,1,McLaren,2030,80,2196,2
2020,1,Mercedes,2502,80,2561,0
2020,1,Racing Point,1939,80,2054,3
2020,1,Red Bull,2305,80,1626,8
2020,1,Renault,1879,80,1899,5
2020,1,Williams,1521,80,1653,7
2020,2,Alfa Romeo,1792,80,1816,6
2020,2,AlphaTauri,1899,130,1908,5
2020,2,Ferrari,2285,80,1511,9
2020,2,Haas F1 Team,1633,80,1697,7
2020,2,McLaren,2068,80,2210,2
2020,2,Mercedes,2516,80,2566,0
2020,2,Racing Point,1970,80,2085,3
2020,2,Red Bull,2324,80,2379,1
2020,2,Renault,1901,80,1981,4
2020,2,Williams,1532,80,1574,8
2020,3,Alfa Romeo,1762,80,1644,8
2020,3,AlphaTauri,1848,111,1752,7
2020,3,Ferrari,2252,80,2158,3
2020,3,Haas F1 Team,1666,80,1797,6
2020,3,McLaren,2040,80,1947,5
2020,3,Mercedes,2528,80,2570,0
2020,3,Racing Point,2014,80,2205,2
2020,3,Red Bull,2336,80,2378,1
2020,3,Renault,1922,80,2001,4
2020,3,Williams,1516,80,1456,9
2020,4,Alfa Romeo,1736,80,1637,8
2020,4,AlphaTauri,1868,100,1913,5
2020,4,Ferrari,2251,80,2248,2
2020,4,Haas F1 Team,1630,80,1489,9
2020,4,McLaren,2036,80,2022,4
2020,4,Mercedes,2538,80,2577,0
2020,4,Racing Point,1980,80,1859,6
2020,4,Red Bull,2346,80,2378,1
2020,4,Renault,1954,80,2091,3
2020,4,Williams,1550,80,1692,7
2020,5,Alfa Romeo,1734,80,1725,7
2020,5,AlphaTauri,1859,94,1833,6
2020,5,Ferrari,2251,80,2249,2
2020,5,Haas F1 Team,1625,80,1607,8
2020,5,McLaren,2015,80,1940,5
2020,5,Mercedes,2517,80,2434,1
2020,5,Racing Point,2007,80,2098,3
2020,5,Red Bull,2381,80,2528,0
2020,5,Renault,1966,80,2007,4
2020,5,Williams,1531,80,1462,9
2020,6,Alfa Romeo,1731,80,1721,7
2020,6,AlphaTauri,1872,89,1914,5
2020,6,Ferrari,2212,80,2055,4
2020,6,Haas F1 Team,1619,80,1601,8
2020,6,McLaren,2035,80,2106,3
2020,6,Mercedes,2529,80,2576,0
2020,6,Racing Point,2047,80,2208,2
2020,6,Red Bull,2385,80,2398,1
2020,6,Renault,1942,80,1849,6
2020,6,Williams,1514,80,1449,9
2020,7,Alfa Romeo,1748,80,1811,6
2020,7,AlphaTauri,1900,86,2002,4
2020,7,Ferrari,2150,80,1772,7
2020,7,Haas F1 Team,1614,80,1596,8
2020,7,McLaren,2051,80,2112,3
2020,7,Mercedes,2541,80,2584,0
2020,7,Racing Point,2025,80,1949,5
2020,7,Red Bull,2388,80,2398,1
2020,7,Renault,1987,80,2200,2
2020,7,Williams,1498,80,1438,9
2020,8,Alfa Romeo,1744,80,1731,7
2020,8,AlphaTauri,1962,84,2499,0
2020,8,Ferrari,2074,80,1506,9
2020,8,Haas F1 Team,1650,80,1804,6
2020,8,McLaren,2098,80,2330,1
2020,8,Mercedes,2488,80,2176,3
2020,8,Racing Point,2062,80,2203,2
2020,8,Red Bull,2329,80,1661,8
2020,8,Renault,1996,80,2023,4
2020,8,Williams,1553,80,1894,5
2020,9,Alfa Romeo,1745,80,1749,7
2020,9,AlphaTauri,1961,83,1957,5
2020,9,Ferrari,2026,80,1894,6
2020,9,Haas F1 Team,1619,80,1500,9
2020,9,McLaren,2087,80,2050,4
2020,9,Mercedes,2501,80,2541,0
2020,9,Racing Point,2074,80,2117,3
2020,9,Red Bull,2335,80,2355,1
2020,9,Renault,2034,80,2192,2
2020,9,Williams,1566,80,1605,8
2020,10,Alfa Romeo,1764,80,1839,6
2020,10,AlphaTauri,1959,82,1955,5
2020,10,Ferrari,2029,80,2037,4
2020,10,Haas F1 Team,1641,80,1721,7
2020,10,McLaren,2029,80,1680,8
2020,10,Mercedes,2512,80,2551,0
2020,10,Racing Point,2101,80,2201,2
2020,10,Red Bull,2341,80,2359,1
2020,10,Renault,2052,80,2112,3
2020,10,Williams,1545,80,1475,9
2020,11,Alfa Romeo,1742,80,1652,8
2020,11,AlphaTauri,1958,81,1955,5
2020,11,Ferrari,1997,80,1888,6
2020,11,Haas F1 Team,1661,80,1730,7
2020,11,McLaren,2031,80,2037,4
2020,11,Mercedes,2523,80,2560,0
2020,11,Racing Point,2105,80,2122,3
2020,11,Red Bull,2346,80,2364,1
2020,11,Renault,2082,80,2198,2
2020,11,Williams,1528,80,1469,9
2020,12,Alfa Romeo,1743,80,1746,7
2020,12,AlphaTauri,1988,81,2103,3
2020,12,Ferrari,2039,80,2194,2
2020,12,Haas F1 Team,1627,80,1496,9
2020,12,McLaren,2033,80,2038,4
2020,12,Mercedes,2533,80,2569,0
2020,12,Racing Point,2079,80,1975,5
2020,12,Red Bull,2351,80,2369,1
2020,12,Renault,2044,80,1892,6
2020,12,Williams,1543,80,1595,8
2020,13,Alfa Romeo,1762,80,1840,6
2020,13,AlphaTauri,2028,81,2192,2
2020,13,Ferrari,2057,80,2113,3
2020,13,Haas F1 Team,1625,80,1616,8
2020,13,McLaren,2018,80,1967,5
2020,13,Mercedes,2542,80,2577,0
2020,13,Racing Point,2072,80,2046,4
2020,13,Red Bull,2291,80,1531,9
2020,13,Renault,2094,80,2313,1
2020,13,Williams,1576,80,1708,7
2020,14,Alfa Romeo,1762,80,1762,7
2020,14,AlphaTauri,2000,80,1901,6
2020,14,Ferrari,2089,80,2203,2
2020,14,Haas F1 Team,1598,80,1499,9
2020,14,McLaren,2039,80,2118,3
2020,14,Mercedes,2549,80,2576,0
2020,14,Racing Point,2114,80,2309,1
2020,14,Red Bull,2243,80,2081,4
2020,14,Renault,2069,80,1988,5
2020,14,Williams,1585,80,1616,8
2020,15,Alfa Romeo,1762,80,1760,7
2020,15,AlphaTauri,2026,80,2118,3
2020,15,Ferrari,2067,80,1990,5
2020,15,Haas F1 Team,1603,80,1617,8
2020,15,McLaren,2072,80,2200,2
2020,15,Mercedes,2555,80,2578,0
2020,15,Racing Point,2050,80,1541,9
2020,15,Red Bull,2266,80,2332,1
2020,15,Renault,2066,80,2058,4
2020,15,Williams,1629,80,1834,6
2020,16,Alfa Romeo,1763,80,1767,7
2020,16,AlphaTauri,2031,80,2049,4
2020,16,Ferrari,2033,80,1909,6
2020,16,Haas F1 Team,1608,80,1630,8
2020,16,McLaren,2099,80,2202,2
2020,16,Mercedes,2499,80,2013,5
2020,16,Racing Point,2121,80,2471,0
2020,16,Red Bull,2239,80,2153,3
2020,16,Renault,2111,80,2304,1
2020,16,Williams,1602,80,1509,9
2020,17,Alfa Romeo,1784,80,1867,6
2020,17,AlphaTauri,2038,80,2063,4
2020,17,Ferrari,1990,80,1816,7
2020,17,Haas F1 Team,1586,80,1499,9
2020,17,McLaren,2124,80,2215,2
2020,17,Mercedes,2473,80,2391,1
2020,17,Racing Point,2090,80,2006,5
2020,17,Red Bull,2286,80,2470,0
2020,17,Renault,2119,80,2143,3
2020,17,Williams,1608,80,1627,8
2021,1,Alfa Romeo,1777,80,1754,6
2021,1,AlphaTauri,2022,80,1960,4
2021,1,Alpine F1 Team,1614,171,1636,7
2021,1,Aston Martin,1768,171,1823,5
2021,1,Ferrari,2003,80,2045,3
2021,1,Haas F1 Team,1552,80,1406,9
2021,1,McLaren,2133,80,2169,2
2021,1,Mercedes,2484,80,2520,0
2021,1,Red Bull,2294,80,2318,1
2021,1,Williams,1596,80,1555,8
2021,2,Alfa Romeo,1759,80,1684,7
2021,2,AlphaTauri,2010,80,1967,4
2021,2,Alpine F1 Team,1675,130,1744,6
2021,2,Aston Martin,1803,130,1842,5
2021,2,Ferrari,2015,80,2054,3
2021,2,Haas F1 Team,1550,80,1546,8
2021,2,McLaren,2142,80,2175,2
2021,2,Mercedes,2460,80,2374,1
2021,2,Red Bull,2330,80,2471,0
2021,2,Williams,1564,80,1434,9
2021,3,Alfa Romeo,1758,80,1757,6
2021,3,AlphaTauri,1986,80,1889,5
2021,3,Alpine F1 Team,1755,111,1929,4
2021,3,Aston Martin,1760,111,1678,7
2021,3,Ferrari,2025,80,2061,3
2021,3,Haas F1 Team,1525,80,1427,9
2021,3,McLaren,2151,80,2183,2
2021,3,Mercedes,2473,80,2519,0
2021,3,Red Bull,2333,80,2340,1
2021,3,Williams,1561,80,1550,8
2021,4,Alfa Romeo,1742,80,1680,7
2021,4,AlphaTauri,1964,80,1882,5
2021,4,Alpine F1 Team,1810,100,1932,4
2021,4,Aston Martin,1761,100,1762,6
2021,4,Ferrari,2052,80,2161,2
2021,4,Haas F1 Team,1503,80,1419,9
2021,4,McLaren,2138,80,2086,3
2021,4,Mercedes,2485,80,2529,0
2021,4,Red Bull,2335,80,2344,1
2021,4,Williams,1558,80,1549,8
2021,5,Alfa Romeo,1729,80,1678,7
2021,5,AlphaTauri,1965,80,1966,4
2021,5,Alpine F1 Team,1799,94,1773,6
2021,5,Aston Martin,1819,94,2031,3
2021,5,Ferrari,2095,80,2289,1
2021,5,Haas F1 Team,1483,80,1409,9
2021,5,McLaren,2147,80,2184,2
2021,5,Mercedes,2426,80,1914,5
2021,5,Red Bull,2366,80,2492,0
2021,5,Williams,1556,80,1547,8
2021,6,Alfa Romeo,1737,80,1766,6
2021,6,AlphaTauri,2002,80,2169,2
2021,6,Alpine F1 Team,1815,89,1863,5
2021,6,Aston Martin,1895,89,2284,1
2021,6,Ferrari,2094,80,2092,3
2021,6,Haas F1 Team,1493,80,1528,8
2021,6,McLaren,2120,80,2008,4
2021,6,Mercedes,2349,80,1722,7
2021,6,Red Bull,2392,80,2489,0
2021,6,Williams,1529,80,1418,9
2021,7,Alfa Romeo,1708,80,1587,8
2021,7,AlphaTauri,2019,80,2078,3
2021,7,Alpine F1 Team,1849,86,1968,4
2021,7,Aston Martin,1895,86,1897,5
2021,7,Ferrari,2048,80,1837,6
2021,7,Haas F1 Team,1474,80,1402,9
2021,7,McLaren,2134,80,2188,2
2021,7,Mercedes,2346,80,2339,1
2021,7,Red Bull,2411,80,2481,0
2021,7,Williams,1554,80,1651,7
2021,8,Alfa Romeo,1703,80,1686,7
2021,8,AlphaTauri,1982,80,1832,6
2021,8,Alpine F1 Team,1859,84,1890,5
2021,8,Aston Martin,1917,84,1979,4
2021,8,Ferrari,2057,80,2085,3
2021,8,Haas F1 Team,1486,80,1529,8
2021,8,McLaren,2146,80,2190,2
2021,8,Mercedes,2345,80,2341,1
2021,8,Red Bull,2428,80,2491,0
2021,8,Williams,1526,80,1418,9
2021,9,Alfa Romeo,1678,80,1577,8
2021,9,AlphaTauri,1984,80,1993,4
2021,9,Alpine F1 Team,1866,83,1892,5
2021,9,Aston Martin,1874,83,1720,7
2021,9,Ferrari,2064,80,2087,3
2021,9,Haas F1 Team,1467,80,1396,9
2021,9,McLaren,2156,80,2195,2
2021,9,Mercedes,2345,80,2345,1
2021,9,Red Bull,2443,80,2502,0
2021,9,Williams,1569,80,1754,6
2021,10,Alfa Romeo,1678,80,1675,7
2021,10,AlphaTauri,1968,80,1909,5
2021,10,Alpine F1 Team,1903,82,2059,3
2021,10,Aston Martin,1898,82,1973,4
2021,10,Ferrari,2106,80,2295,1
2021,10,Haas F1 Team,1452,80,1391,9
2021,10,McLaren,2165,80,2199,2
2021,10,Mercedes,2374,80,2484,0
2021,10,Red Bull,2384,80,1611,8
2021,10,Williams,1608,80,1753,6
2021,11,Alfa Romeo,1699,80,1782,6
2021,11,AlphaTauri,1992,80,2085,3
2021,11,Alpine F1 Team,1963,81,2431,0
2021,11,Aston Martin,1834,81,1465,9
2021,11,Ferrari,2127,80,2198,2
2021,11,Haas F1 Team,1468,80,1529,8
2021,11,McLaren,2111,80,1746,7
2021,11,Mercedes,2370,80,2356,1
2021,11,Red Bull,2311,80,1956,5
2021,11,Williams,1666,80,1963,4
2021,12,Alfa Romeo,1679,80,1605,8
2021,12,AlphaTauri,1978,80,1928,5
2021,12,Alpine F1 Team,1933,81,1840,6
2021,12,Aston Martin,1871,81,1983,4
2021,12,Ferrari,2070,80,1759,7
2021,12,Haas F1 Team,1456,80,1411,9
2021,12,McLaren,2110,80,2104,3
2021,12,Mercedes,2342,80,2233,2
2021,12,Red Bull,2348,80,2445,0
2021,12,Williams,1736,80,2261,1
2021,13,Alfa Romeo,1686,80,1711,7
2021,13,AlphaTauri,2013,80,2158,2
2021,13,Alpine F1 Team,1947,81,1989,4
2021,13,Aston Martin,1861,81,1830,6
2021,13,Ferrari,2074,80,2087,3
2021,13,Haas F1 Team,1446,80,1408,9
2021,13,McLaren,2074,80,1940,5
2021,13,Mercedes,2338,80,2323,1
2021,13,Red Bull,2374,80,2452,0
2021,13,Williams,1706,80,1622,8
2021,14,Alfa Romeo,1691,80,1708,7
2021,14,AlphaTauri,1952,80,1491,9
2021,14,Alpine F1 Team,1940,80,1919,5
2021,14,Aston Martin,1888,80,1981,4
2021,14,Ferrari,2096,80,2172,2
2021,14,Haas F1 Team,1467,80,1548,8
2021,14,McLaren,2131,80,2412,0
2021,14,Mercedes,2335,80,2326,1
2021,14,Red Bull,2323,80,2129,3
2021,14,Williams,1730,80,1801,6
2021,15,Alfa Romeo,1727,80,1887,5
2021,15,AlphaTauri,1890,80,1654,8
2021,15,Alpine F1 Team,1952,80,1995,4
2021,15,Aston Martin,1858,80,1751,7
2021,15,Ferrari,2115,80,2178,2
2021,15,Haas F1 Team,1456,80,1417,9
2021,15,McLaren,2124,80,2101,3
2021,15,Mercedes,2357,80,2443,0
2021,15,Red Bull,2321,80,2316,1
2021,15,Williams,1749,80,1810,6
2021,16,Alfa Romeo,1726,80,1725,7
2021,16,AlphaTauri,1934,80,2062,3
2021,16,Alpine F1 Team,1929,80,1841,6
2021,16,Aston Martin,1868,80,1902,5
2021,16,Ferrari,2129,80,2181,2
2021,16,Haas F1 Team,1447,80,1413,9
2021,16,McLaren,2099,80,2017,4
2021,16,Mercedes,2377,80,2454,0
2021,16,Red Bull,2321,80,2319,1
2021,16,Williams,1723,80,1632,8
2021,17,Alfa Romeo,1743,80,1806,6
2021,17,AlphaTauri,1948,80,1989,4
2021,17,Alpine F1 Team,1873,80,1499,9
2021,17,Aston Martin,1876,80,1904,5
2021,17,Ferrari,2141,80,2185,2
2021,17,Haas F1 Team,1469,80,1558,8
2021,17,McLaren,2098,80,2094,3
2021,17,Mercedes,2368,80,2336,1
2021,17,Red Bull,2349,80,2450,0
2021,17,Williams,1723,80,1722,7
2021,18,Alfa Romeo,1771,80,1885,5
2021,18,AlphaTauri,1992,80,2162,2
2021,18,Alpine F1 Team,1862,80,1828,6
2021,18,Aston Martin,1898,80,1979,4
2021,18,Ferrari,2133,80,2103,3
2021,18,Haas F1 Team,1459,80,1422,9
2021,18,McLaren,2046,80,1768,7
2021,18,Mercedes,2362,80,2339,1
2021,18,Red Bull,2373,80,2463,0
2021,18,Williams,1702,80,1627,8
2021,19,Alfa Romeo,1764,80,1735,7
2021,19,AlphaTauri,2011,80,2076,3
2021,19,Alpine F1 Team,1888,80,1979,4
2021,19,Aston Martin,1884,80,1836,6
2021,19,Ferrari,2144,80,2187,2
2021,19,Haas F1 Team,1450,80,1416,9
2021,19,McLaren,2019,80,1932,5
2021,19,Mercedes,2384,80,2470,0
2021,19,Red Bull,2366,80,2342,1
2021,19,Williams,1685,80,1624,8
2021,20,Alfa Romeo,1757,80,1731,7
2021,20,AlphaTauri,1977,80,1851,6
2021,20,Alpine F1 Team,1937,80,2157,2
2021,20,Aston Martin,1919,80,2063,3
2021,20,Ferrari,2120,80,2022,4
2021,20,Haas F1 Team,1472,80,1558,8
2021,20,McLaren,1998,80,1929,5
2021,20,Mercedes,2404,80,2480,0
2021,20,Red Bull,2361,80,2344,1
2021,20,Williams,1646,80,1474,9
2021,21,Alfa Romeo,1769,80,1814,6
2021,21,AlphaTauri,1981,80,1995,4
2021,21,Alpine F1 Team,1983,80,2155,2
2021,21,Aston Martin,1885,80,1755,7
2021,21,Ferrari,2085,80,1941,5
2021,21,Haas F1 Team,1461,80,1418,9
2021,21,McLaren,2015,80,2074,3
2021,21,Mercedes,2421,80,2489,0
2021,21,Red Bull,2357,80,2343,1
2021,21,Williams,1637,80,1603,8
2021,22,Alfa Romeo,1722,80,1482,9
2021,22,AlphaTauri,2001,80,2072,3
2021,22,Alpine F1 Team,1969,80,1926,5
2021,22,Aston Martin,1874,80,1836,6
2021,22,Ferrari,2105,80,2176,2
2021,22,Haas F1 Team,1500,80,1677,7
2021,22,McLaren,2013,80,2003,4
2021,22,Mercedes,2408,80,2359,1
2021,22,Red Bull,2382,80,2479,0
2021,22,Williams,1628,80,1599,8
2022,1,Alfa Romeo,1815,171,1854,3
2022,1,AlphaTauri,1698,171,1688,5
2022,1,Alpine F1 Team,1768,171,1774,4
2022,1,Aston Martin,1606,171,1591,6
2022,1,Ferrari,2202,171,2281,0
2022,1,Haas F1 Team,1875,171,1949,2
2022,1,McLaren,1436,171,1374,8
2022,1,Mercedes,2089,171,2115,1
2022,1,Red Bull,1328,171,1199,9
2022,1,Williams,1491,171,1477,7
2022,2,Alfa Romeo,1669,130,1515,7
2022,2,AlphaTauri,1688,130,1677,5
2022,2,Alpine F1 Team,1808,130,1853,3
2022,2,Aston Martin,1508,130,1390,8
2022,2,Ferrari,2172,130,2143,1
2022,2,Haas F1 Team,1737,130,1612,6
2022,2,McLaren,1588,130,1732,4
2022,2,Mercedes,2047,130,2001,2
2022,2,Red Bull,1862,130,2220,0
2022,2,Williams,1375,130,1234,9
2022,3,Alfa Romeo,1679,111,1691,5
2022,3,AlphaTauri,1666,111,1623,6
2022,3,Alpine F1 Team,1798,111,1779,4
2022,3,Aston Martin,1478,111,1430,8
2022,3,Ferrari,2202,111,2255,0
2022,3,Haas F1 Team,1594,111,1328,9
2022,3,McLaren,1689,111,1829,3
2022,3,Mercedes,2023,111,1977,2
2022,3,Red Bull,1987,111,2048,1
2022,3,Williams,1425,111,1501,7
2022,4,Alfa Romeo,1731,100,1841,3
2022,4,AlphaTauri,1673,100,1690,5
2022,4,Alpine F1 Team,1714,100,1347,9
2022,4,Aston Martin,1513,100,1595,6
2022,4,Ferrari,2116,100,1817,4
2022,4,Haas F1 Team,1570,100,1536,7
2022,4,McLaren,1786,100,2045,1
2022,4,Mercedes,2012,100,1985,2
2022,4,Red Bull,2070,100,2219,0
2022,4,Williams,1424,100,1422,8
2022,5,Alfa Romeo,1766,94,1857,3
2022,5,AlphaTauri,1645,94,1559,7
2022,5,Alpine F1 Team,1734,94,1778,4
2022,5,Aston Martin,1539,94,1611,6
2022,5,Ferrari,2113,94,2105,1
2022,5,Haas F1 Team,1506,94,1343,9
2022,5,McLaren,1698,94,1483,8
2022,5,Mercedes,2005,94,1988,2
2022,5,Red Bull,2116,94,2220,0
2022,5,Williams,1482,94,1676,5
2022,6,Alfa Romeo,1789,89,1856,3
2022,6,AlphaTauri,1640,89,1623,6
2022,6,Alpine F1 Team,1745,89,1773,4
2022,6,Aston Martin,1539,89,1537,7
2022,6,Ferrari,2084,89,2007,2
2022,6,Haas F1 Team,1490,89,1451,8
2022,6,McLaren,1698,89,1698,5
2022,6,Mercedes,2024,89,2087,1
2022,6,Red Bull,2147,89,2236,0
2022,6,Williams,1444,89,1335,9
2022,7,Alfa Romeo,1771,86,1711,5
2022,7,AlphaTauri,1620,86,1546,7
2022,7,Alpine F1 Team,1753,86,1778,4
2022,7,Aston Martin,1554,86,1605,6
2022,7,Ferrari,2090,86,2108,1
2022,7,Haas F1 Team,1451,86,1327,9
2022,7,McLaren,1739,86,1852,3
2022,7,Mercedes,2018,86,1997,2
2022,7,Red Bull,2172,86,2248,0
2022,7,Williams,1441,86,1431,8
2022,8,Alfa Romeo,1741,84,1636,6
2022,8,AlphaTauri,1672,84,1944,2
2022,8,Alpine F1 Team,1759,84,1781,4
2022,8,Aston Martin,1604,84,1841,3
2022,8,Ferrari,2021,84,1353,9
2022,8,Haas F1 Team,1445,84,1428,8
2022,8,McLaren,1730,84,1705,5
2022,8,Mercedes,2035,84,2099,1
2022,8,Red Bull,2192,84,2262,0
2022,8,Williams,1457,84,1512,7
2022,9,Alfa Romeo,1750,83,1782,4
2022,9,AlphaTauri,1630,83,1477,8
2022,9,Alpine F1 Team,1781,83,1861,3
2022,9,Aston Martin,1625,83,1694,5
2022,9,Ferrari,2040,83,2092,1
2022,9,Haas F1 Team,1418,83,1322,9
2022,9,McLaren,1709,83,1643,6
2022,9,Mercedes,2027,83,1996,2
2022,9,Red Bull,2208,83,2264,0
2022,9,Williams,1473,83,1529,7
2022,10,Alfa Romeo,1693,82,1359,9
2022,10,AlphaTauri,1594,82,1468,8
2022,10,Alpine F1 Team,1798,82,1865,3
2022,10,Aston Martin,1625,82,1625,6
2022,10,Ferrari,2083,82,2232,0
2022,10,Haas F1 Team,1466,82,1674,5
2022,10,McLaren,1725,82,1777,4
2022,10,Mercedes,2021,82,1998,2
2022,10,Red Bull,2193,82,2140,1
2022,10,Williams,1485,82,1528,7
2022,11,Alfa Romeo,1678,81,1632,6
2022,11,AlphaTauri,1547,81,1357,9
2022,11,Alpine F1 Team,1813,81,1867,3
2022,11,Aston Martin,1593,81,1472,8
2022,11,Ferrari,2118,81,2243,0
2022,11,Haas F1 Team,1522,81,1749,4
2022,11,McLaren,1720,81,1705,5
2022,11,Mercedes,2016,81,2000,2
2022,11,Red Bull,2182,81,2141,1
2022,11,Williams,1495,81,1531,7
2022,12,Alfa Romeo,1636,81,1478,8
2022,12,AlphaTauri,1561,81,1607,6
2022,12,Alpine F1 Team,1825,81,1869,3
2022,12,Aston Martin,1613,81,1681,5
2022,12,Ferrari,2096,81,2023,2
2022,12,Haas F1 Team,1481,81,1349,9
2022,12,McLaren,1731,81,1772,4
2022,12,Mercedes,2034,81,2106,1
2022,12,Red Bull,2201,81,2272,0
2022,12,Williams,1503,81,1530,7
2022,13,Alfa Romeo,1615,81,1547,7
2022,13,AlphaTauri,1572,81,1606,6
2022,13,Alpine F1 Team,1817,81,1789,4
2022,13,Aston Martin,1628,81,1682,5
2022,13,Ferrari,2079,81,2022,2
2022,13,Haas F1 Team,1472,81,1445,8
2022,13,McLaren,1757,81,1858,3
2022,13,Mercedes,2050,81,2112,1
2022,13,Red Bull,2217,81,2281,0
2022,13,Williams,1471,81,1340,9
2022,14,Alfa Romeo,1582,80,1461,8
2022,14,AlphaTauri,1594,80,1677,5
2022,14,Alpine F1 Team,1829,80,1874,3
2022,14,Aston Martin,1655,80,1760,4
2022,14,Ferrari,2089,80,2125,1
2022,14,Haas F1 Team,1440,80,1328,9
2022,14,McLaren,1719,80,1558,7
2022,14,Mercedes,2043,80,2015,2
2022,14,Red Bull,2233,80,2291,0
2022,14,Williams,1497,80,1593,6
2022,15,Alfa Romeo,1538,80,1344,9
2022,15,AlphaTauri,1597,80,1608,6
2022,15,Alpine F1 Team,1838,80,1875,3
2022,15,Aston Martin,1662,80,1687,5
2022,15,Ferrari,2075,80,2025,2
2022,15,Haas F1 Team,1438,80,1431,8
2022,15,McLaren,1731,80,1771,4
2022,15,Mercedes,2059,80,2120,1
2022,15,Red Bull,2247,80,2301,0
2022,15,Williams,1502,80,1522,7
2022,16,Alfa Romeo,1551,80,1597,6
2022,16,AlphaTauri,1628,80,1755,4
2022,16,Alpine F1 Team,1793,80,1558,7
2022,16,Aston Martin,1612,80,1348,9
2022,16,Ferrari,2087,80,2131,1
2022,16,Haas F1 Team,1436,80,1426,8
2022,16,McLaren,1758,80,1861,3
2022,16,Mercedes,2051,80,2022,2
2022,16,Red Bull,2260,80,2310,0
2022,16,Williams,1534,80,1666,5
2022,17,Alfa Romeo,1563,80,1602,6
2022,17,AlphaTauri,1640,80,1683,5
2022,17,Alpine F1 Team,1738,80,1476,8
2022,17,Aston Martin,1659,80,1843,3
2022,17,Ferrari,2098,80,2136,1
2022,17,Haas F1 Team,1452,80,1514,7
2022,17,McLaren,1797,80,1964,2
2022,17,Mercedes,2010,80,1817,4
2022,17,Red Bull,2272,80,2319,0
2022,17,Williams,1496,80,1339,9
2022,18,Alfa Romeo,1522,80,1347,9
2022,18,AlphaTauri,1621,80,1549,7
2022,18,Alpine F1 Team,1786,80,1957,2
2022,18,Aston Martin,1683,80,1763,4
2022,18,Ferrari,2105,80,2135,1
2022,18,Haas F1 Team,1449,80,1438,8
2022,18,McLaren,1764,80,1639,6
2022,18,Mercedes,1988,80,1906,3
2022,18,Red Bull,2283,80,2325,0
2022,18,Williams,1533,80,1671,5
2022,19,Alfa Romeo,1506,80,1451,8
2022,19,AlphaTauri,1605,80,1547,7
2022,19,Alpine F1 Team,1785,80,1784,4
2022,19,Aston Martin,1686,80,1696,5
2022,19,Ferrari,2089,80,2023,2
2022,19,Haas F1 Team,1478,80,1595,6
2022,19,McLaren,1786,80,1861,3
2022,19,Mercedes,2014,80,2110,1
2022,19,Red Bull,2293,80,2333,0
2022,19,Williams,1493,80,1342,9
2022,20,Alfa Romeo,1540,80,1671,5
2022,20,AlphaTauri,1607,80,1612,6
2022,20,Alpine F1 Team,1785,80,1786,4
2022,20,Aston Martin,1644,80,1468,8
2022,20,Ferrari,2075,80,2024,2
2022,20,Haas F1 Team,1447,80,1328,9
2022,20,McLaren,1804,80,1869,3
2022,20,Mercedes,2036,80,2119,1
2022,20,Red Bull,2303,80,2340,0
2022,20,Williams,1500,80,1522,7
2022,21,Alfa Romeo,1582,80,1752,4
2022,21,AlphaTauri,1592,80,1538,7
2022,21,Alpine F1 Team,1822,80,1969,2
2022,21,Aston Martin,1654,80,1687,5
2022,21,Ferrari,2088,80,2136,1
2022,21,Haas F1 Team,1477,80,1588,6
2022,21,McLaren,1745,80,1358,9
2022,21,Mercedes,2080,80,2274,0
2022,21,Red Bull,2252,80,1942,3
2022,21,Williams,1486,80,1441,8
2022,22,Alfa Romeo,1572,80,1541,7
2022,22,AlphaTauri,1597,80,1613,6
2022,22,Alpine F1 Team,1816,80,1794,4
2022,22,Aston Martin,1662,80,1692,5
2022,22,Ferrari,2099,80,2142,1
2022,22,Haas F1 Team,1447,80,1334,9
2022,22,McLaren,1775,80,1868,3
2022,22,Mercedes,2069,80,2033,2
2022,22,Red Bull,2267,80,2318,0
2022,22,Williams,1477,80,1446,8
2023,1,Alfa Romeo,1611,80,1761,4
2023,1,AlphaTauri,1585,80,1539,7
2023,1,Alpine F1 Team,1795,80,1718,5
2023,1,Aston Martin,1719,80,2095,1
2023,1,Ferrari,2087,80,2040,2
2023,1,Haas F1 Team,1443,80,1432,8
2023,1,McLaren,1708,80,1358,9
2023,1,Mercedes,2040,80,1930,3
2023,1,Red Bull,2281,80,2329,0
2023,1,Williams,1502,80,1596,6
2023,2,Alfa Romeo,1596,80,1548,7
2023,2,AlphaTauri,1591,80,1615,6
2023,2,Alpine F1 Team,1793,80,1788,4
2023,2,Aston Martin,1783,80,2085,1
2023,2,Ferrari,2056,80,1922,3
2023,2,Haas F1 Team,1486,80,1670,5
2023,2,McLaren,1652,80,1478,8
2023,2,Mercedes,2035,80,2017,2
2023,2,Red Bull,2292,80,2333,0
2023,2,Williams,1469,80,1338,9
2023,3,Alfa Romeo,1615,80,1684,5
2023,3,AlphaTauri,1596,80,1614,6
2023,3,Alpine F1 Team,1744,80,1482,8
2023,3,Aston Martin,1828,80,1964,2
2023,3,Ferrari,1998,80,1575,7
2023,3,Haas F1 Team,1536,80,1750,4
2023,3,McLaren,1701,80,1850,3
2023,3,Mercedes,2053,80,2120,1
2023,3,Red Bull,2302,80,2337,0
2023,3,Williams,1440,80,1332,9
2023,4,Alfa Romeo,1570,80,1365,9
2023,4,AlphaTauri,1615,80,1695,5
2023,4,Alpine F1 Team,1694,80,1491,8
2023,4,Aston Martin,1862,80,1968,2
2023,4,Ferrari,2024,80,2107,1
2023,4,Haas F1 Team,1538,80,1546,7
2023,4,McLaren,1722,80,1780,4
2023,4,Mercedes,2025,80,1915,3
2023,4,Red Bull,2310,80,2341,0
2023,4,Williams,1475,80,1607,6
2023,5,Alfa Romeo,1565,80,1551,7
2023,5,AlphaTauri,1618,80,1627,6
2023,5,Alpine F1 Team,1715,80,1779,4
2023,5,Aston Martin,1908,80,2086,1
2023,5,Ferrari,1999,80,1914,3
2023,5,Haas F1 Team,1570,80,1687,5
2023,5,McLaren,1660,80,1380,9
2023,5,Mercedes,2021,80,2007,2
2023,5,Red Bull,2317,80,2347,0
2023,5,Williams,1470,80,1456,8
2023,6,Alfa Romeo,1578,80,1620,6
2023,6,AlphaTauri,1606,80,1559,7
2023,6,Alpine F1 Team,1763,80,1959,2
2023,6,Aston Martin,1947,80,2092,1
2023,6,Ferrari,1962,80,1825,4
2023,6,Haas F1 Team,1528,80,1365,9
2023,6,McLaren,1671,80,1702,5
2023,6,Mercedes,1999,80,1915,3
2023,6,Red Bull,2324,80,2351,0
2023,6,Williams,1467,80,1456,8
2023,7,Alfa Romeo,1602,80,1695,5
2023,7,AlphaTauri,1610,80,1627,6
2023,7,Alpine F1 Team,1771,80,1796,4
2023,7,Aston Martin,1937,80,1905,3
2023,7,Ferrari,1969,80,1994,2
2023,7,Haas F1 Team,1513,80,1464,8
2023,7,McLaren,1646,80,1565,7
2023,7,Mercedes,2021,80,2105,1
2023,7,Red Bull,2331,80,2355,0
2023,7,Williams,1441,80,1341,9
2023,8,Alfa Romeo,1607,80,1624,6
2023,8,AlphaTauri,1583,80,1471,8
2023,8,Alpine F1 Team,1760,80,1722,5
2023,8,Aston Martin,1970,80,2098,1
2023,8,Ferrari,1957,80,1912,3
2023,8,Haas F1 Team,1478,80,1344,9
2023,8,McLaren,1625,80,1558,7
2023,8,Mercedes,2019,80,2010,2
2023,8,Red Bull,2337,80,2361,0
2023,8,Williams,1493,80,1762,4
2023,9,Alfa Romeo,1594,80,1548,7
2023,9,AlphaTauri,1559,80,1465,8
2023,9,Alpine F1 Team,1750,80,1715,5
2023,9,Aston Martin,1957,80,1912,3
2023,9,Ferrari,1987,80,2104,1
2023,9,Haas F1 Team,1447,80,1337,9
2023,9,McLaren,1681,80,1959,2
2023,9,Mercedes,1983,80,1831,4
2023,9,Red Bull,2343,80,2367,0
2023,9,Williams,1519,80,1603,6
2023,10,Alfa Romeo,1600,80,1619,6
2023,10,AlphaTauri,1539,80,1460,8
2023,10,Alpine F1 Team,1695,80,1366,9
2023,10,Aston Martin,1946,80,1908,3
2023,10,Ferrari,1941,80,1743,5
2023,10,Haas F1 Team,1464,80,1523,7
2023,10,McLaren,1749,80,2073,1
2023,10,Mercedes,1987,80,2001,2
2023,10,Red Bull,2349,80,2370,0
2023,10,Williams,1567,80,1764,4
2023,11,Alfa Romeo,1605,80,1626,6
2023,11,AlphaTauri,1540,80,1546,7
2023,11,Alpine F1 Team,1635,80,1374,9
2023,11,Aston Martin,1920,80,1820,4
2023,11,Ferrari,1931,80,1899,3
2023,11,Haas F1 Team,1462,80,1452,8
2023,11,McLaren,1816,80,2066,1
2023,11,Mercedes,1988,80,1993,2
2023,11,Red Bull,2353,80,2373,0
2023,11,Williams,1596,80,1692,5
2023,12,Alfa Romeo,1595,80,1557,7
2023,12,AlphaTauri,1556,80,1619,6
2023,12,Alpine F1 Team,1653,80,1703,5
2023,12,Aston Martin,1915,80,1896,3
2023,12,Ferrari,1964,80,2086,1
2023,12,Haas F1 Team,1437,80,1341,9
2023,12,McLaren,1812,80,1803,4
2023,12,Mercedes,1989,80,1992,2
2023,12,Red Bull,2358,80,2376,0
2023,12,Williams,1569,80,1476,8
2023,13,Alfa Romeo,1554,80,1359,9
2023,13,AlphaTauri,1538,80,1465,8
2023,13,Alpine F1 Team,1709,80,1953,2
2023,13,Aston Martin,1949,80,2088,1
2023,13,Ferrari,1951,80,1907,3
2023,13,Haas F1 Team,1456,80,1527,7
2023,13,McLaren,1792,80,1729,5
2023,13,Mercedes,1959,80,1830,4
2023,13,Red Bull,2363,80,2381,0
2023,13,Williams,1581,80,1621,6
2023,14,Alfa Romeo,1569,80,1620,6
2023,14,AlphaTauri,1539,80,1543,7
2023,14,Alpine F1 Team,1659,80,1484,8
2023,14,Aston Martin,1909,80,1746,5
2023,14,Ferrari,1980,80,2092,1
2023,14,Haas F1 Team,1431,80,1334,9
2023,14,McLaren,1794,80,1802,4
2023,14,Mercedes,1965,80,1989,2
2023,14,Red Bull,2367,80,2384,0
2023,14,Williams,1629,80,1857,3
2023,15,Alfa Romeo,1547,80,1467,8
2023,15,AlphaTauri,1568,80,1691,5
2023,15,Alpine F1 Team,1689,80,1780,4
2023,15,Aston Martin,1846,80,1375,9
2023,15,Ferrari,2031,80,2271,0
2023,15,Haas F1 Team,1466,80,1605,6
2023,15,McLaren,1844,80,2070,1
2023,15,Mercedes,1970,80,1989,2
2023,15,Red Bull,2314,80,1939,3
2023,15,Williams,1613,80,1558,7
2023,16,Alfa Romeo,1549,80,1554,7
2023,16,AlphaTauri,1581,80,1629,6
2023,16,Alpine F1 Team,1696,80,1718,5
2023,16,Aston Martin,1838,80,1814,4
2023,16,Ferrari,2025,80,2008,2
2023,16,Haas F1 Team,1464,80,1458,8
2023,16,McLaren,1893,80,2081,1
2023,16,Mercedes,1958,80,1911,3
2023,16,Red Bull,2322,80,2348,0
2023,16,Williams,1566,80,1372,9
2023,17,Alfa Romeo,1565,80,1625,6
2023,17,AlphaTauri,1541,80,1364,9
2023,17,Alpine F1 Team,1701,80,1719,5
2023,17,Aston Martin,1832,80,1816,4
2023,17,Ferrari,2003,80,1923,3
2023,17,Haas F1 Team,1462,80,1454,8
2023,17,McLaren,1935,80,2089,1
2023,17,Mercedes,1966,80,1997,2
2023,17,Red Bull,2329,80,2354,0
2023,17,Williams,1563,80,1554,7
2023,18,Alfa Romeo,1526,80,1357,9
2023,18,AlphaTauri,1559,80,1622,6
2023,18,Alpine F1 Team,1722,80,1797,4
2023,18,Aston Martin,1812,80,1741,5
2023,18,Ferrari,2004,80,2009,2
2023,18,Haas F1 Team,1459,80,1450,8
2023,18,McLaren,1971,80,2098,1
2023,18,Mercedes,1956,80,1918,3
2023,18,Red Bull,2336,80,2360,0
2023,18,Williams,1560,80,1550,7
2023,19,Alfa Romeo,1511,80,1458,8
2023,19,AlphaTauri,1602,80,1782,4
2023,19,Alpine F1 Team,1706,80,1648,6
2023,19,Aston Martin,1754,80,1373,9
2023,19,Ferrari,2006,80,2013,2
2023,19,Haas F1 Team,1474,80,1531,7
2023,19,McLaren,1960,80,1922,3
2023,19,Mercedes,1985,80,2106,1
2023,19,Red Bull,2342,80,2366,0
2023,19,Williams,1589,80,1700,5
2023,20,Alfa Romeo,1479,80,1352,9
2023,20,AlphaTauri,1608,80,1632,6
2023,20,Alpine F1 Team,1725,80,1794,4
2023,20,Aston Martin,1801,80,1973,2
2023,20,Ferrari,1989,80,1924,3
2023,20,Haas F1 Team,1470,80,1456,8
2023,20,McLaren,1991,80,2108,1
2023,20,Mercedes,1943,80,1754,5
2023,20,Red Bull,2349,80,2372,0
2023,20,Williams,1582,80,1557,7
2023,21,Alfa Romeo,1450,80,1340,9
2023,21,AlphaTauri,1580,80,1476,8
2023,21,Alpine F1 Team,1768,80,1972,2
2023,21,Aston Martin,1824,80,1893,3
2023,21,Ferrari,2014,80,2112,1
2023,21,Haas F1 Team,1484,80,1537,7
2023,21,McLaren,1946,80,1762,5
2023,21,Mercedes,1919,80,1837,4
2023,21,Red Bull,2354,80,2376,0
2023,21,Williams,1593,80,1631,6
2023,22,Alfa Romeo,1425,80,1329,9
2023,22,AlphaTauri,1608,80,1710,5
2023,22,Alpine F1 Team,1745,80,1662,6
2023,22,Aston Martin,1823,80,1821,4
2023,22,Ferrari,2035,80,2114,1
2023,22,Haas F1 Team,1477,80,1451,8
2023,22,McLaren,1939,80,1916,3
2023,22,Mercedes,1936,80,1994,2
2023,22,Red Bull,2359,80,2380,0
2023,22,Williams,1585,80,1557,7
2024,1,Alpine F1 Team,1689,80,1402,9
2024,1,Aston Martin,1825,80,1831,4
2024,1,Ferrari,2056,80,2135,1
2024,1,Haas F1 Team,1509,80,1649,6
2024,1,McLaren,1936,80,1928,3
2024,1,Mercedes,1952,80,2011,2
2024,1,RB F1 Team,1575,171,1590,7
2024,1,Red Bull,2366,80,2391,0
2024,1,Sauber,1747,171,1756,5
2024,1,Williams,1571,80,1516,8
2024,2,Alpine F1 Team,1665,80,1586,7
2024,2,Aston Martin,1844,80,1914,3
2024,2,Ferrari,2074,80,2142,1
2024,2,Haas F1 Team,1549,80,1720,5
2024,2,McLaren,1953,80,2015,2
2024,2,Mercedes,1932,80,1857,4
2024,2,RB F1 Team,1529,130,1476,8
2024,2,Red Bull,2372,80,2395,0
2024,2,Sauber,1582,130,1380,9
2024,2,Williams,1587,80,1647,6
2024,3,Alpine F1 Team,1645,80,1580,7
2024,3,Aston Martin,1857,80,1908,3
2024,3,Ferrari,2115,80,2307,0
2024,3,Haas F1 Team,1583,80,1715,5
2024,3,McLaren,1987,80,2122,1
2024,3,Mercedes,1873,80,1404,9
2024,3,RB F1 Team,1613,111,1797,4
2024,3,Red Bull,2326,80,2082,2
2024,3,Sauber,1536,111,1485,8
2024,3,Williams,1598,80,1643,6
2024,4,Alpine F1 Team,1617,80,1511,8
2024,4,Aston Martin,1869,80,1913,3
2024,4,Ferrari,2125,80,2160,1
2024,4,Haas F1 Team,1598,80,1649,6
2024,4,McLaren,1995,80,2025,2
2024,4,Mercedes,1864,80,1835,4
2024,4,RB F1 Team,1650,100,1725,5
2024,4,Red Bull,2336,80,2369,0
2024,4,Sauber,1549,100,1572,7
2024,4,Williams,1561,80,1395,9
2024,5,Alpine F1 Team,1624,80,1650,6
2024,5,Aston Martin,1862,80,1836,4
2024,5,Ferrari,2111,80,2058,2
2024,5,Haas F1 Team,1623,80,1719,5
2024,5,McLaren,2024,80,2140,1
2024,5,Mercedes,1876,80,1916,3
2024,5,RB F1 Team,1586,94,1396,9
2024,5,Red Bull,2345,80,2378,0
2024,5,Sauber,1532,94,1489,8
2024,5,Williams,1563,80,1570,7
2024,6,Alpine F1 Team,1629,80,1648,6
2024,6,Aston Martin,1841,80,1757,5
2024,6,Ferrari,2099,80,2058,2
2024,6,Haas F1 Team,1613,80,1577,7
2024,6,McLaren,2071,80,2301,0
2024,6,Mercedes,1886,80,1920,3
2024,6,RB F1 Team,1641,89,1797,4
2024,6,Red Bull,2321,80,2227,1
2024,6,Sauber,1520,89,1484,8
2024,6,Williams,1528,80,1382,9
2024,7,Alpine F1 Team,1618,80,1578,7
2024,7,Aston Martin,1839,80,1833,4
2024,7,Ferrari,2091,80,2061,2
2024,7,Haas F1 Team,1620,80,1647,6
2024,7,McLaren,2092,80,2161,1
2024,7,Mercedes,1895,80,1926,3
2024,7,RB F1 Team,1664,86,1725,5
2024,7,Red Bull,2331,80,2370,0
2024,7,Sauber,1510,86,1480,8
2024,7,Williams,1496,80,1373,9
2024,8,Alpine F1 Team,1624,80,1647,6
2024,8,Aston Martin,1798,80,1599,7
2024,8,Ferrari,2131,80,2312,0
2024,8,Haas F1 Team,1578,80,1381,9
2024,8,McLaren,2109,80,2170,1
2024,8,Mercedes,1921,80,2026,2
2024,8,RB F1 Team,1698,84,1809,4
2024,8,Red Bull,2279,80,1990,3
2024,8,Sauber,1502,84,1473,8
2024,8,Williams,1538,80,1708,5
2024,9,Alpine F1 Team,1645,80,1724,5
2024,9,Aston Martin,1824,80,1920,3
2024,9,Ferrari,2068,80,1521,8
2024,9,Haas F1 Team,1593,80,1642,6
2024,9,McLaren,2124,80,2178,1
2024,9,Mercedes,1945,80,2038,2
2024,9,RB F1 Team,1724,83,1815,4
2024,9,Red Bull,2296,80,2351,0
2024,9,Sauber,1514,83,1557,7
2024,9,Williams,1501,80,1372,9
2024,10,Alpine F1 Team,1678,80,1819,4
2024,10,Aston Martin,1795,80,1688,6
2024,10,Ferrari,2044,80,1974,3
2024,10,Haas F1 Team,1621,80,1731,5
2024,10,McLaren,2135,80,2179,1
2024,10,Mercedes,1966,80,2043,2
2024,10,RB F1 Team,1681,82,1512,8
2024,10,Red Bull,2310,80,2358,0
2024,10,Sauber,1525,82,1565,7
2024,10,Williams,1471,80,1366,9
2024,11,Alpine F1 Team,1675,80,1666,6
2024,11,Aston Martin,1757,80,1605,7
2024,11,Ferrari,2048,80,2061,2
2024,11,Haas F1 Team,1659,80,1813,4
2024,11,McLaren,2145,80,2183,1
2024,11,Mercedes,2016,80,2294,0
2024,11,RB F1 Team,1695,81,1740,5
2024,11,Red Bull,2258,80,1999,3
2024,11,Sauber,1494,81,1369,9
2024,11,Williams,1471,80,1472,8
2024,12,Alpine F1 Team,1627,80,1388,9
2024,12,Aston Martin,1756,80,1754,5
2024,12,Ferrari,2032,80,1975,3
2024,12,Haas F1 Team,1692,80,1820,4
2024,12,McLaren,2133,80,2086,2
2024,12,Mercedes,2067,80,2287,0
2024,12,RB F1 Team,1673,81,1594,7
2024,12,Red Bull,2246,80,2209,1
2024,12,Sauber,1490,81,1475,8
2024,12,Williams,1506,80,1638,6
2024,13,Alpine F1 Team,1579,80,1387,9
2024,13,Aston Martin,1755,80,1752,5
2024,13,Ferrari,2039,80,2066,2
2024,13,Haas F1 Team,1687,80,1667,6
2024,13,McLaren,2165,80,2303,0
2024,13,Mercedes,2091,80,2168,1
2024,13,RB F1 Team,1704,81,1821,4
2024,13,Red Bull,2198,80,2005,3
2024,13,Sauber,1487,81,1476,8
2024,13,Williams,1519,80,1563,7
2024,14,Alpine F1 Team,1613,80,1725,5
2024,14,Aston Martin,1772,80,1836,4
2024,14,Ferrari,2047,80,2073,2
2024,14,Haas F1 Team,1650,80,1505,8
2024,14,McLaren,2171,80,2190,1
2024,14,Mercedes,2132,80,2293,0
2024,14,RB F1 Team,1696,80,1667,6
2024,14,Red Bull,2157,80,2006,3
2024,14,Sauber,1462,80,1359,9
2024,14,Williams,1528,80,1563,7
2024,15,Alpine F1 Team,1657,80,1818,4
2024,15,Aston Martin,1768,80,1755,5
2024,15,Ferrari,2053,80,2078,2
2024,15,Haas F1 Team,1652,80,1658,6
2024,15,McLaren,2198,80,2308,0
2024,15,Mercedes,2103,80,2001,3
2024,15,RB F1 Team,1673,80,1590,7
2024,15,Red Bull,2165,80,2190,1
2024,15,Sauber,1439,80,1350,9
2024,15,Williams,1518,80,1479,8
2024,16,Alpine F1 Team,1620,80,1497,8
2024,16,Aston Martin,1750,80,1677,6
2024,16,Ferrari,2095,80,2291,0
2024,16,Haas F1 Team,1670,80,1736,5
2024,16,McLaren,2199,80,2201,1
2024,16,Mercedes,2099,80,2089,2
2024,16,RB F1 Team,1654,80,1586,7
2024,16,Red Bull,2131,80,2007,3
2024,16,Sauber,1418,80,1339,9
2024,16,Williams,1566,80,1810,4
2024,17,Alpine F1 Team,1610,80,1576,7
2024,17,Aston Martin,1767,80,1833,4
2024,17,Ferrari,2114,80,2180,1
2024,17,Haas F1 Team,1668,80,1658,6
2024,17,McLaren,2223,80,2317,0
2024,17,Mercedes,2097,80,2089,2
2024,17,RB F1 Team,1623,80,1496,8
2024,17,Red Bull,2104,80,2002,3
2024,17,Sauber,1400,80,1332,9
2024,17,Williams,1599,80,1720,5
2024,18,Alpine F1 Team,1583,80,1487,8
2024,18,Aston Martin,1781,80,1837,4
2024,18,Ferrari,2089,80,2001,3
2024,18,Haas F1 Team,1681,80,1733,5
2024,18,McLaren,2244,80,2328,0
2024,18,Mercedes,2096,80,2090,2
2024,18,RB F1 Team,1612,80,1574,7
2024,18,Red Bull,2121,80,2184,1
2024,18,Sauber,1384,80,1322,9
2024,18,Williams,1610,80,1646,6
2024,19,Alpine F1 Team,1579,80,1565,7
2024,19,Aston Martin,1735,80,1501,8
2024,19,Ferrari,2131,80,2305,0
2024,19,Haas F1 Team,1710,80,1824,4
2024,19,McLaren,2218,80,2119,2
2024,19,Mercedes,2076,80,1999,3
2024,19,RB F1 Team,1636,80,1726,5
2024,19,Red Bull,2137,80,2191,1
2024,19,Sauber,1369,80,1311,9
2024,19,Williams,1618,80,1647,6
2024,20,Alpine F1 Team,1608,80,1722,5
2024,20,Aston Martin,1719,80,1668,6
2024,20,Ferrari,2169,80,2311,0
2024,20,Haas F1 Team,1734,80,1828,4
2024,20,McLaren,2217,80,2212,1
2024,20,Mercedes,2079,80,2091,2
2024,20,RB F1 Team,1588,80,1361,9
2024,20,Red Bull,2110,80,2008,3
2024,20,Sauber,1383,80,1434,8
2024,20,Williams,1609,80,1573,7
2024,21,Alpine F1 Team,1670,80,2155,1
2024,21,Aston Martin,1676,80,1497,8
2024,21,Ferrari,2135,80,2014,3
2024,21,Haas F1 Team,1719,80,1666,6
2024,21,McLaren,2168,80,1908,4
2024,21,Mercedes,2082,80,2094,2
2024,21,RB F1 Team,1618,80,1722,5
2024,21,Red Bull,2149,80,2311,0
2024,21,Sauber,1412,80,1534,7
2024,21,Williams,1565,80,1360,9
2024,22,Alpine F1 Team,1611,80,1377,9
2024,22,Aston Martin,1672,80,1658,6
2024,22,Ferrari,2147,80,2188,1
2024,22,Haas F1 Team,1741,80,1826,4
2024,22,McLaren,2133,80,2009,3
2024,22,Mercedes,2120,80,2294,0
2024,22,RB F1 Team,1642,80,1725,5
2024,22,Red Bull,2138,80,2100,2
2024,22,Sauber,1439,80,1542,7
2024,22,Williams,1546,80,1481,8
2024,23,Alpine F1 Team,1658,80,1810,4
2024,23,Aston Martin,1685,80,1730,5
2024,23,Ferrari,2157,80,2191,1
2024,23,Haas F1 Team,1711,80,1588,7
2024,23,McLaren,2125,80,2098,2
2024,23,Mercedes,2095,80,2003,3
2024,23,RB F1 Team,1610,80,1491,8
2024,23,Red Bull,2172,80,2303,0
2024,23,Sauber,1475,80,1622,6
2024,23,Williams,1509,80,1362,9
2024,24,Alpine F1 Team,1696,80,1813,4
2024,24,Aston Martin,1678,80,1654,6
2024,24,Ferrari,2165,80,2195,1
2024,24,Haas F1 Team,1716,80,1734,5
2024,24,McLaren,2161,80,2304,0
2024,24,Mercedes,2095,80,2092,2
2024,24,RB F1 Team,1583,80,1487,8
2024,24,Red Bull,2138,80,2011,3
2024,24,Sauber,1448,80,1350,9
2024,24,Williams,1519,80,1553,7
2025,1,Alpine F1 Team,1668,80,1580,7
2025,1,Aston Martin,1707,80,1819,4
2025,1,Ferrari,2108,80,1692,6
2025,1,Haas F1 Team,1664,80,1379,9
2025,1,McLaren,2194,80,2313,0
2025,1,Mercedes,2095,80,2094,2
2025,1,RB F1 Team,1560,80,1479,8
2025,1,Red Bull,2150,80,2193,1
2025,1,Sauber,1495,80,1704,5
2025,1,Williams,1576,80,1918,3
2025,2,Alpine F1 Team,1647,80,1581,7
2025,2,Aston Martin,1712,80,1733,5
2025,2,Ferrari,2033,80,1404,9
2025,2,Haas F1 Team,1715,80,1921,3
2025,2,McLaren,2222,80,2319,0
2025,2,Mercedes,2113,80,2183,1
2025,2,RB F1 Team,1577,80,1637,6
2025,2,Red Bull,2140,80,2102,2
2025,2,Sauber,1490,80,1474,8
2025,2,Williams,1626,80,1802,4
2025,3,Alpine F1 Team,1618,80,1511,8
2025,3,Aston Martin,1689,80,1600,7
2025,3,Ferrari,2044,80,2072,2
2025,3,Haas F1 Team,1704,80,1672,6
2025,3,McLaren,2218,80,2204,1
2025,3,Mercedes,2089,80,1994,3
2025,3,RB F1 Team,1620,80,1811,4
2025,3,Red Bull,2173,80,2306,0
2025,3,Sauber,1464,80,1373,9
2025,3,Williams,1652,80,1732,5
2025,4,Alpine F1 Team,1658,80,1813,4
2025,4,Aston Martin,1655,80,1515,8
2025,4,Ferrari,2053,80,2077,2
2025,4,Haas F1 Team,1713,80,1742,5
2025,4,McLaren,2241,80,2327,0
2025,4,Mercedes,2108,80,2180,1
2025,4,RB F1 Team,1612,80,1586,7
2025,4,Red Bull,2138,80,2004,3
2025,4,Sauber,1442,80,1363,9
2025,4,Williams,1655,80,1662,6
2025,5,Alpine F1 Team,1607,80,1394,9
2025,5,Aston Martin,1657,80,1662,6
2025,5,Ferrari,2059,80,2081,2
2025,5,Haas F1 Team,1688,80,1598,7
2025,5,McLaren,2261,80,2337,0
2025,5,Mercedes,2085,80,1997,3
2025,5,RB F1 Team,1637,80,1729,5
2025,5,Red Bull,2150,80,2192,1
2025,5,Sauber,1449,80,1471,8
2025,5,Williams,1689,80,1818,4
2025,6,Alpine F1 Team,1600,80,1582,7
2025,6,Aston Martin,1611,80,1394,9
2025,6,Ferrari,2023,80,1885,4
2025,6,Haas F1 Team,1683,80,1665,6
2025,6,McLaren,2279,80,2348,0
2025,6,Mercedes,2106,80,2185,1
2025,6,RB F1 Team,1658,80,1730,5
2025,6,Red Bull,2139,80,2101,2
2025,6,Sauber,1453,80,1471,8
2025,6,Williams,1733,80,1923,3
2025,7,Alpine F1 Team,1578,80,1499,8
2025,7,Aston Martin,1621,80,1655,6
2025,7,Ferrari,2035,80,2074,2
2025,7,Haas F1 Team,1635,80,1396,9
2025,7,McLaren,2268,80,2227,1
2025,7,Mercedes,2065,80,1890,4
2025,7,RB F1 Team,1674,80,1735,5
2025,7,Red Bull,2175,80,2321,0
2025,7,Sauber,1475,80,1558,7
2025,7,Williams,1773,80,1926,3
2025,8,Alpine F1 Team,1578,80,1577,7
2025,8,Aston Martin,1577,80,1392,9
2025,8,Ferrari,2065,80,2177,1
2025,8,Haas F1 Team,1674,80,1818,4
2025,8,McLaren,2286,80,2353,0
2025,8,Mercedes,2008,80,1702,6
2025,8,RB F1 Team,1718,80,1923,3
2025,8,Red Bull,2159,80,2104,2
2025,8,Sauber,1475,80,1477,8
2025,8,Williams,1769,80,1755,5
2025,9,Alpine F1 Team,1609,80,1731,5
2025,9,Aston Martin,1595,80,1655,6
2025,9,Ferrari,2089,80,2178,1
2025,9,Haas F1 Team,1621,80,1399,9
2025,9,McLaren,2301,80,2359,0
2025,9,Mercedes,2023,80,2067,2
2025,9,RB F1 Team,1742,80,1832,4
2025,9,Red Bull,2099,80,1625,7
2025,9,Sauber,1530,80,1912,3
2025,9,Williams,1722,80,1522,8
2025,10,Alpine F1 Team,1588,80,1513,8
2025,10,Aston Martin,1638,80,1814,4
2025,10,Ferrari,2067,80,1985,3
2025,10,Haas F1 Team,1631,80,1663,6
2025,10,McLaren,2266,80,2116,2
2025,10,Mercedes,2075,80,2300,0
2025,10,RB F1 Team,1688,80,1420,9
2025,10,Red Bull,2119,80,2181,1
2025,10,Sauber,1573,80,1725,5
2025,10,Williams,1695,80,1607,7
2025,11,Alpine F1 Team,1588,80,1590,7
2025,11,Aston Martin,1676,80,1816,4
2025,11,Ferrari,2090,80,2176,1
2025,11,Haas F1 Team,1639,80,1664,6
2025,11,McLaren,2283,80,2345,0
2025,11,Mercedes,2076,80,2081,2
2025,11,RB F1 Team,1738,80,1921,3
2025,11,Red Bull,2051,80,1547,8
2025,11,Sauber,1608,80,1727,5
2025,11,Williams,1645,80,1424,9
2025,12,Alpine F1 Team,1630,80,1818,4
2025,12,Aston Martin,1693,80,1749,5
2025,12,Ferrari,2087,80,2079,2
2025,12,Haas F1 Team,1616,80,1533,8
2025,12,McLaren,2298,80,2351,0
2025,12,Mercedes,2014,80,1640,7
2025,12,RB F1 Team,1678,80,1439,9
2025,12,Red Bull,2032,80,1980,3
2025,12,Sauber,1673,80,2136,1
2025,12,Williams,1652,80,1676,6
2025,13,Alpine F1 Team,1626,80,1613,7
2025,13,Aston Martin,1646,80,1445,9
2025,13,Ferrari,2103,80,2163,1
2025,13,Haas F1 Team,1599,80,1537,8
2025,13,McLaren,2309,80,2353,0
2025,13,Mercedes,2000,80,1960,3
2025,13,RB F1 Team,1697,80,1750,5
2025,13,Red Bull,2037,80,2053,2
2025,13,Sauber,1676,80,1684,6
2025,13,Williams,1688,80,1820,4
2025,14,Alpine F1 Team,1588,80,1433,9
2025,14,Aston Martin,1698,80,1907,3
2025,14,Ferrari,2096,80,2069,2
2025,14,Haas F1 Team,1584,80,1533,8
2025,14,McLaren,2321,80,2363,0
2025,14,Mercedes,2034,80,2151,1
2025,14,RB F1 Team,1710,80,1752,5
2025,14,Red Bull,1980,80,1717,6
2025,14,Sauber,1709,80,1822,4
2025,14,Williams,1672,80,1619,7
2025,15,Alpine F1 Team,1593,80,1608,7
2025,15,Aston Martin,1696,80,1690,6
2025,15,Ferrari,2038,80,1457,9
2025,15,Haas F1 Team,1616,80,1743,5
2025,15,McLaren,2330,80,2368,0
2025,15,Mercedes,2017,80,1963,3
2025,15,RB F1 Team,1763,80,2009,2
2025,15,Red Bull,2019,80,2145,1
2025,15,Sauber,1674,80,1549,8
2025,15,Williams,1704,80,1825,4
2025,16,Alpine F1 Team,1582,80,1543,8
2025,16,Aston Martin,1648,80,1453,9
2025,16,Ferrari,2041,80,2050,2
2025,16,Haas F1 Team,1617,80,1622,7
2025,16,McLaren,2308,80,2218,1
2025,16,Mercedes,2004,80,1961,3
2025,16,RB F1 Team,1750,80,1709,6
2025,16,Red Bull,2073,80,2291,0
2025,16,Sauber,1694,80,1762,5
2025,16,Williams,1733,80,1837,4
2025,17,Alpine F1 Team,1552,80,1431,9
2025,17,Aston Martin,1624,80,1549,8
2025,17,Ferrari,1994,80,1807,5
2025,17,Haas F1 Team,1618,80,1620,7
2025,17,McLaren,2253,80,1904,4
2025,17,Mercedes,2035,80,2149,1
2025,17,RB F1 Team,1787,80,1925,3
2025,17,Red Bull,2121,80,2297,0
2025,17,Sauber,1695,80,1698,6
2025,17,Williams,1782,80,2015,2
2025,18,Alpine F1 Team,1547,80,1531,8
2025,18,Aston Martin,1669,80,1840,4
2025,18,Ferrari,1988,80,1970,3
2025,18,Haas F1 Team,1647,80,1764,5
2025,18,McLaren,2218,80,2098,2
2025,18,Mercedes,2080,80,2281,0
2025,18,RB F1 Team,1755,80,1645,7
2025,18,Red Bull,2134,80,2171,1
2025,18,Sauber,1649,80,1445,9
2025,18,Williams,1767,80,1716,6
2025,19,Alpine F1 Team,1522,80,1421,9
2025,19,Aston Martin,1676,80,1698,6
2025,19,Ferrari,2003,80,2055,2
2025,19,Haas F1 Team,1671,80,1763,5
2025,19,McLaren,2212,80,2193,1
2025,19,Mercedes,2058,80,1985,3
2025,19,RB F1 Team,1730,80,1641,7
2025,19,Red Bull,2168,80,2294,0
2025,19,Sauber,1690,80,1839,4
2025,19,Williams,1725,80,1563,8
2025,20,Alpine F1 Team,1499,80,1413,9
2025,20,Aston Martin,1648,80,1552,8
2025,20,Ferrari,2035,80,2155,1
2025,20,Haas F1 Team,1716,80,1926,3
2025,20,McLaren,2235,80,2317,0
2025,20,Mercedes,2024,80,1895,4
2025,20,RB F1 Team,1709,80,1637,7
2025,20,Red Bull,2150,80,2090,2
2025,20,Sauber,1708,80,1767,5
2025,20,Williams,1720,80,1705,6
2025,21,Alpine F1 Team,1534,80,1676,6
2025,21,Aston Martin,1625,80,1545,8
2025,21,Ferrari,1971,80,1454,9
2025,21,Haas F1 Team,1758,80,1930,3
2025,21,McLaren,2255,80,2325,0
2025,21,Mercedes,2053,80,2158,1
2025,21,RB F1 Team,1738,80,1844,4
2025,21,Red Bull,2136,80,2086,2
2025,21,Sauber,1722,80,1770,5
2025,21,Williams,1702,80,1634,7
2025,22,Alpine F1 Team,1534,80,1533,8
2025,22,Aston Martin,1626,80,1629,7
2025,22,Ferrari,1992,80,2050,2
2025,22,Haas F1 Team,1748,80,1716,6
2025,22,McLaren,2192,80,1468,9
2025,22,Mercedes,2077,80,2161,1
2025,22,RB F1 Team,1762,80,1851,4
2025,22,Red Bull,2169,80,2302,0
2025,22,Sauber,1734,80,1778,5
2025,22,Williams,1744,80,1928,3
2025,23,Alpine F1 Team,1535,80,1541,8
2025,23,Aston Martin,1668,80,1853,4
2025,23,Ferrari,1954,80,1826,5
2025,23,Haas F1 Team,1698,80,1464,9
2025,23,McLaren,2192,80,2191,1
2025,23,Mercedes,2059,80,1994,3
2025,23,RB F1 Team,1755,80,1728,6
2025,23,Red Bull,2198,80,2304,0
2025,23,Sauber,1717,80,1655,7
2025,23,Williams,1798,80,2034,2
2025,24,Alpine F1 Team,1514,80,1430,9
2025,24,Aston Martin,1707,80,1853,4
2025,24,Ferrari,1977,80,2052,2
2025,24,Haas F1 Team,1719,80,1785,5
2025,24,McLaren,2191,80,2190,1
2025,24,Mercedes,2043,80,1985,3
2025,24,RB F1 Team,1720,80,1580,8
2025,24,Red Bull,2222,80,2313,0
2025,24,Sauber,1718,80,1722,6
2025,24,Williams,1766,80,1664,7
2026,1,Alpine,1445,171,1434,7
2026,1,Aston Martin,1145,171,1054,10
2026,1,Audi,1515,171,1518,6
2026,1,Cadillac,1267,171,1223,9
2026,1,Ferrari,1957,171,1999,1
2026,1,Haas F1 Team,1675,171,1687,4
2026,1,McLaren,1884,171,1892,2
2026,1,Mercedes,2117,171,2184,0
2026,1,Racing Bulls,1582,171,1598,5
2026,1,Red Bull Racing,1721,171,1763,3
2026,1,Williams,1397,171,1352,8
2026,2,Alpine,1586,130,1752,3
2026,2,Aston Martin,1162,130,1179,9
2026,2,Audi,1476,130,1431,7
2026,2,Cadillac,1287,130,1307,8
2026,2,Ferrari,1989,130,2025,1
2026,2,Haas F1 Team,1765,130,1870,2
2026,2,McLaren,1627,130,1101,10
2026,2,Mercedes,2163,130,2215,0
2026,2,Racing Bulls,1627,130,1678,4
2026,2,Red Bull Racing,1670,130,1616,5
2026,2,Williams,1445,130,1496,6
