season,round,engine,rating_mu,rating_sig,perf_score,place
1950,1,Alfa Romeo,1800,171,1857,0
1950,1,Alta,1200,171,1143,4
1950,1,ERA,1500,171,1500,2
1950,1,Lago,1629,171,1654,1
1950,1,Maserati,1371,171,1346,3
1950,2,Alfa Romeo,1861,130,1931,0
1950,2,Climax,1181,171,1119,6
1950,2,ERA,1511,130,1523,3
1950,2,Ferrari,1722,171,1764,1
1950,2,Lago,1536,130,1433,4
1950,2,Maserati,1487,130,1616,2
1950,2,Simca,1309,171,1273,5
1950,3,Adams,1132,171,1060,14
1950,3,Deidt,1867,171,1939,1
1950,3,Ewing,1492,171,1491,8
1950,3,Kurtis Kraft,2003,171,2105,0
1950,3,Langley,1532,171,1538,7
1950,3,Lesovsky,1717,171,1758,3
1950,3,Marchese,1616,171,1638,5
1950,3,Maserati,1464,111,1432,9
1950,3,Moore,1782,171,1836,2
1950,3,Nichels,1663,171,1694,4
1950,3,Olson,1334,171,1303,11
1950,3,Rae,1381,171,1359,10
1950,3,Snowberger,1217,171,1162,13
1950,3,Stevens,1573,171,1587,6
1950,3,Watson,996,171,894,15
1950,3,Wetteroth,1281,171,1239,12
1950,4,Alfa Romeo,1884,111,1928,0
1950,4,Ferrari,1569,130,1410,3
1950,4,Lago,1589,111,1676,1
1950,4,Maserati,1480,100,1514,2
1950,5,Alfa Romeo,1896,100,1924,0
1950,5,Alta,1280,130,1359,3
1950,5,Ferrari,1561,111,1553,2
1950,5,Lago,1617,100,1677,1
1950,5,Maserati,1429,94,1271,4
1950,6,Alfa Romeo,1905,94,1932,0
1950,6,Ferrari,1600,100,1676,1
1950,6,Lago,1577,94,1466,3
1950,6,Maserati,1392,89,1282,4
1950,6,Simca,1413,130,1524,2
1950,7,Alfa Romeo,1916,89,1956,0
1950,7,ERA,1483,111,1429,4
1950,7,Ferrari,1635,94,1727,1
1950,7,Lago,1588,89,1618,2
1950,7,Maserati,1418,86,1496,3
1950,7,Milano,1212,171,1156,6
1950,7,Simca,1374,111,1314,5
1951,1,Alfa Romeo,1928,86,1971,0
1951,1,Ferrari,1661,89,1736,1
1951,1,HWM,1500,171,1500,3
1951,1,Lago,1551,86,1424,4
1951,1,Maserati,1452,84,1571,2
1951,1,Veritas,1248,171,1200,5
1951,2,Bromme,1465,171,1458,9
1951,2,Deidt,1825,130,1783,4
1951,2,Hall,1575,171,1589,7
1951,2,Kurtis Kraft,2077,130,2157,0
1951,2,Kuzma,1659,171,1690,5
1951,2,Lesovsky,1539,130,1352,11
1951,2,Marchese,1579,130,1538,8
1951,2,Maserati,1404,83,1213,12
1951,2,Moore,1815,130,1851,3
1951,2,Pawl,1617,171,1639,6
1951,2,Schroeder,1855,171,1924,2
1951,2,Sherman,1920,171,2003,1
1951,2,Trevis,1417,171,1401,10
1951,2,Watson,950,130,902,13
1951,3,Alfa Romeo,1934,84,1955,0
1951,3,Ferrari,1668,86,1690,1
1951,3,Lago,1538,84,1496,2
1951,4,Alfa Romeo,1940,83,1964,0
1951,4,Ferrari,1678,84,1712,1
1951,4,Lago,1542,83,1556,2
1951,4,Maserati,1375,82,1285,4
1951,4,Simca,1385,100,1408,3
1951,5,Alfa Romeo,1916,82,1819,1
1951,5,Alta,1292,111,1311,5
1951,5,BRM,1619,171,1641,2
1951,5,ERA,1501,100,1544,3
1951,5,Ferrari,1720,83,1906,0
1951,5,Lago,1525,82,1462,4
1951,5,Maserati,1339,81,1206,6
1951,6,Alfa Romeo,1891,81,1790,1
1951,6,Ferrari,1756,82,1892,0
1951,6,Lago,1506,81,1434,3
1951,6,Maserati,1319,81,1250,4
1951,6,Simca,1421,94,1522,2
1951,7,Alfa Romeo,1877,81,1823,1
1951,7,BRM,1475,130,1313,5
1951,7,Ferrari,1792,81,1928,0
1951,7,Lago,1506,81,1509,3
1951,7,OSCA,1414,171,1398,4
1951,7,Simca,1464,89,1606,2
1951,8,Alfa Romeo,1890,81,1942,0
1951,8,Ferrari,1786,81,1769,1
1951,8,Lago,1518,81,1561,2
1951,8,Maserati,1304,81,1253,4
1951,8,Simca,1455,86,1431,3
1952,1,AFM,1205,171,1148,7
1952,1,Climax,1350,130,1511,3
1952,1,Ferrari,1806,81,1876,0
1952,1,Frazer Nash,1616,171,1638,2
1952,1,Gordini,1685,171,1721,1
1952,1,HWM,1389,130,1257,6
1952,1,Maserati,1328,80,1417,4
1952,1,Simca,1432,84,1353,5
1952,1,Veritas,1149,130,1027,8
1952,2,Bromme,1445,130,1423,7
1952,2,Deidt,1694,111,1346,8
1952,2,Ferrari,1744,80,1129,9
1952,2,Kurtis Kraft,2061,111,2034,1
1952,2,Kuzma,1841,130,2117,0
1952,2,Lesovsky,1676,111,1849,2
1952,2,Sherman,1771,130,1644,5
1952,2,Stevens,1624,130,1683,4
1952,2,Trevis,1459,130,1506,6
1952,2,Watson,1096,111,1742,3
1952,3,Aston Butterworth,1340,171,1309,6
1952,3,Climax,1463,111,1612,2
1952,3,ERA,1434,94,1129,8
1952,3,Ferrari,1775,80,1872,0
1952,3,Frazer Nash,1449,130,1256,7
1952,3,Gordini,1713,130,1744,1
1952,3,HWM,1445,111,1533,3
1952,3,Simca,1438,83,1460,4
1952,3,Veritas,1220,111,1345,5
1952,4,Alta,1252,100,1158,6
1952,4,Climax,1403,100,1303,5
1952,4,Ferrari,1795,80,1860,0
1952,4,Gordini,1713,111,1713,1
1952,4,HWM,1454,100,1472,3
1952,4,Maserati,1337,80,1370,4
1952,4,Simca,1463,82,1557,2
1952,5,Alta,1312,94,1504,4
1952,5,Aston Butterworth,1222,130,1074,10
1952,5,Climax,1486,94,1712,1
1952,5,Connaught,1639,171,1665,2
1952,5,ERA,1376,89,1209,9
1952,5,Ferrari,1817,80,1897,0
1952,5,Frazer Nash,1373,111,1283,8
1952,5,Gordini,1687,100,1620,3
1952,5,HWM,1441,94,1405,6
1952,5,Maserati,1337,80,1335,7
1952,5,Simca,1463,81,1463,5
1952,6,AFM,1308,130,1410,3
1952,6,Aston Butterworth,1152,111,1037,7
1952,6,BMW,1304,171,1266,5
1952,6,Ferrari,1833,80,1888,0
1952,6,Gordini,1692,94,1707,1
1952,6,HWM,1420,89,1355,4
1952,6,Maserati,1308,80,1192,6
1952,6,Veritas,1301,100,1504,2
1952,7,Climax,1552,89,1724,1
1952,7,Connaught,1472,130,1283,7
1952,7,ERA,1366,86,1340,6
1952,7,Ferrari,1850,80,1915,0
1952,7,Frazer Nash,1385,100,1406,5
1952,7,Gordini,1685,89,1663,2
1952,7,HWM,1448,86,1545,3
1952,7,Maserati,1339,80,1463,4
1952,7,Simca,1416,81,1181,8
1952,8,Climax,1562,86,1588,2
1952,8,Connaught,1474,111,1476,3
1952,8,Ferrari,1862,80,1909,0
1952,8,Gordini,1636,86,1406,4
1952,8,Maserati,1393,80,1671,1
1952,8,OSCA,1326,130,1222,5
1953,1,Climax,1535,84,1454,3
1953,1,Ferrari,1871,80,1905,0
1953,1,Gordini,1622,84,1577,2
1953,1,Maserati,1444,80,1646,1
1953,1,Simca,1389,81,1296,4
1953,2,Bromme,1383,111,1252,7
1953,2,Del Roy,1094,171,1014,8
1953,2,Kurtis Kraft,2084,100,2140,0
1953,2,Kuzma,1839,111,1837,2
1953,2,Lesovsky,1633,100,1568,5
1953,2,Schroeder,1799,130,1744,3
1953,2,Stevens,1712,111,1914,1
1953,2,Turner,1609,171,1630,4
1953,2,Watson,1216,100,1323,6
1953,3,Climax,1486,83,1306,5
1953,3,Connaught,1451,100,1406,4
1953,3,Ferrari,1880,80,1915,0
1953,3,Gordini,1618,83,1604,2
1953,3,HWM,1457,84,1488,3
1953,3,Maserati,1493,80,1675,1
1953,4,Connaught,1439,94,1410,4
1953,4,Ferrari,1888,80,1918,0
1953,4,Gordini,1613,82,1595,2
1953,4,HWM,1463,83,1487,3
1953,4,Maserati,1533,80,1673,1
1953,4,Simca,1372,80,1317,5
1953,4,Veritas,1264,94,1182,6
1953,5,Climax,1493,82,1513,3
1953,5,Connaught,1437,89,1431,4
1953,5,Ferrari,1896,80,1928,0
1953,5,Gordini,1613,81,1613,2
1953,5,HWM,1440,82,1351,5
1953,5,Maserati,1569,80,1695,1
1953,5,OSCA,1281,111,1202,6
1953,6,Climax,1496,81,1505,3
1953,6,Connaught,1469,86,1581,2
1953,6,Ferrari,1904,80,1935,0
1953,6,Gordini,1566,81,1320,5
1953,6,HWM,1433,81,1408,4
1953,6,Maserati,1597,80,1701,1
1953,7,AFM,1231,111,1108,8
1953,7,BMW,1334,130,1366,5
1953,7,Climax,1521,81,1611,2
1953,7,Connaught,1466,84,1457,4
1953,7,EMW,1348,171,1319,6
1953,7,Ferrari,1914,80,1953,0
1953,7,Gordini,1512,81,1271,7
1953,7,Maserati,1624,80,1726,1
1953,7,Veritas,1324,89,1507,3
1953,8,Climax,1531,81,1567,2
1953,8,Ferrari,1920,80,1944,0
1953,8,Gordini,1474,80,1346,4
1953,8,HWM,1437,81,1450,3
1953,8,Maserati,1640,80,1699,1
1953,9,AFM,1267,100,1338,5
1953,9,Climax,1515,80,1457,4
1953,9,Connaught,1415,83,1166,7
1953,9,Ferrari,1896,80,1793,1
1953,9,Gordini,1503,80,1596,2
1953,9,HWM,1407,81,1285,6
1953,9,Maserati,1681,80,1873,0
1953,9,OSCA,1343,100,1499,3
1954,1,Ferrari,1867,80,1753,1
1954,1,Gordini,1493,80,1464,2
1954,1,Maserati,1716,80,1856,0
1954,2,Bromme,1346,100,1259,8
1954,2,Kurtis Kraft,2101,94,2152,0
1954,2,Kuzma,1879,100,1952,1
1954,2,Nichels,1613,130,1558,6
1954,2,Pankratz,1669,171,1701,4
1954,2,Pawl,1626,130,1636,5
1954,2,Phillips,1799,171,1857,2
1954,2,Schroeder,1691,111,1473,7
1954,2,Stevens,1735,100,1779,3
1954,3,Ferrari,1843,80,1748,1
1954,3,Gordini,1486,80,1461,2
1954,3,Maserati,1746,80,1863,0
1954,4,Ferrari,1841,80,1834,1
1954,4,Gordini,1484,80,1478,3
1954,4,HWM,1387,80,1312,4
1954,4,Maserati,1730,80,1674,2
1954,4,Mercedes,1891,171,1968,0
1954,5,Climax,1510,80,1490,4
1954,5,Connaught,1402,82,1363,5
1954,5,Ferrari,1868,80,1974,0
1954,5,Gordini,1504,80,1580,3
1954,5,Maserati,1748,80,1814,1
1954,5,Mercedes,1813,130,1740,2
1954,5,Vanwall,1249,171,1201,6
1954,6,Ferrari,1864,80,1850,1
1954,6,Gordini,1505,80,1508,3
1954,6,Klenk,1340,171,1310,4
1954,6,Maserati,1739,80,1706,2
1954,6,Mercedes,1874,111,1974,0
1954,7,Ferrari,1860,80,1846,1
1954,7,Gordini,1497,80,1467,3
1954,7,Maserati,1729,80,1692,2
1954,7,Mercedes,1909,100,1985,0
1954,8,Ferrari,1858,80,1850,1
1954,8,Gordini,1524,80,1634,2
1954,8,Maserati,1678,80,1384,4
1954,8,Mercedes,1933,94,2001,0
1954,8,Vanwall,1345,130,1443,3
1954,9,Ferrari,1884,80,1992,0
1954,9,Gordini,1527,80,1540,3
1954,9,Lancia,1431,171,1418,4
1954,9,Maserati,1708,80,1813,1
1954,9,Mercedes,1891,89,1748,2
1954,9,Vanwall,1312,111,1263,5
1955,1,Ferrari,1879,80,1858,1
1955,1,Gordini,1528,80,1528,3
1955,1,Lancia,1390,130,1344,4
1955,1,Maserati,1706,80,1699,2
1955,1,Mercedes,1916,86,1995,0
1955,2,Ferrari,1902,80,1994,0
1955,2,Gordini,1532,80,1551,3
1955,2,Lancia,1500,111,1796,1
1955,2,Maserati,1707,80,1712,2
1955,2,Mercedes,1850,84,1476,4
1955,2,Vanwall,1286,100,1229,5
1955,3,Epperly,1745,171,1791,3
1955,3,Kurtis Kraft,2117,89,2168,0
1955,3,Kuzma,1907,94,1975,1
1955,3,Pankratz,1512,130,1340,8
1955,3,Pawl,1609,111,1577,6
1955,3,Phillips,1774,130,1749,4
1955,3,Schroeder,1681,100,1665,5
1955,3,Stevens,1675,94,1499,7
1955,3,Trevis,1565,111,1838,2
1955,4,Ferrari,1891,80,1852,1
1955,4,Lancia,1495,100,1487,3
1955,4,Maserati,1702,80,1681,2
1955,4,Mercedes,1883,83,1974,0
1955,4,Vanwall,1276,94,1249,4
1955,5,Ferrari,1859,80,1727,2
1955,5,Gordini,1523,80,1484,3
1955,5,Maserati,1723,80,1807,1
1955,5,Mercedes,1908,82,1987,0
1955,6,Climax,1485,80,1385,5
1955,6,Connaught,1367,81,1236,6
1955,6,Ferrari,1836,80,1748,2
1955,6,Gordini,1534,80,1580,3
1955,6,Maserati,1744,80,1826,1
1955,6,Mercedes,1929,81,1999,0
1955,6,Vanwall,1314,89,1443,4
1955,7,Ferrari,1841,80,1857,1
1955,7,Gordini,1538,80,1551,3
1955,7,Maserati,1740,80,1724,2
1955,7,Mercedes,1947,81,2014,0
1955,7,Vanwall,1322,86,1346,4
1955,7,Volpini,1239,171,1189,5
1956,1,Ferrari,1852,80,1892,0
1956,1,Maserati,1729,80,1688,1
1956,2,BRM,1395,111,1286,4
1956,2,Ferrari,1834,80,1767,1
1956,2,Gordini,1544,80,1567,2
1956,2,Maserati,1758,80,1876,0
1956,2,Vanwall,1338,84,1393,3
1956,3,Kurtis Kraft,2093,86,2006,1
1956,3,Kuzma,1861,89,1721,3
1956,3,Lesovsky,1603,94,1540,4
1956,3,Phillips,1785,111,1804,2
1956,3,Stevens,1605,89,1349,5
1956,3,Watson,1367,94,2065,0
1956,4,Connaught,1346,81,1271,3
1956,4,Ferrari,1847,80,1896,0
1956,4,Maserati,1749,80,1715,1
1956,4,Vanwall,1355,83,1416,2
1956,5,Bugatti,1259,171,1213,4
1956,5,Ferrari,1863,80,1922,0
1956,5,Gordini,1549,80,1568,2
1956,5,Maserati,1749,80,1750,1
1956,5,Vanwall,1360,82,1376,3
1956,6,BRM,1351,100,1260,6
1956,6,Climax,1478,80,1451,4
1956,6,Connaught,1394,81,1604,2
1956,6,Emeryson,1171,171,1107,7
1956,6,Ferrari,1879,80,1940,0
1956,6,Gordini,1547,80,1542,3
1956,6,Maserati,1754,80,1774,1
1956,6,Vanwall,1357,81,1349,5
1956,7,Ferrari,1890,80,1932,0
1956,7,Gordini,1540,80,1510,2
1956,7,Maserati,1751,80,1738,1
1956,8,Connaught,1426,80,1531,2
1956,8,Ferrari,1869,80,1788,1
1956,8,Gordini,1521,80,1446,3
1956,8,Maserati,1779,80,1898,0
1956,8,Vanwall,1339,81,1266,4
1957,1,Ferrari,1846,80,1755,1
1957,1,Maserati,1803,80,1893,0
1957,2,BRM,1313,94,1210,5
1957,2,Climax,1453,80,1357,4
1957,2,Connaught,1454,80,1549,2
1957,2,Ferrari,1794,80,1506,3
1957,2,Maserati,1825,80,1910,0
1957,2,Vanwall,1389,81,1675,1
1957,3,Dunn,1455,171,1446,5
1957,3,Epperly,1896,130,2107,0
1957,3,Kurtis Kraft,2053,84,1889,2
1957,3,Kuzma,1887,86,1960,1
1957,3,Lesovsky,1596,89,1580,4
1957,3,Phillips,1768,100,1726,3
1957,3,Watson,1336,89,1294,6
1957,4,BRM,1290,89,1224,4
1957,4,Climax,1467,80,1515,2
1957,4,Ferrari,1783,80,1748,1
1957,4,Maserati,1842,80,1904,0
1957,4,Vanwall,1387,80,1379,3
1957,5,BRM,1272,86,1213,4
1957,5,Climax,1478,80,1519,2
1957,5,Ferrari,1775,80,1746,1
1957,5,Maserati,1787,80,1448,3
1957,5,Vanwall,1448,80,1836,0
1957,6,Climax,1451,80,1343,4
1957,6,Ferrari,1769,80,1747,1
1957,6,Maserati,1811,80,1889,0
1957,6,Porsche,1458,171,1450,3
1957,6,Vanwall,1472,80,1541,2
1957,7,Climax,1463,80,1510,2
1957,7,Ferrari,1717,80,1427,3
1957,7,Maserati,1795,80,1744,1
1957,7,Vanwall,1533,80,1823,0
1957,8,Ferrari,1679,80,1543,2
1957,8,Maserati,1778,80,1716,1
1957,8,Vanwall,1591,80,1802,0
1958,1,Climax,1512,80,1765,0
1958,1,Ferrari,1674,80,1656,1
1958,1,Maserati,1730,80,1514,2
1958,2,BRM,1323,84,1549,2
1958,2,Climax,1566,80,1807,0
1958,2,Ferrari,1682,80,1709,1
1958,2,Ford,1504,171,1504,3
1958,2,Maserati,1678,80,1456,4
1958,2,Vanwall,1526,80,1286,5
1958,3,BRM,1388,83,1672,1
1958,3,Climax,1577,80,1610,2
1958,3,Ferrari,1654,80,1550,3
1958,3,Ford,1477,130,1447,4
1958,3,Maserati,1621,80,1385,5
1958,3,Porsche,1349,130,1219,6
1958,3,Vanwall,1590,80,1802,0
1958,4,Dunn,1370,130,1272,6
1958,4,Epperly,1983,111,2107,0
1958,4,Kurtis Kraft,2042,83,2006,1
1958,4,Kuzma,1836,84,1645,4
1958,4,Lesovsky,1565,86,1466,5
1958,4,Phillips,1760,94,1737,3
1958,4,Watson,1438,86,1795,2
1958,5,BRM,1417,82,1494,3
1958,5,Climax,1527,80,1321,5
1958,5,Ferrari,1662,80,1691,1
1958,5,Ford,1514,111,1587,2
1958,5,Maserati,1581,80,1445,4
1958,5,Vanwall,1638,80,1789,0
1958,6,BRM,1415,81,1409,4
1958,6,Climax,1524,80,1513,3
1958,6,Ferrari,1691,80,1805,0
1958,6,Ford,1460,100,1311,5
1958,6,Maserati,1585,80,1598,2
1958,6,Vanwall,1651,80,1689,1
1958,7,BRM,1439,81,1521,3
1958,7,Climax,1558,80,1685,1
1958,7,Connaught,1415,80,1272,6
1958,7,Ferrari,1719,80,1823,0
1958,7,Ford,1437,94,1379,5
1958,7,Maserati,1561,80,1475,4
1958,7,Vanwall,1645,80,1625,2
1958,8,BRM,1423,81,1367,5
1958,8,Climax,1587,80,1689,1
1958,8,Ferrari,1700,80,1632,2
1958,8,Ford,1440,89,1449,4
1958,8,Maserati,1511,80,1268,6
1958,8,Porsche,1411,111,1512,3
1958,8,Vanwall,1680,80,1816,0
1958,9,BRM,1454,80,1577,2
1958,9,Climax,1572,80,1521,3
1958,9,Ferrari,1702,80,1709,1
1958,9,Ford,1408,86,1294,5
1958,9,Maserati,1491,80,1422,4
1958,9,Vanwall,1710,80,1820,0
1958,10,BRM,1421,80,1295,5
1958,10,Climax,1560,80,1516,3
1958,10,Ferrari,1704,80,1711,1
1958,10,Ford,1406,84,1400,4
1958,10,Maserati,1512,80,1585,2
1958,10,Vanwall,1735,80,1831,0
1958,11,BRM,1454,80,1575,2
1958,11,Climax,1532,80,1424,4
1958,11,Ferrari,1706,80,1716,1
1958,11,Ford,1380,83,1279,5
1958,11,Maserati,1510,80,1504,3
1958,11,Vanwall,1758,80,1844,0
1959,1,BRM,1452,80,1447,3
1959,1,Climax,1573,80,1746,0
1959,1,Ferrari,1697,80,1662,1
1959,1,Ford,1373,82,1348,4
1959,1,Maserati,1515,80,1535,2
1959,1,Porsche,1357,100,1239,5
1959,2,Christensen,1292,171,1252,9
1959,2,Dunn,1422,111,1511,6
1959,2,Elder,1465,171,1458,7
1959,2,Epperly,1964,100,1928,2
1959,2,Kurtis Kraft,2004,82,1852,3
1959,2,Kuzma,1813,83,1742,4
1959,2,Lesovsky,1630,84,1972,1
1959,2,Moore,1760,111,1655,5
1959,2,Phillips,1701,89,1416,8
1959,2,Sutton,1178,171,1116,10
1959,2,Watson,1561,84,2104,0
1959,3,Aston Martin,1196,171,1138,5
1959,3,BRM,1502,80,1738,0
1959,3,Climax,1586,80,1627,1
1959,3,Ferrari,1655,80,1447,3
1959,3,Ford,1397,81,1490,2
1959,3,Porsche,1337,94,1289,4
1959,4,BRM,1507,80,1526,2
1959,4,Climax,1596,80,1632,1
1959,4,Ferrari,1679,80,1764,0
1959,4,Ford,1375,81,1294,4
1959,4,Maserati,1499,80,1438,3
1959,5,Aston Martin,1388,130,1572,2
1959,5,BRM,1542,80,1677,1
1959,5,Borgward,1453,171,1444,4
1959,5,Climax,1637,80,1820,0
1959,5,Ford,1400,81,1494,3
1959,5,JBW,1306,171,1269,6
1959,5,Maserati,1476,80,1382,5
1959,5,Vanwall,1697,80,1197,7
1959,6,BRM,1543,80,1546,2
1959,6,Climax,1642,80,1659,1
1959,6,Ferrari,1702,80,1788,0
1959,6,Ford,1379,80,1301,4
1959,6,Maserati,1468,80,1439,3
1959,7,Aston Martin,1423,111,1459,3
1959,7,BRM,1548,80,1564,2
1959,7,Climax,1673,80,1792,0
1959,7,Ferrari,1698,80,1686,1
1959,7,Ford,1352,80,1249,5
1959,7,Maserati,1451,80,1385,4
1959,8,Aston Martin,1438,100,1464,3
1959,8,BRM,1552,80,1569,2
1959,8,Climax,1700,80,1804,0
1959,8,Ferrari,1697,80,1690,1
1959,8,Ford,1329,80,1241,5
1959,8,Maserati,1436,80,1380,4
1959,9,Borgward,1359,130,1248,8
1959,9,Climax,1746,80,1962,0
1959,9,Connaught,1364,80,1151,9
1959,9,Ferrari,1719,80,1807,1
1959,9,Ford,1381,80,1652,2
1959,9,Kurtis Kraft,1943,81,1549,4
1959,9,Maserati,1415,80,1328,7
1959,9,Mec,1397,171,1378,6
1959,9,OSCA,1365,94,1419,5
1959,9,Porsche,1389,89,1563,3
1960,1,BRM,1538,80,1486,3
1960,1,Climax,1768,80,1846,0
1960,1,Ferrari,1718,80,1712,1
1960,1,Ford,1419,80,1549,2
1960,1,Maserati,1405,80,1368,4
1960,1,Porsche,1353,86,1244,5
1960,2,BRM,1521,80,1455,3
1960,2,Climax,1758,80,1721,1
1960,2,Ferrari,1693,80,1598,2
1960,2,Ford,1482,80,1796,0
1960,2,Maserati,1383,80,1298,4
1960,3,Christensen,1307,130,1322,8
1960,3,Epperly,1964,94,1964,1
1960,3,Ewing,1369,130,1221,9
1960,3,Kurtis Kraft,1878,81,1590,6
1960,3,Kuzma,1756,82,1498,7
1960,3,Lesovsky,1660,83,1742,3
1960,3,Meskowski,1594,171,1611,5
1960,3,Phillips,1733,86,1831,2
1960,3,Trevis,1603,100,1664,4
1960,3,Watson,1675,83,2038,0
1960,4,Aston Martin,1405,94,1321,5
1960,4,BRM,1537,80,1598,2
1960,4,Climax,1780,80,1863,0
1960,4,Ferrari,1663,80,1542,3
1960,4,Ford,1529,80,1687,1
1960,4,Maserati,1389,80,1408,4
1960,4,Scarab,1214,171,1159,6
1960,5,BRM,1518,80,1443,3
1960,5,Climax,1796,80,1854,0
1960,5,Ferrari,1670,80,1692,1
1960,5,Ford,1536,80,1556,2
1960,5,Scarab,1195,130,1174,4
1960,6,BRM,1511,80,1488,4
1960,6,Castellotti,1419,171,1404,5
1960,6,Climax,1818,80,1906,0
1960,6,Ferrari,1653,80,1593,3
1960,6,Ford,1578,80,1741,1
1960,6,Maserati,1431,80,1636,2
1960,6,Scarab,1169,111,1118,7
1960,6,Vanwall,1628,80,1357,6
1960,7,Aston Martin,1417,89,1453,4
1960,7,BRM,1517,80,1540,3
1960,7,Castellotti,1308,130,1172,7
1960,7,Climax,1834,80,1892,0
1960,7,Ferrari,1650,80,1639,2
1960,7,Ford,1608,80,1715,1
1960,7,JBW,1338,130,1372,5
1960,7,Maserati,1405,80,1309,6
1960,8,BRM,1486,80,1355,4
1960,8,Climax,1846,80,1894,0
1960,8,Ferrari,1642,80,1610,2
1960,8,Ford,1629,80,1704,1
1960,8,Maserati,1416,80,1455,3
1960,9,Castellotti,1417,111,1621,1
1960,9,Climax,1794,80,1492,2
1960,9,Ferrari,1676,80,1822,0
1960,9,JBW,1323,111,1297,4
1960,9,Maserati,1374,80,1195,5
1960,9,Porsche,1386,84,1492,2
1960,10,BRM,1495,80,1525,2
1960,10,Castellotti,1366,100,1277,4
1960,10,Climax,1773,80,1705,1
1960,10,Ford,1663,80,1802,0
1960,10,Maserati,1353,80,1277,4
1960,10,Scarab,1223,100,1375,3
1961,1,BRM,1456,80,1285,4
1961,1,Climax,1756,80,1702,1
1961,1,Ferrari,1704,80,1814,0
1961,1,Maserati,1359,80,1382,3
1961,1,Porsche,1413,83,1500,2
1961,2,BRM,1463,80,1485,2
1961,2,Climax,1742,80,1692,1
1961,2,Ferrari,1728,80,1818,0
1961,2,Porsche,1394,82,1332,3
1961,3,BRM,1450,80,1406,3
1961,3,Climax,1708,80,1574,2
1961,3,Ferrari,1750,80,1831,0
1961,3,Maserati,1337,80,1254,4
1961,3,Porsche,1439,81,1623,1
1961,4,BRM,1455,80,1470,3
1961,4,Climax,1687,80,1608,2
1961,4,Emeryson,1185,130,1201,6
1961,4,Ferrari,1772,80,1854,0
1961,4,JBW,1268,100,1109,7
1961,4,Maserati,1344,80,1367,4
1961,4,Osca,1336,171,1305,5
1961,4,Porsche,1484,81,1663,1
1961,5,BRM,1461,80,1485,3
1961,5,Climax,1673,80,1621,2
1961,5,Emeryson,1151,111,1085,7
1961,5,Ferguson,1273,171,1230,6
1961,5,Ferrari,1793,80,1876,0
1961,5,Gilby,1334,171,1302,5
1961,5,Maserati,1350,80,1375,4
1961,5,Porsche,1527,81,1686,1
1961,6,BRM,1439,80,1353,4
1961,6,Climax,1680,80,1709,1
1961,6,Ferrari,1810,80,1874,0
1961,6,MBM,1227,171,1174,5
1961,6,Maserati,1368,80,1439,3
1961,6,Porsche,1538,80,1574,2
1961,7,Alfa Romeo,1834,80,1420,5
1961,7,BRM,1478,80,1652,2
1961,7,Climax,1663,80,1598,3
1961,7,Ferrari,1837,80,1951,0
1961,7,JBW,1264,94,1255,6
1961,7,Maserati,1386,80,1455,4
1961,7,Osca,1245,130,1136,7
1961,7,Porsche,1582,80,1773,1
1961,8,BRM,1463,80,1408,2
1961,8,Climax,1650,80,1598,1
1961,8,Porsche,1611,80,1716,0
1962,1,BRM,1518,80,1834,0
1962,1,Climax,1641,80,1609,2
1962,1,Emeryson,1170,100,1217,4
1962,1,Ferrari,1822,80,1764,1
1962,1,Lola,1146,171,1077,5
1962,1,Porsche,1584,80,1489,3
1962,2,Alfa Romeo,1764,80,1324,5
1962,2,BRM,1504,80,1458,4
1962,2,Climax,1651,80,1690,2
1962,2,Ferrari,1845,80,1937,0
1962,2,Lola,1464,130,1767,1
1962,2,Porsche,1584,80,1582,3
1962,3,BRM,1473,80,1366,4
1962,3,Climax,1626,80,1520,3
1962,3,Ferrari,1857,80,1902,0
1962,3,Lola,1601,111,1695,1
1962,3,Porsche,1589,80,1607,2
1962,4,BRM,1475,80,1482,3
1962,4,Climax,1620,80,1600,2
1962,4,Ford,1615,80,1400,4
1962,4,Lola,1633,100,1683,1
1962,4,Porsche,1627,80,1790,0
1962,5,BRM,1468,80,1440,4
1962,5,Climax,1649,80,1768,0
1962,5,Emeryson,1235,94,1499,3
1962,5,Ferrari,1800,80,1358,5
1962,5,Gilby,1241,130,1128,6
1962,5,Lola,1671,94,1768,0
1962,5,Porsche,1631,80,1647,2
1962,6,BRM,1464,80,1450,4
1962,6,Climax,1634,80,1580,3
1962,6,ENB,1364,171,1339,5
1962,6,Ferrari,1773,80,1692,2
1962,6,Gilby,1215,111,1171,6
1962,6,Lola,1719,89,1881,0
1962,6,Porsche,1656,80,1753,1
1962,7,BRM,1480,80,1544,3
1962,7,Borgward,1295,111,1183,6
1962,7,Climax,1647,80,1695,1
1962,7,Emeryson,1252,89,1293,5
1962,7,Ferrari,1801,80,1891,0
1962,7,Lola,1668,86,1491,4
1962,7,Porsche,1665,80,1695,1
1962,8,BRM,1512,80,1644,1
1962,8,Climax,1677,80,1797,0
1962,8,Lola,1616,84,1447,3
1962,8,Porsche,1646,80,1575,2
1962,9,Alfa Romeo,1692,80,1442,5
1962,9,BRM,1565,80,1849,0
1962,9,Climax,1693,80,1753,1
1962,9,Emeryson,1236,86,1191,6
1962,9,LDS,1571,171,1585,3
1962,9,Lola,1593,83,1529,4
1962,9,Porsche,1649,80,1661,2
1963,1,ATS,1534,171,1540,4
1963,1,BRM,1609,80,1772,1
1963,1,Climax,1696,80,1705,2
1963,1,De Tomaso,1431,171,1418,6
1963,1,Ferrari,1829,80,1931,0
1963,1,Lola,1598,82,1612,3
1963,1,Porsche,1601,80,1347,7
1963,1,Scirocco,1488,171,1485,5
1963,2,ATS,1461,130,1378,6
1963,2,BRM,1620,80,1653,2
1963,2,BRP,1255,171,1208,7
1963,2,Climax,1734,80,1910,0
1963,2,Ferrari,1783,80,1594,4
1963,2,Lola,1574,81,1490,5
1963,2,Porsche,1639,80,1780,1
1963,2,Scirocco,1565,130,1653,2
1963,3,ATS,1430,111,1375,6
1963,3,BRM,1624,80,1639,3
1963,3,BRP,1505,130,1774,1
1963,3,Climax,1733,80,1727,2
1963,3,Ferrari,1813,80,1913,0
1963,3,Lola,1555,81,1488,5
1963,3,Porsche,1623,80,1572,4
1963,3,Scirocco,1465,111,1257,7
1963,4,ATS,1407,100,1353,6
1963,4,BRM,1653,80,1762,1
1963,4,BRP,1555,111,1591,3
1963,4,Climax,1765,80,1897,0
1963,4,De Tomaso,1338,130,1228,7
1963,4,Ferrari,1763,80,1557,4
1963,4,Lola,1579,81,1667,2
1963,4,Scirocco,1457,100,1443,5
1963,5,ATS,1352,94,1158,9
1963,5,BRM,1680,80,1788,1
1963,5,BRP,1487,100,1377,7
1963,5,Climax,1743,80,1661,3
1963,5,De Tomaso,1310,111,1263,8
1963,5,Ferrari,1798,80,1913,0
1963,5,Gilby,1284,100,1479,5
1963,5,Lola,1605,80,1702,2
1963,5,Porsche,1614,80,1581,4
1963,5,Scirocco,1451,94,1437,6
1963,6,ATS,1330,89,1265,6
1963,6,BRM,1690,80,1723,1
1963,6,Climax,1719,80,1633,3
1963,6,Ferrari,1826,80,1919,0
1963,6,Lola,1572,80,1444,5
1963,6,Porsche,1637,80,1723,1
1963,6,Scirocco,1466,89,1508,4
1963,7,ATS,1376,86,1544,4
1963,7,BRM,1696,80,1720,2
1963,7,BRP,1571,94,1779,1
1963,7,Climax,1757,80,1912,0
1963,7,Ferrari,1771,80,1528,5
1963,7,Lola,1586,80,1635,3
1963,7,Maserati,1354,80,1219,8
1963,7,Porsche,1599,80,1443,6
1963,7,Scirocco,1438,86,1343,7
1963,8,ATS,1354,84,1287,6
1963,8,BRM,1698,80,1703,2
1963,8,Climax,1775,80,1835,0
1963,8,Ferrari,1787,80,1835,0
1963,8,Lola,1561,80,1468,5
1963,8,Porsche,1601,80,1608,3
1963,8,Stebro,1525,171,1529,4
1963,9,ATS,1404,83,1602,3
1963,9,BRM,1718,80,1798,1
1963,9,Climax,1806,80,1923,0
1963,9,Ferrari,1743,80,1579,4
1963,9,Ford,1560,80,1345,6
1963,9,Lola,1540,80,1461,5
1963,9,Porsche,1623,80,1703,2
1963,10,Alfa Romeo,1629,80,1434,7
1963,10,BRM,1693,80,1593,4
1963,10,Climax,1836,80,1952,0
1963,10,Ferrari,1765,80,1836,1
1963,10,Ford,1545,80,1500,6
1963,10,LDS,1626,130,1688,3
1963,10,Lola,1496,80,1301,8
1963,10,Maserati,1398,80,1593,4
1963,10,Porsche,1649,80,1747,2
1964,1,BRM,1731,80,1898,0
1964,1,BRP,1561,89,1540,3
1964,1,Climax,1829,80,1804,1
1964,1,Ferrari,1747,80,1686,2
1964,1,Scirocco,1422,84,1370,4
1964,2,BRM,1721,80,1687,2
1964,2,Climax,1825,80,1809,1
1964,2,Ferrari,1782,80,1913,0
1964,2,Porsche,1627,80,1546,3
1964,3,BRM,1713,80,1683,2
1964,3,BRP,1610,86,1758,1
1964,3,Climax,1846,80,1931,0
1964,3,Ferrari,1741,80,1583,3
1964,3,Scirocco,1409,83,1361,4
1964,4,BRM,1716,80,1727,1
1964,4,BRP,1586,84,1520,3
1964,4,Climax,1865,80,1935,0
1964,4,Ferrari,1737,80,1727,1
1964,5,BRM,1711,80,1694,2
1964,5,BRP,1583,83,1572,3
1964,5,Climax,1856,80,1823,1
1964,5,Ferrari,1775,80,1918,0
1964,5,Ford,1521,80,1440,4
1964,6,BRM,1725,80,1777,1
1964,6,Climax,1823,80,1687,2
1964,6,Ferrari,1807,80,1926,0
1964,6,Honda,1412,171,1395,3
1964,7,BRM,1716,80,1682,2
1964,7,BRP,1621,82,1763,1
1964,7,Climax,1777,80,1568,3
1964,7,Ferrari,1834,80,1932,0
1964,8,BRM,1694,80,1609,3
1964,8,BRP,1657,81,1787,1
1964,8,Climax,1764,80,1719,2
1964,8,Derrington,1463,171,1456,4
1964,8,Ferrari,1859,80,1950,0
1964,8,Honda,1363,130,1307,5
1964,9,BRM,1714,80,1788,1
1964,9,BRP,1662,81,1680,2
1964,9,Climax,1729,80,1592,3
1964,9,Ferrari,1878,80,1949,0
1964,9,Honda,1349,111,1324,4
1964,10,BRM,1708,80,1685,2
1964,10,BRP,1638,81,1550,3
1964,10,Climax,1743,80,1792,1
1964,10,Ferrari,1895,80,1956,0
1965,1,Alfa Romeo,1602,80,1530,4
1965,1,BRM,1710,80,1719,2
1965,1,Climax,1760,80,1819,1
1965,1,Ferrari,1912,80,1979,0
1965,1,Ford,1539,80,1600,3
1965,1,Maserati,1375,80,1298,6
1965,1,RE,1426,171,1412,5
1965,2,BRM,1723,80,1774,1
1965,2,Climax,1738,80,1656,2
1965,2,Ferrari,1925,80,1972,0
1965,2,Honda,1344,100,1330,3
1965,3,BRM,1708,80,1650,2
1965,3,Climax,1774,80,1925,0
1965,3,Ferrari,1869,80,1484,3
1965,3,Honda,1411,94,1723,1
1965,4,BRM,1695,80,1645,2
1965,4,Climax,1777,80,1786,1
1965,4,Ferrari,1888,80,1947,0
1965,4,Honda,1403,89,1383,3
1965,5,BRM,1684,80,1640,2
1965,5,Climax,1780,80,1789,1
1965,5,Ferrari,1904,80,1958,0
1965,5,Honda,1396,86,1376,3
1965,6,BRM,1645,80,1466,3
1965,6,Climax,1783,80,1796,0
1965,6,Ferrari,1861,80,1686,2
1965,6,Honda,1458,84,1796,0
1965,7,BRM,1632,80,1586,2
1965,7,Climax,1809,80,1911,0
1965,7,Ferrari,1844,80,1791,1
1965,8,BRM,1628,80,1614,2
1965,8,Climax,1804,80,1785,1
1965,8,Ferrari,1864,80,1932,0
1965,8,Honda,1446,83,1411,3
1965,9,BRM,1596,80,1460,3
1965,9,Climax,1800,80,1786,1
1965,9,Ferrari,1881,80,1942,0
1965,9,Honda,1473,82,1562,2
1965,10,BRM,1597,80,1600,2
1965,10,Climax,1797,80,1784,1
1965,10,Ferrari,1825,80,1498,3
1965,10,Honda,1537,81,1878,0
1966,1,BRM,1607,171,1618,2
1966,1,Climax,1524,171,1500,3
1966,1,Ferrari,1926,171,1977,0
1966,1,Ford,1203,171,1141,5
1966,1,Maserati,1697,171,1746,1
1966,1,Repco,1362,171,1336,4
1966,2,BRM,1570,130,1529,3
1966,2,Climax,1460,130,1386,4
1966,2,Ferrari,1964,130,2007,0
1966,2,Maserati,1738,130,1784,1
1966,2,Repco,1477,130,1603,2
1966,2,Serenissima,1235,171,1184,5
1966,3,BRM,1501,111,1359,4
1966,3,Climax,1465,111,1472,3
1966,3,Ferrari,1921,111,1837,1
1966,3,Maserati,1707,111,1649,2
1966,3,Repco,1612,111,1907,0
1966,4,BRM,1515,100,1546,3
1966,4,Climax,1458,100,1441,4
1966,4,Ferrari,1824,100,1361,5
1966,4,Maserati,1728,100,1780,1
1966,4,Repco,1719,100,1912,0
1966,4,Serenissima,1428,130,1623,2
1966,4,Shannon,1178,171,1115,6
1966,5,BRM,1568,94,1736,1
1966,5,Climax,1435,94,1366,4
1966,5,Ferrari,1775,94,1686,2
1966,5,Maserati,1687,94,1559,3
1966,5,Repco,1779,94,1899,0
1966,6,BRM,1559,89,1533,3
1966,6,Climax,1419,89,1364,4
1966,6,Ferrari,1746,89,1678,2
1966,6,Maserati,1706,89,1762,1
1966,6,Repco,1815,89,1905,0
1966,7,BRM,1564,86,1579,3
1966,7,Climax,1425,86,1446,4
1966,7,Ferrari,1791,86,1925,0
1966,7,Honda,1367,171,1338,5
1966,7,Maserati,1704,86,1699,2
1966,7,Repco,1815,86,1816,1
1966,7,Weslake,1247,171,1198,6
1966,8,BRM,1604,84,1764,1
1966,8,Climax,1416,84,1385,5
1966,8,Ferrari,1715,84,1305,6
1966,8,Ford,1434,130,1653,2
1966,8,Honda,1466,130,1574,3
1966,8,Maserati,1744,84,1908,0
1966,8,Repco,1761,84,1544,4
1966,8,Weslake,1170,130,1080,7
1966,9,BRM,1562,83,1403,4
1966,9,Climax,1434,83,1505,3
1966,9,Ford,1417,111,1403,4
1966,9,Honda,1520,111,1605,2
1966,9,Maserati,1772,83,1870,0
1966,9,Repco,1758,83,1750,1
1966,9,Weslake,1147,111,1106,6
1967,1,BRM,1521,82,1372,4
1967,1,Climax,1442,82,1470,3
1967,1,Honda,1574,100,1702,1
1967,1,Maserati,1795,82,1876,0
1967,1,Repco,1731,82,1642,2
1967,2,BRM,1555,81,1672,2
1967,2,Climax,1452,81,1492,4
1967,2,Ferrari,1737,83,1789,1
1967,2,Honda,1532,94,1421,5
1967,2,Maserati,1761,81,1631,3
1967,2,Matra,1134,171,1063,7
1967,2,Repco,1769,81,1908,0
1967,2,Weslake,1162,100,1196,6
1967,3,BRM,1529,81,1442,5
1967,3,Climax,1478,81,1587,3
1967,3,Ferrari,1729,82,1709,2
1967,3,Ford,1541,100,1884,0
1967,3,Honda,1484,89,1339,6
1967,3,Maserati,1719,81,1551,4
1967,3,Repco,1777,81,1802,1
1967,3,Weslake,1149,94,1111,7
1967,4,BRM,1575,81,1758,1
1967,4,Climax,1470,81,1441,5
1967,4,Ferrari,1723,81,1702,2
1967,4,Ford,1536,94,1527,4
1967,4,Honda,1424,86,1198,7
1967,4,Maserati,1697,81,1625,3
1967,4,Repco,1718,81,1373,6
1967,4,Weslake,1217,89,1867,0
1967,5,BRM,1612,80,1738,1
1967,5,Climax,1430,80,1244,6
1967,5,Ferrari,1696,81,1600,3
1967,5,Ford,1494,89,1394,5
1967,5,Maserati,1692,80,1674,2
1967,5,Repco,1755,80,1873,0
1967,5,Weslake,1275,86,1440,4
1967,6,ATS,1152,171,1094,8
1967,6,BRM,1579,80,1470,5
1967,6,Climax,1416,80,1366,6
1967,6,Ferrari,1695,81,1693,2
1967,6,Ford,1569,86,1865,0
1967,6,Honda,1448,84,1515,4
1967,6,Maserati,1677,80,1621,3
1967,6,Repco,1762,80,1785,1
1967,6,Weslake,1265,84,1238,7
1967,7,BRM,1555,80,1472,5
1967,7,Ferrari,1714,80,1783,1
1967,7,Ford,1576,84,1591,3
1967,7,Honda,1496,83,1672,2
1967,7,Lola,1400,171,1381,6
1967,7,Maserati,1659,80,1591,3
1967,7,Matra,1132,130,1130,8
1967,7,Protos,1084,171,1002,9
1967,7,Repco,1793,80,1909,0
1967,7,Weslake,1268,83,1277,7
1967,8,BRM,1541,80,1493,4
1967,8,Climax,1381,80,1242,6
1967,8,Ferrari,1690,80,1600,3
1967,8,Ford,1597,83,1658,2
1967,8,Maserati,1616,80,1409,5
1967,8,Repco,1816,80,1900,0
1967,8,Weslake,1333,82,1726,1
1967,9,BRM,1515,80,1418,5
1967,9,Ferrari,1657,80,1525,4
1967,9,Ford,1613,82,1663,2
1967,9,Honda,1560,82,1857,0
1967,9,Maserati,1610,80,1591,3
1967,9,Repco,1810,80,1787,1
1967,9,Weslake,1312,81,1253,6
1967,10,BRM,1494,80,1415,5
1967,10,Ferrari,1629,80,1523,4
1967,10,Ford,1630,81,1690,1
1967,10,Honda,1566,81,1583,3
1967,10,Maserati,1627,80,1690,1
1967,10,Repco,1829,80,1902,0
1967,10,Weslake,1295,81,1243,6
1967,11,BRM,1478,80,1422,5
1967,11,Climax,1360,80,1283,6
1967,11,Ferrari,1607,80,1525,4
1967,11,Ford,1644,81,1691,1
1967,11,Honda,1595,81,1691,1
1967,11,Maserati,1621,80,1598,3
1967,11,Repco,1847,80,1913,0
1968,1,BRM,1441,80,1274,7
1968,1,Climax,1361,80,1364,6
1968,1,Ferrari,1624,80,1686,2
1968,1,Ford,1670,81,1775,1
1968,1,Honda,1584,81,1547,4
1968,1,LDS,1321,171,1274,7
1968,1,Maserati,1620,80,1618,3
1968,1,Repco,1865,80,1938,0
1968,1,Weslake,1326,81,1435,5
1968,2,BRM,1489,80,1707,1
1968,2,Ferrari,1605,80,1532,3
1968,2,Ford,1709,80,1874,0
1968,2,Honda,1593,80,1623,2
1968,2,Repco,1809,80,1427,4
1968,3,BRM,1549,80,1824,0
1968,3,Ford,1689,80,1618,2
1968,3,Honda,1615,80,1701,1
1968,3,Matra,1222,111,1410,3
1968,3,Repco,1735,80,1209,5
1968,3,Weslake,1324,80,1315,4
1968,4,BRM,1548,80,1546,3
1968,4,Ferrari,1647,80,1835,0
1968,4,Ford,1699,80,1736,1
1968,4,Honda,1584,80,1459,4
1968,4,Matra,1330,100,1602,2
1968,4,Repco,1650,80,1313,5
1968,5,BRM,1526,80,1453,4
1968,5,Ferrari,1664,80,1722,1
1968,5,Ford,1672,80,1567,3
1968,5,Honda,1537,80,1331,5
1968,5,Matra,1444,94,1809,0
1968,5,Repco,1647,80,1639,2
1968,6,BRM,1546,80,1612,2
1968,6,Ferrari,1697,80,1825,0
1968,6,Ford,1648,80,1558,3
1968,6,Honda,1572,80,1696,1
1968,6,Matra,1442,89,1438,4
1968,6,Repco,1585,80,1359,5
1968,7,BRM,1530,80,1477,4
1968,7,Ferrari,1726,80,1832,0
1968,7,Ford,1662,80,1714,1
1968,7,Honda,1584,80,1624,2
1968,7,Matra,1423,86,1376,5
1968,7,Repco,1577,80,1555,3
1968,7,Weslake,1304,80,1233,6
1968,8,BRM,1514,80,1456,5
1968,8,Ferrari,1714,80,1672,2
1968,8,Ford,1679,80,1741,1
1968,8,Honda,1526,80,1216,8
1968,8,Lola,1449,130,1504,4
1968,8,Matra,1396,84,1318,7
1968,8,McLaren,1401,171,1382,6
1968,8,Repco,1631,80,1840,0
1968,8,Weslake,1350,80,1554,3
1968,9,BRM,1498,80,1441,4
1968,9,Ferrari,1741,80,1844,0
1968,9,Ford,1689,80,1725,1
1968,9,Honda,1505,80,1441,4
1968,9,Matra,1442,83,1604,2
1968,9,Repco,1613,80,1560,3
1968,9,Weslake,1324,80,1236,6
1968,10,BRM,1504,80,1526,3
1968,10,Ferrari,1721,80,1647,2
1968,10,Ford,1719,80,1841,0
1968,10,Honda,1466,80,1329,5
1968,10,Matra,1494,82,1691,1
1968,10,Repco,1578,80,1459,4
1968,11,BRM,1509,80,1528,3
1968,11,Ferrari,1671,80,1425,5
1968,11,Ford,1746,80,1851,0
1968,11,Honda,1515,80,1699,1
1968,11,Matra,1446,81,1287,6
1968,11,McLaren,1506,130,1623,2
1968,11,Repco,1567,80,1528,3
1968,12,BRM,1528,80,1602,2
1968,12,Ferrari,1613,80,1349,5
1968,12,Ford,1767,80,1849,0
1968,12,Honda,1555,80,1690,1
1968,12,Matra,1463,81,1513,3
1968,12,Repco,1542,80,1450,4
1969,1,BRM,1552,80,1646,1
1969,1,Ferrari,1571,80,1432,3
1969,1,Ford,1782,80,1835,0
1969,1,Repco,1541,80,1540,2
1969,2,BRM,1564,80,1608,1
1969,2,Ferrari,1547,80,1470,2
1969,2,Ford,1791,80,1827,0
1969,3,BRM,1538,80,1434,3
1969,3,Ferrari,1549,80,1555,2
1969,3,Ford,1805,80,1856,0
1969,3,Maserati,1632,80,1679,1
1969,4,BRM,1519,80,1451,2
1969,4,Ferrari,1582,80,1707,0
1969,4,Ford,1785,80,1707,0
1969,5,Ferrari,1575,80,1552,1
1969,5,Ford,1791,80,1814,0
1969,6,BRM,1504,80,1446,2
1969,6,Ferrari,1582,80,1609,1
1969,6,Ford,1799,80,1831,0
1969,7,BRM,1500,80,1488,1
1969,7,Ford,1803,80,1815,0
1969,8,BRM,1487,80,1436,2
1969,8,Ferrari,1589,80,1611,1
1969,8,Ford,1810,80,1840,0
1969,9,BRM,1510,80,1601,1
1969,9,Climax,1348,80,1298,3
1969,9,Ferrari,1570,80,1500,2
1969,9,Ford,1818,80,1849,0
1969,10,BRM,1554,80,1761,0
1969,10,Ferrari,1578,80,1608,1
1969,10,Ford,1771,80,1507,2
1969,11,BRM,1566,80,1609,1
1969,11,Ferrari,1557,80,1474,2
1969,11,Ford,1782,80,1821,0
1970,1,BRM,1540,80,1444,4
1970,1,Climax,1404,80,1797,0
1970,1,De Tomaso,1163,171,1116,6
1970,1,Ferrari,1517,80,1335,5
1970,1,Ford,1758,80,1668,2
1970,1,March,1690,171,1727,1
1970,1,Matra,1476,81,1516,3
1970,2,BRM,1518,80,1438,4
1970,2,Climax,1446,80,1585,2
1970,2,De Tomaso,1132,130,1098,6
1970,2,Ferrari,1480,80,1335,5
1970,2,Ford,1755,80,1746,1
1970,2,March,1772,130,1869,0
1970,2,Matra,1484,80,1510,3
1970,3,BRM,1517,80,1511,3
1970,3,Climax,1511,80,1821,0
1970,3,De Tomaso,1177,111,1263,5
1970,3,Ferrari,1430,80,1197,6
1970,3,Ford,1752,80,1739,1
1970,3,March,1669,111,1453,4
1970,3,Matra,1506,80,1589,2
1970,4,BRM,1565,80,1803,0
1970,4,Climax,1491,80,1437,4
1970,4,De Tomaso,1161,100,1124,6
1970,4,Ferrari,1448,80,1504,3
1970,4,Ford,1698,80,1363,5
1970,4,March,1685,100,1711,1
1970,4,Matra,1525,80,1595,2
1970,5,BRM,1539,80,1453,4
1970,5,Climax,1457,80,1346,5
1970,5,De Tomaso,1150,94,1117,6
1970,5,Ferrari,1493,80,1678,1
1970,5,Ford,1682,80,1630,2
1970,5,March,1726,94,1830,0
1970,5,Matra,1525,80,1526,3
1970,6,Alfa Romeo,1264,171,1209,6
1970,6,BRM,1523,80,1469,4
1970,6,Climax,1492,80,1609,2
1970,6,Ferrari,1465,80,1370,5
1970,6,Ford,1693,80,1729,1
1970,6,March,1760,89,1859,0
1970,6,Matra,1529,80,1543,3
1970,7,Alfa Romeo,1210,130,1150,7
1970,7,BRM,1513,80,1478,4
1970,7,Climax,1543,80,1748,0
1970,7,Ferrari,1498,80,1617,2
1970,7,Ford,1705,80,1748,0
1970,7,March,1718,86,1581,3
1970,7,Matra,1495,80,1347,6
1970,7,Surtees,1418,171,1403,5
1970,8,BRM,1473,80,1296,6
1970,8,Climax,1562,80,1621,2
1970,8,Ferrari,1546,80,1741,0
1970,8,Ford,1713,80,1741,0
1970,8,March,1669,84,1497,4
1970,8,Matra,1505,80,1542,3
1970,8,Surtees,1400,130,1380,5
1970,9,Alfa Romeo,1277,111,1408,5
1970,9,BRM,1506,80,1629,2
1970,9,Bellasi,1074,171,989,9
1970,9,Climax,1595,80,1718,1
1970,9,De Tomaso,1143,89,1123,8
1970,9,Ferrari,1599,80,1828,0
1970,9,Ford,1662,80,1389,6
1970,9,March,1634,83,1522,4
1970,9,Matra,1518,80,1566,3
1970,9,Surtees,1358,111,1272,7
1970,10,Alfa Romeo,1337,100,1472,4
1970,10,BRM,1489,80,1431,5
1970,10,Climax,1589,80,1570,3
1970,10,De Tomaso,1154,86,1192,7
1970,10,Ferrari,1645,80,1814,0
1970,10,Ford,1606,80,1367,6
1970,10,March,1654,82,1715,1
1970,10,Matra,1540,80,1625,2
1970,10,Surtees,1294,100,1105,8
1970,11,Alfa Romeo,1319,94,1277,7
1970,11,BRM,1520,80,1635,2
1970,11,Climax,1532,80,1201,8
1970,11,De Tomaso,1189,84,1332,6
1970,11,Ferrari,1686,80,1836,0
1970,11,Ford,1571,80,1463,5
1970,11,March,1671,81,1731,1
1970,11,Matra,1535,80,1519,4
1970,11,Surtees,1359,94,1558,3
1970,11,Tyrrell,1090,171,1009,9
1970,12,BRM,1571,80,1808,0
1970,12,Climax,1487,80,1339,6
1970,12,De Tomaso,1160,83,1054,8
1970,12,Ferrari,1682,80,1668,1
1970,12,Ford,1595,80,1668,1
1970,12,March,1650,81,1576,3
1970,12,Matra,1513,80,1423,5
1970,12,Surtees,1390,89,1470,4
1970,12,Tyrrell,1127,130,1163,7
1970,13,BRM,1568,80,1561,3
1970,13,Climax,1447,80,1316,6
1970,13,Ferrari,1713,80,1829,0
1970,13,Ford,1572,80,1497,4
1970,13,March,1665,81,1716,1
1970,13,Matra,1535,80,1620,2
1970,13,Surtees,1390,86,1393,5
1970,13,Tyrrell,1109,111,1078,7
1971,1,Alfa Romeo,1297,89,1235,7
1971,1,BRM,1507,80,1126,8
1971,1,Brabham,1347,171,1318,6
1971,1,Ferrari,1738,80,1834,0
1971,1,Ford,1543,80,1440,4
1971,1,Matra,1551,80,1610,2
1971,1,McLaren,1519,111,1540,3
1971,1,Surtees,1402,84,1440,4
1971,1,Tyrrell,1204,100,1672,1
1971,2,Alfa Romeo,1256,86,1110,8
1971,2,BRM,1512,80,1526,3
1971,2,Brabham,1365,130,1385,5
1971,2,Ferrari,1733,80,1716,1
1971,2,Ford,1494,80,1258,7
1971,2,Matra,1561,80,1600,2
1971,2,McLaren,1502,100,1464,4
1971,2,Surtees,1385,83,1327,6
1971,2,Tyrrell,1342,94,1781,0
1971,3,BRM,1484,80,1389,5
1971,3,Brabham,1340,111,1291,6
1971,3,Ferrari,1727,80,1706,1
1971,3,Ford,1515,80,1583,2
1971,3,Matra,1509,80,1211,7
1971,3,McLaren,1506,94,1518,3
1971,3,Surtees,1397,82,1439,4
1971,3,Tyrrell,1490,89,1772,0
1971,4,BRM,1524,80,1677,1
1971,4,Brabham,1374,100,1463,4
1971,4,Ferrari,1749,80,1835,0
1971,4,Ford,1478,80,1343,6
1971,4,Matra,1516,80,1539,3
1971,4,McLaren,1470,89,1343,6
1971,4,Pratt &amp; Whitney,1168,171,1104,8
1971,4,Surtees,1434,81,1591,2
1971,4,Tyrrell,1463,86,1421,5
1971,5,Alfa Romeo,1254,84,1249,7
1971,5,BRM,1558,80,1674,1
1971,5,Brabham,1365,94,1341,6
1971,5,Ferrari,1690,80,1184,8
1971,5,Ford,1482,80,1492,3
1971,5,Matra,1534,80,1595,2
1971,5,McLaren,1456,86,1413,5
1971,5,Surtees,1447,81,1492,3
1971,5,Tyrrell,1543,84,1783,0
1971,6,Alfa Romeo,1262,83,1291,7
1971,6,BRM,1543,80,1496,4
1971,6,Brabham,1378,89,1419,5
1971,6,Ferrari,1615,80,1127,9
1971,6,Ford,1520,80,1675,1
1971,6,Matra,1537,80,1549,3
1971,6,McLaren,1413,84,1238,8
1971,6,Pratt &amp; Whitney,1261,130,1350,6
1971,6,Surtees,1478,81,1599,2
1971,6,Tyrrell,1606,83,1788,0
1971,7,Alfa Romeo,1279,82,1340,6
1971,7,BRM,1520,80,1438,5
1971,7,Brabham,1421,86,1594,2
1971,7,Ferrari,1636,80,1689,1
1971,7,Ford,1527,80,1548,3
1971,7,Matra,1494,80,1300,7
1971,7,McLaren,1367,83,1178,8
1971,7,Surtees,1480,80,1488,4
1971,7,Tyrrell,1652,82,1790,0
1971,8,Alfa Romeo,1296,81,1358,5
1971,8,BRM,1567,80,1773,0
1971,8,Brabham,1468,84,1656,1
1971,8,Ferrari,1563,80,1208,7
1971,8,Ford,1541,80,1590,2
1971,8,McLaren,1384,82,1439,4
1971,8,Surtees,1488,80,1518,3
1971,8,Tyrrell,1585,81,1322,6
1971,9,Alfa Romeo,1287,81,1255,8
1971,9,BRM,1612,80,1780,0
1971,9,Bellasi,1028,130,978,10
1971,9,Brabham,1439,83,1343,7
1971,9,Ferrari,1482,80,1193,9
1971,9,Ford,1569,80,1678,1
1971,9,Matra,1495,80,1500,4
1971,9,McLaren,1397,81,1438,5
1971,9,Pratt &amp; Whitney,1307,111,1377,6
1971,9,Surtees,1501,80,1550,3
1971,9,Tyrrell,1594,81,1616,2
1971,10,BRM,1584,80,1494,4
1971,10,Brabham,1397,82,1240,7
1971,10,Ferrari,1499,80,1536,3
1971,10,Ford,1577,80,1606,2
1971,10,Matra,1479,80,1421,5
1971,10,McLaren,1444,81,1660,1
1971,10,Surtees,1472,80,1351,6
1971,10,Tyrrell,1637,81,1783,0
1971,11,Alfa Romeo,1300,81,1347,6
1971,11,BRM,1607,80,1683,1
1971,11,Brabham,1428,81,1533,3
1971,11,Ferrari,1525,80,1602,2
1971,11,Ford,1530,80,1308,7
1971,11,Matra,1481,80,1487,4
1971,11,McLaren,1440,81,1428,5
1971,11,Surtees,1424,80,1194,8
1971,11,Tyrrell,1672,80,1794,0
1972,1,BRM,1568,80,1424,6
1972,1,Brabham,1436,81,1463,5
1972,1,Ferrari,1553,80,1642,2
1972,1,Ford,1491,80,1348,7
1972,1,March,1639,80,1543,4
1972,1,Matra,1438,80,1242,8
1972,1,McLaren,1489,80,1706,1
1972,1,Surtees,1457,80,1573,3
1972,1,Tyrrell,1707,80,1836,0
1972,2,BRM,1536,80,1422,6
1972,2,Brabham,1455,81,1518,4
1972,2,Ferrari,1574,80,1644,2
1972,2,Ford,1537,80,1709,1
1972,2,March,1630,80,1595,3
1972,2,Matra,1416,80,1339,7
1972,2,McLaren,1547,80,1813,0
1972,2,Surtees,1412,80,1242,8
1972,2,Tyrrell,1663,80,1490,5
1972,3,BRM,1485,80,1250,8
1972,3,Brabham,1458,80,1468,5
1972,3,Ferrari,1603,80,1714,1
1972,3,Ford,1591,80,1811,0
1972,3,March,1611,80,1541,4
1972,3,Matra,1399,80,1336,7
1972,3,McLaren,1556,80,1585,3
1972,3,Surtees,1459,80,1630,2
1972,3,Tyrrell,1613,80,1430,6
1972,4,BRM,1544,80,1804,0
1972,4,Brabham,1434,80,1345,7
1972,4,Ferrari,1627,80,1716,1
1972,4,Ford,1605,80,1647,2
1972,4,March,1559,80,1258,8
1972,4,Matra,1413,80,1464,5
1972,4,McLaren,1551,80,1534,4
1972,4,Surtees,1448,80,1414,6
1972,4,Tyrrell,1608,80,1593,3
1972,5,BRM,1518,80,1443,6
1972,5,Brabham,1420,80,1369,7
1972,5,Ferrari,1574,80,1306,8
1972,5,Ford,1649,80,1831,0
1972,5,March,1557,80,1548,4
1972,5,Matra,1428,80,1482,5
1972,5,McLaren,1574,80,1654,2
1972,5,Surtees,1479,80,1589,3
1972,5,Tecno,1193,171,1133,9
1972,5,Tyrrell,1636,80,1729,1
1972,6,BRM,1466,80,1257,8
1972,6,Brabham,1419,80,1414,6
1972,6,Ferrari,1527,80,1363,7
1972,6,Ford,1668,80,1729,1
1972,6,March,1565,80,1592,3
1972,6,Matra,1467,80,1637,2
1972,6,McLaren,1555,80,1489,5
1972,6,Surtees,1491,80,1531,4
1972,6,Tyrrell,1675,80,1827,0
1972,7,BRM,1447,80,1386,7
1972,7,Brabham,1423,80,1437,6
1972,7,Ferrari,1533,80,1550,4
1972,7,Ford,1705,80,1851,0
1972,7,March,1552,80,1504,5
1972,7,Matra,1494,80,1596,3
1972,7,McLaren,1578,80,1662,2
1972,7,Politoys,1126,171,1053,10
1972,7,Surtees,1456,80,1320,8
1972,7,Tecno,1184,130,1174,9
1972,7,Tyrrell,1692,80,1747,1
1972,8,BRM,1489,80,1647,2
1972,8,Brabham,1444,80,1530,4
1972,8,Ferrari,1587,80,1831,0
1972,8,Ford,1644,80,1299,8
1972,8,March,1586,80,1728,1
1972,8,Matra,1467,80,1367,7
1972,8,McLaren,1583,80,1601,3
1972,8,Surtees,1449,80,1425,6
1972,8,Tecno,1156,111,1101,9
1972,8,Tyrrell,1653,80,1503,5
1972,9,BRM,1504,80,1553,4
1972,9,Brabham,1420,80,1323,8
1972,9,Connew,1272,171,1229,9
1972,9,Ferrari,1518,80,1160,10
1972,9,Ford,1691,80,1848,0
1972,9,March,1559,80,1461,6
1972,9,Matra,1496,80,1602,3
1972,9,McLaren,1613,80,1738,1
1972,9,Surtees,1489,80,1658,2
1972,9,Tecno,1209,100,1358,7
1972,9,Tyrrell,1623,80,1519,5
1972,10,BRM,1514,80,1544,4
1972,10,Brabham,1453,80,1588,3
1972,10,Ferrari,1512,80,1495,5
1972,10,Ford,1727,80,1846,0
1972,10,March,1535,80,1445,6
1972,10,Matra,1470,80,1378,7
1972,10,McLaren,1624,80,1664,2
1972,10,Surtees,1534,80,1720,1
1972,10,Tecno,1187,94,1128,9
1972,10,Tyrrell,1569,80,1310,8
1972,11,BRM,1483,80,1368,7
1972,11,Brabham,1491,80,1648,2
1972,11,Ferrari,1532,80,1595,3
1972,11,Ford,1659,80,1282,8
1972,11,March,1514,80,1437,6
1972,11,Matra,1485,80,1538,4
1972,11,McLaren,1647,80,1735,1
1972,11,Surtees,1525,80,1493,5
1972,11,Tyrrell,1623,80,1831,0
1972,12,BRM,1446,80,1303,8
1972,12,Brabham,1492,80,1496,5
1972,12,Ferrari,1548,80,1601,3
1972,12,Ford,1632,80,1563,4
1972,12,March,1543,80,1655,2
1972,12,Matra,1463,80,1382,7
1972,12,McLaren,1666,80,1738,1
1972,12,Surtees,1507,80,1447,6
1972,12,Tecno,1170,89,1120,9
1972,12,Tyrrell,1671,80,1835,0
1973,1,BRM,1453,80,1476,5
1973,1,Brabham,1503,80,1540,4
1973,1,Ferrari,1573,80,1662,2
1973,1,Ford,1682,80,1849,0
1973,1,Iso Marlboro,1364,171,1339,7
1973,1,March,1518,80,1424,6
1973,1,McLaren,1655,80,1616,3
1973,1,Surtees,1463,80,1273,8
1973,1,Tyrrell,1691,80,1750,1
1973,2,BRM,1471,80,1534,4
1973,2,Brabham,1488,80,1432,6
1973,2,Ferrari,1580,80,1605,3
1973,2,Ford,1722,80,1857,0
1973,2,Iso Marlboro,1417,130,1476,5
1973,2,March,1471,80,1252,8
1973,2,McLaren,1660,80,1676,2
1973,2,Surtees,1438,80,1353,7
1973,2,Tyrrell,1705,80,1754,1
1973,3,BRM,1427,80,1230,9
1973,3,Brabham,1495,80,1523,5
1973,3,Ferrari,1589,80,1621,3
1973,3,Ford,1717,80,1702,2
1973,3,Iso Marlboro,1411,111,1399,7
1973,3,March,1441,80,1338,8
1973,3,McLaren,1681,80,1767,1
1973,3,Shadow,1562,171,1574,4
1973,3,Surtees,1444,80,1461,6
1973,3,Tyrrell,1741,80,1882,0
1973,4,BRM,1458,80,1567,4
1973,4,Brabham,1488,80,1462,6
1973,4,Ferrari,1545,80,1343,8
1973,4,Ford,1754,80,1892,0
1973,4,Iso Marlboro,1406,100,1393,7
1973,4,March,1457,80,1512,5
1973,4,McLaren,1676,80,1654,3
1973,4,Shadow,1627,130,1702,2
1973,4,Surtees,1402,80,1225,9
1973,4,Tyrrell,1752,80,1789,1
1973,5,BRM,1493,80,1626,3
1973,5,Brabham,1526,80,1692,2
1973,5,Ferrari,1485,80,1155,10
1973,5,Ford,1765,80,1801,1
1973,5,Iso Marlboro,1370,94,1258,9
1973,5,March,1433,80,1344,8
1973,5,McLaren,1648,80,1537,5
1973,5,Shadow,1556,111,1417,7
1973,5,Surtees,1414,80,1453,6
1973,5,Tecno,1232,86,1553,4
1973,5,Tyrrell,1783,80,1908,0
1973,6,BRM,1448,80,1272,9
1973,6,Brabham,1547,80,1624,3
1973,6,Ferrari,1465,80,1405,7
1973,6,Ford,1772,80,1799,1
1973,6,Iso Marlboro,1361,89,1331,8
1973,6,March,1448,80,1504,5
1973,6,McLaren,1660,80,1703,2
1973,6,Shadow,1527,100,1465,6
1973,6,Surtees,1444,80,1556,4
1973,6,Tecno,1204,84,1122,10
1973,6,Tyrrell,1810,80,1914,0
1973,7,BRM,1447,80,1444,6
1973,7,Brabham,1564,80,1625,3
1973,7,Ferrari,1486,80,1557,4
1973,7,Ford,1779,80,1806,1
1973,7,Iso Marlboro,1347,86,1301,8
1973,7,March,1460,80,1499,5
1973,7,McLaren,1702,80,1899,0
1973,7,Shadow,1459,94,1218,9
1973,7,Surtees,1430,80,1384,7
1973,7,Tyrrell,1793,80,1729,2
1973,8,BRM,1450,80,1458,6
1973,8,Brabham,1593,80,1708,2
1973,8,Ensign,1165,171,1100,10
1973,8,Ferrari,1518,80,1632,3
1973,8,Ford,1809,80,1932,0
1973,8,Iso Marlboro,1325,84,1242,9
1973,8,March,1482,80,1569,4
1973,8,McLaren,1668,80,1539,5
1973,8,Shadow,1443,89,1403,7
1973,8,Surtees,1411,80,1338,8
1973,8,Tyrrell,1799,80,1822,1
1973,9,BRM,1463,80,1509,5
1973,9,Brabham,1590,80,1581,4
1973,9,Ensign,1244,130,1321,8
1973,9,Ferrari,1506,80,1463,6
1973,9,Ford,1812,80,1822,1
1973,9,Iso Marlboro,1338,83,1387,7
1973,9,March,1522,80,1696,2
1973,9,McLaren,1715,80,1911,0
1973,9,Shadow,1406,86,1288,9
1973,9,Surtees,1359,80,1088,11
1973,9,Tecno,1197,83,1175,10
1973,9,Tyrrell,1772,80,1666,3
1973,10,BRM,1493,80,1611,3
1973,10,Brabham,1542,80,1301,8
1973,10,Ensign,1177,111,1064,10
1973,10,Ford,1756,80,1380,7
1973,10,Iso Marlboro,1375,82,1532,4
1973,10,March,1569,80,1777,1
1973,10,McLaren,1716,80,1718,2
1973,10,Shadow,1408,84,1415,6
1973,10,Surtees,1385,80,1470,5
1973,10,Tecno,1191,82,1173,9
1973,10,Tyrrell,1803,80,1925,0
1973,11,BRM,1446,80,1234,8
1973,11,Brabham,1560,80,1619,3
1973,11,Ford,1715,80,1579,4
1973,11,Iso Marlboro,1381,81,1400,6
1973,11,March,1523,80,1349,7
1973,11,McLaren,1734,80,1796,1
1973,11,Shadow,1423,83,1472,5
1973,11,Surtees,1437,80,1678,2
1973,11,Tyrrell,1829,80,1926,0
1973,12,BRM,1473,80,1565,4
1973,12,Brabham,1577,80,1636,3
1973,12,Ensign,1190,100,1217,9
1973,12,Ferrari,1508,80,1517,5
1973,12,Ford,1760,80,1914,0
1973,12,Iso Marlboro,1383,81,1392,7
1973,12,March,1483,80,1346,8
1973,12,McLaren,1687,80,1481,6
1973,12,Shadow,1374,82,1146,10
1973,12,Surtees,1489,80,1692,2
1973,12,Tyrrell,1828,80,1824,1
1973,13,BRM,1444,80,1342,8
1973,13,Brabham,1590,80,1640,3
1973,13,Ensign,1165,94,1098,10
1973,13,Ferrari,1510,80,1519,5
1973,13,Ford,1797,80,1924,0
1973,13,Iso Marlboro,1357,81,1254,9
1973,13,March,1478,80,1462,6
1973,13,McLaren,1713,80,1799,1
1973,13,Shadow,1378,81,1393,7
1973,13,Surtees,1509,80,1571,4
1973,13,Tyrrell,1810,80,1741,2
1973,14,BRM,1483,80,1632,3
1973,14,Brabham,1556,80,1413,7
1973,14,Ensign,1145,89,1082,10
1973,14,Ferrari,1467,80,1260,9
1973,14,Ford,1804,80,1826,1
1973,14,Iso Marlboro,1387,80,1504,5
1973,14,March,1474,80,1460,6
1973,14,McLaren,1755,80,1923,0
1973,14,Shadow,1432,81,1699,2
1973,14,Surtees,1472,80,1341,8
1973,14,Tyrrell,1772,80,1609,4
1973,15,BRM,1491,80,1515,5
1973,15,Brabham,1588,80,1708,2
1973,15,Ensign,1159,86,1206,9
1973,15,Ferrari,1452,80,1403,7
1973,15,Ford,1832,80,1938,0
1973,15,Iso Marlboro,1422,80,1562,4
1973,15,March,1526,80,1785,1
1973,15,McLaren,1735,80,1666,3
1973,15,Shadow,1438,81,1455,6
1973,15,Surtees,1442,80,1341,8
1973,15,Tyrrell,1709,80,1150,10
1974,1,BRM,1533,80,1708,2
1974,1,Brabham,1590,80,1598,4
1974,1,Ferrari,1506,80,1785,1
1974,1,Ford,1775,80,1461,7
1974,1,Iso Marlboro,1398,80,1310,9
1974,1,Lola,1462,111,1485,6
1974,1,March,1529,80,1540,5
1974,1,McLaren,1774,80,1923,0
1974,1,Shadow,1393,80,1212,10
1974,1,Surtees,1428,80,1380,8
1974,1,Tyrrell,1699,80,1669,3
1974,2,BRM,1512,80,1443,7
1974,2,Brabham,1593,80,1602,4
1974,2,Ferrari,1562,80,1786,1
1974,2,Ford,1766,80,1742,2
1974,2,Iso Marlboro,1359,80,1205,10
1974,2,Lola,1438,100,1379,8
1974,2,March,1521,80,1494,6
1974,2,McLaren,1806,80,1925,0
1974,2,Shadow,1372,80,1305,9
1974,2,Surtees,1470,80,1642,3
1974,2,Tyrrell,1668,80,1561,5
1974,3,BRM,1563,80,1795,1
1974,3,Brabham,1642,80,1912,0
1974,3,Ferrari,1505,80,1295,9
1974,3,Ford,1704,80,1389,8
1974,3,Hesketh,1184,171,1123,10
1974,3,Iso Marlboro,1396,80,1531,5
1974,3,Lola,1436,94,1428,7
1974,3,March,1538,80,1599,4
1974,3,McLaren,1794,80,1753,2
1974,3,Surtees,1474,80,1487,6
1974,3,Tyrrell,1669,80,1671,3
1974,4,Amon,1093,171,1012,13
1974,4,BRM,1546,80,1493,7
1974,4,Brabham,1620,80,1546,6
1974,4,Ferrari,1578,80,1911,0
1974,4,Ford,1629,80,1209,12
1974,4,Hesketh,1379,130,1564,5
1974,4,Iso Marlboro,1370,80,1282,11
1974,4,Lola,1416,89,1352,10
1974,4,March,1576,80,1731,2
1974,4,McLaren,1803,80,1834,1
1974,4,Shadow,1419,80,1610,4
1974,4,Surtees,1466,80,1437,8
1974,4,Trojan,1410,171,1393,9
1974,4,Tyrrell,1672,80,1686,3
1974,5,BRM,1574,80,1672,3
1974,5,Brabham,1596,80,1511,7
1974,5,Ensign,1195,84,1336,10
1974,5,Ferrari,1633,80,1799,1
1974,5,Ford,1559,80,1321,11
1974,5,Hesketh,1236,111,1071,14
1974,5,Iso Marlboro,1378,80,1404,9
1974,5,Lola,1456,86,1616,4
1974,5,March,1577,80,1584,5
1974,5,McLaren,1830,80,1936,0
1974,5,Shadow,1427,80,1452,8
1974,5,Surtees,1419,80,1201,13
1974,5,Token,1286,171,1246,12
1974,5,Trojan,1469,130,1535,6
1974,5,Tyrrell,1687,80,1740,2
1974,6,Amon,1030,130,961,14
1974,6,BRM,1555,80,1491,7
1974,6,Brabham,1592,80,1578,5
1974,6,Ensign,1232,83,1372,9
1974,6,Ferrari,1645,80,1675,3
1974,6,Ford,1634,80,1901,0
1974,6,Hesketh,1311,100,1422,8
1974,6,Iso Marlboro,1357,80,1283,11
1974,6,Lola,1472,84,1523,6
1974,6,March,1535,80,1354,10
1974,6,McLaren,1793,80,1643,4
1974,6,Shadow,1479,80,1716,2
1974,6,Surtees,1378,80,1220,12
1974,6,Trojan,1368,111,1135,13
1974,6,Tyrrell,1712,80,1808,1
1974,7,BRM,1497,80,1136,12
1974,7,Brabham,1578,80,1526,6
1974,7,Ensign,1268,82,1398,8
1974,7,Ferrari,1590,80,1381,9
1974,7,Ford,1552,80,1246,11
1974,7,Hesketh,1420,94,1785,1
1974,7,Iso Marlboro,1395,80,1553,5
1974,7,Lola,1501,83,1608,4
1974,7,March,1521,80,1475,7
1974,7,McLaren,1783,80,1750,2
1974,7,Shadow,1519,80,1659,3
1974,7,Surtees,1360,80,1301,10
1974,7,Tyrrell,1749,80,1911,0
1974,8,BRM,1490,80,1471,7
1974,8,Brabham,1595,80,1656,3
1974,8,Ensign,1313,81,1498,6
1974,8,Ferrari,1652,80,1890,0
1974,8,Ford,1568,80,1605,4
1974,8,Hesketh,1335,89,1147,12
1974,8,Iso Marlboro,1400,80,1418,8
1974,8,Lola,1475,82,1380,9
1974,8,March,1530,80,1558,5
1974,8,McLaren,1790,80,1811,1
1974,8,Shadow,1477,80,1327,10
1974,8,Surtees,1335,80,1243,11
1974,8,Tyrrell,1746,80,1733,2
1974,9,BRM,1504,80,1548,5
1974,9,Brabham,1552,80,1357,9
1974,9,Ferrari,1687,80,1795,1
1974,9,Ford,1634,80,1892,0
1974,9,Hesketh,1282,86,1160,11
1974,9,Iso Marlboro,1438,80,1590,4
1974,9,Lola,1459,81,1404,8
1974,9,March,1524,80,1506,6
1974,9,McLaren,1767,80,1680,3
1974,9,Shadow,1471,80,1454,7
1974,9,Surtees,1319,80,1262,10
1974,9,Tyrrell,1743,80,1735,2
1974,10,BRM,1506,80,1515,6
1974,10,Brabham,1566,80,1612,4
1974,10,Ferrari,1685,80,1677,3
1974,10,Ford,1659,80,1728,2
1974,10,Hesketh,1240,84,1123,12
1974,10,Iso Marlboro,1410,80,1312,10
1974,10,Lola,1461,81,1466,7
1974,10,March,1495,80,1376,9
1974,10,McLaren,1778,80,1817,1
1974,10,Shadow,1491,80,1557,5
1974,10,Surtees,1337,80,1406,8
1974,10,Trojan,1320,100,1235,11
1974,10,Tyrrell,1777,80,1916,0
1974,11,BRM,1499,80,1475,7
1974,11,Brabham,1599,80,1730,2
1974,11,Ensign,1266,81,1090,13
1974,11,Ferrari,1730,80,1919,0
1974,11,Ford,1665,80,1681,3
1974,11,Hesketh,1244,83,1255,11
1974,11,Iso Marlboro,1369,80,1206,12
1974,11,Lola,1472,81,1515,6
1974,11,March,1510,80,1564,5
1974,11,McLaren,1722,80,1351,10
1974,11,Shadow,1517,80,1612,4
1974,11,Surtees,1354,80,1414,8
1974,11,Token,1326,130,1368,9
1974,11,Tyrrell,1788,80,1828,1
1974,12,BRM,1445,80,1114,13
1974,12,Brabham,1652,80,1913,0
1974,12,Ferrari,1722,80,1696,3
1974,12,Ford,1609,80,1355,10
1974,12,Hesketh,1312,82,1725,2
1974,12,Iso Marlboro,1335,80,1208,12
1974,12,Lola,1465,80,1436,8
1974,12,March,1533,80,1622,4
1974,12,McLaren,1746,80,1823,1
1974,12,Shadow,1530,80,1575,5
1974,12,Surtees,1386,80,1516,6
1974,12,Token,1345,111,1378,9
1974,12,Trojan,1364,94,1469,7
1974,12,Tyrrell,1729,80,1298,11
1974,13,BRM,1406,80,1272,10
1974,13,Brabham,1645,80,1624,4
1974,13,Ferrari,1675,80,1476,7
1974,13,Ford,1668,80,1902,0
1974,13,Hesketh,1270,81,1150,11
1974,13,Iso Marlboro,1391,80,1653,3
1974,13,Lola,1483,80,1555,5
1974,13,March,1507,80,1409,8
1974,13,McLaren,1762,80,1817,1
1974,13,Shadow,1526,80,1512,6
1974,13,Trojan,1355,89,1332,9
1974,13,Tyrrell,1733,80,1744,2
1974,14,BRM,1385,80,1318,11
1974,14,Brabham,1628,80,1570,6
1974,14,Ferrari,1709,80,1824,1
1974,14,Ford,1690,80,1753,2
1974,14,Hesketh,1343,81,1672,3
1974,14,Iso Marlboro,1387,80,1374,10
1974,14,Lola,1478,80,1461,8
1974,14,March,1453,80,1146,13
1974,14,McLaren,1798,80,1942,0
1974,14,Parnelli,1583,171,1599,5
1974,14,Penske,1432,171,1420,9
1974,14,Shadow,1480,80,1257,12
1974,14,Surtees,1410,80,1499,7
1974,14,Tyrrell,1714,80,1652,4
1974,15,BRM,1426,80,1582,5
1974,15,Brabham,1679,80,1927,0
1974,15,Ensign,1298,81,1399,9
1974,15,Ferrari,1668,80,1519,7
1974,15,Ford,1643,80,1474,8
1974,15,Hesketh,1430,81,1812,1
1974,15,Iso Marlboro,1382,80,1365,10
1974,15,Lola,1508,80,1634,4
1974,15,March,1403,80,1207,13
1974,15,McLaren,1793,80,1775,2
1974,15,Parnelli,1371,130,1098,14
1974,15,Penske,1381,130,1322,11
1974,15,Shadow,1494,80,1544,6
1974,15,Surtees,1381,80,1274,12
1974,15,Tyrrell,1713,80,1707,3
1975,1,BRM,1395,80,1291,11
1975,1,Brabham,1697,80,1752,2
1975,1,Ferrari,1674,80,1692,3
1975,1,Fittipaldi,1257,171,1211,12
1975,1,Ford,1604,80,1473,7
1975,1,Hesketh,1515,80,1807,1
1975,1,Lola,1501,80,1473,7
1975,1,March,1431,80,1520,6
1975,1,McLaren,1824,80,1949,0
1975,1,Parnelli,1355,111,1342,10
1975,1,Penske,1444,111,1568,5
1975,1,Surtees,1336,80,1138,13
1975,1,Tyrrell,1698,80,1644,4
1975,1,Williams,1405,171,1387,9
1975,2,BRM,1359,80,1224,12
1975,2,Brabham,1742,80,1925,0
1975,2,Ferrari,1690,80,1745,2
1975,2,Fittipaldi,1319,130,1383,9
1975,2,Ford,1569,80,1453,8
1975,2,Hesketh,1559,80,1671,3
1975,2,Lola,1498,80,1490,7
1975,2,March,1373,80,1120,13
1975,2,McLaren,1828,80,1840,1
1975,2,Parnelli,1443,100,1612,4
1975,2,Penske,1399,100,1295,11
1975,2,Surtees,1382,80,1561,5
1975,2,Tyrrell,1646,80,1366,10
1975,2,Williams,1462,130,1526,6
1975,3,BRM,1385,80,1476,7
1975,3,Brabham,1763,80,1832,1
1975,3,Embassy Hill,1614,171,1636,4
1975,3,Ferrari,1703,80,1750,2
1975,3,Ford,1563,80,1545,6
1975,3,Hesketh,1506,80,1343,10
1975,3,March,1344,80,1256,11
1975,3,McLaren,1802,80,1704,3
1975,3,Parnelli,1440,94,1435,8
1975,3,Penske,1446,94,1580,5
1975,3,Surtees,1334,80,1153,12
1975,3,Tyrrell,1700,80,1928,0
1975,3,Williams,1436,111,1388,9
1975,4,BRM,1379,80,1359,10
1975,4,Brabham,1765,80,1774,1
1975,4,Ensign,1329,80,1436,8
1975,4,Ferrari,1673,80,1553,6
1975,4,Fittipaldi,1238,111,1081,14
1975,4,Ford,1605,80,1774,1
1975,4,Hesketh,1460,80,1322,11
1975,4,Lola,1497,80,1493,7
1975,4,March,1405,80,1670,3
1975,4,McLaren,1832,80,1949,0
1975,4,Parnelli,1431,89,1406,9
1975,4,Penske,1389,89,1197,13
1975,4,Surtees,1385,80,1569,5
1975,4,Tyrrell,1631,80,1274,12
1975,4,Williams,1487,100,1623,4
1975,5,Brabham,1760,80,1739,2
1975,5,Ferrari,1718,80,1916,0
1975,5,Ford,1601,80,1587,4
1975,5,Hesketh,1458,80,1451,6
1975,5,March,1398,80,1381,7
1975,5,McLaren,1832,80,1832,1
1975,5,Parnelli,1381,86,1207,9
1975,5,Penske,1419,86,1503,5
1975,5,Surtees,1364,80,1305,8
1975,5,Tyrrell,1637,80,1652,3
1975,6,BRM,1423,80,1610,4
1975,6,Brabham,1761,80,1767,2
1975,6,Embassy Hill,1501,130,1375,9
1975,6,Ferrari,1763,80,1943,0
1975,6,Fittipaldi,1289,100,1395,8
1975,6,Ford,1585,80,1527,6
1975,6,Hesketh,1401,80,1141,12
1975,6,March,1377,80,1309,10
1975,6,McLaren,1807,80,1712,3
1975,6,Penske,1429,84,1460,7
1975,6,Surtees,1406,80,1555,5
1975,6,Tyrrell,1679,80,1825,1
1975,6,Williams,1428,94,1246,11
1975,7,BRM,1425,80,1433,8
1975,7,Brabham,1778,80,1841,1
1975,7,Embassy Hill,1551,111,1626,4
1975,7,Ferrari,1803,80,1948,0
1975,7,Fittipaldi,1265,94,1210,12
1975,7,Ford,1548,80,1401,9
1975,7,Hesketh,1419,80,1475,7
1975,7,March,1329,80,1125,13
1975,7,McLaren,1762,80,1552,6
1975,7,Parnelli,1447,84,1735,2
1975,7,Penske,1477,83,1673,3
1975,7,Surtees,1379,80,1289,11
1975,7,Tyrrell,1658,80,1593,5
1975,7,Williams,1405,89,1343,10
1975,8,BRM,1377,80,1165,13
1975,8,Brabham,1777,80,1776,2
1975,8,Embassy Hill,1594,100,1690,3
1975,8,Ensign,1368,80,1520,6
1975,8,Ferrari,1815,80,1855,1
1975,8,Fittipaldi,1305,89,1427,8
1975,8,Ford,1536,80,1493,7
1975,8,Hesketh,1486,80,1931,0
1975,8,Maki,1092,171,1012,14
1975,8,March,1332,80,1342,10
1975,8,McLaren,1700,80,1315,11
1975,8,Penske,1511,82,1629,4
1975,8,Surtees,1347,80,1239,12
1975,8,Tyrrell,1644,80,1596,5
1975,8,Williams,1402,86,1394,9
1975,9,BRM,1364,80,1323,11
1975,9,Brabham,1727,80,1433,9
1975,9,Embassy Hill,1594,94,1592,5
1975,9,Ensign,1368,80,1367,10
1975,9,Ferrari,1845,80,1954,0
1975,9,Fittipaldi,1279,86,1200,13
1975,9,Ford,1538,80,1545,6
1975,9,Hesketh,1553,80,1812,1
1975,9,March,1318,80,1267,12
1975,9,McLaren,1715,80,1758,2
1975,9,Parnelli,1503,83,1677,3
1975,9,Penske,1448,81,1121,14
1975,9,Surtees,1370,80,1448,8
1975,9,Tyrrell,1643,80,1642,4
1975,9,Williams,1423,84,1493,7
1975,10,Brabham,1752,80,1837,1
1975,10,Embassy Hill,1579,89,1534,6
1975,10,Ferrari,1799,80,1603,5
1975,10,Fittipaldi,1268,84,1231,11
1975,10,Ford,1505,80,1370,9
1975,10,Hesketh,1588,80,1683,3
1975,10,Lyncar,1333,171,1301,10
1975,10,March,1369,80,1614,4
1975,10,McLaren,1762,80,1944,0
1975,10,Parnelli,1482,82,1424,8
1975,10,Surtees,1391,80,1462,7
1975,10,Tyrrell,1666,80,1753,2
1975,10,Williams,1373,83,1145,12
1975,11,Brabham,1790,80,1942,0
1975,11,Embassy Hill,1602,86,1681,3
1975,11,Ensign,1412,80,1608,4
1975,11,Ferrari,1792,80,1770,2
1975,11,Fittipaldi,1261,83,1239,10
1975,11,Ford,1473,80,1343,9
1975,11,Hesketh,1571,80,1521,6
1975,11,March,1410,80,1552,5
1975,11,McLaren,1691,80,1171,11
1975,11,Parnelli,1462,81,1401,8
1975,11,Tyrrell,1629,80,1473,7
1975,11,Williams,1439,82,1809,1
1975,12,BRM,1340,80,1252,12
1975,12,Brabham,1735,80,1479,8
1975,12,Embassy Hill,1566,84,1429,9
1975,12,Ensign,1431,80,1496,7
1975,12,Ferrari,1763,80,1658,4
1975,12,Ford,1517,80,1706,2
1975,12,Hesketh,1621,80,1815,1
1975,12,March,1477,80,1915,0
1975,12,Matra,1435,80,1325,11
1975,12,McLaren,1695,80,1706,2
1975,12,Parnelli,1408,81,1166,13
1975,12,Surtees,1421,80,1536,6
1975,12,Tyrrell,1622,80,1598,5
1975,12,Williams,1421,81,1373,10
1975,13,BRM,1299,80,1128,13
1975,13,Brabham,1739,80,1752,2
1975,13,Embassy Hill,1517,83,1314,11
1975,13,Ensign,1444,80,1490,7
1975,13,Ferrari,1797,80,1926,0
1975,13,Fittipaldi,1308,82,1523,6
1975,13,Ford,1532,80,1581,5
1975,13,Hesketh,1636,80,1684,3
1975,13,March,1447,80,1363,10
1975,13,Matra,1428,80,1406,9
1975,13,McLaren,1724,80,1814,1
1975,13,Parnelli,1369,81,1237,12
1975,13,Tyrrell,1625,80,1635,4
1975,13,Williams,1428,81,1448,8
1975,14,Brabham,1681,80,1407,9
1975,14,Embassy Hill,1467,82,1274,11
1975,14,Ensign,1442,80,1437,8
1975,14,Ferrari,1829,80,1943,0
1975,14,Fittipaldi,1344,81,1471,7
1975,14,Ford,1543,80,1580,5
1975,14,Hesketh,1661,80,1746,2
1975,14,March,1487,80,1620,4
1975,14,McLaren,1747,80,1827,1
1975,14,Parnelli,1359,80,1326,10
1975,14,Penske,1469,81,1527,6
1975,14,Tyrrell,1638,80,1687,3
1975,14,Williams,1378,81,1167,12
1976,1,Alfa Romeo,1324,80,1423,7
1976,1,BRM,1260,80,1104,12
1976,1,Ferrari,1855,80,1947,0
1976,1,Fittipaldi,1351,81,1375,8
1976,1,Ford,1499,80,1307,10
1976,1,Ligier,1364,171,1338,9
1976,1,March,1520,80,1630,3
1976,1,McLaren,1715,80,1600,4
1976,1,Penske,1418,81,1229,11
1976,1,Shadow,1535,80,1698,2
1976,1,Tyrrell,1669,80,1795,1
1976,1,Williams,1403,80,1481,6
1976,1,Wolf,1530,171,1535,5
1976,2,Alfa Romeo,1285,80,1112,14
1976,2,Ensign,1428,80,1376,10
1976,2,Ferrari,1878,80,1963,0
1976,2,Fittipaldi,1333,81,1269,12
1976,2,Ford,1498,80,1496,7
1976,2,Hesketh,1606,80,1342,11
1976,2,Ligier,1289,130,1202,13
1976,2,March,1525,80,1538,6
1976,2,McLaren,1740,80,1827,1
1976,2,Parnelli,1408,80,1616,4
1976,2,Penske,1472,80,1670,3
1976,2,Shadow,1545,80,1582,5
1976,2,Surtees,1427,80,1450,8
1976,2,Tyrrell,1686,80,1748,2
1976,2,Wolf,1477,130,1419,9
1976,3,Alfa Romeo,1316,80,1429,7
1976,3,Ensign,1441,80,1487,6
1976,3,Ferrari,1896,80,1964,0
1976,3,Fittipaldi,1378,80,1578,4
1976,3,Ford,1442,80,1126,12
1976,3,Ligier,1408,111,1704,2
1976,3,March,1498,80,1404,8
1976,3,McLaren,1726,80,1675,3
1976,3,Parnelli,1366,80,1222,11
1976,3,Penske,1430,80,1296,10
1976,3,Shadow,1545,80,1545,5
1976,3,Surtees,1410,80,1347,9
1976,3,Tyrrell,1711,80,1807,1
1976,4,Alfa Romeo,1370,80,1645,3
1976,4,Boro,1404,171,1386,9
1976,4,Ensign,1471,80,1595,4
1976,4,Ferrari,1889,80,1862,1
1976,4,Fittipaldi,1329,80,1129,13
1976,4,Ford,1497,80,1717,2
1976,4,Ligier,1412,100,1418,8
1976,4,March,1450,80,1239,12
1976,4,McLaren,1768,80,1947,0
1976,4,Penske,1398,80,1299,11
1976,4,Shadow,1539,80,1514,6
1976,4,Surtees,1421,80,1459,7
1976,4,Tyrrell,1657,80,1367,10
1976,4,Wolf,1504,111,1552,5
1976,5,Alfa Romeo,1379,80,1407,9
1976,5,Boro,1464,130,1531,6
1976,5,Ensign,1450,80,1371,10
1976,5,Ferrari,1908,80,1981,0
1976,5,Ford,1455,80,1323,11
1976,5,Hesketh,1535,80,1165,13
1976,5,Ligier,1505,94,1812,1
1976,5,March,1408,80,1255,12
1976,5,McLaren,1741,80,1646,4
1976,5,Penske,1436,80,1567,5
1976,5,Shadow,1531,80,1502,7
1976,5,Surtees,1464,80,1668,3
1976,5,Tyrrell,1679,80,1749,2
1976,5,Wolf,1491,100,1459,8
1976,6,Alfa Romeo,1404,80,1493,6
1976,6,Ensign,1423,80,1319,10
1976,6,Ferrari,1923,80,1983,0
1976,6,Fittipaldi,1382,80,1583,4
1976,6,Ford,1410,80,1256,11
1976,6,Ligier,1462,89,1374,9
1976,6,March,1465,80,1707,2
1976,6,McLaren,1726,80,1675,3
1976,6,Penske,1441,80,1455,7
1976,6,Shadow,1535,80,1550,5
1976,6,Surtees,1411,80,1160,12
1976,6,Tyrrell,1709,80,1813,1
1976,6,Wolf,1472,94,1417,8
1976,7,Alfa Romeo,1438,80,1569,5
1976,7,Boro,1406,111,1296,12
1976,7,Ensign,1422,80,1420,9
1976,7,Ferrari,1913,80,1873,1
1976,7,Fittipaldi,1346,80,1233,13
1976,7,Ford,1393,80,1340,11
1976,7,Hesketh,1516,80,1465,8
1976,7,Ligier,1530,86,1730,2
1976,7,March,1503,80,1617,4
1976,7,McLaren,1719,80,1694,3
1976,7,Penske,1388,80,1145,14
1976,7,Shadow,1536,80,1539,6
1976,7,Surtees,1430,80,1492,7
1976,7,Tyrrell,1754,80,1950,0
1976,7,Wolf,1452,89,1386,10
1976,8,Alfa Romeo,1481,80,1663,3
1976,8,Ensign,1399,80,1308,11
1976,8,Ferrari,1854,80,1162,13
1976,8,Fittipaldi,1320,80,1237,12
1976,8,Ford,1438,80,1607,4
1976,8,Hesketh,1480,80,1364,10
1976,8,Ligier,1506,84,1449,8
1976,8,March,1519,80,1568,5
1976,8,McLaren,1761,80,1952,0
1976,8,Penske,1450,80,1726,2
1976,8,Shadow,1534,80,1529,6
1976,8,Surtees,1424,80,1401,9
1976,8,Tyrrell,1774,80,1841,1
1976,8,Wolf,1459,86,1482,7
1976,9,Alfa Romeo,1479,80,1472,7
1976,9,Ensign,1356,80,1162,12
1976,9,Ferrari,1882,80,1969,0
1976,9,Fittipaldi,1367,80,1549,5
1976,9,Ford,1411,80,1328,10
1976,9,Hesketh,1488,80,1515,6
1976,9,Ligier,1453,83,1269,11
1976,9,March,1489,80,1386,9
1976,9,McLaren,1706,80,1445,8
1976,9,Penske,1509,80,1727,2
1976,9,Shadow,1560,80,1668,3
1976,9,Surtees,1460,80,1604,4
1976,9,Tyrrell,1788,80,1841,1
1976,10,Alfa Romeo,1525,80,1733,2
1976,10,Ensign,1316,80,1150,13
1976,10,Ferrari,1823,80,1555,6
1976,10,Fittipaldi,1385,80,1443,8
1976,10,Ford,1462,80,1667,3
1976,10,Hesketh,1471,80,1412,9
1976,10,Ligier,1408,82,1255,12
1976,10,March,1453,80,1320,11
1976,10,McLaren,1758,80,1947,0
1976,10,Penske,1538,80,1620,4
1976,10,Shadow,1564,80,1579,5
1976,10,Surtees,1467,80,1489,7
1976,10,Tyrrell,1801,80,1847,1
1976,10,Wolf,1439,84,1367,10
1976,11,Alfa Romeo,1482,80,1321,10
1976,11,Ensign,1335,80,1399,8
1976,11,Fittipaldi,1379,80,1360,9
1976,11,Ford,1490,80,1579,4
1976,11,Hesketh,1485,80,1536,5
1976,11,Ligier,1474,81,1762,1
1976,11,March,1491,80,1629,3
1976,11,McLaren,1749,80,1722,2
1976,11,Penske,1596,80,1880,0
1976,11,Shadow,1516,80,1259,11
1976,11,Surtees,1473,80,1494,6
1976,11,Tyrrell,1749,80,1472,7
1976,11,Wolf,1392,83,1154,12
1976,12,Alfa Romeo,1462,80,1396,10
1976,12,Boro,1373,100,1298,12
1976,12,Ensign,1362,80,1461,8
1976,12,Ferrari,1830,80,1848,1
1976,12,Fittipaldi,1349,80,1236,13
1976,12,Ford,1539,80,1738,2
1976,12,Hesketh,1491,80,1509,7
1976,12,Ligier,1441,81,1352,11
1976,12,March,1513,80,1587,5
1976,12,McLaren,1790,80,1941,0
1976,12,Penske,1559,80,1442,9
1976,12,Shadow,1552,80,1682,3
1976,12,Surtees,1488,80,1546,6
1976,12,Tyrrell,1726,80,1654,4
1976,12,Wolf,1342,82,1141,14
1976,13,Alfa Romeo,1436,80,1347,11
1976,13,Boro,1335,94,1225,13
1976,13,Ensign,1404,80,1580,5
1976,13,Ferrari,1836,80,1854,1
1976,13,Fittipaldi,1365,80,1421,9
1976,13,Ford,1523,80,1474,8
1976,13,Hesketh,1470,80,1393,10
1976,13,Ligier,1503,81,1740,2
1976,13,March,1572,80,1926,0
1976,13,McLaren,1722,80,1307,12
1976,13,Penske,1558,80,1553,6
1976,13,Shadow,1571,80,1637,4
1976,13,Surtees,1492,80,1508,7
1976,13,Tyrrell,1721,80,1705,3
1976,13,Wolf,1296,81,1128,14
1976,14,Alfa Romeo,1475,80,1626,4
1976,14,Ensign,1417,80,1457,8
1976,14,Ferrari,1808,80,1712,3
1976,14,Fittipaldi,1340,80,1248,12
1976,14,Ford,1567,80,1738,2
1976,14,Hesketh,1451,80,1376,10
1976,14,Ligier,1458,80,1327,11
1976,14,March,1577,80,1593,5
1976,14,McLaren,1773,80,1934,0
1976,14,Penske,1556,80,1550,6
1976,14,Shadow,1558,80,1511,7
1976,14,Surtees,1478,80,1423,9
1976,14,Tyrrell,1745,80,1829,1
1976,14,Wolf,1260,81,1138,13
1976,15,Alfa Romeo,1441,80,1319,11
1976,15,Ensign,1367,80,1146,13
1976,15,Ferrari,1801,80,1776,2
1976,15,Fittipaldi,1379,80,1535,6
1976,15,Ford,1510,80,1257,12
1976,15,Hesketh,1453,80,1460,8
1976,15,Ligier,1436,80,1371,10
1976,15,March,1603,80,1691,3
1976,15,McLaren,1815,80,1948,0
1976,15,Penske,1574,80,1639,4
1976,15,Shadow,1547,80,1510,7
1976,15,Surtees,1500,80,1587,5
1976,15,Tyrrell,1765,80,1839,1
1976,15,Wolf,1292,81,1400,9
1976,16,Alfa Romeo,1389,80,1157,13
1976,16,Ferrari,1773,80,1668,4
1976,16,Fittipaldi,1351,80,1253,12
1976,16,Ford,1580,80,1941,0
1976,16,Hesketh,1471,80,1542,6
1976,16,Kojima,1473,171,1467,8
1976,16,Ligier,1470,80,1586,5
1976,16,March,1561,80,1395,10
1976,16,McLaren,1808,80,1788,2
1976,16,Penske,1530,80,1338,11
1976,16,Shadow,1539,80,1507,7
1976,16,Surtees,1536,80,1693,3
1976,16,Tyrrell,1784,80,1855,1
1976,16,Wolf,1321,80,1416,9
1977,1,Brabham,1719,80,1841,1
1977,1,Ensign,1411,80,1571,5
1977,1,Ferrari,1775,80,1780,2
1977,1,Fittipaldi,1407,80,1683,3
1977,1,Ford,1597,80,1641,4
1977,1,Ligier,1446,80,1363,9
1977,1,March,1543,80,1486,7
1977,1,McLaren,1741,80,1199,11
1977,1,Shadow,1516,80,1430,8
1977,1,Surtees,1536,80,1535,6
1977,1,Tyrrell,1725,80,1306,10
1977,1,Wolf,1385,80,1933,0
1977,2,BRM,1232,80,1132,12
1977,2,Brabham,1692,80,1605,5
1977,2,Ensign,1392,80,1330,10
1977,2,Ferrari,1808,80,1943,0
1977,2,Fittipaldi,1469,80,1739,2
1977,2,Ford,1620,80,1692,3
1977,2,Ligier,1455,80,1487,7
1977,2,March,1512,80,1399,9
1977,2,McLaren,1766,80,1836,1
1977,2,Shadow,1541,80,1634,4
1977,2,Surtees,1537,80,1542,6
1977,2,Tyrrell,1668,80,1461,8
1977,2,Wolf,1353,80,1258,11
1977,3,BRM,1248,80,1304,10
1977,3,Brabham,1682,80,1651,4
1977,3,Ensign,1422,80,1529,6
1977,3,Ferrari,1838,80,1952,0
1977,3,Fittipaldi,1475,80,1490,7
1977,3,Ford,1584,80,1456,8
1977,3,Ligier,1417,80,1261,11
1977,3,March,1487,80,1396,9
1977,3,McLaren,1752,80,1710,3
1977,3,Shadow,1486,80,1159,12
1977,3,Surtees,1548,80,1588,5
1977,3,Tyrrell,1692,80,1757,2
1977,3,Wolf,1423,80,1811,1
1977,4,Brabham,1625,80,1317,11
1977,4,Ensign,1409,80,1363,10
1977,4,Ferrari,1843,80,1858,1
1977,4,Fittipaldi,1511,80,1639,4
1977,4,Ford,1643,80,1931,0
1977,4,Ligier,1436,80,1503,7
1977,4,March,1482,80,1466,8
1977,4,McLaren,1713,80,1572,6
1977,4,Penske,1546,80,1597,5
1977,4,Shadow,1431,80,1210,12
1977,4,Surtees,1523,80,1426,9
1977,4,Tyrrell,1696,80,1708,3
1977,4,Wolf,1494,80,1745,2
1977,5,Brabham,1630,80,1646,4
1977,5,Ensign,1368,80,1200,12
1977,5,Ferrari,1845,80,1852,1
1977,5,Fittipaldi,1490,80,1421,9
1977,5,Ford,1702,80,1928,0
1977,5,Hesketh,1439,80,1303,11
1977,5,Ligier,1468,80,1586,5
1977,5,March,1478,80,1463,8
1977,5,McLaren,1711,80,1704,3
1977,5,Shadow,1413,80,1362,10
1977,5,Surtees,1520,80,1509,7
1977,5,Tyrrell,1667,80,1564,6
1977,5,Wolf,1555,80,1741,2
1977,6,Brabham,1581,80,1380,10
1977,6,Ensign,1398,80,1503,7
1977,6,Ferrari,1848,80,1859,1
1977,6,Fittipaldi,1438,80,1208,12
1977,6,Ford,1704,80,1711,3
1977,6,Hesketh,1434,80,1418,9
1977,6,Ligier,1495,80,1596,5
1977,6,McLaren,1724,80,1768,2
1977,6,Penske,1530,80,1474,8
1977,6,Shadow,1460,80,1639,4
1977,6,Surtees,1528,80,1557,6
1977,6,Tyrrell,1609,80,1316,11
1977,6,Wolf,1625,80,1929,0
1977,7,Brabham,1592,80,1623,5
1977,7,Ensign,1371,80,1277,13
1977,7,Ferrari,1852,80,1869,1
1977,7,Fittipaldi,1386,80,1183,14
1977,7,Ford,1754,80,1952,0
1977,7,Hesketh,1455,80,1535,7
1977,7,LEC,1440,171,1429,10
1977,7,Ligier,1464,80,1350,12
1977,7,March,1483,80,1501,8
1977,7,McLaren,1697,80,1595,6
1977,7,Penske,1516,80,1467,9
1977,7,Shadow,1504,80,1657,4
1977,7,Surtees,1562,80,1708,3
1977,7,Tyrrell,1647,80,1768,2
1977,7,Wolf,1571,80,1408,11
1977,8,Brabham,1609,80,1667,4
1977,8,Ensign,1412,80,1572,6
1977,8,Ferrari,1841,80,1798,2
1977,8,Fittipaldi,1372,80,1330,12
1977,8,Ford,1726,80,1639,5
1977,8,Hesketh,1457,80,1463,9
1977,8,LEC,1433,130,1424,10
1977,8,Ligier,1526,80,1938,0
1977,8,March,1464,80,1389,11
1977,8,McLaren,1728,80,1847,1
1977,8,Penske,1522,80,1543,7
1977,8,Shadow,1504,80,1505,8
1977,8,Surtees,1513,80,1281,13
1977,8,Tyrrell,1664,80,1719,3
1977,8,Wolf,1498,80,1184,14
1977,9,Brabham,1652,80,1836,1
1977,9,Ensign,1459,80,1654,4
1977,9,Ferrari,1820,80,1737,3
1977,9,Fittipaldi,1407,80,1531,7
1977,9,Ford,1773,80,1950,0
1977,9,Hesketh,1480,80,1574,6
1977,9,LEC,1378,111,1264,13
1977,9,Ligier,1549,80,1618,5
1977,9,March,1456,80,1424,10
1977,9,McLaren,1740,80,1780,2
1977,9,Penske,1471,80,1183,14
1977,9,Shadow,1468,80,1334,12
1977,9,Surtees,1502,80,1467,9
1977,9,Tyrrell,1631,80,1515,8
1977,9,Wolf,1466,80,1384,11
1977,10,Brabham,1668,80,1723,3
1977,10,Ensign,1420,80,1282,13
1977,10,Ferrari,1831,80,1870,1
1977,10,Fittipaldi,1409,80,1413,10
1977,10,Ford,1778,80,1793,2
1977,10,Hesketh,1432,80,1186,14
1977,10,Ligier,1576,80,1666,4
1977,10,March,1464,80,1498,8
1977,10,McLaren,1781,80,1962,0
1977,10,Penske,1486,80,1537,7
1977,10,Renault,1351,171,1323,12
1977,10,Shadow,1501,80,1617,5
1977,10,Surtees,1519,80,1578,6
1977,10,Tyrrell,1583,80,1384,11
1977,10,Wolf,1465,80,1460,9
1977,11,Brabham,1692,80,1778,2
1977,11,Ensign,1468,80,1649,4
1977,11,Ferrari,1859,80,1977,0
1977,11,Ford,1721,80,1447,9
1977,11,Hesketh,1441,80,1470,8
1977,11,Ligier,1527,80,1322,11
1977,11,March,1492,80,1604,5
1977,11,McLaren,1721,80,1394,10
1977,11,Penske,1437,80,1219,12
1977,11,Shadow,1505,80,1520,7
1977,11,Surtees,1556,80,1706,3
1977,11,Tyrrell,1580,80,1570,6
1977,11,Wolf,1527,80,1837,1
1977,12,Brabham,1710,80,1777,2
1977,12,Ensign,1442,80,1361,11
1977,12,Ferrari,1862,80,1871,1
1977,12,Fittipaldi,1434,80,1528,7
1977,12,Ford,1652,80,1312,12
1977,12,Hesketh,1476,80,1610,5
1977,12,Ligier,1466,80,1209,13
1977,12,March,1509,80,1573,6
1977,12,McLaren,1710,80,1676,4
1977,12,Penske,1450,80,1491,8
1977,12,Shadow,1564,80,1938,0
1977,12,Surtees,1535,80,1461,9
1977,12,Tyrrell,1608,80,1711,3
1977,12,Wolf,1498,80,1416,10
1977,13,Boro,1348,89,1388,11
1977,13,Brabham,1694,80,1636,5
1977,13,Ensign,1487,80,1658,4
1977,13,Ferrari,1885,80,1978,0
1977,13,Fittipaldi,1482,80,1704,3
1977,13,Ford,1584,80,1324,13
1977,13,Hesketh,1420,80,1154,15
1977,13,Ligier,1535,80,1830,1
1977,13,March,1509,80,1512,8
1977,13,McLaren,1676,80,1560,7
1977,13,Penske,1478,80,1579,6
1977,13,Renault,1350,130,1349,12
1977,13,Shadow,1535,80,1444,10
1977,13,Surtees,1522,80,1478,9
1977,13,Tyrrell,1551,80,1259,14
1977,13,Wolf,1553,80,1761,2
1977,14,Brabham,1652,80,1461,9
1977,14,Ensign,1523,80,1643,4
1977,14,Ferrari,1881,80,1865,1
1977,14,Ford,1658,80,1931,0
1977,14,Hesketh,1436,80,1482,8
1977,14,Ligier,1534,80,1529,7
1977,14,March,1521,80,1564,6
1977,14,McLaren,1683,80,1705,3
1977,14,Penske,1440,80,1295,12
1977,14,Renault,1347,111,1342,11
1977,14,Shadow,1580,80,1747,2
1977,14,Surtees,1471,80,1201,13
1977,14,Tyrrell,1565,80,1606,5
1977,14,Wolf,1517,80,1410,10
1977,15,Brabham,1616,80,1482,9
1977,15,Ensign,1553,80,1657,4
1977,15,Ferrari,1852,80,1734,3
1977,15,Fittipaldi,1471,80,1432,10
1977,15,Ford,1706,80,1835,1
1977,15,Hesketh,1467,80,1574,6
1977,15,Ligier,1554,80,1618,5
1977,15,March,1487,80,1344,12
1977,15,McLaren,1731,80,1943,0
1977,15,Penske,1390,80,1183,14
1977,15,Renault,1324,100,1264,13
1977,15,Shadow,1572,80,1549,7
1977,15,Surtees,1479,80,1506,8
1977,15,Tyrrell,1528,80,1396,11
1977,15,Wolf,1569,80,1755,2
1977,16,Brabham,1562,80,1317,12
1977,16,Ensign,1576,80,1661,4
1977,16,Ferrari,1798,80,1480,9
1977,16,Fittipaldi,1448,80,1369,11
1977,16,Ford,1658,80,1516,8
1977,16,Hesketh,1455,80,1418,10
1977,16,Ligier,1495,80,1219,13
1977,16,March,1499,80,1539,7
1977,16,McLaren,1742,80,1778,2
1977,16,Penske,1431,80,1571,6
1977,16,Shadow,1602,80,1709,3
1977,16,Surtees,1508,80,1615,5
1977,16,Tyrrell,1584,80,1829,1
1977,16,Wolf,1635,80,1935,0
1977,17,Brabham,1574,80,1609,5
1977,17,Ensign,1523,80,1272,11
1977,17,Ferrari,1809,80,1846,1
1977,17,Ford,1598,80,1376,10
1977,17,Kojima,1473,130,1473,8
1977,17,Ligier,1533,80,1648,4
1977,17,March,1484,80,1428,9
1977,17,McLaren,1782,80,1939,0
1977,17,Shadow,1625,80,1703,3
1977,17,Surtees,1520,80,1562,6
1977,17,Tyrrell,1624,80,1755,2
1977,17,Wolf,1607,80,1530,7
1978,1,ATS,1337,130,1515,7
1978,1,Brabham,1623,80,1830,1
1978,1,Ensign,1465,80,1235,12
1978,1,Ferrari,1781,80,1679,4
1978,1,Fittipaldi,1481,80,1605,5
1978,1,Ford,1667,80,1936,0
1978,1,Ligier,1511,80,1447,9
1978,1,McLaren,1769,80,1726,3
1978,1,Merzario,1112,171,1035,13
1978,1,Shadow,1598,80,1500,8
1978,1,Surtees,1494,80,1393,10
1978,1,Tyrrell,1657,80,1765,2
1978,1,Williams,1382,80,1315,11
1978,1,Wolf,1599,80,1576,6
1978,2,ATS,1441,111,1565,6
1978,2,Arrows,1501,171,1501,8
1978,2,Brabham,1656,80,1767,2
1978,2,Ensign,1423,80,1293,12
1978,2,Ferrari,1817,80,1956,0
1978,2,Fittipaldi,1537,80,1827,1
1978,2,Ford,1681,80,1718,3
1978,2,Ligier,1517,80,1534,7
1978,2,McLaren,1714,80,1435,10
1978,2,Shadow,1613,80,1664,4
1978,2,Surtees,1442,80,1190,13
1978,2,Tyrrell,1649,80,1626,5
1978,2,Williams,1399,80,1456,9
1978,2,Wolf,1554,80,1372,11
1978,3,ATS,1498,100,1610,5
1978,3,Arrows,1537,130,1579,6
1978,3,Brabham,1682,80,1769,2
1978,3,Ferrari,1757,80,1431,10
1978,3,Fittipaldi,1477,80,1221,14
1978,3,Ford,1736,80,1943,0
1978,3,Hesketh,1399,80,1094,15
1978,3,Ligier,1546,80,1656,4
1978,3,McLaren,1678,80,1557,7
1978,3,Merzario,1235,130,1346,11
1978,3,Renault,1321,94,1309,12
1978,3,Surtees,1455,80,1496,8
1978,3,Theodore,1300,171,1262,13
1978,3,Tyrrell,1687,80,1837,1
1978,3,Williams,1450,80,1698,3
1978,3,Wolf,1533,80,1464,9
1978,4,ATS,1502,94,1511,8
1978,4,Arrows,1583,111,1673,4
1978,4,Brabham,1620,80,1259,13
1978,4,Ferrari,1802,80,1948,0
1978,4,Fittipaldi,1505,80,1587,6
1978,4,Ford,1763,80,1847,1
1978,4,Ligier,1581,80,1714,3
1978,4,McLaren,1636,80,1484,9
1978,4,Merzario,1177,111,1099,14
1978,4,Renault,1317,89,1304,12
1978,4,Shadow,1601,80,1559,7
1978,4,Surtees,1437,80,1376,11
1978,4,Tyrrell,1707,80,1777,2
1978,4,Williams,1489,80,1626,5
1978,4,Wolf,1510,80,1431,10
1978,5,Arrows,1622,100,1720,3
1978,5,Brabham,1670,80,1839,1
1978,5,Ensign,1420,80,1410,10
1978,5,Ferrari,1765,80,1649,5
1978,5,Fittipaldi,1524,80,1585,6
1978,5,Ford,1713,80,1523,8
1978,5,Ligier,1530,80,1305,12
1978,5,McLaren,1646,80,1678,4
1978,5,Renault,1358,86,1534,7
1978,5,Shadow,1559,80,1373,11
1978,5,Surtees,1392,80,1193,13
1978,5,Tyrrell,1751,80,1947,0
1978,5,Williams,1482,80,1463,9
1978,5,Wolf,1558,80,1766,2
1978,6,ATS,1523,89,1586,7
1978,6,Arrows,1560,94,1349,13
1978,6,Brabham,1600,80,1287,14
1978,6,Ensign,1448,80,1544,8
1978,6,Ferrari,1789,80,1864,1
1978,6,Fittipaldi,1465,80,1180,15
1978,6,Ford,1766,80,1956,0
1978,6,Ligier,1582,80,1779,2
1978,6,Martini,1634,171,1659,5
1978,6,McLaren,1657,80,1692,4
1978,6,Renault,1373,84,1424,11
1978,6,Shadow,1541,80,1481,10
1978,6,Surtees,1418,80,1506,9
1978,6,Tyrrell,1750,80,1746,3
1978,6,Williams,1512,80,1621,6
1978,6,Wolf,1522,80,1397,12
1978,7,ATS,1532,86,1560,7
1978,7,Arrows,1520,89,1409,11
1978,7,Brabham,1634,80,1725,3
1978,7,Ensign,1414,80,1289,13
1978,7,Ferrari,1739,80,1539,8
1978,7,Fittipaldi,1407,80,1195,14
1978,7,Ford,1809,80,1959,0
1978,7,Ligier,1635,80,1842,1
1978,7,McLaren,1663,80,1685,4
1978,7,Renault,1387,83,1436,10
1978,7,Shadow,1505,80,1359,12
1978,7,Surtees,1460,80,1628,5
1978,7,Tyrrell,1704,80,1500,9
1978,7,Williams,1530,80,1595,6
1978,7,Wolf,1573,80,1773,2
1978,8,ATS,1529,84,1518,8
1978,8,Arrows,1585,86,1839,1
1978,8,Brabham,1695,80,1943,0
1978,8,Ferrari,1700,80,1571,7
1978,8,Fittipaldi,1459,80,1626,5
1978,8,Ford,1807,80,1799,2
1978,8,Ligier,1627,80,1602,6
1978,8,McLaren,1677,80,1730,3
1978,8,Merzario,1262,100,1457,9
1978,8,Renault,1373,82,1321,12
1978,8,Shadow,1540,80,1673,4
1978,8,Surtees,1403,80,1144,14
1978,8,Tyrrell,1647,80,1400,11
1978,8,Williams,1510,80,1438,10
1978,8,Wolf,1512,80,1265,13
1978,9,ATS,1513,83,1457,10
1978,9,Arrows,1593,84,1613,6
1978,9,Brabham,1719,80,1792,2
1978,9,Ferrari,1659,80,1509,9
1978,9,Fittipaldi,1420,80,1301,13
1978,9,Ford,1841,80,1971,0
1978,9,Ligier,1633,80,1653,5
1978,9,Martini,1532,130,1419,11
1978,9,McLaren,1711,80,1855,1
1978,9,Renault,1338,81,1192,14
1978,9,Shadow,1539,80,1536,8
1978,9,Surtees,1392,80,1359,12
1978,9,Tyrrell,1631,80,1581,7
1978,9,Williams,1552,80,1729,3
1978,9,Wolf,1555,80,1685,4
1978,10,ATS,1524,82,1565,7
1978,10,Arrows,1570,83,1498,9
1978,10,Brabham,1750,80,1859,1
1978,10,Ensign,1390,80,1307,13
1978,10,Ferrari,1716,80,1953,0
1978,10,Fittipaldi,1416,80,1404,11
1978,10,Ford,1775,80,1255,14
1978,10,Ligier,1628,80,1611,6
1978,10,McLaren,1708,80,1696,4
1978,10,Merzario,1289,94,1344,12
1978,10,Renault,1374,81,1518,8
1978,10,Shadow,1577,80,1727,3
1978,10,Surtees,1441,80,1634,5
1978,10,Tyrrell,1665,80,1785,2
1978,10,Williams,1491,80,1147,15
1978,10,Wolf,1530,80,1457,10
1978,11,ATS,1483,81,1292,13
1978,11,Arrows,1570,82,1570,7
1978,11,Brabham,1730,80,1660,5
1978,11,Ensign,1418,80,1519,8
1978,11,Ferrari,1691,80,1618,6
1978,11,Fittipaldi,1472,80,1724,3
1978,11,Ford,1821,80,1963,0
1978,11,Ligier,1660,80,1786,2
1978,11,McLaren,1669,80,1502,9
1978,11,Renault,1367,81,1341,12
1978,11,Shadow,1518,80,1198,14
1978,11,Surtees,1430,80,1399,11
1978,11,Tyrrell,1672,80,1694,4
1978,11,Williams,1480,80,1447,10
1978,11,Wolf,1588,80,1845,1
1978,12,Arrows,1513,81,1203,14
1978,12,Brabham,1706,80,1621,6
1978,12,Ensign,1414,80,1402,11
1978,12,Ferrari,1715,80,1794,2
1978,12,Fittipaldi,1527,80,1728,3
1978,12,Ford,1857,80,1975,0
1978,12,Ligier,1668,80,1695,4
1978,12,Martini,1532,111,1533,8
1978,12,McLaren,1649,80,1579,7
1978,12,Renault,1362,80,1346,12
1978,12,Shadow,1512,80,1496,9
1978,12,Surtees,1473,80,1639,5
1978,12,Tyrrell,1709,80,1856,1
1978,12,Williams,1439,80,1294,13
1978,12,Wolf,1557,80,1461,10
1978,13,Arrows,1449,81,1161,15
1978,13,Brabham,1739,80,1866,1
1978,13,Ensign,1382,80,1253,14
1978,13,Ferrari,1723,80,1748,3
1978,13,Fittipaldi,1582,80,1787,2
1978,13,Ford,1887,80,1991,0
1978,13,Ligier,1674,80,1698,4
1978,13,Martini,1533,100,1536,8
1978,13,McLaren,1651,80,1656,5
1978,13,Merzario,1338,89,1485,9
1978,13,Renault,1372,80,1409,11
1978,13,Shadow,1526,80,1570,7
1978,13,Surtees,1470,80,1459,10
1978,13,Tyrrell,1650,80,1334,13
1978,13,Williams,1423,80,1372,12
1978,13,Wolf,1570,80,1610,6
1978,14,Arrows,1431,81,1381,11
1978,14,Brabham,1785,80,1975,0
1978,14,Ensign,1422,80,1587,6
1978,14,Ferrari,1754,80,1870,1
1978,14,Fittipaldi,1597,80,1641,5
1978,14,Ford,1849,80,1711,4
1978,14,Ligier,1698,80,1795,2
1978,14,McLaren,1669,80,1738,3
1978,14,Merzario,1333,86,1317,12
1978,14,Renault,1349,80,1257,13
1978,14,Shadow,1505,80,1434,10
1978,14,Surtees,1417,80,1169,14
1978,14,Tyrrell,1628,80,1566,7
1978,14,Williams,1433,80,1467,9
1978,14,Wolf,1558,80,1520,8
1978,15,ATS,1439,81,1261,14
1978,15,Arrows,1416,80,1371,12
1978,15,Brabham,1716,80,1172,15
1978,15,Ensign,1461,80,1608,6
1978,15,Ferrari,1798,80,1984,0
1978,15,Fittipaldi,1620,80,1702,4
1978,15,Ford,1785,80,1435,11
1978,15,Ligier,1663,80,1514,9
1978,15,Martini,1545,94,1577,7
1978,15,McLaren,1668,80,1665,5
1978,15,Merzario,1327,84,1310,13
1978,15,Renault,1404,80,1739,3
1978,15,Shadow,1496,80,1462,10
1978,15,Tyrrell,1609,80,1548,8
1978,15,Williams,1492,80,1864,1
1978,15,Wolf,1604,80,1800,2
1978,16,ATS,1440,81,1443,10
1978,16,Arrows,1476,80,1780,2
1978,16,Brabham,1671,80,1542,8
1978,16,Ensign,1506,80,1682,4
1978,16,Ferrari,1835,80,1973,0
1978,16,Fittipaldi,1559,80,1203,14
1978,16,Ford,1736,80,1584,7
1978,16,Ligier,1616,80,1415,11
1978,16,McLaren,1665,80,1655,5
1978,16,Renault,1422,80,1481,9
1978,16,Shadow,1457,80,1292,13
1978,16,Surtees,1400,80,1347,12
1978,16,Tyrrell,1637,80,1736,3
1978,16,Williams,1519,80,1602,6
1978,16,Wolf,1653,80,1853,1
1979,1,ATS,1391,80,1168,14
1979,1,Alfa Romeo,1373,80,1323,12
1979,1,Arrows,1511,80,1617,5
1979,1,Ensign,1515,80,1542,7
1979,1,Ferrari,1779,80,1523,8
1979,1,Fittipaldi,1596,80,1710,3
1979,1,Ford,1765,80,1848,1
1979,1,Ligier,1674,80,1937,0
1979,1,McLaren,1687,80,1772,2
1979,1,Merzario,1310,83,1251,13
1979,1,Renault,1412,80,1376,11
1979,1,Shadow,1497,80,1658,4
1979,1,Tyrrell,1596,80,1435,10
1979,1,Williams,1534,80,1581,6
1979,1,Wolf,1613,80,1477,9
1979,2,ATS,1382,80,1353,11
1979,2,Alfa Romeo,1335,80,1188,13
1979,2,Arrows,1547,80,1663,4
1979,2,Ensign,1503,80,1462,9
1979,2,Ferrari,1767,80,1733,3
1979,2,Fittipaldi,1584,80,1549,7
1979,2,Ford,1785,80,1850,1
1979,2,Ligier,1730,80,1938,0
1979,2,McLaren,1676,80,1636,5
1979,2,Renault,1445,80,1575,6
1979,2,Shadow,1498,80,1502,8
1979,2,Tyrrell,1634,80,1767,2
1979,2,Williams,1509,80,1419,10
1979,2,Wolf,1555,80,1307,12
1979,3,ATS,1377,80,1362,10
1979,3,Alfa Romeo,1395,80,1699,3
1979,3,Arrows,1542,80,1527,7
1979,3,Ferrari,1807,80,1953,0
1979,3,Fittipaldi,1562,80,1486,8
1979,3,Ford,1786,80,1787,2
1979,3,Ligier,1658,80,1319,11
1979,3,McLaren,1657,80,1582,6
1979,3,Renault,1441,80,1425,9
1979,3,Shadow,1447,80,1207,12
1979,3,Tyrrell,1676,80,1837,1
1979,3,Williams,1531,80,1611,5
1979,3,Wolf,1582,80,1660,4
1979,4,ATS,1386,80,1417,10
1979,4,Alfa Romeo,1439,80,1577,6
1979,4,Arrows,1544,80,1549,7
1979,4,Ensign,1504,80,1507,8
1979,4,Ferrari,1842,80,1965,0
1979,4,Fittipaldi,1525,80,1387,11
1979,4,Ford,1787,80,1792,2
1979,4,Ligier,1677,80,1724,3
1979,4,McLaren,1623,80,1479,9
1979,4,Merzario,1310,82,1312,12
1979,4,Renault,1392,80,1164,14
1979,4,Shadow,1486,80,1620,5
1979,4,Tyrrell,1677,80,1680,4
1979,4,Williams,1583,80,1836,1
1979,4,Wolf,1523,80,1271,13
1979,5,ATS,1393,80,1420,9
1979,5,Alfa Romeo,1422,80,1373,10
1979,5,Arrows,1568,80,1657,4
1979,5,Ferrari,1831,80,1796,2
1979,5,Fittipaldi,1535,80,1567,6
1979,5,Ford,1803,80,1860,1
1979,5,Ligier,1733,80,1950,0
1979,5,McLaren,1595,80,1489,8
1979,5,Renault,1436,80,1601,5
1979,5,Shadow,1494,80,1521,7
1979,5,Tyrrell,1687,80,1719,3
1979,5,Williams,1530,80,1320,11
1979,5,Wolf,1462,80,1217,12
1979,6,ATS,1425,80,1555,6
1979,6,Alfa Romeo,1395,80,1304,11
1979,6,Arrows,1587,80,1659,4
1979,6,Ferrari,1862,80,1977,0
1979,6,Fittipaldi,1532,80,1523,7
1979,6,Ford,1788,80,1735,3
1979,6,Ligier,1763,80,1857,1
1979,6,McLaren,1600,80,1615,5
1979,6,Renault,1388,80,1208,12
1979,6,Shadow,1490,80,1475,8
1979,6,Tyrrell,1706,80,1780,2
1979,6,Williams,1494,80,1380,10
1979,6,Wolf,1453,80,1426,9
1979,7,ATS,1414,80,1378,9
1979,7,Alfa Romeo,1426,80,1534,6
1979,7,Arrows,1590,80,1602,5
1979,7,Ferrari,1890,80,1991,0
1979,7,Fittipaldi,1492,80,1321,10
1979,7,Ford,1790,80,1795,2
1979,7,Ligier,1742,80,1673,4
1979,7,McLaren,1623,80,1710,3
1979,7,Renault,1411,80,1483,7
1979,7,Tyrrell,1661,80,1459,8
1979,7,Williams,1557,80,1843,1
1979,7,Wolf,1404,80,1213,11
1979,8,ATS,1374,80,1198,12
1979,8,Alfa Romeo,1411,80,1363,10
1979,8,Arrows,1568,80,1480,8
1979,8,Ferrari,1890,80,1891,1
1979,8,Fittipaldi,1454,80,1305,11
1979,8,Ford,1747,80,1538,7
1979,8,Ligier,1727,80,1678,4
1979,8,McLaren,1612,80,1572,6
1979,8,Renault,1477,80,1956,0
1979,8,Shadow,1476,80,1423,9
1979,8,Tyrrell,1676,80,1722,3
1979,8,Williams,1609,80,1773,2
1979,8,Wolf,1448,80,1600,5
1979,9,Alfa Romeo,1372,80,1215,12
1979,9,Arrows,1542,80,1444,9
1979,9,Ensign,1500,80,1485,8
1979,9,Ferrari,1852,80,1693,4
1979,9,Fittipaldi,1425,80,1318,11
1979,9,Ford,1713,80,1590,6
1979,9,Ligier,1706,80,1634,5
1979,9,McLaren,1634,80,1719,3
1979,9,Renault,1546,80,1842,1
1979,9,Shadow,1486,80,1525,7
1979,9,Tyrrell,1699,80,1783,2
1979,9,Williams,1674,80,1956,0
1979,9,Wolf,1431,80,1381,10
1979,10,ATS,1336,80,1188,12
1979,10,Alfa Romeo,1402,80,1509,7
1979,10,Arrows,1567,80,1661,4
1979,10,Ferrari,1840,80,1801,2
1979,10,Fittipaldi,1397,80,1295,11
1979,10,Ford,1664,80,1440,9
1979,10,Ligier,1737,80,1851,1
1979,10,McLaren,1652,80,1718,3
1979,10,Renault,1501,80,1374,10
1979,10,Shadow,1503,80,1564,6
1979,10,Tyrrell,1684,80,1629,5
1979,10,Williams,1733,80,1951,0
1979,10,Wolf,1440,80,1467,8
1979,11,ATS,1349,80,1390,10
1979,11,Alfa Romeo,1439,80,1575,6
1979,11,Arrows,1553,80,1503,8
1979,11,Ensign,1508,80,1539,7
1979,11,Ferrari,1848,80,1877,1
1979,11,Fittipaldi,1356,80,1178,13
1979,11,Ford,1608,80,1363,11
1979,11,Ligier,1749,80,1794,2
1979,11,McLaren,1649,80,1637,5
1979,11,Renault,1553,80,1718,3
1979,11,Shadow,1492,80,1454,9
1979,11,Tyrrell,1684,80,1685,4
1979,11,Williams,1783,80,1962,0
1979,11,Wolf,1407,80,1282,12
1979,12,ATS,1333,80,1278,11
1979,12,Alfa Romeo,1489,80,1711,3
1979,12,Arrows,1576,80,1665,4
1979,12,Ferrari,1856,80,1881,1
1979,12,Fittipaldi,1320,80,1178,12
1979,12,Ford,1612,80,1622,5
1979,12,Ligier,1759,80,1795,2
1979,12,McLaren,1603,80,1376,10
1979,12,Renault,1521,80,1427,9
1979,12,Shadow,1498,80,1519,7
1979,12,Tyrrell,1663,80,1583,6
1979,12,Williams,1825,80,1974,0
1979,12,Wolf,1420,80,1463,8
1979,13,ATS,1375,80,1553,6
1979,13,Alfa Romeo,1518,80,1614,4
1979,13,Arrows,1566,80,1526,7
1979,13,Ferrari,1883,80,1995,0
1979,13,Fittipaldi,1373,80,1614,4
1979,13,Ford,1649,80,1783,2
1979,13,Ligier,1708,80,1437,9
1979,13,McLaren,1542,80,1195,12
1979,13,Renault,1509,80,1473,8
1979,13,Shadow,1460,80,1293,11
1979,13,Tyrrell,1677,80,1728,3
1979,13,Williams,1838,80,1883,1
1979,13,Wolf,1405,80,1355,10
1979,14,ATS,1336,80,1192,12
1979,14,Alfa Romeo,1518,80,1518,7
1979,14,Arrows,1522,80,1318,11
1979,14,Ferrari,1887,80,1900,1
1979,14,Fittipaldi,1431,80,1655,4
1979,14,Ford,1643,80,1625,5
1979,14,Ligier,1661,80,1484,8
1979,14,McLaren,1584,80,1719,3
1979,14,Rebaque,1433,171,1421,9
1979,14,Renault,1481,80,1384,10
1979,14,Shadow,1482,80,1560,6
1979,14,Tyrrell,1701,80,1794,2
1979,14,Williams,1872,80,2002,0
1979,15,ATS,1394,80,1661,4
1979,15,Alfa Romeo,1464,80,1194,13
1979,15,Arrows,1526,80,1539,7
1979,15,Ensign,1497,80,1454,9
1979,15,Ferrari,1913,80,2015,0
1979,15,Fittipaldi,1467,80,1573,6
1979,15,Ford,1600,80,1417,10
1979,15,Ligier,1598,80,1299,12
1979,15,McLaren,1595,80,1628,5
1979,15,Renault,1541,80,1860,1
1979,15,Shadow,1526,80,1720,3
1979,15,Tyrrell,1721,80,1799,2
1979,15,Williams,1814,80,1516,8
1979,15,Wolf,1393,80,1347,11
1980,1,ATS,1385,80,1360,8
1980,1,Alfa Romeo,1504,80,1644,3
1980,1,Arrows,1507,80,1438,7
1980,1,Ensign,1506,80,1539,5
1980,1,Ferrari,1864,80,1627,4
1980,1,Fittipaldi,1527,80,1809,0
1980,1,Ford,1643,80,1809,0
1980,1,Ligier,1573,80,1498,6
1980,1,Renault,1480,80,1234,10
1980,1,Team Lotus,1326,171,1293,9
1980,1,Tyrrell,1725,80,1738,2
1980,2,ATS,1419,80,1536,5
1980,2,Alfa Romeo,1477,80,1389,8
1980,2,Arrows,1526,80,1598,4
1980,2,Ensign,1459,80,1212,10
1980,2,Ferrari,1797,80,1333,9
1980,2,Fittipaldi,1520,80,1500,6
1980,2,Ford,1649,80,1668,3
1980,2,Ligier,1608,80,1724,2
1980,2,Renault,1554,80,1900,0
1980,2,Team Lotus,1545,130,1797,1
1980,2,Tyrrell,1680,80,1463,7
1980,3,ATS,1375,80,1209,12
1980,3,Alfa Romeo,1461,80,1411,9
1980,3,Arrows,1565,80,1730,2
1980,3,Ensign,1477,80,1538,6
1980,3,Ferrari,1722,80,1370,10
1980,3,Fittipaldi,1535,80,1585,5
1980,3,Ford,1658,80,1686,3
1980,3,Ligier,1651,80,1805,1
1980,3,Osella,1314,171,1279,11
1980,3,Renault,1631,80,1905,0
1980,3,Shadow,1511,80,1463,8
1980,3,Team Lotus,1523,111,1505,7
1980,3,Tyrrell,1671,80,1642,4
1980,4,ATS,1334,80,1189,11
1980,4,Alfa Romeo,1453,80,1423,8
1980,4,Arrows,1619,80,1886,0
1980,4,Ensign,1476,80,1475,7
1980,4,Ferrari,1726,80,1738,2
1980,4,Fittipaldi,1581,80,1785,1
1980,4,Ford,1652,80,1629,4
1980,4,Ligier,1657,80,1676,3
1980,4,Osella,1332,130,1352,9
1980,4,Renault,1603,80,1536,6
1980,4,Team Lotus,1449,100,1309,10
1980,4,Tyrrell,1652,80,1585,5
1980,5,ATS,1361,80,1446,7
1980,5,Alfa Romeo,1427,80,1330,9
1980,5,Arrows,1575,80,1417,8
1980,5,Ensign,1432,80,1229,10
1980,5,Ferrari,1715,80,1680,3
1980,5,Fittipaldi,1590,80,1616,4
1980,5,Ford,1626,80,1529,6
1980,5,Ligier,1702,80,1892,0
1980,5,Renault,1648,80,1787,1
1980,5,Team Lotus,1484,94,1558,5
1980,5,Tyrrell,1668,80,1726,2
1980,6,ATS,1388,80,1480,6
1980,6,Alfa Romeo,1411,80,1352,8
1980,6,Arrows,1621,80,1785,1
1980,6,Ferrari,1719,80,1733,2
1980,6,Fittipaldi,1606,80,1662,3
1980,6,Ford,1613,80,1564,5
1980,6,Ligier,1743,80,1900,0
1980,6,Renault,1602,80,1451,7
1980,6,Team Lotus,1517,89,1601,4
1980,6,Tyrrell,1613,80,1269,9
1980,7,ATS,1387,80,1386,8
1980,7,Alfa Romeo,1391,80,1315,9
1980,7,Arrows,1621,80,1620,4
1980,7,Ferrari,1710,80,1681,3
1980,7,Fittipaldi,1587,80,1519,6
1980,7,Ford,1648,80,1793,1
1980,7,Ligier,1779,80,1910,0
1980,7,Osella,1369,111,1440,7
1980,7,Renault,1632,80,1724,2
1980,7,Team Lotus,1454,86,1219,10
1980,7,Tyrrell,1602,80,1570,5
1980,8,ATS,1399,80,1439,7
1980,8,Alfa Romeo,1373,80,1305,9
1980,8,Arrows,1645,80,1730,2
1980,8,Ferrari,1704,80,1683,3
1980,8,Fittipaldi,1594,80,1617,4
1980,8,Ford,1695,80,1904,0
1980,8,Ligier,1730,80,1530,6
1980,8,Osella,1320,100,1192,10
1980,8,Renault,1618,80,1572,5
1980,8,Team Lotus,1435,84,1386,8
1980,8,Tyrrell,1643,80,1797,1
1980,9,ATS,1412,80,1464,7
1980,9,Alfa Romeo,1429,80,1791,1
1980,9,Arrows,1632,80,1587,5
1980,9,Ensign,1428,80,1414,8
1980,9,Ferrari,1701,80,1691,3
1980,9,Fittipaldi,1539,80,1195,11
1980,9,Ford,1707,80,1745,2
1980,9,Ligier,1772,80,1916,0
1980,9,Osella,1306,94,1268,10
1980,9,Renault,1570,80,1372,9
1980,9,Team Lotus,1477,83,1616,4
1980,9,Tyrrell,1618,80,1538,6
1980,10,ATS,1430,80,1497,6
1980,10,Alfa Romeo,1418,80,1384,8
1980,10,Arrows,1598,80,1465,7
1980,10,Ferrari,1686,80,1628,4
1980,10,Fittipaldi,1544,80,1561,5
1980,10,Ford,1714,80,1740,2
1980,10,Ligier,1783,80,1820,1
1980,10,Osella,1276,89,1180,10
1980,10,Renault,1630,80,1898,0
1980,10,Team Lotus,1518,82,1659,3
1980,10,Tyrrell,1566,80,1328,9
1980,11,ATS,1448,80,1516,6
1980,11,Alfa Romeo,1429,80,1467,7
1980,11,Arrows,1555,80,1376,9
1980,11,Ensign,1398,80,1290,10
1980,11,Ferrari,1676,80,1635,4
1980,11,Fittipaldi,1486,80,1195,11
1980,11,Ford,1721,80,1745,2
1980,11,Ligier,1793,80,1825,1
1980,11,Osella,1305,86,1402,8
1980,11,Renault,1689,80,1906,0
1980,11,Team Lotus,1531,81,1571,5
1980,11,Tyrrell,1592,80,1673,3
1980,12,ATS,1436,80,1391,8
1980,12,Alfa Romeo,1387,80,1211,10
1980,12,Arrows,1510,80,1330,9
1980,12,Ferrari,1666,80,1629,4
1980,12,Fittipaldi,1538,80,1724,2
1980,12,Ford,1758,80,1921,0
1980,12,Ligier,1772,80,1696,3
1980,12,Osella,1344,84,1492,6
1980,12,Renault,1660,80,1579,5
1980,12,Team Lotus,1580,81,1799,1
1980,12,Tyrrell,1563,80,1466,7
1980,13,Alfa Romeo,1368,80,1305,9
1980,13,Arrows,1509,80,1506,6
1980,13,Ensign,1408,80,1439,7
1980,13,Ferrari,1680,80,1736,2
1980,13,Fittipaldi,1556,80,1611,4
1980,13,Ford,1772,80,1821,1
1980,13,Ligier,1804,80,1927,0
1980,13,Osella,1311,83,1193,10
1980,13,Renault,1607,80,1404,8
1980,13,Team Lotus,1576,81,1564,5
1980,13,Tyrrell,1587,80,1666,3
1980,14,ATS,1477,80,1666,3
1980,14,Alfa Romeo,1364,80,1348,9
1980,14,Arrows,1490,80,1422,8
1980,14,Ensign,1365,80,1181,11
1980,14,Ferrari,1653,80,1537,6
1980,14,Fittipaldi,1569,80,1613,4
1980,14,Ford,1740,80,1613,4
1980,14,Ligier,1833,80,1944,0
1980,14,Osella,1301,82,1269,10
1980,14,Renault,1639,80,1739,2
1980,14,Team Lotus,1620,80,1808,1
1980,14,Tyrrell,1563,80,1481,7
1981,1,ATS,1457,80,1388,9
1981,1,Alfa Romeo,1424,80,1912,0
1981,1,Arrows,1458,80,1330,10
1981,1,Ensign,1400,80,1526,6
1981,1,Ferrari,1623,80,1504,7
1981,1,Fittipaldi,1595,80,1691,3
1981,1,Ford,1711,80,1607,5
1981,1,Ligier,1776,80,1461,8
1981,1,Osella,1286,81,1235,11
1981,1,Renault,1641,80,1646,4
1981,1,Team Lotus,1555,80,1156,12
1981,1,Theodore,1510,130,1741,2
1981,1,Tyrrell,1610,80,1811,1
1981,2,Alfa Romeo,1419,80,1405,8
1981,2,Arrows,1518,80,1891,0
1981,2,Ensign,1459,80,1786,1
1981,2,Ferrari,1577,80,1356,9
1981,2,Fittipaldi,1591,80,1574,5
1981,2,Ford,1694,80,1633,4
1981,2,Ligier,1754,80,1691,3
1981,2,Renault,1581,80,1254,10
1981,2,Team Lotus,1597,80,1724,2
1981,2,Theodore,1515,111,1520,6
1981,2,Tyrrell,1580,80,1481,7
1981,3,ATS,1481,80,1572,5
1981,3,Alfa Romeo,1461,80,1613,4
1981,3,Arrows,1554,80,1665,3
1981,3,Ensign,1409,80,1232,11
1981,3,Ferrari,1559,80,1498,7
1981,3,Fittipaldi,1554,80,1405,9
1981,3,Ford,1717,80,1800,1
1981,3,Ligier,1691,80,1347,10
1981,3,Renault,1642,80,1887,0
1981,3,Team Lotus,1628,80,1724,2
1981,3,Theodore,1490,100,1448,8
1981,3,Tyrrell,1571,80,1540,6
1981,4,ATS,1497,80,1555,6
1981,4,Alfa Romeo,1433,80,1342,11
1981,4,Arrows,1616,80,1888,0
1981,4,Ensign,1459,80,1627,4
1981,4,Ferrari,1594,80,1729,2
1981,4,Fittipaldi,1505,80,1284,12
1981,4,Ford,1736,80,1808,1
1981,4,Ligier,1652,80,1532,7
1981,4,March,1483,80,1480,8
1981,4,Osella,1305,81,1376,10
1981,4,Renault,1654,80,1687,3
1981,4,Team Lotus,1560,80,1186,13
1981,4,Theodore,1521,94,1593,5
1981,4,Tyrrell,1544,80,1446,9
1981,5,Alfa Romeo,1458,80,1543,5
1981,5,Arrows,1545,80,1227,10
1981,5,Ensign,1469,80,1497,6
1981,5,Ferrari,1619,80,1708,2
1981,5,Fittipaldi,1479,80,1395,8
1981,5,Ford,1712,80,1618,4
1981,5,Ligier,1702,80,1881,0
1981,5,Osella,1331,81,1430,7
1981,5,Renault,1594,80,1335,9
1981,5,Team Lotus,1612,80,1772,1
1981,5,Tyrrell,1567,80,1649,3
1981,6,Alfa Romeo,1467,80,1494,6
1981,6,Arrows,1482,80,1284,9
1981,6,Ensign,1506,80,1643,3
1981,6,Ferrari,1667,80,1877,0
1981,6,Ford,1691,80,1616,4
1981,6,Ligier,1724,80,1788,1
1981,6,Renault,1559,80,1454,7
1981,6,Team Lotus,1559,80,1389,8
1981,6,Theodore,1529,89,1550,5
1981,6,Tyrrell,1596,80,1706,2
1981,7,Alfa Romeo,1505,80,1660,3
1981,7,Arrows,1426,80,1239,11
1981,7,Ensign,1493,80,1450,8
1981,7,Ferrari,1712,80,1892,0
1981,7,Fittipaldi,1491,80,1532,6
1981,7,Ford,1679,80,1634,4
1981,7,Ligier,1743,80,1802,1
1981,7,March,1465,80,1397,9
1981,7,Renault,1564,80,1580,5
1981,7,Team Lotus,1599,80,1719,2
1981,7,Theodore,1520,86,1495,7
1981,7,Tyrrell,1549,80,1344,10
1981,8,Alfa Romeo,1530,80,1619,4
1981,8,Arrows,1441,80,1485,7
1981,8,Ensign,1445,80,1236,11
1981,8,Ferrari,1724,80,1759,1
1981,8,Fittipaldi,1458,80,1332,10
1981,8,Ford,1696,80,1759,1
1981,8,Ligier,1691,80,1462,8
1981,8,March,1450,80,1392,9
1981,8,Renault,1621,80,1889,0
1981,8,Team Lotus,1618,80,1673,3
1981,8,Theodore,1533,84,1577,5
1981,8,Tyrrell,1547,80,1538,6
1981,9,ATS,1532,80,1673,3
1981,9,Alfa Romeo,1506,80,1420,9
1981,9,Arrows,1455,80,1499,7
1981,9,Ferrari,1660,80,1211,12
1981,9,Fittipaldi,1437,80,1362,10
1981,9,Ford,1735,80,1906,0
1981,9,Ligier,1719,80,1807,1
1981,9,March,1483,80,1625,4
1981,9,Osella,1376,80,1576,5
1981,9,Renault,1604,80,1555,6
1981,9,Team Lotus,1560,80,1308,11
1981,9,Theodore,1519,83,1466,8
1981,9,Tyrrell,1584,80,1729,2
1981,10,ATS,1489,80,1312,11
1981,10,Alfa Romeo,1515,80,1547,6
1981,10,Arrows,1457,80,1462,8
1981,10,Ensign,1426,80,1367,10
1981,10,Ferrari,1623,80,1519,7
1981,10,Ford,1725,80,1693,3
1981,10,Ligier,1740,80,1810,1
1981,10,March,1436,80,1211,12
1981,10,Osella,1417,80,1578,5
1981,10,Renault,1660,80,1895,0
1981,10,Team Lotus,1579,80,1632,4
1981,10,Theodore,1499,82,1424,9
1981,10,Tyrrell,1616,80,1730,2
1981,11,ATS,1483,80,1463,8
1981,11,Alfa Romeo,1513,80,1507,7
1981,11,Arrows,1448,80,1416,9
1981,11,Ensign,1412,80,1362,10
1981,11,Ferrari,1627,80,1639,4
1981,11,Ford,1730,80,1748,2
1981,11,Ligier,1776,80,1916,0
1981,11,March,1460,80,1541,6
1981,11,Osella,1452,80,1581,5
1981,11,Renault,1695,80,1806,1
1981,11,Team Lotus,1603,80,1681,3
1981,11,Theodore,1451,81,1210,12
1981,11,Tyrrell,1562,80,1314,11
1981,12,ATS,1488,80,1504,7
1981,12,Alfa Romeo,1503,80,1465,8
1981,12,Arrows,1483,80,1627,4
1981,12,Ensign,1460,80,1674,3
1981,12,Ferrari,1565,80,1217,12
1981,12,Ford,1736,80,1755,2
1981,12,Ligier,1715,80,1381,10
1981,12,March,1426,80,1302,11
1981,12,Osella,1443,80,1415,9
1981,12,Renault,1742,80,1918,0
1981,12,Team Lotus,1644,80,1808,1
1981,12,Theodore,1480,81,1584,5
1981,12,Tyrrell,1559,80,1551,6
1981,13,ATS,1440,80,1212,12
1981,13,Alfa Romeo,1529,80,1631,4
1981,13,Arrows,1471,80,1430,9
1981,13,Ensign,1426,80,1310,11
1981,13,Ferrari,1601,80,1713,2
1981,13,Ford,1731,80,1713,2
1981,13,Hart,1548,171,1557,6
1981,13,Ligier,1663,80,1493,8
1981,13,March,1446,80,1514,7
1981,13,Osella,1472,80,1582,5
1981,13,Renault,1782,80,1929,0
1981,13,Team Lotus,1680,80,1814,1
1981,13,Tyrrell,1521,80,1384,10
1981,14,ATS,1434,80,1416,9
1981,14,Alfa Romeo,1567,80,1737,2
1981,14,Arrows,1425,80,1210,12
1981,14,Ensign,1398,80,1301,11
1981,14,Ferrari,1647,80,1810,1
1981,14,Ford,1725,80,1702,3
1981,14,Ligier,1720,80,1917,0
1981,14,March,1476,80,1585,5
1981,14,Osella,1450,80,1368,10
1981,14,Renault,1725,80,1482,8
1981,14,Team Lotus,1672,80,1648,4
1981,14,Theodore,1495,81,1546,6
1981,14,Tyrrell,1518,80,1509,7
1981,15,Alfa Romeo,1613,80,1814,1
1981,15,Arrows,1443,80,1504,7
1981,15,Ensign,1400,80,1408,9
1981,15,Ferrari,1638,80,1609,5
1981,15,Fittipaldi,1461,80,1548,6
1981,15,Ford,1722,80,1709,3
1981,15,Hart,1464,130,1368,10
1981,15,Ligier,1704,80,1661,4
1981,15,Osella,1405,80,1207,12
1981,15,Renault,1773,80,1929,0
1981,15,Team Lotus,1691,80,1757,2
1981,15,Theodore,1458,80,1310,11
1981,15,Tyrrell,1507,80,1468,8
1982,1,ATS,1476,80,1647,4
1982,1,Alfa Romeo,1614,80,1616,5
1982,1,BMW,1275,171,1248,12
1982,1,Ferrari,1597,80,1445,9
1982,1,Fittipaldi,1464,80,1476,8
1982,1,Ford,1745,80,1839,1
1982,1,Hart,1412,111,1323,11
1982,1,Ligier,1646,80,1397,10
1982,1,March,1495,80,1562,6
1982,1,Osella,1359,80,1181,13
1982,1,Renault,1813,80,1948,0
1982,1,Team Lotus,1696,80,1715,3
1982,1,Theodore,1472,80,1518,7
1982,1,Tyrrell,1552,80,1754,2
1982,2,ATS,1520,80,1694,3
1982,2,Alfa Romeo,1559,80,1283,12
1982,2,Arrows,1450,80,1475,8
1982,2,BMW,1347,130,1425,9
1982,2,Ferrari,1611,80,1655,4
1982,2,Fittipaldi,1449,80,1395,10
1982,2,Ford,1721,80,1624,5
1982,2,Ligier,1586,80,1353,11
1982,2,March,1509,80,1562,6
1982,2,Osella,1394,80,1511,7
1982,2,Renault,1845,80,1956,0
1982,2,Team Lotus,1724,80,1835,1
1982,2,Theodore,1420,80,1169,13
1982,2,Tyrrell,1595,80,1754,2
1982,3,ATS,1460,80,1180,13
1982,3,Alfa Romeo,1552,80,1529,7
1982,3,Arrows,1457,80,1479,8
1982,3,BMW,1473,111,1826,1
1982,3,Ensign,1407,80,1432,9
1982,3,Ferrari,1612,80,1615,5
1982,3,Ford,1762,80,1943,0
1982,3,Ligier,1582,80,1571,6
1982,3,March,1537,80,1651,4
1982,3,Osella,1392,80,1386,10
1982,3,Renault,1777,80,1289,12
1982,3,Team Lotus,1723,80,1719,3
1982,3,Theodore,1400,80,1336,11
1982,3,Tyrrell,1632,80,1763,2
1982,4,ATS,1479,80,1531,3
1982,4,Alfa Romeo,1500,80,1279,6
1982,4,Ferrari,1653,80,1831,0
1982,4,Hart,1425,100,1452,4
1982,4,Osella,1433,80,1601,2
1982,4,Renault,1699,80,1409,5
1982,4,Tyrrell,1651,80,1718,1
1982,5,ATS,1438,80,1299,12
1982,5,Alfa Romeo,1489,80,1455,9
1982,5,Arrows,1487,80,1609,5
1982,5,BMW,1564,100,1699,3
1982,5,Ferrari,1591,80,1212,13
1982,5,Fittipaldi,1487,80,1651,4
1982,5,Ford,1798,80,1938,0
1982,5,Hart,1406,94,1354,11
1982,5,Ligier,1632,80,1819,1
1982,5,March,1545,80,1575,6
1982,5,Osella,1446,80,1489,8
1982,5,Renault,1656,80,1548,7
1982,5,Team Lotus,1732,80,1768,2
1982,5,Tyrrell,1606,80,1421,10
1982,6,ATS,1423,80,1376,8
1982,6,Alfa Romeo,1536,80,1727,2
1982,6,Arrows,1491,80,1505,6
1982,6,BMW,1661,94,1911,0
1982,6,Ferrari,1640,80,1806,1
1982,6,Ford,1745,80,1505,6
1982,6,Ligier,1569,80,1296,9
1982,6,Renault,1649,80,1630,4
1982,6,Team Lotus,1724,80,1692,3
1982,6,Tyrrell,1598,80,1574,5
1982,7,ATS,1421,80,1413,10
1982,7,Alfa Romeo,1519,80,1467,9
1982,7,Arrows,1523,80,1655,4
1982,7,BMW,1566,89,1317,12
1982,7,Ensign,1397,80,1362,11
1982,7,Ferrari,1669,80,1760,2
1982,7,Fittipaldi,1499,80,1540,7
1982,7,Ford,1767,80,1835,1
1982,7,Ligier,1638,80,1915,0
1982,7,March,1576,80,1702,3
1982,7,Osella,1401,80,1209,13
1982,7,Renault,1634,80,1589,6
1982,7,Team Lotus,1686,80,1518,8
1982,7,Tyrrell,1604,80,1623,5
1982,8,ATS,1417,80,1403,10
1982,8,Alfa Romeo,1549,80,1653,4
1982,8,Arrows,1562,80,1727,2
1982,8,BMW,1660,86,1914,0
1982,8,Ensign,1387,80,1349,11
1982,8,Ferrari,1659,80,1625,5
1982,8,Ford,1757,80,1727,2
1982,8,Ligier,1622,80,1584,6
1982,8,March,1568,80,1540,7
1982,8,Osella,1374,80,1285,12
1982,8,Renault,1599,80,1465,9
1982,8,Team Lotus,1716,80,1826,1
1982,8,Theodore,1357,80,1188,13
1982,8,Tyrrell,1583,80,1504,8
1982,9,ATS,1450,80,1584,6
1982,9,Alfa Romeo,1567,80,1629,5
1982,9,Arrows,1593,80,1712,3
1982,9,BMW,1711,84,1832,1
1982,9,Ferrari,1708,80,1927,0
1982,9,Fittipaldi,1467,80,1344,12
1982,9,Ford,1762,80,1780,2
1982,9,Hart,1374,89,1270,13
1982,9,Ligier,1554,80,1189,14
1982,9,March,1558,80,1522,8
1982,9,Osella,1411,80,1545,7
1982,9,Renault,1559,80,1402,11
1982,9,Team Lotus,1667,80,1451,10
1982,9,Theodore,1382,80,1468,9
1982,9,Tyrrell,1602,80,1671,4
1982,10,Alfa Romeo,1588,80,1665,4
1982,10,Arrows,1592,80,1588,6
1982,10,BMW,1643,83,1430,10
1982,10,Ensign,1380,80,1355,11
1982,10,Ferrari,1754,80,1934,0
1982,10,Fittipaldi,1419,80,1201,13
1982,10,Ford,1780,80,1844,1
1982,10,Hart,1392,86,1451,9
1982,10,Ligier,1541,80,1508,8
1982,10,March,1556,80,1547,7
1982,10,Osella,1384,80,1292,12
1982,10,Renault,1592,80,1709,3
1982,10,Team Lotus,1691,80,1768,2
1982,10,Tyrrell,1607,80,1627,5
1982,11,ATS,1484,80,1614,5
1982,11,Alfa Romeo,1605,80,1667,4
1982,11,Arrows,1581,80,1543,7
1982,11,BMW,1580,82,1404,10
1982,11,Ferrari,1776,80,1847,1
1982,11,Ford,1769,80,1731,3
1982,11,Hart,1402,84,1435,9
1982,11,Ligier,1530,80,1496,8
1982,11,March,1516,80,1332,11
1982,11,Osella,1348,80,1212,12
1982,11,Renault,1650,80,1929,0
1982,11,Team Lotus,1669,80,1592,6
1982,11,Tyrrell,1638,80,1766,2
1982,12,ATS,1442,80,1276,13
1982,12,Alfa Romeo,1629,80,1720,3
1982,12,Arrows,1601,80,1674,4
1982,12,BMW,1524,81,1346,12
1982,12,Ensign,1417,80,1582,6
1982,12,Ferrari,1812,80,1953,0
1982,12,Fittipaldi,1431,80,1470,9
1982,12,Ford,1745,80,1648,5
1982,12,Hart,1424,83,1508,8
1982,12,Ligier,1509,80,1439,10
1982,12,March,1490,80,1394,11
1982,12,Osella,1310,80,1163,14
1982,12,Renault,1694,80,1839,1
1982,12,Team Lotus,1646,80,1564,7
1982,12,Tyrrell,1666,80,1774,2
1982,13,ATS,1440,80,1433,10
1982,13,Alfa Romeo,1571,80,1194,14
1982,13,Arrows,1617,80,1678,4
1982,13,BMW,1522,81,1518,8
1982,13,Ensign,1400,80,1338,12
1982,13,Ferrari,1797,80,1744,3
1982,13,Fittipaldi,1471,80,1626,5
1982,13,Ford,1754,80,1789,2
1982,13,Hart,1417,82,1389,11
1982,13,Ligier,1564,80,1837,1
1982,13,March,1450,80,1283,13
1982,13,Renault,1672,80,1606,6
1982,13,Team Lotus,1697,80,1944,0
1982,13,Theodore,1402,80,1469,9
1982,13,Tyrrell,1645,80,1566,7
1982,14,ATS,1468,80,1573,6
1982,14,Alfa Romeo,1584,80,1624,5
1982,14,Arrows,1602,80,1546,7
1982,14,BMW,1573,81,1765,2
1982,14,Ensign,1374,80,1274,12
1982,14,Ferrari,1734,80,1192,13
1982,14,Ford,1777,80,1865,0
1982,14,Hart,1412,81,1396,10
1982,14,Ligier,1548,80,1500,8
1982,14,March,1427,80,1346,11
1982,14,Osella,1338,80,1434,9
1982,14,Renault,1713,80,1865,0
1982,14,Team Lotus,1704,80,1725,3
1982,14,Tyrrell,1651,80,1674,4
1982,15,ATS,1493,80,1582,6
1982,15,Alfa Romeo,1576,80,1551,7
1982,15,Arrows,1575,80,1468,9
1982,15,BMW,1516,80,1297,12
1982,15,Ensign,1380,80,1400,10
1982,15,Ferrari,1763,80,1851,1
1982,15,Fittipaldi,1478,80,1500,8
1982,15,Ford,1761,80,1701,3
1982,15,Hart,1372,81,1184,13
1982,15,Ligier,1582,80,1701,3
1982,15,Osella,1338,80,1341,11
1982,15,Renault,1761,80,1946,0
1982,15,Team Lotus,1690,80,1642,5
1982,15,Tyrrell,1677,80,1777,2
1982,16,ATS,1505,80,1548,7
1982,16,Alfa Romeo,1590,80,1635,5
1982,16,Arrows,1597,80,1678,4
1982,16,BMW,1472,80,1330,12
1982,16,Ensign,1354,80,1253,13
1982,16,Ferrari,1698,80,1393,11
1982,16,Ford,1768,80,1795,2
1982,16,Hart,1391,81,1458,9
1982,16,Ligier,1633,80,1844,1
1982,16,March,1460,80,1584,6
1982,16,Osella,1301,80,1149,14
1982,16,Renault,1756,80,1742,3
1982,16,Team Lotus,1644,80,1438,10
1982,16,Theodore,1424,80,1501,8
1982,16,Tyrrell,1723,80,1950,0
1983,1,ATS,1486,80,1416,10
1983,1,Alfa Romeo,1539,80,1291,12
1983,1,Arrows,1625,80,1734,3
1983,1,BMW,1544,80,1934,0
1983,1,Ferrari,1727,80,1805,2
1983,1,Ford,1745,80,1652,5
1983,1,Hart,1427,80,1575,6
1983,1,Ligier,1578,80,1367,11
1983,1,Osella,1269,80,1148,13
1983,1,Porsche,1827,171,1878,1
1983,1,RAM,1459,171,1451,9
1983,1,Renault,1743,80,1699,4
1983,1,Team Lotus,1622,80,1551,7
1983,1,Theodore,1437,80,1484,8
1983,2,ATS,1441,80,1236,12
1983,2,Alfa Romeo,1518,80,1452,9
1983,2,Arrows,1658,80,1791,2
1983,2,BMW,1557,80,1588,6
1983,2,Ferrari,1761,80,1874,1
1983,2,Ford,1735,80,1701,3
1983,2,Hart,1417,80,1385,10
1983,2,Ligier,1593,80,1635,5
1983,2,Porsche,1911,130,2010,0
1983,2,RAM,1394,130,1319,11
1983,2,Renault,1706,80,1561,7
1983,2,Team Lotus,1597,80,1507,8
1983,2,Theodore,1482,80,1701,3
1983,3,ATS,1424,80,1365,10
1983,3,Alfa Romeo,1521,80,1531,7
1983,3,Arrows,1653,80,1635,5
1983,3,BMW,1618,80,1856,1
1983,3,Ferrari,1771,80,1802,2
1983,3,Ford,1736,80,1741,3
1983,3,Hart,1430,80,1473,8
1983,3,Ligier,1612,80,1675,4
1983,3,Osella,1298,80,1406,9
1983,3,Porsche,1772,111,1312,11
1983,3,Renault,1757,80,1977,0
1983,3,Team Lotus,1541,80,1205,12
1983,3,Theodore,1503,80,1573,6
1983,4,ATS,1455,80,1568,6
1983,4,Alfa Romeo,1544,80,1629,5
1983,4,Arrows,1670,80,1735,3
1983,4,BMW,1576,80,1452,9
1983,4,Ferrari,1810,80,1968,0
1983,4,Ford,1705,80,1568,6
1983,4,Hart,1418,80,1376,10
1983,4,Ligier,1628,80,1683,4
1983,4,Osella,1295,80,1285,11
1983,4,Porsche,1786,100,1803,2
1983,4,Renault,1783,80,1866,1
1983,4,Team Lotus,1530,80,1495,8
1983,4,Theodore,1451,80,1209,12
1983,5,ATS,1418,80,1276,9
1983,5,Alfa Romeo,1563,80,1630,4
1983,5,Arrows,1654,80,1591,5
1983,5,BMW,1643,80,1928,0
1983,5,Ferrari,1789,80,1715,3
1983,5,Ford,1724,80,1795,1
1983,5,Hart,1437,80,1508,6
1983,5,Ligier,1585,80,1400,8
1983,5,Renault,1786,80,1795,1
1983,5,Team Lotus,1515,80,1462,7
1983,6,ATS,1373,80,1195,12
1983,6,Alfa Romeo,1528,80,1386,10
1983,6,Arrows,1632,80,1549,7
1983,6,BMW,1682,80,1792,2
1983,6,Ferrari,1808,80,1877,1
1983,6,Ford,1717,80,1695,4
1983,6,Hart,1484,80,1723,3
1983,6,Ligier,1564,80,1495,8
1983,6,Osella,1292,80,1280,11
1983,6,Porsche,1690,94,1453,9
1983,6,Renault,1824,80,1978,0
1983,6,Team Lotus,1539,80,1628,5
1983,6,Theodore,1481,80,1576,6
1983,7,ATS,1354,80,1292,11
1983,7,Alfa Romeo,1519,80,1490,8
1983,7,Arrows,1643,80,1684,4
1983,7,BMW,1709,80,1795,2
1983,7,Ferrari,1750,80,1395,10
1983,7,Ford,1761,80,1968,0
1983,7,Hart,1505,80,1579,6
1983,7,Ligier,1558,80,1541,7
1983,7,Osella,1267,80,1170,12
1983,7,Porsche,1748,89,1865,1
1983,7,Renault,1788,80,1653,5
1983,7,Team Lotus,1576,80,1726,3
1983,7,Theodore,1470,80,1435,9
1983,8,ATS,1405,80,1625,5
1983,8,Alfa Romeo,1534,80,1589,6
1983,8,Arrows,1653,80,1692,4
1983,8,BMW,1675,80,1559,7
1983,8,Ferrari,1798,80,1972,0
1983,8,Ford,1765,80,1776,2
1983,8,Hart,1502,80,1493,8
1983,8,Ligier,1524,80,1385,10
1983,8,Osella,1244,80,1157,12
1983,8,Porsche,1757,86,1776,2
1983,8,Renault,1808,80,1878,1
1983,8,Team Lotus,1548,80,1447,9
1983,8,Theodore,1435,80,1302,11
1983,9,ATS,1400,80,1386,10
1983,9,Alfa Romeo,1557,80,1643,5
1983,9,Arrows,1626,80,1515,8
1983,9,BMW,1718,80,1878,1
1983,9,Ferrari,1804,80,1823,2
1983,9,Ford,1726,80,1570,7
1983,9,Hart,1456,80,1244,12
1983,9,Ligier,1540,80,1596,6
1983,9,Osella,1255,80,1295,11
1983,9,Porsche,1745,84,1711,4
1983,9,Renault,1846,80,1996,0
1983,9,Spirit,1142,171,1072,13
1983,9,Team Lotus,1588,80,1742,3
1983,9,Theodore,1437,80,1445,9
1983,10,Alfa Romeo,1607,80,1868,1
1983,10,Arrows,1629,80,1642,5
1983,10,BMW,1740,80,1810,2
1983,10,Ferrari,1844,80,1993,0
1983,10,Ford,1690,80,1552,7
1983,10,Hart,1430,80,1341,10
1983,10,Ligier,1550,80,1585,6
1983,10,Osella,1282,80,1386,9
1983,10,Porsche,1735,83,1704,4
1983,10,Renault,1828,80,1767,3
1983,10,Spirit,1172,130,1203,11
1983,10,Team Lotus,1524,80,1146,12
1983,10,Theodore,1444,80,1469,8
1983,11,ATS,1408,80,1436,9
1983,11,Alfa Romeo,1555,80,1336,11
1983,11,Arrows,1605,80,1510,8
1983,11,BMW,1757,80,1815,2
1983,11,Ferrari,1856,80,1899,1
1983,11,Ford,1639,80,1405,10
1983,11,Hart,1377,80,1127,13
1983,11,Ligier,1569,80,1639,5
1983,11,Osella,1331,80,1575,6
1983,11,Porsche,1728,82,1705,4
1983,11,Renault,1864,80,2000,0
1983,11,Spirit,1282,111,1527,7
1983,11,Team Lotus,1574,80,1738,3
1983,11,Theodore,1406,80,1245,12
1983,12,ATS,1390,80,1325,11
1983,12,Alfa Romeo,1597,80,1738,3
1983,12,Arrows,1613,80,1643,5
1983,12,BMW,1726,80,1609,6
1983,12,Ferrari,1888,80,2011,0
1983,12,Ford,1608,80,1505,8
1983,12,Hart,1444,80,1793,2
1983,12,Ligier,1564,80,1546,7
1983,12,Osella,1353,80,1427,9
1983,12,Porsche,1760,81,1887,1
1983,12,Renault,1799,80,1272,12
1983,12,Spirit,1406,100,1676,4
1983,12,Team Lotus,1502,80,1161,13
1983,12,Theodore,1401,80,1382,10
1983,13,ATS,1391,80,1392,10
1983,13,Alfa Romeo,1537,80,1287,12
1983,13,Arrows,1609,80,1595,6
1983,13,BMW,1774,80,1986,0
1983,13,Ferrari,1892,80,1906,1
1983,13,Ford,1585,80,1506,8
1983,13,Hart,1499,80,1675,4
1983,13,Ligier,1579,80,1635,5
1983,13,Osella,1372,80,1437,9
1983,13,Porsche,1702,81,1361,11
1983,13,Renault,1804,80,1818,2
1983,13,Spirit,1321,94,1170,13
1983,13,Team Lotus,1559,80,1731,3
1983,13,Theodore,1428,80,1532,7
1983,14,ATS,1433,80,1624,5
1983,14,Alfa Romeo,1584,80,1732,3
1983,14,Arrows,1597,80,1552,7
1983,14,BMW,1819,80,1993,0
1983,14,Ferrari,1844,80,1613,6
1983,14,Ford,1549,80,1404,10
1983,14,Hart,1543,80,1677,4
1983,14,Ligier,1545,80,1404,10
1983,14,Osella,1350,80,1270,12
1983,14,Porsche,1628,81,1190,13
1983,14,Renault,1825,80,1891,1
1983,14,Spirit,1361,89,1438,9
1983,14,Team Lotus,1613,80,1793,2
1983,14,Theodore,1442,80,1492,8
1983,15,ATS,1389,80,1210,12
1983,15,Alfa Romeo,1641,80,1866,1
1983,15,Arrows,1605,80,1635,5
1983,15,BMW,1858,80,1997,0
1983,15,Ferrari,1778,80,1408,10
1983,15,Ford,1584,80,1715,3
1983,15,Hart,1594,80,1790,2
1983,15,Ligier,1554,80,1585,6
1983,15,Osella,1339,80,1301,11
1983,15,Porsche,1605,80,1548,7
1983,15,RAM,1426,111,1484,8
1983,15,Renault,1800,80,1715,3
1983,15,Team Lotus,1574,80,1456,9
1984,1,ATS,1345,80,1177,13
1984,1,Alfa Romeo,1678,80,1798,2
1984,1,Arrows,1613,80,1644,5
1984,1,BMW,1799,80,1531,8
1984,1,Ferrari,1714,80,1482,9
1984,1,Ford,1608,80,1687,4
1984,1,Hart,1544,80,1367,11
1984,1,Ligier,1555,80,1557,7
1984,1,Osella,1352,80,1398,10
1984,1,Porsche,1673,80,1970,0
1984,1,RAM,1472,100,1590,6
1984,1,Renault,1790,80,1758,3
1984,1,Spirit,1335,86,1274,12
1984,1,Team Lotus,1633,80,1863,1
1984,2,ATS,1358,80,1400,10
1984,2,Alfa Romeo,1706,80,1798,2
1984,2,Arrows,1604,80,1567,7
1984,2,BMW,1725,80,1373,11
1984,2,Ferrari,1669,80,1531,8
1984,2,Ford,1579,80,1477,9
1984,2,Hart,1579,80,1688,4
1984,2,Ligier,1589,80,1735,3
1984,2,Osella,1316,80,1169,13
1984,2,Porsche,1738,80,1961,0
1984,2,RAM,1425,94,1285,12
1984,2,Renault,1809,80,1876,1
1984,2,Spirit,1393,84,1590,6
1984,2,Team Lotus,1638,80,1652,5
1984,3,ATS,1369,80,1405,10
1984,3,Alfa Romeo,1643,80,1303,12
1984,3,Arrows,1613,80,1651,5
1984,3,BMW,1696,80,1619,6
1984,3,Ferrari,1730,80,1959,0
1984,3,Ford,1604,80,1691,4
1984,3,Hart,1615,80,1737,3
1984,3,Ligier,1566,80,1479,9
1984,3,Osella,1285,80,1165,13
1984,3,Porsche,1663,80,1377,11
1984,3,RAM,1458,89,1554,7
1984,3,Renault,1824,80,1878,1
1984,3,Spirit,1423,83,1508,8
1984,3,Team Lotus,1672,80,1794,2
1984,4,ATS,1331,80,1177,13
1984,4,Alfa Romeo,1635,80,1615,6
1984,4,Arrows,1630,80,1694,4
1984,4,BMW,1642,80,1441,10
1984,4,Ferrari,1766,80,1866,1
1984,4,Ford,1560,80,1378,11
1984,4,Hart,1585,80,1486,9
1984,4,Ligier,1584,80,1649,5
1984,4,Osella,1281,80,1268,12
1984,4,Porsche,1734,80,1957,0
1984,4,RAM,1473,86,1517,8
1984,4,Renault,1810,80,1759,3
1984,4,Spirit,1454,82,1557,7
1984,4,Team Lotus,1700,80,1795,2
1984,5,ATS,1296,80,1166,13
1984,5,Alfa Romeo,1582,80,1378,11
1984,5,Arrows,1618,80,1575,7
1984,5,BMW,1657,80,1700,4
1984,5,Ferrari,1764,80,1757,3
1984,5,Ford,1576,80,1627,5
1984,5,Hart,1532,80,1301,12
1984,5,Ligier,1593,80,1627,5
1984,5,Osella,1323,80,1505,8
1984,5,Porsche,1792,80,1970,0
1984,5,RAM,1473,84,1473,9
1984,5,Renault,1825,80,1882,1
1984,5,Spirit,1446,81,1421,10
1984,5,Team Lotus,1722,80,1803,2
1984,6,ATS,1332,80,1465,7
1984,6,Alfa Romeo,1576,80,1558,6
1984,6,BMW,1612,80,1439,8
1984,6,Ferrari,1772,80,1800,2
1984,6,Ford,1596,80,1665,4
1984,6,Hart,1593,80,1850,1
1984,6,Ligier,1549,80,1349,9
1984,6,Osella,1374,80,1592,5
1984,6,Porsche,1836,80,1978,0
1984,6,Renault,1766,80,1235,10
1984,6,Team Lotus,1725,80,1735,3
1984,7,ATS,1387,80,1640,5
1984,7,Alfa Romeo,1575,80,1570,7
1984,7,Arrows,1601,80,1532,8
1984,7,BMW,1674,80,1968,0
1984,7,Ferrari,1770,80,1761,3
1984,7,Ford,1554,80,1383,11
1984,7,Hart,1620,80,1697,4
1984,7,Ligier,1503,80,1311,12
1984,7,Osella,1332,80,1190,13
1984,7,Porsche,1850,80,1892,1
1984,7,RAM,1500,83,1603,6
1984,7,Renault,1710,80,1496,9
1984,7,Spirit,1441,81,1425,10
1984,7,Team Lotus,1743,80,1810,2
1984,8,ATS,1346,80,1209,12
1984,8,Alfa Romeo,1540,80,1406,10
1984,8,Arrows,1592,80,1560,7
1984,8,BMW,1738,80,1971,0
1984,8,Ferrari,1757,80,1708,4
1984,8,Ford,1593,80,1737,3
1984,8,Hart,1584,80,1466,9
1984,8,Ligier,1503,80,1505,8
1984,8,Osella,1326,80,1304,11
1984,8,Porsche,1843,80,1822,2
1984,8,RAM,1520,82,1595,6
1984,8,Renault,1696,80,1657,5
1984,8,Team Lotus,1769,80,1877,1
1984,9,ATS,1409,80,1687,4
1984,9,Alfa Romeo,1485,80,1201,13
1984,9,Arrows,1596,80,1612,6
1984,9,BMW,1744,80,1760,3
1984,9,Ferrari,1798,80,1984,0
1984,9,Ford,1587,80,1570,7
1984,9,Hart,1570,80,1526,8
1984,9,Ligier,1475,80,1370,11
1984,9,Osella,1389,80,1794,2
1984,9,Porsche,1808,80,1675,5
1984,9,RAM,1511,81,1476,9
1984,9,Renault,1644,80,1439,10
1984,9,Spirit,1411,81,1295,12
1984,9,Team Lotus,1793,80,1886,1
1984,10,ATS,1359,80,1199,13
1984,10,Alfa Romeo,1481,80,1468,9
1984,10,Arrows,1581,80,1521,8
1984,10,BMW,1724,80,1661,5
1984,10,Ferrari,1779,80,1712,4
1984,10,Ford,1546,80,1378,11
1984,10,Hart,1615,80,1797,2
1984,10,Ligier,1492,80,1553,7
1984,10,Osella,1437,80,1590,6
1984,10,Porsche,1846,80,1990,0
1984,10,RAM,1472,81,1307,12
1984,10,Renault,1694,80,1870,1
1984,10,Spirit,1412,80,1415,10
1984,10,Team Lotus,1786,80,1762,3
1984,11,ATS,1412,80,1589,6
1984,11,Alfa Romeo,1497,80,1553,7
1984,11,Arrows,1537,80,1309,12
1984,11,BMW,1683,80,1529,8
1984,11,Ferrari,1775,80,1763,3
1984,11,Ford,1529,80,1473,9
1984,11,Hart,1551,80,1212,13
1984,11,Ligier,1531,80,1688,4
1984,11,Osella,1432,80,1416,10
1984,11,Porsche,1880,80,2001,0
1984,11,RAM,1449,81,1366,11
1984,11,Renault,1737,80,1878,1
1984,11,Spirit,1454,80,1637,5
1984,11,Team Lotus,1793,80,1820,2
1984,12,ATS,1446,80,1546,7
1984,12,Alfa Romeo,1518,80,1595,6
1984,12,Arrows,1577,80,1739,3
1984,12,BMW,1725,80,1880,1
1984,12,Ferrari,1785,80,1820,2
1984,12,Ford,1485,80,1295,12
1984,12,Hart,1531,80,1474,9
1984,12,Ligier,1564,80,1687,4
1984,12,Osella,1400,80,1295,12
1984,12,Porsche,1908,80,2013,0
1984,12,RAM,1487,80,1635,5
1984,12,Renault,1690,80,1529,8
1984,12,Spirit,1435,80,1370,11
1984,12,Team Lotus,1742,80,1440,10
1984,13,ATS,1413,80,1308,12
1984,13,Alfa Romeo,1509,80,1475,9
1984,13,Arrows,1546,80,1434,10
1984,13,BMW,1746,80,1814,2
1984,13,Ferrari,1748,80,1590,6
1984,13,Ford,1509,80,1590,6
1984,13,Hart,1473,80,1219,13
1984,13,Ligier,1592,80,1691,4
1984,13,Osella,1425,80,1507,8
1984,13,Porsche,1933,80,2023,0
1984,13,RAM,1520,80,1640,5
1984,13,Renault,1706,80,1753,3
1984,13,Spirit,1420,80,1371,11
1984,13,Team Lotus,1774,80,1887,1
1984,14,ATS,1460,80,1637,5
1984,14,Alfa Romeo,1558,80,1803,2
1984,14,Arrows,1549,80,1559,7
1984,14,BMW,1696,80,1487,9
1984,14,Ferrari,1779,80,1895,1
1984,14,Ford,1468,80,1311,12
1984,14,Hart,1530,80,1741,3
1984,14,Ligier,1533,80,1220,13
1984,14,Osella,1474,80,1686,4
1984,14,Porsche,1955,80,2037,0
1984,14,RAM,1499,80,1427,10
1984,14,Renault,1667,80,1529,8
1984,14,Spirit,1455,80,1592,6
1984,14,Team Lotus,1712,80,1388,11
1984,15,ATS,1409,80,1224,13
1984,15,Alfa Romeo,1596,80,1736,3
1984,15,Arrows,1560,80,1600,6
1984,15,BMW,1723,80,1807,2
1984,15,Ferrari,1803,80,1892,1
1984,15,Ford,1448,80,1382,11
1984,15,Hart,1481,80,1326,12
1984,15,Ligier,1570,80,1685,4
1984,15,Osella,1484,80,1516,8
1984,15,Porsche,1973,80,2041,0
1984,15,RAM,1484,80,1434,10
1984,15,Renault,1645,80,1570,7
1984,15,Spirit,1492,80,1635,5
1984,15,Team Lotus,1660,80,1492,9
1984,16,ATS,1434,80,1509,8
1984,16,Alfa Romeo,1598,80,1603,6
1984,16,Arrows,1517,80,1323,12
1984,16,BMW,1718,80,1702,4
1984,16,Ferrari,1808,80,1823,2
1984,16,Ford,1453,80,1470,9
1984,16,Hart,1552,80,1873,1
1984,16,Ligier,1568,80,1561,7
1984,16,Osella,1461,80,1379,11
1984,16,Porsche,1989,80,2053,0
1984,16,RAM,1438,80,1221,13
1984,16,Renault,1646,80,1649,5
1984,16,Spirit,1478,80,1430,10
1984,16,Team Lotus,1683,80,1746,3
1985,1,Alfa Romeo,1574,80,1487,9
1985,1,Arrows,1529,80,1569,7
1985,1,BMW,1660,80,1345,12
1985,1,Ferrari,1831,80,1921,1
1985,1,Ford,1440,80,1394,11
1985,1,Ligier,1598,80,1707,4
1985,1,Minardi,1446,171,1436,10
1985,1,Osella,1474,80,1520,8
1985,1,Porsche,2007,80,2075,0
1985,1,RAM,1474,80,1606,6
1985,1,Renault,1671,80,1765,3
1985,1,Spirit,1431,80,1228,13
1985,1,Team Lotus,1717,80,1829,2
1985,1,Tyrrell,1712,80,1675,5
1985,2,Alfa Romeo,1567,80,1544,8
1985,2,Arrows,1502,80,1403,11
1985,2,BMW,1615,80,1462,10
1985,2,Ferrari,1852,80,1933,1
1985,2,Ford,1492,80,1761,3
1985,2,Ligier,1577,80,1503,9
1985,2,Minardi,1355,130,1247,13
1985,2,Osella,1511,80,1663,5
1985,2,Porsche,1952,80,1607,7
1985,2,RAM,1506,80,1619,6
1985,2,Renault,1705,80,1836,2
1985,2,Spirit,1408,80,1332,12
1985,2,Team Lotus,1773,80,2037,0
1985,2,Tyrrell,1716,80,1728,4
1985,2,Zakspeed,1173,171,1110,14
1985,3,Alfa Romeo,1560,80,1536,8
1985,3,Arrows,1560,80,1900,1
1985,3,BMW,1617,80,1625,6
1985,3,Ferrari,1820,80,1690,5
1985,3,Ford,1538,80,1707,4
1985,3,Ligier,1540,80,1397,11
1985,3,Minardi,1339,111,1314,12
1985,3,Osella,1506,80,1488,9
1985,3,Porsche,1917,80,1804,3
1985,3,RAM,1492,80,1442,10
1985,3,Renault,1733,80,1836,2
1985,3,Spirit,1374,80,1246,13
1985,3,Team Lotus,1825,80,2027,0
1985,3,Tyrrell,1690,80,1591,7
1985,3,Zakspeed,1122,130,1066,14
1985,4,Alfa Romeo,1536,80,1442,9
1985,4,Arrows,1571,80,1603,6
1985,4,BMW,1568,80,1364,10
1985,4,Ferrari,1842,80,1919,1
1985,4,Ford,1565,80,1651,5
1985,4,Hart,1480,80,1212,11
1985,4,Ligier,1584,80,1757,3
1985,4,Porsche,1947,80,2043,0
1985,4,Renault,1730,80,1720,4
1985,4,Team Lotus,1830,80,1846,2
1985,4,Tyrrell,1664,80,1566,7
1985,4,Zakspeed,1227,111,1467,8
1985,5,Alfa Romeo,1546,80,1582,7
1985,5,Arrows,1584,80,1626,6
1985,5,BMW,1552,80,1500,9
1985,5,Ferrari,1880,80,2040,0
1985,5,Ford,1615,80,1831,2
1985,5,Hart,1419,80,1228,13
1985,5,Ligier,1604,80,1671,5
1985,5,Minardi,1367,100,1434,10
1985,5,Osella,1483,80,1398,11
1985,5,Porsche,1948,80,1951,1
1985,5,RAM,1458,80,1330,12
1985,5,Renault,1730,80,1732,4
1985,5,Team Lotus,1822,80,1796,3
1985,5,Tyrrell,1640,80,1551,8
1985,6,Alfa Romeo,1562,80,1624,6
1985,6,Arrows,1604,80,1672,5
1985,6,BMW,1588,80,1718,4
1985,6,Ferrari,1894,80,1944,1
1985,6,Ford,1677,80,2027,0
1985,6,Hart,1392,80,1315,12
1985,6,Ligier,1600,80,1586,7
1985,6,Minardi,1369,94,1375,11
1985,6,Osella,1437,80,1223,13
1985,6,Porsche,1887,80,1513,9
1985,6,RAM,1474,80,1531,8
1985,6,Renault,1684,80,1459,10
1985,6,Team Lotus,1817,80,1798,3
1985,6,Tyrrell,1679,80,1840,2
1985,7,Alfa Romeo,1568,80,1591,7
1985,7,Arrows,1611,80,1637,6
1985,7,BMW,1650,80,2016,0
1985,7,Ferrari,1876,80,1808,3
1985,7,Ford,1729,80,1914,1
1985,7,Hart,1404,80,1442,10
1985,7,Ligier,1541,80,1168,14
1985,7,Minardi,1359,89,1328,12
1985,7,Osella,1427,80,1395,11
1985,7,Porsche,1882,80,1867,2
1985,7,RAM,1489,80,1541,8
1985,7,Renault,1685,80,1688,5
1985,7,Team Lotus,1802,80,1748,4
1985,7,Tyrrell,1644,80,1514,9
1985,7,Zakspeed,1229,100,1232,13
1985,8,Alfa Romeo,1574,80,1594,7
1985,8,Arrows,1617,80,1640,6
1985,8,BMW,1683,80,1782,3
1985,8,Ferrari,1889,80,1935,1
1985,8,Ford,1666,80,1418,11
1985,8,Hart,1374,80,1263,13
1985,8,Ligier,1599,80,1833,2
1985,8,Minardi,1387,86,1489,9
1985,8,Osella,1379,80,1157,14
1985,8,Porsche,1917,80,2040,0
1985,8,RAM,1481,80,1454,10
1985,8,Renault,1696,80,1736,4
1985,8,Team Lotus,1760,80,1567,8
1985,8,Tyrrell,1654,80,1686,5
1985,8,Zakspeed,1254,94,1312,12
1985,9,Alfa Romeo,1578,80,1597,7
1985,9,Arrows,1649,80,1781,3
1985,9,BMW,1621,80,1354,12
1985,9,Ferrari,1920,80,2047,0
1985,9,Ford,1685,80,1735,4
1985,9,Hart,1389,80,1442,10
1985,9,Ligier,1651,80,1838,2
1985,9,Minardi,1433,84,1628,6
1985,9,Osella,1405,80,1491,9
1985,9,Porsche,1924,80,1946,1
1985,9,RAM,1442,80,1269,13
1985,9,Renault,1648,80,1416,11
1985,9,Team Lotus,1720,80,1568,8
1985,9,Tyrrell,1662,80,1689,5
1985,9,Zakspeed,1221,89,1127,14
1985,10,Alfa Romeo,1532,80,1278,13
1985,10,Arrows,1657,80,1687,5
1985,10,BMW,1661,80,1780,3
1985,10,Ferrari,1910,80,1873,2
1985,10,Ford,1623,80,1358,12
1985,10,Hart,1402,80,1446,10
1985,10,Ligier,1628,80,1561,8
1985,10,Minardi,1448,83,1498,9
1985,10,Osella,1449,80,1627,6
1985,10,Porsche,1952,80,2059,0
1985,10,RAM,1432,80,1400,11
1985,10,Renault,1637,80,1603,7
1985,10,Team Lotus,1762,80,1921,1
1985,10,Tyrrell,1677,80,1733,4
1985,10,Zakspeed,1196,86,1119,14
1985,11,Alfa Romeo,1472,80,1164,14
1985,11,Arrows,1654,80,1645,6
1985,11,BMW,1668,80,1688,5
1985,11,Ferrari,1902,80,1875,2
1985,11,Ford,1663,80,1782,3
1985,11,Hart,1401,80,1397,11
1985,11,Ligier,1592,80,1469,10
1985,11,Minardi,1411,82,1270,13
1985,11,Osella,1480,80,1586,7
1985,11,Porsche,1978,80,2072,0
1985,11,RAM,1456,80,1542,8
1985,11,Renault,1611,80,1516,9
1985,11,Team Lotus,1799,80,1930,1
1985,11,Tyrrell,1689,80,1736,4
1985,11,Zakspeed,1223,84,1311,12
1985,12,Alfa Romeo,1472,80,1473,10
1985,12,Arrows,1654,80,1652,6
1985,12,BMW,1718,80,1931,1
1985,12,Ferrari,1885,80,1820,3
1985,12,Ford,1640,80,1572,8
1985,12,Hart,1423,80,1510,9
1985,12,Ligier,1596,80,1606,7
1985,12,Lola,1463,80,1314,13
1985,12,Minardi,1369,81,1206,14
1985,12,Osella,1468,80,1428,11
1985,12,Porsche,2001,80,2087,0
1985,12,RAM,1438,80,1374,12
1985,12,Renault,1638,80,1738,4
1985,12,Team Lotus,1816,80,1869,2
1985,12,Tyrrell,1691,80,1698,5
1985,13,Alfa Romeo,1467,80,1451,10
1985,13,Arrows,1662,80,1694,5
1985,13,BMW,1738,80,1801,3
1985,13,Ferrari,1827,80,1169,14
1985,13,Ford,1696,80,1934,1
1985,13,Hart,1417,80,1394,11
1985,13,Ligier,1606,80,1643,6
1985,13,Minardi,1414,81,1582,7
1985,13,Osella,1475,80,1498,9
1985,13,Porsche,1979,80,1900,2
1985,13,RAM,1404,80,1265,13
1985,13,Renault,1661,80,1740,4
1985,13,Team Lotus,1861,80,2062,0
1985,13,Tyrrell,1666,80,1563,8
1985,13,Zakspeed,1242,83,1309,12
1985,14,Alfa Romeo,1510,80,1687,5
1985,14,Arrows,1689,80,1801,3
1985,14,BMW,1711,80,1618,7
1985,14,Ferrari,1774,80,1577,8
1985,14,Ford,1760,80,2047,0
1985,14,Hart,1413,80,1398,11
1985,14,Ligier,1635,80,1744,4
1985,14,Lola,1426,80,1273,13
1985,14,Minardi,1362,81,1161,14
1985,14,Porsche,1962,80,1899,2
1985,14,RAM,1389,80,1338,12
1985,14,Renault,1660,80,1656,6
1985,14,Team Lotus,1883,80,1956,1
1985,14,Tyrrell,1629,80,1472,10
1985,14,Zakspeed,1288,82,1487,9
1985,15,Alfa Romeo,1473,80,1340,10
1985,15,Arrows,1707,80,1778,3
1985,15,BMW,1678,80,1555,7
1985,15,Ferrari,1794,80,1852,2
1985,15,Ford,1819,80,2038,0
1985,15,Hart,1424,80,1464,8
1985,15,Lola,1387,80,1225,11
1985,15,Minardi,1410,80,1577,6
1985,15,Osella,1461,80,1409,9
1985,15,Porsche,1962,80,1960,1
1985,15,Team Lotus,1842,80,1683,5
1985,15,Tyrrell,1647,80,1713,4
1985,16,Alfa Romeo,1455,80,1393,11
1985,16,Arrows,1718,80,1758,4
1985,16,BMW,1635,80,1468,10
1985,16,Ferrari,1800,80,1818,3
1985,16,Ford,1871,80,2055,0
1985,16,Hart,1402,80,1318,12
1985,16,Ligier,1686,80,1935,1
1985,16,Lola,1350,80,1211,13
1985,16,Minardi,1461,80,1641,6
1985,16,Osella,1503,80,1692,5
1985,16,Porsche,1908,80,1582,8
1985,16,Renault,1631,80,1519,9
1985,16,Team Lotus,1798,80,1628,7
1985,16,Tyrrell,1689,80,1863,2
1986,1,Arrows,1712,80,1689,5
1986,1,BMW,1658,80,1734,4
1986,1,Ferrari,1767,80,1643,6
1986,1,Ford,1872,80,1875,2
1986,1,Ligier,1734,80,1925,1
1986,1,Lola,1361,80,1397,9
1986,1,Minardi,1407,80,1216,11
1986,1,Osella,1500,80,1490,8
1986,1,Porsche,1850,80,1589,7
1986,1,Team Lotus,1848,80,2040,0
1986,1,Tyrrell,1712,80,1794,3
1986,1,Zakspeed,1291,81,1300,10
1986,2,Arrows,1730,80,1799,3
1986,2,BMW,1639,80,1575,7
1986,2,Ferrari,1719,80,1518,8
1986,2,Ford,1873,80,1876,2
1986,2,Ligier,1712,80,1642,6
1986,2,Lola,1417,80,1724,4
1986,2,Minardi,1384,80,1319,10
1986,2,Osella,1482,80,1417,9
1986,2,Porsche,1874,80,1943,1
1986,2,Team Lotus,1892,80,2044,0
1986,2,Tyrrell,1708,80,1694,5
1986,2,Zakspeed,1267,81,1180,11
1986,3,Arrows,1733,80,1746,4
1986,3,BMW,1671,80,1792,3
1986,3,Ferrari,1751,80,1860,2
1986,3,Ford,1890,80,1951,1
1986,3,Ligier,1681,80,1576,7
1986,3,Lola,1413,80,1402,9
1986,3,Minardi,1367,80,1313,10
1986,3,Osella,1508,80,1609,6
1986,3,Porsche,1913,80,2055,0
1986,3,Team Lotus,1818,80,1226,11
1986,3,Tyrrell,1704,80,1689,5
1986,3,Zakspeed,1305,81,1457,8
1986,4,Arrows,1746,80,1797,3
1986,4,BMW,1613,80,1302,9
1986,4,Ferrari,1735,80,1684,5
1986,4,Ford,1862,80,1757,4
1986,4,Ligier,1718,80,1853,2
1986,4,Lola,1409,80,1395,8
1986,4,Porsche,1946,80,2062,0
1986,4,Team Lotus,1852,80,1941,1
1986,4,Tyrrell,1685,80,1616,6
1986,4,Zakspeed,1341,80,1478,7
1986,5,Arrows,1725,80,1640,6
1986,5,BMW,1630,80,1681,5
1986,5,Ferrari,1777,80,1939,1
1986,5,Ford,1867,80,1881,2
1986,5,Ligier,1738,80,1802,3
1986,5,Lola,1438,80,1543,7
1986,5,Minardi,1357,80,1321,10
1986,5,Osella,1460,80,1232,11
1986,5,Porsche,1908,80,1770,4
1986,5,Team Lotus,1899,80,2059,0
1986,5,Tyrrell,1652,80,1512,8
1986,5,Zakspeed,1354,80,1398,9
1986,6,Arrows,1669,80,1243,11
1986,6,BMW,1602,80,1505,8
1986,6,Ferrari,1785,80,1813,3
1986,6,Ford,1838,80,1729,4
1986,6,Ligier,1766,80,1870,2
1986,6,Lola,1472,80,1607,6
1986,6,Minardi,1348,80,1319,10
1986,6,Osella,1449,80,1415,9
1986,6,Porsche,1944,80,2070,0
1986,6,Team Lotus,1915,80,1964,1
1986,6,Tyrrell,1669,80,1729,4
1986,6,Zakspeed,1391,80,1537,7
1986,7,Arrows,1644,80,1568,7
1986,7,BMW,1632,80,1737,4
1986,7,Ferrari,1792,80,1815,3
1986,7,Ford,1791,80,1568,7
1986,7,Ligier,1803,80,1951,1
1986,7,Lola,1444,80,1345,10
1986,7,Minardi,1360,80,1403,9
1986,7,Osella,1407,80,1233,11
1986,7,Porsche,1934,80,1900,2
1986,7,Team Lotus,1949,80,2078,0
1986,7,Tyrrell,1661,80,1631,6
1986,7,Zakspeed,1439,80,1664,5
1986,8,Arrows,1640,80,1628,6
1986,8,BMW,1677,80,1865,2
1986,8,Ferrari,1797,80,1817,3
1986,8,Ford,1775,80,1722,4
1986,8,Ligier,1835,80,1957,1
1986,8,Lola,1467,80,1545,7
1986,8,Minardi,1332,80,1218,11
1986,8,Osella,1390,80,1334,10
1986,8,Porsche,1966,80,2085,0
1986,8,Team Lotus,1886,80,1523,8
1986,8,Tyrrell,1674,80,1722,4
1986,8,Zakspeed,1433,80,1416,9
1986,9,Arrows,1626,80,1574,7
1986,9,BMW,1681,80,1694,5
1986,9,Ferrari,1745,80,1449,9
1986,9,Ford,1772,80,1761,4
1986,9,Ligier,1862,80,1962,1
1986,9,Lola,1472,80,1488,8
1986,9,Minardi,1329,80,1317,10
1986,9,Osella,1355,80,1218,11
1986,9,Porsche,1993,80,2091,0
1986,9,Team Lotus,1872,80,1832,3
1986,9,Tyrrell,1710,80,1870,2
1986,9,Zakspeed,1470,80,1611,6
1986,10,Arrows,1601,80,1510,8
1986,10,BMW,1697,80,1750,4
1986,10,Ferrari,1721,80,1646,6
1986,10,Ford,1782,80,1818,3
1986,10,Ligier,1884,80,1968,1
1986,10,Lola,1510,80,1675,5
1986,10,Minardi,1303,80,1202,11
1986,10,Osella,1394,80,1543,7
1986,10,Porsche,1975,80,1911,2
1986,10,Team Lotus,1917,80,2079,0
1986,10,Tyrrell,1655,80,1360,10
1986,10,Zakspeed,1458,80,1420,9
1986,11,Arrows,1594,80,1569,7
1986,11,BMW,1643,80,1363,10
1986,11,Ferrari,1768,80,1957,1
1986,11,Ford,1779,80,1767,3
1986,11,Ligier,1850,80,1713,5
1986,11,Lola,1557,80,1767,3
1986,11,Minardi,1323,80,1397,9
1986,11,Osella,1356,80,1218,11
1986,11,Porsche,1916,80,1528,8
1986,11,Team Lotus,1955,80,2090,0
1986,11,Tyrrell,1702,80,1873,2
1986,11,Zakspeed,1490,80,1611,6
1986,12,Arrows,1633,80,1803,3
1986,12,BMW,1576,80,1249,11
1986,12,Ferrari,1809,80,1956,1
1986,12,Ford,1764,80,1708,5
1986,12,Ligier,1810,80,1658,6
1986,12,Lola,1612,80,1866,2
1986,12,Minardi,1354,80,1481,8
1986,12,Osella,1397,80,1550,7
1986,12,Porsche,1955,80,2084,0
1986,12,Team Lotus,1887,80,1463,9
1986,12,Tyrrell,1640,80,1370,10
1986,12,Zakspeed,1535,80,1737,4
1986,13,AGS,1537,171,1544,8
1986,13,Arrows,1659,80,1750,4
1986,13,BMW,1508,80,1249,12
1986,13,Ferrari,1845,80,1970,0
1986,13,Ford,1802,80,1970,0
1986,13,Ligier,1758,80,1523,9
1986,13,Lola,1654,80,1804,3
1986,13,Minardi,1396,80,1570,7
1986,13,Osella,1445,80,1627,6
1986,13,Porsche,1942,80,1904,2
1986,13,Team Lotus,1803,80,1376,11
1986,13,Tyrrell,1655,80,1698,5
1986,13,Zakspeed,1513,80,1437,10
1986,14,AGS,1398,130,1233,12
1986,14,Arrows,1668,80,1702,5
1986,14,BMW,1517,80,1540,8
1986,14,Ferrari,1840,80,1822,3
1986,14,Ford,1818,80,1876,2
1986,14,Ligier,1758,80,1761,4
1986,14,Lola,1619,80,1501,9
1986,14,Minardi,1399,80,1410,10
1986,14,Osella,1477,80,1585,7
1986,14,Porsche,1971,80,2074,0
1986,14,Team Lotus,1845,80,1946,1
1986,14,Tyrrell,1598,80,1363,11
1986,14,Zakspeed,1541,80,1640,6
1986,15,Arrows,1685,80,1747,4
1986,15,BMW,1503,80,1461,9
1986,15,Ferrari,1788,80,1547,8
1986,15,Ford,1846,80,1954,1
1986,15,Ligier,1771,80,1812,3
1986,15,Lola,1560,80,1295,11
1986,15,Minardi,1447,80,1673,5
1986,15,Osella,1455,80,1383,10
1986,15,Porsche,1997,80,2089,0
1986,15,Team Lotus,1856,80,1884,2
1986,15,Tyrrell,1594,80,1583,7
1986,15,Zakspeed,1560,80,1629,6
1986,16,Arrows,1637,80,1404,10
1986,16,BMW,1506,80,1516,8
1986,16,Ferrari,1826,80,1955,1
1986,16,Ford,1836,80,1800,3
1986,16,Ligier,1756,80,1703,5
1986,16,Lola,1564,80,1576,7
1986,16,Minardi,1410,80,1276,11
1986,16,Osella,1454,80,1451,9
1986,16,Porsche,2019,80,2102,0
1986,16,Team Lotus,1842,80,1800,3
1986,16,Tyrrell,1647,80,1862,2
1986,16,Zakspeed,1575,80,1629,6
1987,1,AGS,1461,111,1548,7
1987,1,Arrows,1610,80,1521,8
1987,1,BMW,1495,80,1457,9
1987,1,Ferrari,1837,80,1871,2
1987,1,Ford,1829,80,1805,3
1987,1,Honda,1616,80,1929,1
1987,1,March,1414,80,1225,12
1987,1,Minardi,1389,80,1320,11
1987,1,Osella,1441,80,1395,10
1987,1,Porsche,2038,80,2107,0
1987,1,Team Lotus,1820,80,1744,4
1987,1,Tyrrell,1639,80,1617,6
1987,1,Zakspeed,1593,80,1660,5
1987,2,AGS,1469,100,1484,10
1987,2,Arrows,1605,80,1589,8
1987,2,BMW,1527,80,1649,6
1987,2,Ferrari,1850,80,1896,2
1987,2,Ford,1776,80,1459,11
1987,2,Honda,1686,80,2072,0
1987,2,Larrousse,1602,171,1621,7
1987,2,Ligier,1697,80,1221,14
1987,2,March,1389,80,1304,13
1987,2,Minardi,1385,80,1371,12
1987,2,Osella,1460,80,1528,9
1987,2,Porsche,2002,80,1855,3
1987,2,Team Lotus,1852,80,1971,1
1987,2,Tyrrell,1655,80,1708,5
1987,2,Zakspeed,1624,80,1754,4
1987,3,AGS,1510,94,1626,7
1987,3,Arrows,1654,80,1873,2
1987,3,BMW,1585,80,1947,1
1987,3,Ferrari,1789,80,1339,13
1987,3,Ford,1739,80,1608,8
1987,3,Honda,1642,80,1512,10
1987,3,Larrousse,1658,130,1722,5
1987,3,Ligier,1714,80,1769,4
1987,3,March,1400,80,1435,11
1987,3,Minardi,1350,80,1207,14
1987,3,Osella,1444,80,1388,12
1987,3,Porsche,2025,80,2108,0
1987,3,Team Lotus,1848,80,1837,3
1987,3,Tyrrell,1661,80,1683,6
1987,3,Zakspeed,1609,80,1553,9
1987,4,AGS,1519,89,1544,9
1987,4,Arrows,1622,80,1512,10
1987,4,BMW,1544,80,1406,12
1987,4,Ferrari,1813,80,1884,2
1987,4,Ford,1726,80,1686,6
1987,4,Honda,1705,80,1946,1
1987,4,Larrousse,1592,111,1462,11
1987,4,Ligier,1689,80,1602,8
1987,4,March,1455,80,1753,4
1987,4,Minardi,1319,80,1204,14
1987,4,Osella,1420,80,1323,13
1987,4,Porsche,1968,80,1657,7
1987,4,Team Lotus,1891,80,2076,0
1987,4,Tyrrell,1692,80,1814,3
1987,4,Zakspeed,1631,80,1717,5
1987,5,AGS,1525,86,1544,9
1987,5,Arrows,1653,80,1763,4
1987,5,BMW,1574,80,1670,6
1987,5,Ferrari,1817,80,1830,3
1987,5,Ford,1684,80,1515,10
1987,5,Honda,1761,80,1948,1
1987,5,Larrousse,1550,100,1457,11
1987,5,Ligier,1678,80,1641,7
1987,5,March,1423,80,1321,13
1987,5,Minardi,1331,80,1373,12
1987,5,Osella,1381,80,1212,14
1987,5,Porsche,1953,80,1907,2
1987,5,Team Lotus,1930,80,2075,0
1987,5,Tyrrell,1672,80,1601,8
1987,5,Zakspeed,1650,80,1719,5
1987,6,AGS,1563,84,1715,5
1987,6,Arrows,1650,80,1640,7
1987,6,BMW,1524,80,1325,13
1987,6,Ferrari,1790,80,1695,6
1987,6,Ford,1715,80,1821,3
1987,6,Honda,1823,80,2064,0
1987,6,Larrousse,1561,94,1590,8
1987,6,Ligier,1636,80,1462,11
1987,6,March,1450,80,1536,9
1987,6,Minardi,1362,80,1482,10
1987,6,Osella,1344,80,1199,14
1987,6,Porsche,1960,80,1984,1
1987,6,Team Lotus,1924,80,1907,2
1987,6,Tyrrell,1693,80,1770,4
1987,6,Zakspeed,1605,80,1402,12
1987,7,AGS,1596,83,1718,5
1987,7,Arrows,1694,80,1880,2
1987,7,BMW,1505,80,1448,11
1987,7,Ferrari,1752,80,1607,8
1987,7,Ford,1740,80,1827,3
1987,7,Honda,1876,80,2073,0
1987,7,Larrousse,1522,89,1394,12
1987,7,Ligier,1583,80,1330,13
1987,7,March,1402,80,1211,14
1987,7,Minardi,1396,80,1530,9
1987,7,Osella,1374,80,1481,10
1987,7,Porsche,1908,80,1657,7
1987,7,Team Lotus,1937,80,1983,1
1987,7,Tyrrell,1711,80,1774,4
1987,7,Zakspeed,1622,80,1677,6
1987,8,AGS,1546,82,1328,13
1987,8,Arrows,1663,80,1557,9
1987,8,BMW,1479,80,1390,12
1987,8,Ferrari,1705,80,1514,10
1987,8,Ford,1711,80,1605,8
1987,8,Honda,1920,80,2079,0
1987,8,Larrousse,1574,86,1767,4
1987,8,Ligier,1606,80,1678,6
1987,8,March,1360,80,1208,14
1987,8,Minardi,1440,80,1622,7
1987,8,Osella,1387,80,1432,11
1987,8,Porsche,1925,80,1980,1
1987,8,Team Lotus,1932,80,1913,2
1987,8,Tyrrell,1735,80,1829,3
1987,8,Zakspeed,1644,80,1725,5
1987,9,AGS,1534,81,1498,10
1987,9,Arrows,1678,80,1726,5
1987,9,BMW,1531,80,1763,4
1987,9,Ferrari,1641,80,1230,14
1987,9,Ford,1737,80,1830,3
1987,9,Honda,1957,80,2093,0
1987,9,Larrousse,1532,84,1396,12
1987,9,Ligier,1592,80,1549,9
1987,9,March,1413,80,1618,7
1987,9,Minardi,1470,80,1578,8
1987,9,Osella,1397,80,1433,11
1987,9,Porsche,1923,80,1915,2
1987,9,Team Lotus,1944,80,1989,1
1987,9,Tyrrell,1725,80,1688,6
1987,9,Zakspeed,1592,80,1331,13
1987,10,AGS,1536,81,1541,9
1987,10,Arrows,1629,80,1410,12
1987,10,BMW,1523,80,1498,10
1987,10,Ferrari,1598,80,1461,11
1987,10,Ford,1781,80,1970,1
1987,10,Honda,1989,80,2107,0
1987,10,Larrousse,1555,83,1624,7
1987,10,Ligier,1628,80,1764,4
1987,10,March,1467,80,1660,6
1987,10,Minardi,1439,80,1328,13
1987,10,Osella,1362,80,1220,14
1987,10,Porsche,1907,80,1853,3
1987,10,Team Lotus,1939,80,1920,2
1987,10,Tyrrell,1699,80,1598,8
1987,10,Zakspeed,1621,80,1715,5
1987,11,Arrows,1585,80,1422,11
1987,11,BMW,1472,80,1243,13
1987,11,Ferrari,1657,80,1882,2
1987,11,Ford,1793,80,1833,3
1987,11,Honda,2016,80,2117,0
1987,11,Larrousse,1535,82,1472,10
1987,11,Ligier,1646,80,1710,5
1987,11,March,1490,80,1558,8
1987,11,Minardi,1455,80,1509,9
1987,11,Osella,1353,80,1323,12
1987,11,Porsche,1883,80,1790,4
1987,11,Team Lotus,1951,80,1997,1
1987,11,Tyrrell,1683,80,1624,7
1987,11,Zakspeed,1631,80,1662,6
1987,12,Arrows,1624,80,1759,4
1987,12,BMW,1481,80,1511,9
1987,12,Ferrari,1722,80,1970,1
1987,12,Ford,1803,80,1837,3
1987,12,Honda,1998,80,1933,2
1987,12,Larrousse,1496,81,1343,12
1987,12,Ligier,1588,80,1248,13
1987,12,March,1525,80,1652,6
1987,12,Minardi,1477,80,1556,8
1987,12,Osella,1361,80,1390,11
1987,12,Porsche,1925,80,2104,0
1987,12,Team Lotus,1913,80,1740,5
1987,12,Tyrrell,1670,80,1623,7
1987,12,Zakspeed,1598,80,1476,10
1987,13,AGS,1494,81,1317,13
1987,13,Arrows,1649,80,1726,5
1987,13,BMW,1504,80,1583,8
1987,13,Coloni,1210,171,1154,14
1987,13,Ferrari,1670,80,1515,10
1987,13,Ford,1750,80,1468,11
1987,13,Honda,2025,80,2127,0
1987,13,Larrousse,1553,81,1827,3
1987,13,Ligier,1544,80,1400,12
1987,13,March,1548,80,1629,7
1987,13,Minardi,1491,80,1540,9
1987,13,Porsche,1943,80,2004,1
1987,13,Team Lotus,1916,80,1926,2
1987,13,Tyrrell,1693,80,1780,4
1987,13,Zakspeed,1616,80,1678,6
1987,14,Arrows,1695,80,1891,2
1987,14,BMW,1565,80,1969,1
1987,14,Ferrari,1616,80,1436,11
1987,14,Ford,1770,80,1833,3
1987,14,Honda,2048,80,2136,0
1987,14,Larrousse,1601,81,1760,4
1987,14,Ligier,1540,80,1528,9
1987,14,March,1563,80,1617,7
1987,14,Minardi,1487,80,1475,10
1987,14,Osella,1399,80,1559,8
1987,14,Porsche,1879,80,1268,13
1987,14,Team Lotus,1874,80,1691,6
1987,14,Tyrrell,1699,80,1721,5
1987,14,Zakspeed,1569,80,1364,12
1987,15,AGS,1486,80,1462,11
1987,15,Arrows,1703,80,1728,5
1987,15,BMW,1592,80,1674,6
1987,15,Ferrari,1692,80,2080,0
1987,15,Ford,1785,80,1834,3
1987,15,Honda,1988,80,1574,9
1987,15,Larrousse,1600,80,1597,8
1987,15,Ligier,1561,80,1631,7
1987,15,March,1512,80,1256,14
1987,15,Minardi,1471,80,1411,12
1987,15,Osella,1421,80,1499,10
1987,15,Porsche,1887,80,1909,2
1987,15,Team Lotus,1899,80,1986,1
1987,15,Tyrrell,1714,80,1774,4
1987,15,Zakspeed,1524,80,1354,13
1987,16,AGS,1536,80,1767,4
1987,16,Arrows,1656,80,1458,11
1987,16,BMW,1612,80,1679,6
1987,16,Ferrari,1774,80,2075,0
1987,16,Ford,1822,80,1973,1
1987,16,Honda,1923,80,1660,7
1987,16,Larrousse,1646,80,1825,3
1987,16,Ligier,1510,80,1285,13
1987,16,March,1519,80,1542,9
1987,16,Minardi,1451,80,1373,12
1987,16,Porsche,1824,80,1517,10
1987,16,Team Lotus,1848,80,1612,8
1987,16,Tyrrell,1748,80,1894,2
1987,16,Zakspeed,1567,80,1719,5
1988,1,AGS,1505,80,1400,11
1988,1,Arrows,1690,80,1803,3
1988,1,Coloni,1321,130,1430,10
1988,1,Euro Brun,1344,171,1315,12
1988,1,Ferrari,1822,80,1946,1
1988,1,Ford,1809,80,1766,4
1988,1,Honda,1963,80,2075,0
1988,1,Judd,1291,171,1251,13
1988,1,Larrousse,1617,80,1522,9
1988,1,Ligier,1550,80,1687,5
1988,1,March,1461,80,1173,14
1988,1,Minardi,1472,80,1554,8
1988,1,Rial,1632,171,1657,6
1988,1,Team Lotus,1856,80,1883,2
1988,1,Tyrrell,1724,80,1633,7
1988,2,AGS,1547,80,1701,5
1988,2,Arrows,1707,80,1764,4
1988,2,Coloni,1346,111,1382,12
1988,2,Dallara,1373,171,1349,13
1988,2,Euro Brun,1385,130,1430,11
1988,2,Ferrari,1824,80,1830,3
1988,2,Ford,1826,80,1888,2
1988,2,Honda,1995,80,2092,0
1988,2,Judd,1423,130,1561,8
1988,2,Larrousse,1617,80,1619,7
1988,2,March,1466,80,1481,10
1988,2,Minardi,1507,80,1652,6
1988,2,Osella,1370,80,1129,16
1988,2,Rial,1449,130,1238,15
1988,2,Team Lotus,1881,80,1966,1
1988,2,Tyrrell,1689,80,1547,9
1988,2,Zakspeed,1515,80,1317,14
1988,3,AGS,1482,80,1142,17
1988,3,Arrows,1742,80,1880,2
1988,3,Coloni,1343,100,1336,14
1988,3,Dallara,1301,130,1217,16
1988,3,Euro Brun,1384,111,1383,13
1988,3,Ferrari,1856,80,1966,1
1988,3,Ford,1798,80,1690,6
1988,3,Honda,2020,80,2106,0
1988,3,Judd,1546,111,1755,4
1988,3,Larrousse,1639,80,1716,5
1988,3,Ligier,1523,80,1437,12
1988,3,March,1492,80,1580,8
1988,3,Minardi,1507,80,1507,10
1988,3,Osella,1420,80,1615,7
1988,3,Rial,1458,111,1466,11
1988,3,Team Lotus,1817,80,1307,15
1988,3,Tyrrell,1717,80,1818,3
1988,3,Zakspeed,1523,80,1545,9
1988,4,AGS,1509,80,1586,7
1988,4,Arrows,1769,80,1869,2
1988,4,Coloni,1382,94,1496,9
1988,4,Dallara,1239,111,1119,15
1988,4,Euro Brun,1427,100,1539,8
1988,4,Ferrari,1880,80,1962,1
1988,4,Ford,1801,80,1813,3
1988,4,Honda,2040,80,2110,0
1988,4,Judd,1443,100,1251,14
1988,4,Larrousse,1661,80,1740,4
1988,4,Ligier,1558,80,1680,5
1988,4,March,1476,80,1421,11
1988,4,Minardi,1533,80,1632,6
1988,4,Rial,1408,100,1314,13
1988,4,Team Lotus,1742,80,1387,12
1988,4,Zakspeed,1510,80,1468,10
1988,5,AGS,1485,80,1409,12
1988,5,Arrows,1759,80,1724,5
1988,5,Coloni,1438,89,1653,6
1988,5,Euro Brun,1454,94,1531,9
1988,5,Ferrari,1815,80,1302,14
1988,5,Ford,1834,80,1966,1
1988,5,Honda,2059,80,2126,0
1988,5,Judd,1362,94,1184,15
1988,5,Larrousse,1645,80,1589,8
1988,5,Ligier,1516,80,1360,13
1988,5,March,1530,80,1805,3
1988,5,Minardi,1525,80,1499,10
1988,5,Rial,1465,94,1611,7
1988,5,Team Lotus,1781,80,1883,2
1988,5,Tyrrell,1728,80,1767,4
1988,5,Zakspeed,1497,80,1454,11
1988,6,AGS,1439,80,1262,14
1988,6,Arrows,1702,80,1344,13
1988,6,Dallara,1332,100,1644,6
1988,6,Euro Brun,1489,89,1606,7
1988,6,Ferrari,1760,80,1590,8
1988,6,Ford,1862,80,1969,1
1988,6,Honda,2074,80,2134,0
1988,6,Judd,1382,89,1424,11
1988,6,Larrousse,1659,80,1708,5
1988,6,Ligier,1518,80,1525,9
1988,6,March,1518,80,1483,10
1988,6,Minardi,1566,80,1749,4
1988,6,Osella,1364,80,1150,15
1988,6,Rial,1545,89,1867,2
1988,6,Team Lotus,1709,80,1402,12
1988,6,Tyrrell,1747,80,1819,3
1988,7,AGS,1387,80,1170,15
1988,7,Arrows,1692,80,1662,6
1988,7,Dallara,1414,94,1597,7
1988,7,Euro Brun,1498,86,1523,9
1988,7,Ferrari,1808,80,1953,1
1988,7,Ford,1853,80,1823,3
1988,7,Honda,2088,80,2139,0
1988,7,Judd,1367,86,1329,13
1988,7,Larrousse,1642,80,1578,8
1988,7,March,1563,80,1738,4
1988,7,Minardi,1549,80,1489,10
1988,7,Osella,1381,80,1428,11
1988,7,Rial,1588,86,1693,5
1988,7,Team Lotus,1752,80,1867,2
1988,7,Tyrrell,1689,80,1284,14
1988,7,Zakspeed,1476,80,1394,12
1988,8,AGS,1341,80,1174,15
1988,8,Arrows,1696,80,1711,5
1988,8,Dallara,1473,89,1607,7
1988,8,Euro Brun,1514,84,1572,8
1988,8,Ferrari,1775,80,1677,6
1988,8,Ford,1862,80,1891,2
1988,8,Honda,2101,80,2149,0
1988,8,Judd,1440,84,1944,1
1988,8,Larrousse,1621,80,1543,9
1988,8,Ligier,1493,80,1404,12
1988,8,March,1611,80,1800,3
1988,8,Minardi,1537,80,1495,10
1988,8,Osella,1370,80,1338,13
1988,8,Rial,1521,84,1289,14
1988,8,Team Lotus,1755,80,1763,4
1988,8,Tyrrell,1638,80,1461,11
1988,9,AGS,1338,80,1330,13
1988,9,Arrows,1708,80,1747,4
1988,9,Dallara,1487,86,1521,9
1988,9,Euro Brun,1508,83,1485,10
1988,9,Ferrari,1816,80,1955,1
1988,9,Ford,1853,80,1819,3
1988,9,Honda,2112,80,2155,0
1988,9,Judd,1397,83,1277,14
1988,9,Larrousse,1582,80,1406,12
1988,9,Ligier,1482,80,1443,11
1988,9,March,1661,80,1857,2
1988,9,Osella,1330,80,1171,15
1988,9,Rial,1533,83,1563,8
1988,9,Team Lotus,1743,80,1706,5
1988,9,Tyrrell,1642,80,1652,6
1988,9,Zakspeed,1501,80,1599,7
1988,10,AGS,1323,80,1273,14
1988,10,Arrows,1669,80,1507,10
1988,10,Coloni,1461,86,1528,9
1988,10,Dallara,1454,84,1354,13
1988,10,Euro Brun,1521,82,1571,8
1988,10,Ferrari,1833,80,1885,2
1988,10,Ford,1877,80,1974,1
1988,10,Honda,2123,80,2165,0
1988,10,Judd,1466,82,1739,4
1988,10,Larrousse,1598,80,1657,6
1988,10,Ligier,1475,80,1450,11
1988,10,March,1694,80,1805,3
1988,10,Minardi,1553,80,1613,7
1988,10,Rial,1503,82,1410,12
1988,10,Team Lotus,1736,80,1714,5
1988,10,Tyrrell,1577,80,1199,15
1988,11,AGS,1371,80,1586,7
1988,11,Arrows,1698,80,1801,3
1988,11,Coloni,1442,84,1383,12
1988,11,Dallara,1503,83,1681,5
1988,11,Ferrari,1768,80,1346,13
1988,11,Ford,1821,80,1448,11
1988,11,Honda,2133,80,2174,0
1988,11,Judd,1533,81,1731,4
1988,11,Larrousse,1609,80,1645,6
1988,11,Ligier,1491,80,1552,8
1988,11,March,1743,80,1958,1
1988,11,Osella,1311,80,1250,14
1988,11,Rial,1443,81,1169,15
1988,11,Team Lotus,1765,80,1874,2
1988,11,Tyrrell,1562,80,1521,9
1988,11,Zakspeed,1495,80,1474,10
1988,12,AGS,1406,80,1521,9
1988,12,Arrows,1745,80,1953,1
1988,12,Dallara,1478,82,1404,12
1988,12,Ferrari,1833,80,2095,0
1988,12,Ford,1820,80,1820,3
1988,12,Honda,2080,80,1733,5
1988,12,Judd,1586,81,1742,4
1988,12,Larrousse,1602,80,1578,8
1988,12,Ligier,1515,80,1609,7
1988,12,March,1772,80,1873,2
1988,12,Minardi,1516,80,1355,13
1988,12,Osella,1280,80,1161,15
1988,12,Rial,1443,81,1444,11
1988,12,Team Lotus,1704,80,1295,14
1988,12,Tyrrell,1584,80,1654,6
1988,12,Zakspeed,1494,80,1490,10
1988,13,AGS,1448,80,1608,7
1988,13,Arrows,1762,80,1819,3
1988,13,Coloni,1462,83,1528,9
1988,13,Dallara,1524,81,1699,5
1988,13,Ferrari,1818,80,1776,4
1988,13,Ford,1836,80,1890,2
1988,13,Honda,2096,80,2146,0
1988,13,Judd,1552,81,1456,11
1988,13,Larrousse,1553,80,1287,14
1988,13,Ligier,1528,80,1574,8
1988,13,March,1810,80,1963,1
1988,13,Minardi,1546,80,1657,6
1988,13,Osella,1320,80,1475,10
1988,13,Rial,1391,81,1175,15
1988,13,Team Lotus,1638,80,1359,13
1988,13,Tyrrell,1547,80,1409,12
1988,14,AGS,1426,80,1354,13
1988,14,Arrows,1710,80,1470,11
1988,14,Dallara,1555,81,1656,6
1988,14,Euro Brun,1524,81,1537,9
1988,14,Ferrari,1821,80,1829,3
1988,14,Ford,1849,80,1895,2
1988,14,Honda,2110,80,2158,0
1988,14,Judd,1620,80,1954,1
1988,14,Larrousse,1568,80,1617,7
1988,14,Ligier,1521,80,1498,10
1988,14,March,1802,80,1774,4
1988,14,Minardi,1553,80,1577,8
1988,14,Osella,1308,80,1271,14
1988,14,Rial,1393,80,1400,12
1988,14,Team Lotus,1657,80,1709,5
1988,14,Tyrrell,1488,80,1197,15
1988,15,AGS,1477,80,1696,5
1988,15,Arrows,1652,80,1419,12
1988,15,Dallara,1503,81,1292,14
1988,15,Ferrari,1837,80,1892,2
1988,15,Ford,1876,80,1979,1
1988,15,Honda,2122,80,2167,0
1988,15,Judd,1667,80,1808,3
1988,15,Larrousse,1588,80,1659,6
1988,15,Ligier,1516,80,1496,10
1988,15,March,1768,80,1636,7
1988,15,Minardi,1550,80,1539,9
1988,15,Osella,1314,80,1333,13
1988,15,Rial,1405,80,1443,11
1988,15,Team Lotus,1682,80,1758,4
1988,15,Tyrrell,1509,80,1573,8
1988,15,Zakspeed,1446,80,1188,15
1988,16,AGS,1493,80,1546,9
1988,16,Arrows,1603,80,1438,12
1988,16,Dallara,1473,80,1379,13
1988,16,Euro Brun,1514,81,1472,11
1988,16,Ferrari,1775,80,1329,14
1988,16,Ford,1868,80,1840,3
1988,16,Honda,2134,80,2177,0
1988,16,Judd,1714,80,1881,2
1988,16,Larrousse,1589,80,1592,8
1988,16,Ligier,1538,80,1624,7
1988,16,March,1769,80,1774,4
1988,16,Minardi,1581,80,1709,5
1988,16,Rial,1452,80,1659,6
1988,16,Team Lotus,1734,80,1967,1
1988,16,Tyrrell,1454,80,1222,15
1988,16,Zakspeed,1460,80,1505,10
1989,1,Arrows,1733,171,1767,4
1989,1,Brabham,1274,171,1213,13
1989,1,Dallara,1479,171,1478,9
1989,1,Ferrari,2111,171,2205,0
1989,1,Ford,1820,171,1846,3
1989,1,Honda,2013,171,2050,1
1989,1,Judd,1405,171,1366,11
1989,1,Larrousse,1538,171,1537,8
1989,1,Ligier,1579,171,1590,7
1989,1,March,1879,171,1926,2
1989,1,Minardi,1036,171,933,15
1989,1,Osella,1144,171,1093,14
1989,1,Rial,1429,171,1420,10
1989,1,Team Lotus,1646,171,1651,6
1989,1,Tyrrell,1665,171,1701,5
1989,1,Zakspeed,1319,171,1289,12
1989,2,AGS,1632,171,1658,6
1989,2,Arrows,1792,130,1860,3
1989,2,Brabham,1397,130,1517,8
1989,2,Dallara,1582,130,1700,5
1989,2,Ferrari,1661,130,1256,12
1989,2,Ford,1924,130,2049,1
1989,2,Honda,2105,130,2217,0
1989,2,Judd,1647,130,1925,2
1989,2,Larrousse,1319,130,982,14
1989,2,Ligier,1384,130,1136,13
1989,2,March,1625,130,1348,11
1989,2,Minardi,1220,130,1359,10
1989,2,Osella,1359,130,1578,7
1989,2,Team Lotus,1572,130,1488,9
1989,2,Tyrrell,1719,130,1782,4
1989,3,AGS,1536,130,1431,10
1989,3,Arrows,1782,111,1765,4
1989,3,Brabham,1555,111,1970,1
1989,3,Coloni,1384,171,1366,11
1989,3,Dallara,1683,111,1879,2
1989,3,Ferrari,1362,111,1120,14
1989,3,Ford,1849,111,1720,5
1989,3,Honda,2136,111,2188,0
1989,3,Judd,1646,111,1645,6
1989,3,Larrousse,1308,111,1300,12
1989,3,Ligier,1453,111,1520,8
1989,3,March,1606,111,1592,7
1989,3,Minardi,1323,111,1452,9
1989,3,Team Lotus,1470,111,1242,13
1989,3,Tyrrell,1753,111,1818,3
1989,4,AGS,1609,111,1731,4
1989,4,Arrows,1759,100,1701,5
1989,4,Brabham,1568,100,1585,7
1989,4,Dallara,1609,100,1462,10
1989,4,Ferrari,1349,100,1331,12
1989,4,Ford,1839,100,1819,3
1989,4,Honda,2152,100,2192,0
1989,4,Judd,1750,100,1957,1
1989,4,Larrousse,1289,100,1261,13
1989,4,Ligier,1511,100,1624,6
1989,4,March,1478,100,1131,15
1989,4,Minardi,1344,100,1382,11
1989,4,Onyx,1242,171,1193,14
1989,4,Rial,1456,130,1487,9
1989,4,Team Lotus,1492,100,1532,8
1989,4,Tyrrell,1787,100,1876,2
1989,5,AGS,1630,100,1674,5
1989,5,Arrows,1787,94,1870,2
1989,5,Brabham,1492,94,1310,12
1989,5,Dallara,1614,94,1623,6
1989,5,Ferrari,1399,94,1501,8
1989,5,Ford,1815,94,1753,4
1989,5,Honda,2164,94,2196,0
1989,5,Judd,1818,94,1960,1
1989,5,Larrousse,1234,94,1095,14
1989,5,March,1391,94,1228,13
1989,5,Minardi,1346,94,1350,11
1989,5,Onyx,1318,130,1396,10
1989,5,Rial,1551,111,1780,3
1989,5,Team Lotus,1484,94,1464,9
1989,5,Tyrrell,1740,94,1588,7
1989,6,AGS,1553,94,1263,15
1989,6,Arrows,1750,89,1624,7
1989,6,Brabham,1415,89,1190,16
1989,6,Coloni,1504,130,1640,6
1989,6,Dallara,1685,89,1958,1
1989,6,Ferrari,1371,89,1305,14
1989,6,Ford,1742,89,1090,17
1989,6,Honda,2101,89,1785,4
1989,6,Judd,1890,89,2120,0
1989,6,Larrousse,1284,89,1422,11
1989,6,Ligier,1579,94,1793,3
1989,6,March,1419,89,1473,10
1989,6,Minardi,1346,89,1347,13
1989,6,Onyx,1345,111,1387,12
1989,6,Osella,1438,111,1511,9
1989,6,Rial,1599,100,1688,5
1989,6,Team Lotus,1552,89,1861,2
1989,6,Tyrrell,1700,89,1577,8
1989,7,AGS,1474,89,1242,13
1989,7,Arrows,1723,86,1633,6
1989,7,Brabham,1398,86,1359,11
1989,7,Dallara,1598,86,1142,14
1989,7,Ferrari,1452,86,1933,1
1989,7,Ford,1687,86,1534,8
1989,7,Honda,2117,86,2158,0
1989,7,Judd,1888,86,1883,2
1989,7,Larrousse,1326,86,1448,9
1989,7,Ligier,1604,89,1667,5
1989,7,March,1416,86,1411,10
1989,7,Minardi,1334,86,1294,12
1989,7,Onyx,1429,100,1708,4
1989,7,Team Lotus,1556,86,1566,7
1989,7,Tyrrell,1722,86,1787,3
1989,8,Arrows,1702,84,1629,6
1989,8,Brabham,1408,84,1436,10
1989,8,Coloni,1376,111,1131,15
1989,8,Dallara,1513,84,1241,14
1989,8,Ferrari,1551,84,1926,1
1989,8,Ford,1729,84,1845,2
1989,8,Honda,2128,84,2165,0
1989,8,Judd,1827,84,1592,7
1989,8,Larrousse,1341,84,1386,11
1989,8,Ligier,1619,86,1663,5
1989,8,March,1432,84,1479,9
1989,8,Minardi,1390,84,1699,4
1989,8,Onyx,1458,94,1520,8
1989,8,Osella,1385,100,1296,13
1989,8,Team Lotus,1603,84,1765,3
1989,8,Tyrrell,1661,84,1364,12
1989,9,Arrows,1706,83,1722,4
1989,9,Brabham,1452,83,1608,6
1989,9,Dallara,1557,83,1658,5
1989,9,Ferrari,1652,83,1917,1
1989,9,Ford,1663,83,1413,11
1989,9,Honda,2137,83,2167,0
1989,9,Judd,1835,83,1856,2
1989,9,Larrousse,1339,83,1330,12
1989,9,Ligier,1592,84,1500,9
1989,9,March,1434,83,1441,10
1989,9,Minardi,1431,83,1565,7
1989,9,Onyx,1411,89,1276,13
1989,9,Rial,1510,94,1184,14
1989,9,Team Lotus,1641,83,1765,3
1989,9,Tyrrell,1631,83,1544,8
1989,10,Arrows,1717,82,1758,3
1989,10,Brabham,1462,82,1492,8
1989,10,Dallara,1580,82,1638,5
1989,10,Ferrari,1745,82,2066,0
1989,10,Ford,1646,82,1602,6
1989,10,Honda,2110,82,2009,1
1989,10,Judd,1837,82,1845,2
1989,10,Larrousse,1321,82,1260,12
1989,10,March,1414,82,1341,11
1989,10,Minardi,1434,82,1444,9
1989,10,Onyx,1406,86,1393,10
1989,10,Osella,1319,94,1164,13
1989,10,Team Lotus,1655,82,1696,4
1989,10,Tyrrell,1612,82,1553,7
1989,11,Arrows,1715,81,1704,4
1989,11,Brabham,1411,81,1195,12
1989,11,Dallara,1557,81,1490,8
1989,11,Ferrari,1795,81,1924,1
1989,11,Ford,1673,81,1754,3
1989,11,Honda,2119,81,2152,0
1989,11,Judd,1840,81,1848,2
1989,11,Larrousse,1312,81,1278,11
1989,11,Ligier,1558,83,1438,9
1989,11,March,1454,81,1624,5
1989,11,Minardi,1455,81,1525,7
1989,11,Onyx,1444,84,1572,6
1989,11,Tyrrell,1567,81,1381,10
1989,12,Arrows,1662,81,1343,12
1989,12,Brabham,1468,81,1704,4
1989,12,Dallara,1550,81,1529,8
1989,12,Ferrari,1833,81,1948,1
1989,12,Ford,1625,81,1448,10
1989,12,Honda,2129,81,2164,0
1989,12,Judd,1846,81,1867,2
1989,12,Larrousse,1278,81,1142,14
1989,12,Ligier,1572,82,1616,6
1989,12,March,1438,81,1384,11
1989,12,Minardi,1494,81,1655,5
1989,12,Onyx,1451,83,1476,9
1989,12,Osella,1297,89,1244,13
1989,12,Team Lotus,1638,81,1581,7
1989,12,Tyrrell,1610,81,1769,3
1989,13,Arrows,1605,81,1352,12
1989,13,Brabham,1494,81,1570,7
1989,13,Coloni,1295,100,1153,14
1989,13,Dallara,1500,81,1276,13
1989,13,Ferrari,1884,81,2096,0
1989,13,Ford,1660,81,1774,3
1989,13,Honda,2107,81,2023,1
1989,13,Judd,1789,81,1413,11
1989,13,Larrousse,1323,81,1516,8
1989,13,Ligier,1546,81,1451,10
1989,13,March,1448,81,1484,9
1989,13,Minardi,1537,81,1709,4
1989,13,Onyx,1510,82,1834,2
1989,13,Team Lotus,1635,81,1626,6
1989,13,Tyrrell,1624,81,1668,5
1989,14,Arrows,1599,80,1582,7
1989,14,Brabham,1493,80,1491,9
1989,14,Dallara,1536,80,1658,5
1989,14,Ferrari,1902,80,1963,1
1989,14,Ford,1633,80,1545,8
1989,14,Honda,2118,80,2157,0
1989,14,Judd,1789,80,1790,3
1989,14,Larrousse,1384,80,1701,4
1989,14,Ligier,1507,81,1350,12
1989,14,March,1447,80,1443,10
1989,14,Minardi,1507,80,1404,11
1989,14,Onyx,1459,81,1278,13
1989,14,Osella,1260,86,1147,14
1989,14,Team Lotus,1633,81,1626,6
1989,14,Tyrrell,1668,80,1839,2
1989,15,Arrows,1625,80,1709,4
1989,15,Brabham,1542,80,1760,3
1989,15,Dallara,1553,80,1608,6
1989,15,Ferrari,1843,80,1542,8
1989,15,Ford,1697,80,2080,0
1989,15,Honda,2060,80,1591,7
1989,15,Judd,1824,80,1951,1
1989,15,Larrousse,1393,80,1419,10
1989,15,Ligier,1479,81,1381,11
1989,15,March,1485,80,1648,5
1989,15,Minardi,1448,80,1153,14
1989,15,Osella,1268,84,1292,12
1989,15,Team Lotus,1672,80,1841,2
1989,15,Tyrrell,1629,80,1489,9
1989,15,Zakspeed,1276,130,1227,13
1989,16,Arrows,1626,80,1631,6
1989,16,Brabham,1571,80,1668,5
1989,16,Dallara,1512,80,1353,12
1989,16,Ferrari,1771,80,1468,10
1989,16,Ford,1751,80,1933,1
1989,16,Honda,1987,80,1420,11
1989,16,Judd,1871,80,2071,0
1989,16,Larrousse,1365,80,1270,13
1989,16,Ligier,1492,80,1534,8
1989,16,March,1528,80,1714,4
1989,16,Minardi,1511,80,1768,3
1989,16,Onyx,1488,81,1575,7
1989,16,Osella,1311,83,1477,9
1989,16,Team Lotus,1707,80,1847,2
1989,16,Tyrrell,1564,80,1183,14
1990,1,Arrows,1621,80,1604,6
1990,1,Brabham,1611,80,1766,3
1990,1,Dallara,1480,80,1369,11
1990,1,Euro Brun,1548,171,1556,7
1990,1,Ferrari,1706,80,1507,9
1990,1,Ford,1781,80,1867,1
1990,1,Honda,2012,80,2076,0
1990,1,Larrousse,1416,80,1635,5
1990,1,Leyton House,1522,171,1527,8
1990,1,Ligier,1440,80,1174,13
1990,1,Minardi,1557,80,1700,4
1990,1,Osella,1334,82,1408,10
1990,1,Renault,1819,171,1867,1
1990,1,Team Lotus,1647,80,1302,12
1990,2,AGS,1445,86,1381,10
1990,2,Arrows,1606,80,1551,7
1990,2,Brabham,1576,80,1450,9
1990,2,Dallara,1504,80,1585,6
1990,2,Ferrari,1779,80,2029,0
1990,2,Ford,1779,80,1775,3
1990,2,Honda,1998,80,1959,1
1990,2,Larrousse,1389,80,1305,11
1990,2,Ligier,1482,80,1632,5
1990,2,Minardi,1589,80,1692,4
1990,2,Osella,1302,81,1189,12
1990,2,Renault,1831,130,1844,2
1990,2,Team Lotus,1611,80,1505,8
1990,3,Brabham,1540,80,1412,10
1990,3,Dallara,1470,80,1345,11
1990,3,Euro Brun,1377,130,1165,13
1990,3,Ferrari,1799,80,1850,2
1990,3,Ford,1780,80,1783,3
1990,3,Honda,1992,80,1974,1
1990,3,Larrousse,1414,80,1494,8
1990,3,Leyton House,1404,130,1266,12
1990,3,Ligier,1518,80,1644,5
1990,3,Minardi,1593,80,1605,6
1990,3,Onyx,1503,81,1550,7
1990,3,Osella,1332,81,1438,9
1990,3,Renault,1903,111,2066,0
1990,3,Team Lotus,1635,80,1707,4
1990,4,Arrows,1649,80,1841,2
1990,4,Brabham,1497,80,1334,11
1990,4,Dallara,1453,80,1397,10
1990,4,Ferrari,1758,80,1629,6
1990,4,Ford,1741,80,1578,7
1990,4,Honda,2015,80,2093,0
1990,4,Larrousse,1471,80,1762,3
1990,4,Leyton House,1329,111,1209,12
1990,4,Ligier,1504,80,1458,9
1990,4,Minardi,1576,80,1515,8
1990,4,Onyx,1544,80,1705,4
1990,4,Renault,1921,100,1961,1
1990,4,Team Lotus,1642,80,1663,5
1990,5,Arrows,1652,80,1662,5
1990,5,Brabham,1541,80,1700,4
1990,5,Dallara,1444,80,1413,10
1990,5,Ferrari,1799,80,1933,1
1990,5,Ford,1750,80,1780,3
1990,5,Honda,2034,80,2104,0
1990,5,Larrousse,1502,80,1599,6
1990,5,Leyton House,1398,100,1546,7
1990,5,Ligier,1462,80,1294,12
1990,5,Minardi,1518,80,1195,13
1990,5,Onyx,1527,80,1471,9
1990,5,Osella,1367,81,1499,8
1990,5,Renault,1840,94,1376,11
1990,5,Team Lotus,1681,80,1836,2
1990,6,Arrows,1610,80,1433,10
1990,6,Brabham,1568,80,1657,5
1990,6,Dallara,1468,80,1556,7
1990,6,Euro Brun,1284,111,1174,13
1990,6,Ferrari,1852,80,2057,0
1990,6,Ford,1758,80,1785,3
1990,6,Honda,2023,80,1981,1
1990,6,Larrousse,1458,80,1297,12
1990,6,Ligier,1463,80,1466,9
1990,6,Minardi,1540,80,1607,6
1990,6,Onyx,1525,80,1518,8
1990,6,Osella,1364,80,1351,11
1990,6,Renault,1847,89,1863,2
1990,6,Team Lotus,1690,80,1721,4
1990,7,AGS,1430,84,1390,10
1990,7,Arrows,1610,80,1610,6
1990,7,Brabham,1543,80,1458,9
1990,7,Dallara,1439,80,1326,11
1990,7,Ferrari,1899,80,2068,0
1990,7,Ford,1715,80,1523,8
1990,7,Honda,1997,80,1897,2
1990,7,Larrousse,1509,80,1703,4
1990,7,Leyton House,1495,94,1924,1
1990,7,Ligier,1500,80,1648,5
1990,7,Minardi,1483,80,1233,12
1990,7,Renault,1835,86,1802,3
1990,7,Team Lotus,1664,80,1568,7
1990,8,AGS,1387,83,1229,12
1990,8,Arrows,1620,80,1655,5
1990,8,Brabham,1556,80,1599,6
1990,8,Dallara,1451,80,1496,8
1990,8,Ferrari,1937,80,2071,0
1990,8,Ford,1716,80,1719,4
1990,8,Honda,1974,80,1888,2
1990,8,Larrousse,1562,80,1759,3
1990,8,Leyton House,1464,89,1400,10
1990,8,Ligier,1511,80,1549,7
1990,8,Minardi,1475,80,1452,9
1990,8,Renault,1861,84,1945,1
1990,8,Team Lotus,1611,80,1348,11
1990,9,Arrows,1619,80,1617,6
1990,9,Brabham,1516,80,1356,11
1990,9,Dallara,1412,80,1247,12
1990,9,Ferrari,1944,80,1970,1
1990,9,Ford,1731,80,1785,3
1990,9,Honda,1999,80,2092,0
1990,9,Larrousse,1540,80,1474,9
1990,9,Leyton House,1524,86,1705,4
1990,9,Ligier,1523,80,1561,7
1990,9,Minardi,1460,80,1413,10
1990,9,Onyx,1523,80,1517,8
1990,9,Renault,1864,83,1874,2
1990,9,Team Lotus,1624,80,1664,5
1990,10,AGS,1400,82,1439,9
1990,10,Arrows,1627,80,1658,5
1990,10,Brabham,1464,80,1231,12
1990,10,Dallara,1449,80,1589,6
1990,10,Ferrari,1880,80,1345,11
1990,10,Ford,1691,80,1519,8
1990,10,Honda,1997,80,1989,1
1990,10,Larrousse,1587,80,1768,3
1990,10,Leyton House,1572,84,1704,4
1990,10,Ligier,1528,80,1550,7
1990,10,Minardi,1445,80,1392,10
1990,10,Renault,1905,82,2080,0
1990,10,Team Lotus,1668,80,1848,2
1990,11,Arrows,1635,80,1664,5
1990,11,Brabham,1448,80,1396,10
1990,11,Dallara,1422,80,1326,11
1990,11,Ferrari,1901,80,1961,1
1990,11,Ford,1713,80,1793,2
1990,11,Honda,2018,80,2101,0
1990,11,Larrousse,1616,80,1714,4
1990,11,Leyton House,1623,83,1793,2
1990,11,Ligier,1534,80,1557,7
1990,11,Minardi,1457,80,1500,8
1990,11,Osella,1380,80,1441,9
1990,11,Renault,1839,81,1243,12
1990,11,Team Lotus,1657,80,1619,6
1990,12,AGS,1435,81,1563,7
1990,12,Arrows,1654,80,1728,4
1990,12,Brabham,1430,80,1370,11
1990,12,Dallara,1468,80,1661,5
1990,12,Ferrari,1917,80,1967,1
1990,12,Ford,1731,80,1793,3
1990,12,Honda,2037,80,2109,0
1990,12,Larrousse,1588,80,1490,9
1990,12,Leyton House,1601,82,1537,8
1990,12,Ligier,1552,80,1620,6
1990,12,Minardi,1412,80,1205,13
1990,12,Osella,1388,80,1418,10
1990,12,Renault,1849,81,1875,2
1990,12,Team Lotus,1601,80,1318,12
1990,13,AGS,1392,81,1230,12
1990,13,Arrows,1668,80,1725,4
1990,13,Brabham,1423,80,1398,10
1990,13,Dallara,1466,80,1458,9
1990,13,Ferrari,1953,80,2094,0
1990,13,Ford,1758,80,1863,2
1990,13,Honda,2029,80,2000,1
1990,13,Larrousse,1572,80,1520,8
1990,13,Leyton House,1593,81,1569,7
1990,13,Ligier,1574,80,1662,5
1990,13,Minardi,1452,80,1601,6
1990,13,Renault,1839,81,1809,3
1990,13,Team Lotus,1547,80,1347,11
1990,14,AGS,1444,81,1655,5
1990,14,Arrows,1660,80,1628,6
1990,14,Brabham,1382,80,1200,13
1990,14,Dallara,1456,80,1423,10
1990,14,Ferrari,1985,80,2107,0
1990,14,Ford,1716,80,1540,8
1990,14,Honda,1972,80,1497,9
1990,14,Larrousse,1623,80,1856,2
1990,14,Leyton House,1621,81,1723,4
1990,14,Ligier,1612,80,1783,3
1990,14,Minardi,1418,80,1302,12
1990,14,Osella,1382,80,1360,11
1990,14,Renault,1868,80,1969,1
1990,14,Team Lotus,1553,80,1570,7
1990,15,Arrows,1662,80,1672,5
1990,15,Brabham,1374,80,1343,10
1990,15,Dallara,1463,80,1489,8
1990,15,Ferrari,1925,80,1583,7
1990,15,Ford,1763,80,1952,1
1990,15,Honda,1898,80,1273,11
1990,15,Larrousse,1688,80,2066,0
1990,15,Leyton House,1585,81,1446,9
1990,15,Ligier,1646,80,1785,3
1990,15,Minardi,1473,80,1709,4
1990,15,Renault,1872,80,1887,2
1990,15,Team Lotus,1566,80,1607,6
1990,16,AGS,1444,80,1441,9
1990,16,Brabham,1415,80,1592,6
1990,16,Dallara,1470,80,1495,8
1990,16,Ferrari,1960,80,2069,0
1990,16,Ford,1786,80,1859,2
1990,16,Honda,1914,80,1955,1
1990,16,Larrousse,1613,80,1228,12
1990,16,Leyton House,1535,80,1327,11
1990,16,Ligier,1651,80,1668,5
1990,16,Minardi,1523,80,1708,4
1990,16,Osella,1413,80,1540,7
1990,16,Renault,1858,80,1808,3
1990,16,Team Lotus,1530,80,1396,10
1991,1,AGS,1492,80,1692,5
1991,1,Brabham,1447,80,1559,8
1991,1,Dallara,1424,80,1199,14
1991,1,Ferrari,1967,80,1986,1
1991,1,Footwork,1436,171,1424,11
1991,1,Ford,1807,80,1880,2
1991,1,Honda,1955,80,2090,0
1991,1,Jordan,1594,171,1611,7
1991,1,Lambo,1715,171,1756,4
1991,1,Larrousse,1662,80,1795,3
1991,1,Leyton House,1502,80,1389,12
1991,1,Ligier,1599,80,1324,13
1991,1,Minardi,1553,80,1644,6
1991,1,Renault,1804,80,1492,10
1991,1,Team Lotus,1528,80,1522,9
1991,2,AGS,1441,80,1248,12
1991,2,Brabham,1471,80,1555,7
1991,2,Dallara,1462,80,1603,6
1991,2,Ferrari,1951,80,1899,2
1991,2,Ford,1755,80,1519,8
1991,2,Honda,1986,80,2093,0
1991,2,Jordan,1558,130,1519,8
1991,2,Larrousse,1606,80,1429,10
1991,2,Leyton House,1469,80,1349,11
1991,2,Ligier,1616,80,1669,5
1991,2,Minardi,1598,80,1780,3
1991,2,Renault,1838,80,1954,1
1991,2,Team Lotus,1566,80,1717,4
1991,3,Brabham,1509,80,1665,5
1991,3,Dallara,1525,80,1948,1
1991,3,Ferrari,1887,80,1278,12
1991,3,Ford,1708,80,1542,8
1991,3,Honda,2014,80,2113,0
1991,3,Jordan,1528,111,1471,9
1991,3,Lambo,1677,130,1637,6
1991,3,Leyton House,1491,80,1567,7
1991,3,Ligier,1642,80,1733,4
1991,3,Lola,1433,171,1415,10
1991,3,Minardi,1648,80,1865,2
1991,3,Renault,1772,80,1386,11
1991,3,Team Lotus,1611,80,1792,3
1991,4,AGS,1392,80,1219,13
1991,4,Brabham,1482,80,1387,11
1991,4,Dallara,1578,80,1767,3
1991,4,Ferrari,1883,80,1871,2
1991,4,Footwork,1377,130,1308,12
1991,4,Ford,1682,80,1599,7
1991,4,Honda,2033,80,2100,0
1991,4,Jordan,1566,100,1665,5
1991,4,Leyton House,1480,80,1442,10
1991,4,Ligier,1659,80,1721,4
1991,4,Lola,1522,130,1621,6
1991,4,Minardi,1625,80,1550,8
1991,4,Renault,1813,80,1934,1
1991,4,Team Lotus,1585,80,1501,9
1991,5,Brabham,1437,80,1248,12
1991,5,Dallara,1601,80,1666,5
1991,5,Ferrari,1823,80,1549,8
1991,5,Footwork,1440,111,1561,7
1991,5,Ford,1744,80,2053,0
1991,5,Honda,1970,80,1445,10
1991,5,Jordan,1627,94,1841,2
1991,5,Leyton House,1507,80,1611,6
1991,5,Ligier,1673,80,1724,4
1991,5,Lola,1505,111,1478,9
1991,5,Minardi,1658,80,1777,3
1991,5,Renault,1845,80,1945,1
1991,5,Team Lotus,1541,80,1362,11
1991,6,Brabham,1461,80,1539,8
1991,6,Dallara,1567,80,1455,10
1991,6,Ferrari,1759,80,1520,9
1991,6,Fondmetal,1199,171,1141,13
1991,6,Footwork,1420,100,1377,11
1991,6,Ford,1727,80,1680,5
1991,6,Honda,1970,80,1970,1
1991,6,Jordan,1681,89,1853,2
1991,6,Leyton House,1468,80,1307,12
1991,6,Ligier,1675,80,1680,5
1991,6,Lola,1578,100,1788,3
1991,6,Minardi,1678,80,1744,4
1991,6,Renault,1888,80,2057,0
1991,6,Team Lotus,1553,80,1594,7
1991,7,Brabham,1427,80,1308,12
1991,7,Dallara,1529,80,1397,11
1991,7,Ferrari,1804,80,1934,1
1991,7,Fondmetal,1341,130,1478,9
1991,7,Footwork,1363,94,1179,13
1991,7,Ford,1696,80,1591,7
1991,7,Honda,1951,80,1888,2
1991,7,Jordan,1710,86,1792,3
1991,7,Leyton House,1517,80,1725,4
1991,7,Ligier,1657,80,1591,7
1991,7,Lola,1542,94,1456,10
1991,7,Minardi,1681,80,1692,5
1991,7,Renault,1925,80,2062,0
1991,7,Team Lotus,1572,80,1635,6
1991,8,Brabham,1449,80,1523,8
1991,8,Dallara,1553,80,1628,6
1991,8,Ferrari,1821,80,1869,2
1991,8,Footwork,1355,89,1332,11
1991,8,Ford,1711,80,1762,3
1991,8,Honda,1955,80,1968,1
1991,8,Jordan,1723,84,1762,3
1991,8,Leyton House,1463,80,1251,12
1991,8,Ligier,1617,80,1437,10
1991,8,Lola,1526,89,1483,9
1991,8,Minardi,1683,80,1690,5
1991,8,Renault,1957,80,2073,0
1991,8,Team Lotus,1575,80,1585,7
1991,9,Brabham,1480,80,1594,7
1991,9,Dallara,1584,80,1697,5
1991,9,Ferrari,1853,80,1963,1
1991,9,Ford,1700,80,1664,6
1991,9,Honda,1944,80,1907,2
1991,9,Jordan,1744,83,1815,3
1991,9,Lambo,1565,111,1283,12
1991,9,Leyton House,1485,80,1547,8
1991,9,Ligier,1646,80,1751,4
1991,9,Lola,1507,86,1448,10
1991,9,Minardi,1635,80,1392,11
1991,9,Renault,1986,80,2095,0
1991,9,Team Lotus,1561,80,1509,9
1991,10,Brabham,1472,80,1446,10
1991,10,Dallara,1544,80,1391,11
1991,10,Ferrari,1862,80,1894,2
1991,10,Ford,1696,80,1679,5
1991,10,Honda,1975,80,2098,0
1991,10,Jordan,1747,82,1761,4
1991,10,Lambo,1542,100,1507,9
1991,10,Leyton House,1542,80,1797,3
1991,10,Ligier,1653,80,1679,5
1991,10,Lola,1463,84,1284,12
1991,10,Minardi,1628,80,1607,7
1991,10,Renault,1988,80,1994,1
1991,10,Team Lotus,1559,80,1554,8
1991,11,Brabham,1528,80,1864,2
1991,11,Dallara,1585,80,1735,4
1991,11,Ferrari,1802,80,1445,10
1991,11,Fondmetal,1453,111,1623,6
1991,11,Ford,1696,80,1696,5
1991,11,Honda,2004,80,2111,0
1991,11,Jordan,1703,81,1502,9
1991,11,Leyton House,1482,80,1251,12
1991,11,Ligier,1641,80,1598,7
1991,11,Lola,1437,83,1348,11
1991,11,Minardi,1610,80,1546,8
1991,11,Renault,1990,80,2000,1
1991,11,Team Lotus,1601,80,1797,3
1991,12,Brabham,1533,80,1549,8
1991,12,Dallara,1600,80,1648,6
1991,12,Ferrari,1823,80,1885,2
1991,12,Fondmetal,1412,100,1343,12
1991,12,Ford,1667,80,1549,8
1991,12,Honda,2003,80,2002,1
1991,12,Jordan,1727,81,1807,3
1991,12,Lambo,1504,94,1417,11
1991,12,Leyton House,1539,80,1736,4
1991,12,Ligier,1635,80,1611,7
1991,12,Lola,1398,82,1245,13
1991,12,Minardi,1628,80,1695,5
1991,12,Renault,2015,80,2116,0
1991,12,Team Lotus,1574,80,1475,10
1991,13,Brabham,1534,80,1535,8
1991,13,Dallara,1543,80,1255,12
1991,13,Ferrari,1839,80,1889,2
1991,13,Footwork,1367,86,1403,10
1991,13,Ford,1662,80,1643,6
1991,13,Honda,2004,80,2007,1
1991,13,Jordan,1720,81,1697,5
1991,13,Leyton House,1586,80,1732,4
1991,13,Ligier,1626,80,1593,7
1991,13,Lola,1384,81,1337,11
1991,13,Minardi,1662,80,1798,3
1991,13,Renault,2038,80,2129,0
1991,13,Team Lotus,1555,80,1488,9
1991,14,Brabham,1556,80,1636,6
1991,14,Dallara,1587,80,1737,4
1991,14,Ferrari,1869,80,1984,1
1991,14,Fondmetal,1450,94,1536,8
1991,14,Footwork,1369,84,1375,11
1991,14,Ford,1649,80,1602,7
1991,14,Honda,1987,80,1924,2
1991,14,Jordan,1716,80,1701,5
1991,14,Leyton House,1632,80,1800,3
1991,14,Ligier,1594,80,1459,10
1991,14,Lola,1349,81,1204,13
1991,14,Minardi,1631,80,1512,9
1991,14,Renault,2060,80,2143,0
1991,14,Team Lotus,1513,80,1327,12
1991,15,Brabham,1600,80,1800,3
1991,15,Dallara,1521,80,1224,13
1991,15,Ferrari,1878,80,1906,2
1991,15,Fondmetal,1474,89,1540,8
1991,15,Footwork,1409,83,1580,7
1991,15,Ford,1669,80,1747,4
1991,15,Honda,2017,80,2135,0
1991,15,Jordan,1661,80,1335,12
1991,15,Leyton House,1647,80,1694,5
1991,15,Ligier,1604,80,1643,6
1991,15,Lola,1354,81,1373,11
1991,15,Minardi,1604,80,1511,9
1991,15,Renault,2054,80,2031,1
1991,15,Team Lotus,1498,80,1450,10
1991,16,Brabham,1566,80,1445,10
1991,16,Dallara,1577,80,1754,3
1991,16,Ferrari,1885,80,1909,2
1991,16,Footwork,1445,82,1578,7
1991,16,Ford,1687,80,1754,3
1991,16,Honda,2043,80,2147,0
1991,16,Jordan,1669,80,1693,5
1991,16,Lambo,1447,89,1266,12
1991,16,Leyton House,1626,80,1552,8
1991,16,Ligier,1563,80,1378,11
1991,16,Minardi,1582,80,1500,9
1991,16,Renault,2049,80,2034,1
1991,16,Team Lotus,1526,80,1630,6
1992,1,Brabham,1567,80,1571,8
1992,1,Dallara,1559,80,1509,10
1992,1,Ferrari,1827,80,1424,12
1992,1,Fondmetal,1441,86,1338,13
1992,1,Footwork,1492,81,1692,5
1992,1,Ford,1725,80,1895,2
1992,1,Honda,2043,80,2042,1
1992,1,Ilmor,1531,171,1537,9
1992,1,Jordan,1668,80,1662,6
1992,1,Larrousse,1608,80,1615,7
1992,1,Ligier,1602,80,1750,4
1992,1,March,1475,80,1244,14
1992,1,Minardi,1557,80,1465,11
1992,1,Renault,2072,80,2166,0
1992,1,Team Lotus,1576,80,1809,3
1992,2,Dallara,1591,80,1698,5
1992,2,Ferrari,1763,80,1490,10
1992,2,Fondmetal,1458,84,1511,9
1992,2,Footwork,1508,81,1559,8
1992,2,Ford,1772,80,1986,1
1992,2,Honda,2022,80,1941,2
1992,2,Ilmor,1659,130,1814,3
1992,2,Jordan,1616,80,1365,12
1992,2,Larrousse,1609,80,1612,7
1992,2,Ligier,1614,80,1655,6
1992,2,March,1426,80,1251,13
1992,2,Minardi,1530,80,1424,11
1992,2,Renault,2093,80,2171,0
1992,2,Team Lotus,1615,80,1753,4
1992,3,Dallara,1616,80,1700,5
1992,3,Ferrari,1798,80,1895,2
1992,3,Fondmetal,1481,83,1559,8
1992,3,Footwork,1559,81,1804,3
1992,3,Ford,1816,80,1989,1
1992,3,Honda,1962,80,1277,13
1992,3,Ilmor,1589,111,1485,10
1992,3,Jordan,1565,80,1369,12
1992,3,Larrousse,1620,80,1656,6
1992,3,Ligier,1577,80,1435,11
1992,3,March,1448,80,1512,9
1992,3,Minardi,1571,80,1746,4
1992,3,Renault,2110,80,2177,0
1992,3,Team Lotus,1615,80,1614,7
1992,4,Dallara,1636,80,1706,5
1992,4,Ferrari,1823,80,1901,2
1992,4,Fondmetal,1499,82,1566,8
1992,4,Footwork,1600,80,1752,4
1992,4,Ford,1854,80,1991,1
1992,4,Honda,1935,80,1853,3
1992,4,Ilmor,1523,100,1371,12
1992,4,Jordan,1508,80,1277,13
1992,4,Larrousse,1584,80,1439,11
1992,4,Ligier,1557,80,1487,10
1992,4,March,1491,80,1649,6
1992,4,Minardi,1581,80,1615,7
1992,4,Renault,2124,80,2179,0
1992,4,Team Lotus,1597,80,1535,9
1992,5,Dallara,1662,80,1758,4
1992,5,Ferrari,1764,80,1498,10
1992,5,Fondmetal,1471,81,1365,12
1992,5,Footwork,1644,80,1814,3
1992,5,Ford,1867,80,1912,2
1992,5,Honda,1954,80,2013,1
1992,5,Ilmor,1561,94,1652,6
1992,5,Jordan,1553,80,1697,5
1992,5,Larrousse,1571,80,1531,9
1992,5,Ligier,1569,80,1612,7
1992,5,March,1508,80,1565,8
1992,5,Minardi,1551,80,1435,11
1992,5,Renault,2137,80,2187,0
1992,5,Team Lotus,1545,80,1278,13
1992,6,Andrea Moda,1461,171,1454,11
1992,6,Dallara,1664,80,1672,6
1992,6,Ferrari,1722,80,1596,8
1992,6,Fondmetal,1445,81,1350,13
1992,6,Footwork,1672,80,1766,4
1992,6,Ford,1879,80,1921,2
1992,6,Honda,1995,80,2153,0
1992,6,Ilmor,1525,89,1423,12
1992,6,Jordan,1539,80,1497,10
1992,6,Larrousse,1617,80,1819,3
1992,6,Ligier,1581,80,1622,7
1992,6,March,1459,80,1254,14
1992,6,Minardi,1584,80,1708,5
1992,6,Renault,2123,80,2066,1
1992,6,Team Lotus,1543,80,1539,9
1992,7,Dallara,1655,80,1623,7
1992,7,Ferrari,1764,80,1901,2
1992,7,Fondmetal,1408,81,1256,13
1992,7,Footwork,1670,80,1667,6
1992,7,Ford,1906,80,2013,1
1992,7,Honda,2030,80,2161,0
1992,7,Ilmor,1577,86,1753,4
1992,7,Jordan,1513,80,1429,11
1992,7,Larrousse,1598,80,1534,9
1992,7,Ligier,1606,80,1705,5
1992,7,March,1521,80,1811,3
1992,7,Minardi,1582,80,1574,8
1992,7,Renault,2065,80,1500,10
1992,7,Team Lotus,1506,80,1365,12
1992,8,Dallara,1658,80,1671,6
1992,8,Ferrari,1724,80,1592,8
1992,8,Fondmetal,1375,80,1249,13
1992,8,Footwork,1692,80,1771,4
1992,8,Ford,1930,80,2022,1
1992,8,Honda,1963,80,1381,12
1992,8,Ilmor,1588,84,1620,7
1992,8,Jordan,1494,80,1429,11
1992,8,Larrousse,1584,80,1535,9
1992,8,Ligier,1647,80,1827,3
1992,8,March,1511,80,1482,10
1992,8,Minardi,1609,80,1711,5
1992,8,Renault,2090,80,2173,0
1992,8,Team Lotus,1567,80,1898,2
1992,9,Brabham,1557,80,1520,10
1992,9,Dallara,1648,80,1608,8
1992,9,Ferrari,1716,80,1694,6
1992,9,Fondmetal,1411,80,1547,9
1992,9,Footwork,1711,80,1784,4
1992,9,Ford,1949,80,2023,1
1992,9,Honda,1958,80,1944,2
1992,9,Ilmor,1601,83,1642,7
1992,9,Jordan,1478,80,1417,12
1992,9,Larrousse,1542,80,1360,13
1992,9,Ligier,1666,80,1731,5
1992,9,March,1459,80,1254,14
1992,9,Minardi,1581,80,1479,11
1992,9,Renault,2110,80,2177,0
1992,9,Team Lotus,1625,80,1833,3
1992,10,Andrea Moda,1345,130,1206,14
1992,10,Dallara,1655,80,1683,6
1992,10,Ferrari,1745,80,1845,3
1992,10,Fondmetal,1418,80,1442,11
1992,10,Footwork,1716,80,1735,5
1992,10,Ford,1949,80,1947,2
1992,10,Honda,1976,80,2035,1
1992,10,Ilmor,1561,82,1405,12
1992,10,Jordan,1482,80,1497,10
1992,10,Larrousse,1543,80,1547,9
1992,10,Ligier,1690,80,1781,4
1992,10,March,1489,80,1583,8
1992,10,Minardi,1593,80,1634,7
1992,10,Renault,2128,80,2191,0
1992,10,Team Lotus,1562,80,1336,13
1992,11,Brabham,1551,80,1532,9
1992,11,Dallara,1624,80,1493,10
1992,11,Ferrari,1755,80,1787,4
1992,11,Fondmetal,1403,80,1349,12
1992,11,Footwork,1719,80,1730,5
1992,11,Ford,1934,80,1876,3
1992,11,Honda,2016,80,2167,0
1992,11,Ilmor,1585,81,1667,6
1992,11,Jordan,1500,80,1570,8
1992,11,Larrousse,1519,80,1430,11
1992,11,Ligier,1632,80,1274,13
1992,11,March,1518,80,1615,7
1992,11,Renault,2117,80,2077,1
1992,11,Team Lotus,1634,80,1909,2
1992,12,Dallara,1655,80,1778,4
1992,12,Ferrari,1694,80,1282,13
1992,12,Fondmetal,1444,80,1616,7
1992,12,Footwork,1712,80,1686,6
1992,12,Ford,1974,80,2162,0
1992,12,Honda,2004,80,1965,2
1992,12,Ilmor,1615,81,1721,5
1992,12,Jordan,1507,80,1533,9
1992,12,Larrousse,1501,80,1435,11
1992,12,Ligier,1576,80,1378,12
1992,12,March,1532,80,1579,8
1992,12,Minardi,1572,80,1495,10
1992,12,Renault,2108,80,2078,1
1992,12,Team Lotus,1687,80,1841,3
1992,13,Dallara,1671,80,1727,5
1992,13,Ferrari,1632,80,1387,12
1992,13,Fondmetal,1453,80,1483,10
1992,13,Footwork,1727,80,1786,4
1992,13,Ford,1991,80,2049,1
1992,13,Honda,2039,80,2175,0
1992,13,Ilmor,1658,81,1840,3
1992,13,Jordan,1522,80,1580,8
1992,13,Larrousse,1534,80,1668,6
1992,13,Ligier,1567,80,1543,9
1992,13,March,1553,80,1625,7
1992,13,Minardi,1524,80,1282,13
1992,13,Renault,2083,80,1982,2
1992,13,Team Lotus,1631,80,1452,11
1992,14,Dallara,1634,80,1482,10
1992,14,Ferrari,1566,80,1317,12
1992,14,Footwork,1739,80,1782,4
1992,14,Ford,1985,80,1965,2
1992,14,Honda,2045,80,2066,1
1992,14,Ilmor,1661,80,1671,6
1992,14,Jordan,1522,80,1521,9
1992,14,Larrousse,1507,80,1405,11
1992,14,Ligier,1601,80,1712,5
1992,14,March,1566,80,1616,7
1992,14,Minardi,1534,80,1568,8
1992,14,Renault,2106,80,2195,0
1992,14,Team Lotus,1681,80,1838,3
1992,15,Dallara,1621,80,1577,8
1992,15,Ferrari,1617,80,1768,4
1992,15,Footwork,1717,80,1632,7
1992,15,Ford,1982,80,1968,2
1992,15,Honda,2051,80,2072,1
1992,15,Ilmor,1697,80,1842,3
1992,15,Jordan,1549,80,1659,6
1992,15,Larrousse,1509,80,1517,9
1992,15,Ligier,1546,80,1312,12
1992,15,March,1546,80,1471,10
1992,15,Minardi,1570,80,1710,5
1992,15,Renault,2128,80,2208,0
1992,15,Team Lotus,1622,80,1415,11
1992,16,Dallara,1601,80,1528,9
1992,16,Ferrari,1681,80,1921,2
1992,16,Footwork,1708,80,1675,6
1992,16,Ford,1998,80,2063,1
1992,16,Honda,2081,80,2201,0
1992,16,Ilmor,1638,80,1320,12
1992,16,Jordan,1588,80,1764,4
1992,16,Larrousse,1500,80,1465,10
1992,16,Ligier,1604,80,1832,3
1992,16,March,1551,80,1568,8
1992,16,Minardi,1580,80,1615,7
1992,16,Renault,2067,80,1424,11
1992,16,Team Lotus,1647,80,1714,5
1993,1,Ferrari,1697,80,1743,4
1993,1,Footwork,1694,80,1638,6
1993,1,Ford,1951,80,1714,5
1993,1,Ilmor,1570,80,1276,11
1993,1,Jordan,1548,80,1386,10
1993,1,Larrousse,1502,80,1511,8
1993,1,Ligier,1670,80,1945,1
1993,1,Lola,1393,80,1553,7
1993,1,Mercedes,1750,171,1798,3
1993,1,Minardi,1627,80,1842,2
1993,1,Renault,2088,80,2151,0
1993,1,Team Lotus,1605,80,1467,9
1993,2,Ferrari,1693,80,1680,5
1993,2,Footwork,1681,80,1630,6
1993,2,Ford,1976,80,2058,0
1993,2,Ilmor,1543,80,1469,9
1993,2,Jordan,1498,80,1292,11
1993,2,Larrousse,1541,80,1715,4
1993,2,Ligier,1700,80,1788,3
1993,2,Lola,1426,80,1551,7
1993,2,Mercedes,1641,130,1530,8
1993,2,Minardi,1581,80,1404,10
1993,2,Renault,2081,80,2058,0
1993,2,Team Lotus,1658,80,1854,2
1993,3,Ferrari,1648,80,1468,9
1993,3,Footwork,1660,80,1576,7
1993,3,Ford,1980,80,1996,1
1993,3,Ilmor,1535,80,1512,8
1993,3,Jordan,1535,80,1656,5
1993,3,Larrousse,1576,80,1712,4
1993,3,Ligier,1640,80,1397,10
1993,3,Lola,1463,80,1601,6
1993,3,Mercedes,1519,111,1284,11
1993,3,Minardi,1624,80,1774,3
1993,3,Renault,2097,80,2154,0
1993,3,Team Lotus,1702,80,1852,2
1993,4,Ferrari,1608,80,1470,9
1993,4,Footwork,1633,80,1525,8
1993,4,Ford,1927,80,1648,5
1993,4,Ilmor,1504,80,1394,10
1993,4,Jordan,1485,80,1295,11
1993,4,Larrousse,1615,80,1769,3
1993,4,Ligier,1704,80,1943,1
1993,4,Lola,1501,80,1648,5
1993,4,Mercedes,1627,100,1841,2
1993,4,Minardi,1645,80,1714,4
1993,4,Renault,2111,80,2163,0
1993,4,Team Lotus,1672,80,1577,7
1993,5,Ferrari,1657,80,1841,2
1993,5,Footwork,1631,80,1622,6
1993,5,Ford,1939,80,1978,1
1993,5,Ilmor,1462,80,1298,11
1993,5,Jordan,1504,80,1562,7
1993,5,Larrousse,1627,80,1666,5
1993,5,Ligier,1724,80,1781,3
1993,5,Lola,1477,80,1396,10
1993,5,Mercedes,1572,94,1473,9
1993,5,Minardi,1662,80,1719,4
1993,5,Renault,2123,80,2164,0
1993,5,Team Lotus,1640,80,1531,8
1993,6,Ferrari,1714,80,1944,1
1993,6,Footwork,1591,80,1403,10
1993,6,Ford,1891,80,1693,5
1993,6,Ilmor,1484,80,1557,7
1993,6,Jordan,1528,80,1608,6
1993,6,Larrousse,1604,80,1523,8
1993,6,Ligier,1739,80,1785,3
1993,6,Lola,1438,80,1286,11
1993,6,Mercedes,1539,89,1463,9
1993,6,Minardi,1699,80,1848,2
1993,6,Renault,2133,80,2174,0
1993,6,Team Lotus,1658,80,1719,4
1993,7,Ferrari,1765,80,1946,1
1993,7,Footwork,1564,80,1465,9
1993,7,Ford,1851,80,1710,4
1993,7,Ilmor,1444,80,1284,11
1993,7,Jordan,1525,80,1514,8
1993,7,Larrousse,1627,80,1710,4
1993,7,Ligier,1765,80,1858,2
1993,7,Lola,1424,80,1378,10
1993,7,Mercedes,1596,86,1773,3
1993,7,Minardi,1683,80,1630,6
1993,7,Renault,2142,80,2177,0
1993,7,Team Lotus,1640,80,1578,7
1993,8,Ferrari,1723,80,1587,7
1993,8,Footwork,1576,80,1618,6
1993,8,Ford,1878,80,1965,1
1993,8,Ilmor,1458,80,1504,8
1993,8,Jordan,1570,80,1775,3
1993,8,Larrousse,1637,80,1674,5
1993,8,Ligier,1786,80,1864,2
1993,8,Lola,1428,80,1442,9
1993,8,Mercedes,1545,84,1393,10
1993,8,Minardi,1694,80,1731,4
1993,8,Renault,2151,80,2183,0
1993,8,Team Lotus,1586,80,1294,11
1993,9,Ferrari,1700,80,1632,6
1993,9,Footwork,1615,80,1777,3
1993,9,Ford,1900,80,1974,1
1993,9,Ilmor,1440,80,1378,10
1993,9,Jordan,1570,80,1568,7
1993,9,Larrousse,1614,80,1524,8
1993,9,Ligier,1776,80,1740,4
1993,9,Lola,1397,80,1271,11
1993,9,Mercedes,1576,83,1664,5
1993,9,Minardi,1652,80,1471,9
1993,9,Renault,2159,80,2190,0
1993,9,Team Lotus,1638,80,1847,2
1993,10,Ferrari,1721,80,1788,3
1993,10,Footwork,1571,80,1394,10
1993,10,Ford,1902,80,1908,1
1993,10,Ilmor,1406,80,1268,11
1993,10,Jordan,1558,80,1518,8
1993,10,Larrousse,1605,80,1574,7
1993,10,Ligier,1803,80,1908,1
1993,10,Lola,1406,80,1438,9
1993,10,Mercedes,1610,82,1719,4
1993,10,Minardi,1646,80,1626,6
1993,10,Renault,2167,80,2198,0
1993,10,Team Lotus,1647,80,1673,5
1993,11,Ferrari,1767,80,1959,1
1993,11,Footwork,1625,80,1852,2
1993,11,Ford,1845,80,1520,8
1993,11,Ilmor,1436,80,1551,7
1993,11,Jordan,1571,80,1616,6
1993,11,Larrousse,1619,80,1671,5
1993,11,Ligier,1803,80,1805,3
1993,11,Lola,1376,80,1256,11
1993,11,Mercedes,1637,81,1724,4
1993,11,Minardi,1620,80,1520,8
1993,11,Renault,2175,80,2205,0
1993,11,Team Lotus,1597,80,1391,10
1993,12,Ferrari,1749,80,1691,5
1993,12,Footwork,1587,80,1467,9
1993,12,Ford,1875,80,1971,1
1993,12,Ilmor,1452,80,1505,8
1993,12,Jordan,1522,80,1282,11
1993,12,Larrousse,1621,80,1627,6
1993,12,Ligier,1804,80,1806,3
1993,12,Lola,1412,80,1554,7
1993,12,Mercedes,1657,81,1729,4
1993,12,Minardi,1577,80,1393,10
1993,12,Renault,2182,80,2208,0
1993,12,Team Lotus,1650,80,1852,2
1993,13,Ferrari,1792,80,1962,1
1993,13,Footwork,1545,80,1392,10
1993,13,Ford,1864,80,1829,2
1993,13,Ilmor,1463,80,1505,8
1993,13,Jordan,1474,80,1282,11
1993,13,Larrousse,1642,80,1727,4
1993,13,Ligier,1754,80,1476,9
1993,13,Lola,1451,80,1606,6
1993,13,Mercedes,1692,81,1829,2
1993,13,Minardi,1598,80,1670,5
1993,13,Renault,2188,80,2215,0
1993,13,Team Lotus,1632,80,1578,7
1993,14,Ferrari,1830,80,1966,1
1993,14,Footwork,1510,80,1389,10
1993,14,Ford,1821,80,1645,6
1993,14,Ilmor,1483,80,1559,7
1993,14,Jordan,1482,80,1507,8
1993,14,Larrousse,1649,80,1677,5
1993,14,Ligier,1765,80,1800,3
1993,14,Lola,1450,80,1446,9
1993,14,Mercedes,1726,80,1862,2
1993,14,Minardi,1626,80,1725,4
1993,14,Renault,2195,80,2220,0
1993,14,Team Lotus,1573,80,1295,11
1993,15,Ferrari,1767,80,1440,9
1993,15,Footwork,1505,80,1487,8
1993,15,Ford,1809,80,1771,3
1993,15,Ilmor,1449,80,1308,10
1993,15,Jordan,1545,80,1946,1
1993,15,Larrousse,1632,80,1563,7
1993,15,Ligier,1788,80,1870,2
1993,15,Mercedes,1736,80,1771,3
1993,15,Minardi,1635,80,1670,5
1993,15,Renault,2201,80,2225,0
1993,15,Team Lotus,1582,80,1610,6
1993,16,Ferrari,1813,80,1957,1
1993,16,Footwork,1546,80,1713,4
1993,16,Ford,1823,80,1871,2
1993,16,Ilmor,1469,80,1542,7
1993,16,Jordan,1575,80,1661,5
1993,16,Larrousse,1629,80,1617,6
1993,16,Ligier,1790,80,1800,3
1993,16,Mercedes,1694,80,1513,8
1993,16,Minardi,1596,80,1433,9
1993,16,Renault,2206,80,2227,0
1993,16,Team Lotus,1531,80,1324,10
1994,1,Ferrari,1832,80,1888,2
1994,1,Footwork,1503,80,1341,11
1994,1,Ford,1875,80,2144,0
1994,1,Ilmor,1518,80,1751,4
1994,1,Larrousse,1622,80,1597,7
1994,1,Ligier,1741,80,1490,9
1994,1,Mercedes,1662,80,1547,8
1994,1,Minardi,1608,80,1647,6
1994,1,Pacific,1198,171,1140,12
1994,1,Peugeot,1771,171,1823,3
1994,1,Renault,2181,80,2076,1
1994,1,Simtek,1412,171,1395,10
1994,1,Team Lotus,1569,80,1695,5
1994,2,Ferrari,1866,80,1990,1
1994,2,Footwork,1560,80,1807,3
1994,2,Ford,1928,80,2141,0
1994,2,Ilmor,1472,80,1296,11
1994,2,Larrousse,1647,80,1752,4
1994,2,Ligier,1721,80,1656,6
1994,2,Mercedes,1646,80,1596,7
1994,2,Minardi,1582,80,1487,9
1994,2,Peugeot,1832,130,1902,2
1994,2,Renault,2123,80,1429,10
1994,2,Simtek,1464,130,1523,8
1994,2,Team Lotus,1598,80,1691,5
1994,3,Ferrari,1896,80,2007,1
1994,3,Footwork,1569,80,1593,7
1994,3,Ford,1976,80,2142,0
1994,3,Ilmor,1534,80,1813,3
1994,3,Larrousse,1592,80,1237,12
1994,3,Ligier,1707,80,1661,6
1994,3,Mercedes,1693,80,1895,2
1994,3,Minardi,1562,80,1491,9
1994,3,Pacific,1244,130,1290,11
1994,3,Peugeot,1744,111,1562,8
1994,3,Renault,2062,80,1805,4
1994,3,Simtek,1445,111,1411,10
1994,3,Team Lotus,1621,80,1701,5
1994,4,Ferrari,1920,80,2007,1
1994,4,Footwork,1552,80,1500,9
1994,4,Ford,2013,80,2138,0
1994,4,Ilmor,1491,80,1358,11
1994,4,Larrousse,1630,80,1758,4
1994,4,Ligier,1709,80,1715,5
1994,4,Mercedes,1664,80,1566,8
1994,4,Minardi,1609,80,1819,3
1994,4,Pacific,1351,111,1584,7
1994,4,Peugeot,1798,100,1906,2
1994,4,Renault,1980,80,1249,12
1994,4,Simtek,1439,100,1423,10
1994,4,Team Lotus,1629,80,1654,6
1994,5,Ferrari,1907,80,1861,3
1994,5,Footwork,1539,80,1492,9
1994,5,Ford,2016,80,2027,1
1994,5,Ilmor,1560,80,1893,2
1994,5,Larrousse,1567,80,1269,12
1994,5,Ligier,1700,80,1671,6
1994,5,Mercedes,1627,80,1492,9
1994,5,Minardi,1643,80,1765,4
1994,5,Pacific,1346,100,1339,11
1994,5,Peugeot,1778,94,1730,5
1994,5,Renault,2024,80,2133,0
1994,5,Simtek,1465,94,1544,8
1994,5,Team Lotus,1625,80,1613,7
1994,6,Ferrari,1912,80,1929,2
1994,6,Footwork,1531,80,1502,9
1994,6,Ford,2044,80,2148,0
1994,6,Ilmor,1586,80,1653,6
1994,6,Larrousse,1536,80,1447,10
1994,6,Ligier,1683,80,1618,7
1994,6,Mercedes,1571,80,1273,12
1994,6,Minardi,1659,80,1711,5
1994,6,Pacific,1345,94,1342,11
1994,6,Peugeot,1794,89,1841,3
1994,6,Renault,2026,80,2034,1
1994,6,Simtek,1484,89,1546,8
1994,6,Team Lotus,1653,80,1764,4
1994,7,Ferrari,1916,80,1935,2
1994,7,Footwork,1564,80,1698,5
1994,7,Ford,2069,80,2163,0
1994,7,Ilmor,1576,80,1548,8
1994,7,Larrousse,1524,80,1486,9
1994,7,Ligier,1632,80,1332,11
1994,7,Mercedes,1590,80,1648,6
1994,7,Minardi,1694,80,1829,3
1994,7,Peugeot,1732,86,1437,10
1994,7,Renault,2030,80,2041,1
1994,7,Simtek,1507,86,1590,7
1994,7,Team Lotus,1676,80,1765,4
1994,8,Ferrari,1938,80,2024,1
1994,8,Footwork,1582,80,1649,6
1994,8,Ford,2015,80,1742,5
1994,8,Ilmor,1615,80,1757,4
1994,8,Larrousse,1500,80,1421,10
1994,8,Ligier,1603,80,1501,9
1994,8,Mercedes,1637,80,1822,3
1994,8,Minardi,1676,80,1613,7
1994,8,Peugeot,1776,84,1910,2
1994,8,Renault,2059,80,2165,0
1994,8,Simtek,1469,84,1319,11
1994,8,Team Lotus,1652,80,1560,8
1994,9,Ferrari,1976,80,2145,0
1994,9,Footwork,1634,80,1903,2
1994,9,Ford,1953,80,1687,6
1994,9,Ilmor,1613,80,1607,7
1994,9,Larrousse,1556,80,1823,3
1994,9,Ligier,1664,80,1997,1
1994,9,Mercedes,1617,80,1558,8
1994,9,Minardi,1621,80,1334,11
1994,9,Peugeot,1718,83,1511,9
1994,9,Renault,2012,80,1810,4
1994,9,Simtek,1515,83,1698,5
1994,9,Team Lotus,1611,80,1434,10
1994,10,Ferrari,1918,80,1581,8
1994,10,Footwork,1593,80,1445,10
1994,10,Ford,1996,80,2127,0
1994,10,Ilmor,1663,80,1890,2
1994,10,Larrousse,1591,80,1700,5
1994,10,Ligier,1703,80,1822,3
1994,10,Mercedes,1619,80,1624,6
1994,10,Minardi,1653,80,1759,4
1994,10,Peugeot,1647,82,1352,11
1994,10,Renault,2015,80,2025,1
1994,10,Simtek,1540,82,1624,6
1994,10,Team Lotus,1588,80,1508,9
1994,11,Ferrari,1847,80,1464,10
1994,11,Footwork,1640,80,1817,3
1994,11,Ford,2003,80,2021,1
1994,11,Ilmor,1710,80,1893,2
1994,11,Larrousse,1540,80,1350,11
1994,11,Ligier,1719,80,1768,4
1994,11,Mercedes,1628,80,1661,6
1994,11,Minardi,1667,80,1711,5
1994,11,Peugeot,1611,81,1517,9
1994,11,Renault,2042,80,2140,0
1994,11,Simtek,1555,81,1607,7
1994,11,Team Lotus,1582,80,1564,8
1994,12,Ferrari,1886,80,1994,1
1994,12,Footwork,1611,80,1519,9
1994,12,Ford,1951,80,1743,5
1994,12,Ilmor,1679,80,1578,8
1994,12,Larrousse,1589,80,1757,4
1994,12,Ligier,1744,80,1828,3
1994,12,Mercedes,1636,80,1665,6
1994,12,Minardi,1624,80,1456,10
1994,12,Peugeot,1671,81,1888,2
1994,12,Renault,2065,80,2149,0
1994,12,Simtek,1568,81,1611,7
1994,12,Team Lotus,1540,80,1350,11
1994,13,Ferrari,1809,80,1367,11
1994,13,Footwork,1656,80,1821,3
1994,13,Ford,1945,80,1929,2
1994,13,Ilmor,1633,80,1458,10
1994,13,Larrousse,1583,80,1568,8
1994,13,Ligier,1751,80,1776,4
1994,13,Mercedes,1643,80,1667,6
1994,13,Minardi,1623,80,1619,7
1994,13,Peugeot,1737,81,1979,1
1994,13,Renault,2085,80,2155,0
1994,13,Simtek,1556,81,1512,9
1994,13,Team Lotus,1575,80,1707,5
1994,14,Ferrari,1801,80,1784,4
1994,14,Footwork,1649,80,1627,7
1994,14,Ford,1984,80,2127,0
1994,14,Ilmor,1653,80,1717,5
1994,14,Larrousse,1537,80,1358,11
1994,14,Ligier,1736,80,1682,6
1994,14,Mercedes,1677,80,1822,3
1994,14,Minardi,1613,80,1577,8
1994,14,Peugeot,1778,80,1895,2
1994,14,Renault,2074,80,2036,1
1994,14,Simtek,1534,80,1451,10
1994,14,Team Lotus,1562,80,1519,9
1994,15,Ferrari,1829,80,1909,2
1994,15,Footwork,1665,80,1720,5
1994,15,Ford,1993,80,2022,1
1994,15,Ilmor,1612,80,1455,10
1994,15,Larrousse,1566,80,1662,6
1994,15,Ligier,1705,80,1584,8
1994,15,Mercedes,1697,80,1773,4
1994,15,Minardi,1566,80,1353,11
1994,15,Peugeot,1793,80,1840,3
1994,15,Renault,2093,80,2163,0
1994,15,Simtek,1529,80,1509,9
1994,15,Team Lotus,1574,80,1616,7
1994,16,Ferrari,1867,80,2004,1
1994,16,Footwork,1678,80,1722,5
1994,16,Ford,1929,80,1364,11
1994,16,Ilmor,1614,80,1620,7
1994,16,Larrousse,1566,80,1565,8
1994,16,Ligier,1725,80,1794,3
1994,16,Mercedes,1717,80,1794,3
1994,16,Minardi,1589,80,1663,6
1994,16,Peugeot,1820,80,1914,2
1994,16,Renault,2110,80,2177,0
1994,16,Simtek,1510,80,1439,10
1994,16,Team Lotus,1561,80,1511,9
1995,1,Ferrari,1892,80,1975,1
1995,1,Footwork,1658,80,1588,7
1995,1,Forti,1607,171,1627,6
1995,1,Ligier,1746,80,1823,3
1995,1,Mercedes,1712,80,1693,5
1995,1,Minardi,1569,80,1502,8
1995,1,Pacific,1416,89,1728,4
1995,1,Peugeot,1760,80,1429,9
1995,1,Renault,2123,80,2169,0
1995,1,Simtek,1468,80,1269,10
1995,1,Yamaha,1829,171,1893,2
1995,2,Ferrari,1928,80,2067,0
1995,2,Footwork,1630,80,1518,8
1995,2,Forti,1648,130,1696,5
1995,2,Ligier,1774,80,1884,2
1995,2,Mercedes,1699,80,1652,6
1995,2,Minardi,1570,80,1574,7
1995,2,Pacific,1380,86,1288,10
1995,2,Peugeot,1693,80,1445,9
1995,2,Renault,2111,80,2067,0
1995,2,Simtek,1517,80,1737,4
1995,2,Yamaha,1830,130,1831,3
1995,3,Ferrari,1968,80,2130,0
1995,3,Footwork,1629,80,1626,6
1995,3,Forti,1622,111,1571,7
1995,3,Ligier,1770,80,1758,4
1995,3,Mercedes,1734,80,1882,2
1995,3,Minardi,1592,80,1677,5
1995,3,Pacific,1404,84,1474,8
1995,3,Peugeot,1725,80,1810,3
1995,3,Renault,2097,80,2043,1
1995,3,Simtek,1493,80,1414,9
1995,3,Yamaha,1703,111,1317,10
1995,4,Ferrari,1978,80,2009,1
1995,4,Footwork,1641,80,1685,5
1995,4,Forti,1549,100,1317,10
1995,4,Ligier,1780,80,1815,3
1995,4,Mercedes,1703,80,1584,7
1995,4,Minardi,1574,80,1505,8
1995,4,Pacific,1403,83,1397,9
1995,4,Peugeot,1762,80,1881,2
1995,4,Renault,2112,80,2169,0
1995,4,Simtek,1520,80,1615,6
1995,4,Yamaha,1722,100,1748,4
1995,5,Ferrari,1986,80,2017,1
1995,5,Footwork,1661,80,1740,4
1995,5,Forti,1586,94,1675,5
1995,5,Ligier,1753,80,1644,6
1995,5,Mercedes,1740,80,1882,2
1995,5,Minardi,1615,80,1798,3
1995,5,Pacific,1402,82,1399,9
1995,5,Peugeot,1711,80,1520,8
1995,5,Renault,2126,80,2180,0
1995,5,Simtek,1478,80,1312,10
1995,5,Yamaha,1677,94,1580,7
1995,6,Ferrari,2018,80,2149,0
1995,6,Footwork,1688,80,1796,3
1995,6,Forti,1574,89,1544,7
1995,6,Ligier,1779,80,1882,2
1995,6,Mercedes,1691,80,1484,8
1995,6,Minardi,1628,80,1671,5
1995,6,Pacific,1383,81,1314,9
1995,6,Peugeot,1767,80,1973,1
1995,6,Renault,2070,80,1644,6
1995,6,Yamaha,1694,89,1736,4
1995,7,Ferrari,1999,80,1932,2
1995,7,Footwork,1675,80,1627,6
1995,7,Forti,1549,86,1466,8
1995,7,Ligier,1818,80,1984,1
1995,7,Mercedes,1704,80,1746,4
1995,7,Minardi,1639,80,1680,5
1995,7,Pacific,1367,81,1306,9
1995,7,Peugeot,1780,80,1819,3
1995,7,Renault,2092,80,2163,0
1995,7,Yamaha,1661,86,1562,7
1995,8,Ferrari,2017,80,2083,0
1995,8,Footwork,1624,80,1352,9
1995,8,Forti,1527,84,1455,8
1995,8,Ligier,1837,80,1903,2
1995,8,Mercedes,1729,80,1814,3
1995,8,Minardi,1661,80,1742,4
1995,8,Pacific,1396,81,1512,7
1995,8,Peugeot,1747,80,1636,6
1995,8,Renault,2090,80,2083,0
1995,8,Yamaha,1667,84,1684,5
1995,9,Ferrari,2021,80,2033,1
1995,9,Footwork,1571,80,1351,9
1995,9,Forti,1510,83,1452,8
1995,9,Ligier,1852,80,1908,2
1995,9,Mercedes,1734,80,1752,4
1995,9,Minardi,1638,80,1552,7
1995,9,Pacific,1443,80,1656,5
1995,9,Peugeot,1720,80,1630,6
1995,9,Renault,2109,80,2176,0
1995,9,Yamaha,1698,83,1810,3
1995,10,Ferrari,2024,80,2038,1
1995,10,Footwork,1544,80,1457,8
1995,10,Forti,1475,82,1337,9
1995,10,Ligier,1865,80,1911,2
1995,10,Mercedes,1723,80,1685,5
1995,10,Minardi,1659,80,1736,4
1995,10,Pacific,1475,80,1586,6
1995,10,Peugeot,1742,80,1814,3
1995,10,Renault,2126,80,2189,0
1995,10,Yamaha,1666,82,1551,7
1995,11,Ferrari,1967,80,1364,9
1995,11,Footwork,1556,80,1594,6
1995,11,Forti,1485,81,1516,7
1995,11,Ligier,1894,80,2013,1
1995,11,Mercedes,1757,80,1896,2
1995,11,Minardi,1662,80,1673,5
1995,11,Pacific,1466,80,1437,8
1995,11,Peugeot,1759,80,1818,3
1995,11,Renault,2141,80,2201,0
1995,11,Yamaha,1683,81,1739,4
1995,12,Ferrari,1913,80,1717,5
1995,12,Footwork,1612,80,1890,2
1995,12,Forti,1536,81,1802,3
1995,12,Ligier,1837,80,1485,8
1995,12,Mercedes,1813,80,2134,0
1995,12,Minardi,1639,80,1552,7
1995,12,Pacific,1437,80,1330,9
1995,12,Peugeot,1732,80,1632,6
1995,12,Renault,2089,80,1802,3
1995,12,Yamaha,1735,81,1994,1
1995,13,Ferrari,1936,80,2000,1
1995,13,Footwork,1598,80,1557,7
1995,13,Forti,1520,81,1466,8
1995,13,Ligier,1837,80,1836,3
1995,13,Mercedes,1834,80,1901,2
1995,13,Minardi,1637,80,1627,6
1995,13,Pacific,1414,80,1333,9
1995,13,Peugeot,1738,80,1760,4
1995,13,Renault,2107,80,2162,0
1995,13,Yamaha,1727,81,1701,5
1995,14,Ferrari,1967,80,2075,0
1995,14,Footwork,1603,80,1618,6
1995,14,Forti,1522,80,1532,7
1995,14,Ligier,1838,80,1840,3
1995,14,Mercedes,1779,80,1532,7
1995,14,Minardi,1660,80,1750,4
1995,14,Pacific,1393,80,1317,9
1995,14,Peugeot,1770,80,1898,2
1995,14,Renault,2099,80,2075,0
1995,14,Yamaha,1720,80,1699,5
1995,15,Ferrari,1980,80,2021,1
1995,15,Footwork,1574,80,1468,8
1995,15,Forti,1526,80,1539,7
1995,15,Ligier,1843,80,1864,2
1995,15,Mercedes,1800,80,1864,2
1995,15,Minardi,1653,80,1629,6
1995,15,Pacific,1375,80,1307,9
1995,15,Peugeot,1770,80,1768,4
1995,15,Renault,2116,80,2176,0
1995,15,Yamaha,1716,80,1700,5
1995,16,Ferrari,1917,80,1485,8
1995,16,Footwork,1583,80,1613,6
1995,16,Forti,1528,80,1534,7
1995,16,Ligier,1863,80,1938,1
1995,16,Mercedes,1831,80,1938,1
1995,16,Minardi,1661,80,1690,5
1995,16,Pacific,1358,80,1294,9
1995,16,Peugeot,1823,80,2127,0
1995,16,Renault,2065,80,1801,4
1995,16,Yamaha,1739,80,1828,3
1995,17,Ferrari,1837,80,1357,9
1995,17,Footwork,1639,80,1982,1
1995,17,Forti,1559,80,1687,5
1995,17,Ligier,1907,80,2116,0
1995,17,Mercedes,1783,80,1591,6
1995,17,Minardi,1682,80,1766,4
1995,17,Pacific,1400,80,1591,6
1995,17,Peugeot,1764,80,1487,8
1995,17,Renault,2023,80,1879,3
1995,17,Yamaha,1772,80,1907,2
1996,1,Ferrari,1878,80,1978,1
1996,1,Footwork,1650,80,1680,5
1996,1,Ligier,1879,80,1779,4
1996,1,Mercedes,1794,80,1827,3
1996,1,Minardi,1667,80,1612,6
1996,1,Peugeot,1710,80,1518,7
1996,1,Renault,2047,80,2125,0
1996,1,Yamaha,1798,80,1891,2
1996,2,Ferrari,1907,80,1991,1
1996,2,Footwork,1608,80,1451,8
1996,2,Forti,1572,80,1619,6
1996,2,Ligier,1872,80,1846,3
1996,2,Mercedes,1789,80,1775,4
1996,2,Minardi,1674,80,1699,5
1996,2,Peugeot,1675,80,1566,7
1996,2,Renault,2069,80,2139,0
1996,2,Yamaha,1820,80,1901,2
1996,3,Ferrari,1910,80,1921,2
1996,3,Footwork,1653,80,1817,3
1996,3,Forti,1581,80,1616,6
1996,3,Ligier,1847,80,1756,4
1996,3,Mercedes,1782,80,1756,4
1996,3,Minardi,1650,80,1555,7
1996,3,Peugeot,1734,80,1977,1
1996,3,Renault,2088,80,2154,0
1996,3,Yamaha,1765,80,1461,8
1996,4,Ferrari,1951,80,2118,0
1996,4,Footwork,1659,80,1677,5
1996,4,Ligier,1831,80,1770,4
1996,4,Mercedes,1806,80,1898,1
1996,4,Minardi,1640,80,1600,6
1996,4,Peugeot,1775,80,1898,1
1996,4,Renault,2050,80,1898,1
1996,4,Yamaha,1711,80,1511,7
1996,5,Ferrari,1975,80,2057,0
1996,5,Footwork,1617,80,1454,8
1996,5,Forti,1603,80,1688,5
1996,5,Ligier,1833,80,1841,3
1996,5,Mercedes,1771,80,1628,6
1996,5,Minardi,1663,80,1756,4
1996,5,Peugeot,1806,80,1901,2
1996,5,Renault,2051,80,2057,0
1996,5,Yamaha,1690,80,1628,6
1996,6,Ferrari,1950,80,1860,3
1996,6,Footwork,1601,80,1551,7
1996,6,Forti,1621,80,1688,5
1996,6,Ligier,1879,80,2110,0
1996,6,Mercedes,1813,80,1986,1
1996,6,Minardi,1624,80,1453,8
1996,6,Peugeot,1770,80,1649,6
1996,6,Renault,2005,80,1798,4
1996,6,Yamaha,1734,80,1894,2
1996,7,Ferrari,1984,80,2114,0
1996,7,Footwork,1631,80,1738,4
1996,7,Ligier,1871,80,1842,3
1996,7,Mercedes,1834,80,1902,2
1996,7,Minardi,1593,80,1476,7
1996,7,Peugeot,1751,80,1691,5
1996,7,Renault,2007,80,2013,1
1996,7,Yamaha,1704,80,1606,6
1996,8,Ferrari,1936,80,1729,5
1996,8,Footwork,1592,80,1444,8
1996,8,Forti,1647,80,1754,4
1996,8,Ligier,1829,80,1653,6
1996,8,Mercedes,1867,80,1993,1
1996,8,Minardi,1637,80,1818,3
1996,8,Peugeot,1784,80,1903,2
1996,8,Renault,2034,80,2134,0
1996,8,Yamaha,1672,80,1561,7
1996,9,Ferrari,1868,80,1472,8
1996,9,Footwork,1614,80,1688,5
1996,9,Forti,1628,80,1555,7
1996,9,Ligier,1864,80,1990,1
1996,9,Mercedes,1863,80,1848,3
1996,9,Minardi,1635,80,1629,6
1996,9,Peugeot,1811,80,1904,2
1996,9,Renault,2057,80,2139,0
1996,9,Yamaha,1692,80,1760,4
1996,10,Ferrari,1798,80,1510,7
1996,10,Footwork,1642,80,1741,4
1996,10,Ligier,1816,80,1622,6
1996,10,Mercedes,1873,80,1910,2
1996,10,Minardi,1644,80,1672,5
1996,10,Peugeot,1846,80,1984,1
1996,10,Renault,2076,80,2146,0
1996,10,Yamaha,1720,80,1818,3
1996,11,Ferrari,1846,80,1979,1
1996,11,Footwork,1632,80,1599,6
1996,11,Ligier,1804,80,1766,4
1996,11,Mercedes,1865,80,1838,3
1996,11,Minardi,1612,80,1491,7
1996,11,Peugeot,1859,80,1903,2
1996,11,Renault,2092,80,2152,0
1996,11,Yamaha,1712,80,1687,5
1996,12,Ferrari,1792,80,1621,6
1996,12,Footwork,1652,80,1726,4
1996,12,Ligier,1842,80,1986,1
1996,12,Mercedes,1838,80,1726,4
1996,12,Minardi,1584,80,1477,7
1996,12,Peugeot,1870,80,1910,2
1996,12,Renault,2107,80,2164,0
1996,12,Yamaha,1735,80,1820,3
1996,13,Ferrari,1858,80,2109,0
1996,13,Footwork,1684,80,1812,3
1996,13,Ligier,1784,80,1507,7
1996,13,Mercedes,1813,80,1718,4
1996,13,Minardi,1612,80,1718,4
1996,13,Peugeot,1826,80,1622,6
1996,13,Renault,2094,80,2042,1
1996,13,Yamaha,1767,80,1892,2
1996,14,Ferrari,1917,80,2108,0
1996,14,Footwork,1684,80,1685,5
1996,14,Ligier,1788,80,1798,3
1996,14,Mercedes,1810,80,1798,3
1996,14,Minardi,1585,80,1487,7
1996,14,Peugeot,1860,80,1983,1
1996,14,Renault,2063,80,1940,2
1996,14,Yamaha,1736,80,1621,6
1996,15,Ferrari,1939,80,2003,1
1996,15,Footwork,1668,80,1606,6
1996,15,Ligier,1791,80,1801,3
1996,15,Mercedes,1808,80,1801,3
1996,15,Minardi,1562,80,1475,7
1996,15,Peugeot,1872,80,1912,2
1996,15,Renault,2082,80,2151,0
1996,15,Yamaha,1726,80,1693,5
1996,16,Ferrari,1980,80,2131,0
1996,16,Footwork,1670,80,1679,5
1996,16,Ligier,1786,80,1767,4
1996,16,Mercedes,1828,80,1909,2
1996,16,Minardi,1565,80,1577,6
1996,16,Peugeot,1866,80,1847,3
1996,16,Renault,2074,80,2043,1
1996,16,Yamaha,1683,80,1493,7
1997,1,Arrows,1677,80,1735,5
1997,1,Ferrari,2018,80,2161,0
1997,1,Ford,1874,80,1693,6
1997,1,Mercedes,1865,80,2026,1
1997,1,Minardi,1608,80,1800,4
1997,1,Peugeot,1810,80,1467,8
1997,1,Prost,1888,171,1964,2
1997,1,Renault,2046,80,1937,3
1997,1,Yamaha,1659,80,1575,7
1997,2,Arrows,1661,80,1598,7
1997,2,Ferrari,2013,80,1995,2
1997,2,Ford,1804,80,1509,8
1997,2,Mercedes,1873,80,1902,3
1997,2,Minardi,1637,80,1738,5
1997,2,Peugeot,1815,80,1829,4
1997,2,Prost,1967,130,2058,1
1997,2,Renault,2074,80,2180,0
1997,2,Yamaha,1663,80,1674,6
1997,3,Arrows,1646,80,1589,7
1997,3,Ferrari,2047,80,2183,0
1997,3,Ford,1773,80,1689,6
1997,3,Mercedes,1879,80,1897,3
1997,3,Minardi,1659,80,1735,5
1997,3,Peugeot,1860,80,2043,1
1997,3,Prost,1837,111,1501,8
1997,3,Renault,2057,80,1997,2
1997,3,Yamaha,1692,80,1805,4
1997,4,Arrows,1636,80,1596,7
1997,4,Ferrari,2076,80,2182,0
1997,4,Ford,1719,80,1508,8
1997,4,Mercedes,1881,80,1891,3
1997,4,Minardi,1662,80,1675,6
1997,4,Peugeot,1882,80,1957,2
1997,4,Prost,1831,100,1824,4
1997,4,Renault,2060,80,2071,1
1997,4,Yamaha,1704,80,1745,5
1997,5,Arrows,1607,80,1483,8
1997,5,Ferrari,2101,80,2196,0
1997,5,Ford,1782,80,2033,1
1997,5,Mercedes,1837,80,1620,7
1997,5,Minardi,1677,80,1734,5
1997,5,Peugeot,1870,80,1830,4
1997,5,Prost,1872,94,1960,2
1997,5,Renault,2010,80,1734,5
1997,5,Yamaha,1737,80,1874,3
1997,6,Arrows,1581,80,1483,8
1997,6,Ferrari,2079,80,1999,2
1997,6,Ford,1759,80,1697,6
1997,6,Mercedes,1850,80,1892,3
1997,6,Minardi,1662,80,1606,7
1997,6,Peugeot,1862,80,1834,4
1997,6,Prost,1924,89,2081,0
1997,6,Renault,2026,80,2081,0
1997,6,Yamaha,1741,80,1756,5
1997,7,Arrows,1613,80,1736,5
1997,7,Ferrari,2104,80,2196,0
1997,7,Ford,1725,80,1612,7
1997,7,Mercedes,1854,80,1871,3
1997,7,Minardi,1628,80,1486,8
1997,7,Peugeot,1892,80,2007,1
1997,7,Prost,1910,86,1871,3
1997,7,Renault,2022,80,2007,1
1997,7,Yamaha,1730,80,1688,6
1997,8,Arrows,1624,80,1664,6
1997,8,Ferrari,2125,80,2207,0
1997,8,Ford,1678,80,1493,8
1997,8,Mercedes,1863,80,1896,3
1997,8,Minardi,1651,80,1736,5
1997,8,Peugeot,1909,80,1971,2
1997,8,Prost,1892,84,1838,4
1997,8,Renault,2033,80,2074,1
1997,8,Yamaha,1704,80,1603,7
1997,9,Arrows,1675,80,1950,2
1997,9,Ferrari,2064,80,1509,8
1997,9,Ford,1676,80,1670,6
1997,9,Mercedes,1871,80,1897,3
1997,9,Minardi,1670,80,1735,5
1997,9,Peugeot,1939,80,2061,1
1997,9,Prost,1879,83,1834,4
1997,9,Renault,2066,80,2198,0
1997,9,Yamaha,1682,80,1596,7
1997,10,Arrows,1692,80,1745,5
1997,10,Ferrari,2097,80,2199,0
1997,10,Ford,1659,80,1600,7
1997,10,Mercedes,1877,80,1903,3
1997,10,Minardi,1634,80,1493,8
1997,10,Peugeot,1949,80,1983,2
1997,10,Prost,1915,82,2057,1
1997,10,Renault,2025,80,1858,4
1997,10,Yamaha,1681,80,1678,6
1997,11,Arrows,1753,80,2165,0
1997,11,Ferrari,2097,80,2096,1
1997,11,Ford,1625,80,1485,8
1997,11,Mercedes,1856,80,1773,5
1997,11,Minardi,1642,80,1668,6
1997,11,Peugeot,1942,80,1918,3
1997,11,Prost,1899,81,1845,4
1997,11,Renault,2020,80,2001,2
1997,11,Yamaha,1663,80,1597,7
1997,12,Arrows,1786,80,1888,3
1997,12,Ferrari,2121,80,2207,0
1997,12,Ford,1634,80,1666,6
1997,12,Mercedes,1852,80,1835,4
1997,12,Minardi,1630,80,1589,7
1997,12,Peugeot,1967,80,2064,1
1997,12,Prost,1842,81,1507,8
1997,12,Renault,2014,80,1995,2
1997,12,Yamaha,1680,80,1742,5
1997,13,Arrows,1747,80,1613,7
1997,13,Ferrari,2097,80,2012,2
1997,13,Ford,1656,80,1740,5
1997,13,Mercedes,1862,80,1900,3
1997,13,Minardi,1639,80,1669,6
1997,13,Peugeot,1988,80,2071,1
1997,13,Prost,1840,81,1833,4
1997,13,Renault,2049,80,2194,0
1997,13,Yamaha,1644,80,1490,8
1997,14,Arrows,1764,80,1819,4
1997,14,Ferrari,2064,80,1935,3
1997,14,Ford,1642,80,1591,7
1997,14,Mercedes,1898,80,2061,1
1997,14,Minardi,1659,80,1737,5
1997,14,Peugeot,2026,80,2192,0
1997,14,Prost,1783,80,1504,8
1997,14,Renault,2040,80,2005,2
1997,14,Yamaha,1649,80,1668,6
1997,15,Arrows,1817,80,2053,1
1997,15,Ferrari,2007,80,1710,6
1997,15,Ford,1662,80,1738,5
1997,15,Mercedes,1901,80,1910,3
1997,15,Minardi,1645,80,1593,7
1997,15,Peugeot,1964,80,1513,8
1997,15,Prost,1826,80,1968,2
1997,15,Renault,2072,80,2199,0
1997,15,Yamaha,1681,80,1809,4
1997,16,Arrows,1822,80,1838,4
1997,16,Ferrari,2047,80,2183,0
1997,16,Ford,1630,80,1499,8
1997,16,Mercedes,1917,80,1980,2
1997,16,Minardi,1653,80,1683,6
1997,16,Peugeot,1953,80,1921,3
1997,16,Prost,1781,80,1630,7
1997,16,Renault,2075,80,2085,1
1997,16,Yamaha,1697,80,1757,5
1997,17,Arrows,1768,80,1515,8
1997,17,Ferrari,2037,80,2005,2
1997,17,Ford,1667,80,1815,4
1997,17,Mercedes,1947,80,2065,1
1997,17,Minardi,1642,80,1601,7
1997,17,Peugeot,1916,80,1788,5
1997,17,Prost,1810,80,1898,3
1997,17,Renault,2101,80,2204,0
1997,17,Yamaha,1695,80,1687,6
1998,1,Arrows,1746,80,1679,6
1998,1,Ferrari,2045,80,2070,1
1998,1,Ford,1626,80,1463,8
1998,1,Mercedes,1988,80,2172,0
1998,1,Minardi,1629,80,1578,7
1998,1,Mugen Honda,1818,171,1879,3
1998,1,Prost,1814,80,1827,4
1998,1,Renault,2078,80,1990,2
1998,1,Yamaha,1705,80,1740,5
1998,2,Arrows,1696,80,1491,8
1998,2,Ferrari,2076,80,2196,0
1998,2,Ford,1674,80,1863,3
1998,2,Mercedes,1987,80,1985,2
1998,2,Minardi,1619,80,1582,7
1998,2,Mugen Honda,1819,130,1820,4
1998,2,Prost,1801,80,1758,5
1998,2,Renault,2080,80,2088,1
1998,2,Yamaha,1698,80,1673,6
1998,3,Arrows,1651,80,1485,8
1998,3,Ferrari,2104,80,2208,0
1998,3,Ford,1704,80,1801,4
1998,3,Mercedes,2006,80,2074,1
1998,3,Minardi,1611,80,1579,7
1998,3,Mugen Honda,1843,111,1890,3
1998,3,Prost,1790,80,1751,5
1998,3,Renault,2064,80,2003,2
1998,3,Yamaha,1692,80,1669,6
1998,4,Arrows,1685,80,1798,4
1998,4,Ferrari,2129,80,2221,0
1998,4,Ford,1657,80,1482,8
1998,4,Mercedes,2022,80,2084,1
1998,4,Minardi,1654,80,1871,3
1998,4,Mugen Honda,1879,100,1974,2
1998,4,Prost,1780,80,1744,5
1998,4,Renault,2014,80,1744,5
1998,4,Yamaha,1671,80,1588,7
1998,5,Arrows,1642,80,1484,8
1998,5,Ferrari,2150,80,2229,0
1998,5,Ford,1712,80,1927,2
1998,5,Mercedes,2036,80,2087,1
1998,5,Minardi,1639,80,1585,7
1998,5,Mugen Honda,1849,94,1759,5
1998,5,Prost,1787,80,1813,4
1998,5,Renault,1994,80,1927,2
1998,5,Yamaha,1670,80,1665,6
1998,6,Arrows,1698,80,1926,2
1998,6,Ferrari,2168,80,2238,0
1998,6,Ford,1661,80,1485,8
1998,6,Mercedes,2014,80,1926,2
1998,6,Minardi,1658,80,1727,5
1998,6,Mugen Honda,1842,89,1822,4
1998,6,Prost,1752,80,1601,7
1998,6,Renault,2014,80,2083,1
1998,6,Yamaha,1668,80,1662,6
1998,7,Arrows,1706,80,1731,5
1998,7,Ferrari,2185,80,2247,0
1998,7,Ford,1730,80,2049,1
1998,7,Mercedes,1955,80,1505,8
1998,7,Minardi,1698,80,1866,3
1998,7,Mugen Honda,1808,86,1682,6
1998,7,Prost,1721,80,1597,7
1998,7,Renault,2009,80,1995,2
1998,7,Yamaha,1693,80,1794,4
1998,8,Arrows,1714,80,1739,5
1998,8,Ferrari,2198,80,2250,0
1998,8,Ford,1767,80,1870,3
1998,8,Mercedes,1961,80,1977,2
1998,8,Minardi,1677,80,1603,7
1998,8,Mugen Honda,1782,84,1689,6
1998,8,Prost,1739,80,1803,4
1998,8,Renault,2024,80,2078,1
1998,8,Yamaha,1656,80,1500,8
1998,9,Arrows,1706,80,1676,6
1998,9,Ferrari,2211,80,2261,0
1998,9,Ford,1710,80,1505,8
1998,9,Mercedes,1952,80,1922,2
1998,9,Minardi,1703,80,1799,4
1998,9,Mugen Honda,1812,83,1922,2
1998,9,Prost,1711,80,1606,7
1998,9,Renault,2037,80,2087,1
1998,9,Yamaha,1673,80,1733,5
1998,10,Arrows,1665,80,1496,8
1998,10,Ferrari,2223,80,2271,0
1998,10,Ford,1681,80,1600,7
1998,10,Mercedes,1978,80,2075,1
1998,10,Minardi,1710,80,1735,5
1998,10,Mugen Honda,1843,82,1959,2
1998,10,Prost,1730,80,1799,4
1998,10,Renault,2012,80,1913,3
1998,10,Yamaha,1672,80,1667,6
1998,11,Arrows,1665,80,1663,6
1998,11,Ferrari,2194,80,2068,1
1998,11,Ford,1638,80,1487,8
1998,11,Mercedes,1963,80,1908,3
1998,11,Minardi,1686,80,1595,7
1998,11,Mugen Honda,1899,81,2203,0
1998,11,Prost,1746,80,1802,4
1998,11,Renault,2024,80,2068,1
1998,11,Yamaha,1684,80,1730,5
1998,12,Arrows,1692,80,1797,4
1998,12,Ferrari,2208,80,2261,0
1998,12,Ford,1643,80,1657,6
1998,12,Mercedes,1968,80,1989,2
1998,12,Minardi,1647,80,1482,8
1998,12,Mugen Honda,1938,81,2071,1
1998,12,Prost,1745,80,1740,5
1998,12,Renault,2003,80,1919,3
1998,12,Yamaha,1664,80,1588,7
1998,13,Arrows,1744,80,1999,1
1998,13,Ferrari,2150,80,1697,6
1998,13,Ford,1607,80,1471,8
1998,13,Mercedes,1975,80,1999,1
1998,13,Minardi,1665,80,1725,5
1998,13,Mugen Honda,1991,81,2210,0
1998,13,Prost,1772,80,1881,3
1998,13,Renault,1971,80,1843,4
1998,13,Yamaha,1647,80,1581,7
1998,14,Arrows,1693,80,1488,8
1998,14,Ferrari,2171,80,2238,0
1998,14,Ford,1634,80,1729,5
1998,14,Mercedes,1980,80,1997,2
1998,14,Minardi,1665,80,1665,6
1998,14,Mugen Honda,2014,80,2086,1
1998,14,Prost,1738,80,1601,7
1998,14,Renault,1960,80,1921,3
1998,14,Yamaha,1678,80,1805,4
1998,15,Arrows,1686,80,1667,6
1998,15,Ferrari,2190,80,2252,0
1998,15,Ford,1669,80,1799,4
1998,15,Mercedes,1990,80,2030,1
1998,15,Minardi,1648,80,1585,7
1998,15,Mugen Honda,1994,80,1926,3
1998,15,Prost,1739,80,1742,5
1998,15,Renault,1975,80,2030,1
1998,15,Yamaha,1640,80,1481,8
1998,16,Arrows,1643,80,1478,8
1998,16,Ferrari,2206,80,2263,0
1998,16,Ford,1649,80,1582,7
1998,16,Mercedes,2000,80,2038,1
1998,16,Minardi,1664,80,1727,5
1998,16,Mugen Honda,2004,80,2038,1
1998,16,Prost,1754,80,1810,4
1998,16,Renault,1963,80,1921,3
1998,16,Yamaha,1643,80,1655,6
1999,1,Arrows,1676,80,1788,4
1999,1,Ferrari,2221,80,2276,0
1999,1,Ford,1693,80,1874,3
1999,1,Mercedes,1947,80,1593,7
1999,1,Minardi,1665,80,1669,6
1999,1,Mugen Honda,2025,80,2102,1
1999,1,Prost,1722,80,1593,7
1999,1,Renault,1971,80,2002,2
1999,1,Supertec,1693,171,1730,5
1999,2,Arrows,1690,80,1734,5
1999,2,Ferrari,2234,80,2284,0
1999,2,Ford,1650,80,1490,8
1999,2,Mercedes,1923,80,1845,4
1999,2,Minardi,1664,80,1661,6
1999,2,Mugen Honda,2042,80,2107,1
1999,2,Prost,1756,80,1888,3
1999,2,Renault,1978,80,2004,2
1999,2,Supertec,1641,130,1585,7
1999,3,Arrows,1648,80,1480,8
1999,3,Ferrari,2247,80,2294,0
1999,3,Ford,1716,80,2071,1
1999,3,Mercedes,1933,80,1966,2
1999,3,Minardi,1678,80,1728,5
1999,3,Mugen Honda,2026,80,1966,2
1999,3,Prost,1723,80,1599,7
1999,3,Renault,1936,80,1728,5
1999,3,Supertec,1698,111,1806,4
1999,4,Arrows,1634,80,1590,7
1999,4,Ferrari,2257,80,2298,0
1999,4,Ford,1723,80,1741,5
1999,4,Mercedes,1916,80,1857,3
1999,4,Minardi,1642,80,1489,8
1999,4,Mugen Honda,2042,80,2103,1
1999,4,Prost,1752,80,1857,3
1999,4,Renault,1948,80,1991,2
1999,4,Supertec,1690,100,1672,6
1999,5,Arrows,1641,80,1661,6
1999,5,Ferrari,2267,80,2307,0
1999,5,Ford,1674,80,1489,8
1999,5,Mercedes,1890,80,1790,4
1999,5,Minardi,1630,80,1584,7
1999,5,Mugen Honda,2027,80,1967,2
1999,5,Prost,1806,80,2072,1
1999,5,Renault,1952,80,1967,2
1999,5,Supertec,1716,94,1790,4
1999,6,Arrows,1628,80,1581,7
1999,6,Ferrari,2250,80,2180,0
1999,6,Ford,1720,80,1878,3
1999,6,Mercedes,1910,80,1985,2
1999,6,Minardi,1663,80,1800,4
1999,6,Mugen Honda,1976,80,1700,6
1999,6,Prost,1793,80,1754,5
1999,6,Renault,1994,80,2180,0
1999,6,Supertec,1667,89,1484,8
1999,7,Arrows,1597,80,1476,8
1999,7,Ferrari,2212,80,2042,2
1999,7,Ford,1782,80,2065,1
1999,7,Mercedes,1865,80,1660,6
1999,7,Minardi,1663,80,1660,6
1999,7,Mugen Honda,2026,80,2229,0
1999,7,Prost,1816,80,1893,3
1999,7,Renault,1963,80,1849,4
1999,7,Supertec,1685,86,1738,5
1999,8,Arrows,1594,80,1582,7
1999,8,Ferrari,2226,80,2274,0
1999,8,Ford,1794,80,1826,4
1999,8,Mercedes,1908,80,2074,1
1999,8,Minardi,1665,80,1673,6
1999,8,Mugen Honda,2021,80,2008,2
1999,8,Prost,1804,80,1764,5
1999,8,Renault,1953,80,1921,3
1999,8,Supertec,1642,84,1487,8
1999,9,Arrows,1568,80,1464,8
1999,9,Ferrari,2238,80,2284,0
1999,9,Ford,1769,80,1689,6
1999,9,Mercedes,1936,80,2032,1
1999,9,Minardi,1694,80,1812,4
1999,9,Mugen Honda,2024,80,2032,1
1999,9,Prost,1825,80,1900,3
1999,9,Renault,1919,80,1780,5
1999,9,Supertec,1628,83,1585,7
1999,10,Arrows,1568,80,1567,7
1999,10,Ferrari,2250,80,2292,0
1999,10,Ford,1749,80,1684,6
1999,10,Mercedes,1916,80,1849,4
1999,10,Minardi,1705,80,1745,5
1999,10,Mugen Honda,2041,80,2104,1
1999,10,Prost,1842,80,1903,3
1999,10,Renault,1935,80,1993,2
1999,10,Supertec,1594,82,1466,8
1999,11,Arrows,1543,80,1446,8
1999,11,Ferrari,2261,80,2302,0
1999,11,Ford,1794,80,1976,2
1999,11,Mercedes,1886,80,1774,5
1999,11,Minardi,1681,80,1587,7
1999,11,Mugen Honda,2057,80,2113,1
1999,11,Prost,1850,80,1879,3
1999,11,Renault,1923,80,1879,3
1999,11,Supertec,1607,81,1652,6
1999,12,Arrows,1521,80,1436,8
1999,12,Ferrari,2241,80,2166,1
1999,12,Ford,1802,80,1828,4
1999,12,Mercedes,1909,80,1991,2
1999,12,Minardi,1660,80,1581,7
1999,12,Mugen Honda,2094,80,2254,0
1999,12,Prost,1832,80,1766,5
1999,12,Renault,1922,80,1919,3
1999,12,Supertec,1618,81,1653,6
1999,13,Arrows,1526,80,1544,7
1999,13,Ferrari,2226,80,2166,1
1999,13,Ford,1840,80,1986,2
1999,13,Mercedes,1912,80,1920,3
1999,13,Minardi,1621,80,1455,8
1999,13,Mugen Honda,2128,80,2263,0
1999,13,Prost,1803,80,1685,6
1999,13,Renault,1893,80,1774,5
1999,13,Supertec,1654,81,1808,4
1999,14,Arrows,1530,80,1546,7
1999,14,Ferrari,2181,80,1960,3
1999,14,Ford,1898,80,2233,0
1999,14,Mercedes,1870,80,1693,6
1999,14,Minardi,1678,80,1974,2
1999,14,Mugen Honda,2063,80,1481,8
1999,14,Prost,1852,80,2090,1
1999,14,Renault,1867,80,1770,5
1999,14,Supertec,1687,80,1810,4
1999,15,Arrows,1538,80,1566,7
1999,15,Ferrari,2199,80,2260,0
1999,15,Ford,1940,80,2081,1
1999,15,Mercedes,1897,80,1989,2
1999,15,Minardi,1707,80,1799,4
1999,15,Mugen Honda,2032,80,1943,3
1999,15,Prost,1792,80,1497,8
1999,15,Renault,1853,80,1799,4
1999,15,Supertec,1686,80,1682,6
1999,16,Arrows,1562,80,1661,6
1999,16,Ferrari,2214,80,2268,0
1999,16,Ford,1936,80,1926,3
1999,16,Mercedes,1934,80,2081,1
1999,16,Minardi,1683,80,1604,7
1999,16,Mugen Honda,2027,80,2014,2
1999,16,Prost,1732,80,1497,8
1999,16,Renault,1851,80,1846,4
1999,16,Supertec,1701,80,1756,5
2000,1,BMW,2194,171,2330,0
2000,1,Ferrari,2192,80,2112,2
2000,1,Ford,1913,80,1833,5
2000,1,Honda,2056,80,1960,3
2000,1,Mercedes,1894,80,1743,6
2000,1,Peugeot,1927,80,1960,3
2000,1,Renault,1900,80,2158,1
2000,1,Supertec,1674,80,1568,7
2000,2,BMW,2199,130,2203,1
2000,2,Ferrari,2142,80,1885,4
2000,2,Ford,1907,80,1885,4
2000,2,Honda,2064,80,2093,2
2000,2,Mercedes,1892,80,1885,4
2000,2,Peugeot,1876,80,1649,7
2000,2,Renault,1962,80,2273,0
2000,2,Supertec,1724,80,1973,3
2000,3,BMW,2067,111,1787,6
2000,3,Ferrari,2151,80,2180,1
2000,3,Ford,1920,80,1966,3
2000,3,Honda,2043,80,1966,3
2000,3,Mercedes,1950,80,2265,0
2000,3,Peugeot,1829,80,1658,7
2000,3,Renault,1989,80,2067,2
2000,3,Supertec,1746,80,1820,5
2000,4,BMW,2105,100,2156,1
2000,4,Ferrari,2137,80,2091,2
2000,4,Ford,1891,80,1780,6
2000,4,Honda,2010,80,1874,5
2000,4,Mercedes,2009,80,2246,0
2000,4,Peugeot,1850,80,1914,4
2000,4,Renault,1992,80,2000,3
2000,4,Supertec,1722,80,1636,7
2000,5,BMW,2125,94,2165,1
2000,5,Ferrari,2128,80,2093,2
2000,5,Ford,1884,80,1857,5
2000,5,Honda,2009,80,2007,3
2000,5,Mercedes,2063,80,2256,0
2000,5,Peugeot,1831,80,1769,6
2000,5,Renault,1980,80,1940,4
2000,5,Supertec,1701,80,1627,7
2000,6,BMW,2052,89,1791,6
2000,6,Ferrari,2137,80,2173,1
2000,6,Ford,1877,80,1852,5
2000,6,Honda,1957,80,1665,7
2000,6,Mercedes,2110,80,2270,0
2000,6,Peugeot,1850,80,1917,4
2000,6,Renault,2000,80,2073,2
2000,6,Supertec,1750,80,1977,3
2000,7,BMW,1965,86,1679,7
2000,7,Ferrari,2128,80,2092,2
2000,7,Ford,1862,80,1807,5
2000,7,Honda,1952,80,1934,4
2000,7,Mercedes,2147,80,2274,0
2000,7,Peugeot,1879,80,1986,3
2000,7,Renault,2030,80,2149,1
2000,7,Supertec,1764,80,1807,5
2000,8,BMW,1934,84,1866,5
2000,8,Ferrari,2106,80,2019,3
2000,8,Ford,1844,80,1774,6
2000,8,Honda,1947,80,1931,4
2000,8,Mercedes,2153,80,2172,1
2000,8,Peugeot,1837,80,1668,7
2000,8,Renault,2073,80,2261,0
2000,8,Supertec,1815,80,2047,2
2000,9,BMW,1972,83,2078,1
2000,9,Ferrari,2087,80,2014,3
2000,9,Ford,1829,80,1769,6
2000,9,Honda,1974,80,2078,1
2000,9,Mercedes,2180,80,2283,0
2000,9,Peugeot,1839,80,1845,5
2000,9,Renault,2044,80,1943,4
2000,9,Supertec,1779,80,1657,7
2000,10,BMW,1996,82,2066,2
2000,10,Ferrari,2102,80,2161,1
2000,10,Ford,1858,80,1979,3
2000,10,Honda,1950,80,1862,5
2000,10,Mercedes,2203,80,2292,0
2000,10,Peugeot,1823,80,1764,6
2000,10,Renault,2021,80,1940,4
2000,10,Supertec,1748,80,1644,7
2000,11,BMW,2014,81,2070,2
2000,11,Ferrari,2116,80,2168,1
2000,11,Ford,1855,80,1843,5
2000,11,Honda,1945,80,1926,4
2000,11,Mercedes,2224,80,2304,0
2000,11,Peugeot,1808,80,1757,6
2000,11,Renault,1966,80,1669,7
2000,11,Supertec,1794,80,1972,3
2000,12,BMW,2045,81,2156,1
2000,12,Ferrari,2110,80,2089,2
2000,12,Ford,1852,80,1843,5
2000,12,Honda,1955,80,1991,3
2000,12,Mercedes,2243,80,2315,0
2000,12,Peugeot,1777,80,1649,7
2000,12,Renault,1956,80,1927,4
2000,12,Supertec,1784,80,1755,6
2000,13,BMW,2071,81,2166,1
2000,13,Ferrari,2106,80,2091,2
2000,13,Ford,1864,80,1910,4
2000,13,Honda,1963,80,1994,3
2000,13,Mercedes,2260,80,2327,0
2000,13,Peugeot,1748,80,1635,7
2000,13,Renault,1933,80,1854,5
2000,13,Supertec,1776,80,1747,6
2000,14,BMW,2093,80,2175,1
2000,14,Ferrari,2090,80,2025,2
2000,14,Ford,1840,80,1743,6
2000,14,Honda,1923,80,1743,6
2000,14,Mercedes,2276,80,2339,0
2000,14,Peugeot,1763,80,1819,5
2000,14,Renault,1930,80,1920,4
2000,14,Supertec,1822,80,2025,2
2000,15,BMW,2041,80,1781,6
2000,15,Ferrari,2108,80,2179,1
2000,15,Ford,1854,80,1905,4
2000,15,Honda,1980,80,2285,0
2000,15,Mercedes,2246,80,2119,2
2000,15,Peugeot,1803,80,1969,3
2000,15,Renault,1913,80,1847,5
2000,15,Supertec,1783,80,1643,7
2000,16,BMW,2070,80,2165,1
2000,16,Ferrari,2104,80,2090,2
2000,16,Ford,1866,80,1910,4
2000,16,Honda,1984,80,1996,3
2000,16,Mercedes,2264,80,2328,0
2000,16,Peugeot,1769,80,1643,7
2000,16,Renault,1884,80,1770,6
2000,16,Supertec,1794,80,1829,5
2000,17,BMW,2006,80,1666,7
2000,17,Ferrari,2120,80,2181,1
2000,17,Ford,1875,80,1910,4
2000,17,Honda,1987,80,1998,3
2000,17,Mercedes,2280,80,2341,0
2000,17,Peugeot,1763,80,1742,6
2000,17,Renault,1919,80,2061,2
2000,17,Supertec,1802,80,1827,5
2001,1,BMW,1942,80,1719,6
2001,1,Ferrari,2133,80,2181,1
2001,1,Ford,1884,80,1917,3
2001,1,Honda,2005,80,2067,2
2001,1,Mercedes,2294,80,2348,0
2001,1,Renault,1898,80,1821,5
2001,1,Supertec,1826,80,1917,3
2001,2,BMW,1995,80,2152,1
2001,2,Ferrari,2108,80,2006,3
2001,2,Ford,1850,80,1703,6
2001,2,Honda,1985,80,1912,4
2001,2,Mercedes,2307,80,2357,0
2001,2,Renault,1880,80,1815,5
2001,2,Supertec,1867,80,2043,2
2001,3,BMW,1953,80,1831,5
2001,3,Ferrari,2122,80,2178,1
2001,3,Ford,1859,80,1890,4
2001,3,Honda,2002,80,2063,2
2001,3,Mercedes,2319,80,2363,0
2001,3,Renault,1899,80,1969,3
2001,3,Supertec,1832,80,1702,6
2001,4,BMW,2019,80,2295,0
2001,4,Ferrari,2115,80,2087,2
2001,4,Ford,1842,80,1781,5
2001,4,Honda,1998,80,1985,3
2001,4,Mercedes,2300,80,2229,1
2001,4,Renault,1874,80,1781,5
2001,4,Supertec,1844,80,1883,4
2001,5,BMW,2081,80,2297,0
2001,5,Ferrari,2093,80,2007,3
2001,5,Ford,1812,80,1693,6
2001,5,Honda,2030,80,2162,1
2001,5,Mercedes,2266,80,2118,2
2001,5,Renault,1860,80,1810,5
2001,5,Supertec,1854,80,1888,4
2001,6,BMW,2008,80,1720,6
2001,6,Ferrari,2111,80,2181,1
2001,6,Ford,1844,80,1968,3
2001,6,Honda,2007,80,1921,4
2001,6,Mercedes,2283,80,2343,0
2001,6,Renault,1849,80,1808,5
2001,6,Supertec,1892,80,2057,2
2001,7,BMW,1940,80,1722,6
2001,7,Ferrari,2126,80,2179,1
2001,7,Ford,1871,80,1968,3
2001,7,Honda,1973,80,1834,5
2001,7,Mercedes,2297,80,2349,0
2001,7,Renault,1887,80,2050,2
2001,7,Supertec,1894,80,1899,4
2001,8,BMW,2016,80,2285,0
2001,8,Ferrari,2117,80,2085,2
2001,8,Ford,1891,80,1966,3
2001,8,Honda,1951,80,1874,4
2001,8,Mercedes,2280,80,2218,1
2001,8,Renault,1850,80,1709,6
2001,8,Supertec,1890,80,1874,4
2001,9,BMW,2083,80,2289,0
2001,9,Ferrari,2111,80,2087,2
2001,9,Ford,1909,80,1973,3
2001,9,Honda,1926,80,1829,5
2001,9,Mercedes,2266,80,2214,1
2001,9,Renault,1860,80,1893,4
2001,9,Supertec,1855,80,1711,6
2001,10,BMW,2136,80,2299,0
2001,10,Ferrari,2107,80,2091,2
2001,10,Ford,1871,80,1713,6
2001,10,Honda,1938,80,1982,3
2001,10,Mercedes,2255,80,2215,1
2001,10,Renault,1868,80,1896,4
2001,10,Supertec,1846,80,1813,5
2001,11,BMW,2150,80,2192,1
2001,11,Ferrari,2104,80,2096,2
2001,11,Ford,1858,80,1813,5
2001,11,Honda,1948,80,1986,3
2001,11,Mercedes,2273,80,2342,0
2001,11,Renault,1835,80,1702,6
2001,11,Supertec,1856,80,1893,4
2001,12,BMW,2187,80,2324,0
2001,12,Ferrari,2072,80,1929,4
2001,12,Ford,1825,80,1694,6
2001,12,Honda,1973,80,2071,2
2001,12,Mercedes,2218,80,1846,5
2001,12,Renault,1889,80,2159,1
2001,12,Supertec,1880,80,1973,3
2001,13,BMW,2191,80,2204,1
2001,13,Ferrari,2076,80,2093,2
2001,13,Ford,1815,80,1782,5
2001,13,Honda,1978,80,1997,3
2001,13,Mercedes,2244,80,2330,0
2001,13,Renault,1863,80,1782,5
2001,13,Supertec,1885,80,1904,4
2001,14,BMW,2163,80,2059,2
2001,14,Ferrari,2048,80,1932,4
2001,14,Ford,1789,80,1689,6
2001,14,Honda,1995,80,2059,2
2001,14,Mercedes,2267,80,2345,0
2001,14,Renault,1919,80,2164,1
2001,14,Supertec,1871,80,1817,5
2001,15,BMW,2197,80,2324,0
2001,15,Ferrari,2062,80,2113,1
2001,15,Ford,1825,80,1972,3
2001,15,Honda,2019,80,2113,1
2001,15,Mercedes,2203,80,1732,6
2001,15,Renault,1916,80,1910,4
2001,15,Supertec,1859,80,1816,5
2001,16,BMW,2134,80,1742,6
2001,16,Ferrari,2087,80,2183,1
2001,16,Ford,1843,80,1902,4
2001,16,Honda,2034,80,2089,2
2001,16,Mercedes,2234,80,2327,0
2001,16,Renault,1935,80,1995,3
2001,16,Supertec,1851,80,1822,5
2001,17,BMW,2177,80,2312,0
2001,17,Ferrari,2074,80,2027,3
2001,17,Ford,1815,80,1711,6
2001,17,Honda,2015,80,1942,4
2001,17,Mercedes,2230,80,2217,1
2001,17,Renault,1966,80,2081,2
2001,17,Supertec,1846,80,1827,5
2002,1,BMW,2211,80,2327,0
2002,1,Cosworth,1786,171,1841,5
2002,1,Ferrari,2053,80,1974,4
2002,1,Ford,1862,80,2068,2
2002,1,Honda,1976,80,1807,6
2002,1,Mercedes,2228,80,2220,1
2002,1,Renault,1909,80,1618,7
2002,1,Toyota,1925,171,2009,3
2002,2,BMW,2241,80,2342,0
2002,2,Cosworth,1823,130,1865,5
2002,2,Ferrari,2067,80,2119,1
2002,2,Ford,1846,80,1796,6
2002,2,Honda,1972,80,1959,4
2002,2,Mercedes,2166,80,1707,7
2002,2,Renault,1956,80,2119,1
2002,2,Toyota,1972,130,2022,3
2002,3,BMW,2264,80,2347,0
2002,3,Cosworth,1771,111,1669,7
2002,3,Ferrari,2049,80,1980,4
2002,3,Ford,1853,80,1877,5
2002,3,Honda,1940,80,1814,6
2002,3,Mercedes,2179,80,2215,1
2002,3,Renault,1990,80,2099,2
2002,3,Toyota,1993,111,2034,3
2002,4,BMW,2284,80,2360,0
2002,4,Cosworth,1808,100,1894,4
2002,4,Ferrari,2079,80,2200,1
2002,4,Ford,1862,80,1894,4
2002,4,Honda,1912,80,1805,6
2002,4,Mercedes,2151,80,2059,3
2002,4,Renault,2016,80,2106,2
2002,4,Toyota,1921,100,1692,7
2002,5,BMW,2302,80,2367,0
2002,5,Cosworth,1857,94,2012,3
2002,5,Ferrari,2105,80,2203,1
2002,5,Ford,1828,80,1686,7
2002,5,Honda,1889,80,1805,6
2002,5,Mercedes,2146,80,2129,2
2002,5,Renault,1990,80,1899,5
2002,5,Toyota,1932,94,1955,4
2002,6,BMW,2318,80,2378,0
2002,6,Cosworth,1840,89,1792,6
2002,6,Ferrari,2066,80,1903,5
2002,6,Ford,1797,80,1679,7
2002,6,Honda,1916,80,2016,3
2002,6,Mercedes,2162,80,2218,1
2002,6,Renault,2015,80,2105,2
2002,6,Toyota,1937,89,1952,4
2002,7,BMW,2305,80,2258,1
2002,7,Cosworth,1864,86,1940,4
2002,7,Ferrari,2060,80,2042,3
2002,7,Ford,1805,80,1835,5
2002,7,Honda,1898,80,1835,5
2002,7,Mercedes,2199,80,2348,0
2002,7,Renault,2036,80,2110,2
2002,7,Toyota,1886,86,1690,7
2002,8,BMW,2255,80,1990,4
2002,8,Cosworth,1865,84,1868,5
2002,8,Ferrari,2091,80,2211,1
2002,8,Ford,1799,80,1778,6
2002,8,Honda,1923,80,2018,3
2002,8,Mercedes,2232,80,2358,0
2002,8,Renault,2053,80,2116,2
2002,8,Toyota,1839,84,1682,7
2002,9,BMW,2233,80,2158,2
2002,9,Cosworth,1882,83,1944,4
2002,9,Ferrari,2119,80,2219,1
2002,9,Ford,1807,80,1833,5
2002,9,Honda,1904,80,1833,5
2002,9,Mercedes,2260,80,2363,0
2002,9,Renault,2052,80,2046,3
2002,9,Toyota,1799,83,1671,7
2002,10,BMW,2262,80,2367,0
2002,10,Cosworth,1861,82,1785,6
2002,10,Ferrari,2142,80,2228,1
2002,10,Ford,1817,80,1856,5
2002,10,Honda,1943,80,2108,2
2002,10,Mercedes,2222,80,2077,3
2002,10,Renault,2035,80,1971,4
2002,10,Toyota,1767,82,1658,7
2002,11,BMW,2247,80,2194,1
2002,11,Ferrari,2153,80,2194,1
2002,11,Ford,1834,80,1903,4
2002,11,Honda,1897,80,1706,6
2002,11,Mercedes,2253,80,2364,0
2002,11,Renault,2034,80,2031,3
2002,11,Toyota,1773,81,1794,5
2002,12,BMW,2274,80,2375,0
2002,12,Cosworth,1861,81,1862,5
2002,12,Ferrari,2171,80,2238,1
2002,12,Ford,1801,80,1661,7
2002,12,Honda,1909,80,1945,4
2002,12,Mercedes,2234,80,2166,2
2002,12,Renault,1993,80,1800,6
2002,12,Toyota,1819,81,2011,3
2002,13,BMW,2298,80,2383,0
2002,13,Ferrari,2177,80,2198,1
2002,13,Ford,1776,80,1682,6
2002,13,Honda,1910,80,1915,4
2002,13,Mercedes,2225,80,2198,1
2002,13,Renault,1999,80,2019,3
2002,13,Toyota,1816,81,1805,5
2002,14,BMW,2319,80,2395,0
2002,14,Ferrari,2171,80,2148,2
2002,14,Ford,1779,80,1791,5
2002,14,Honda,1911,80,1914,4
2002,14,Mercedes,2232,80,2255,1
2002,14,Renault,1950,80,1709,6
2002,14,Toyota,1852,80,1991,3
2002,15,BMW,2257,80,1726,6
2002,15,Ferrari,2186,80,2246,1
2002,15,Ford,1802,80,1889,4
2002,15,Honda,1944,80,2077,2
2002,15,Mercedes,2201,80,2077,2
2002,15,Renault,2012,80,2349,0
2002,15,Toyota,1842,80,1809,5
2002,16,BMW,2256,80,2254,1
2002,16,Ferrari,2167,80,2090,2
2002,16,Ford,1796,80,1775,5
2002,16,Honda,1941,80,1934,4
2002,16,Mercedes,2234,80,2360,0
2002,16,Renault,2033,80,2090,2
2002,16,Toyota,1827,80,1775,5
2002,17,BMW,2244,80,2203,1
2002,17,Ferrari,2174,80,2203,1
2002,17,Ford,1799,80,1810,5
2002,17,Honda,1900,80,1718,6
2002,17,Mercedes,2263,80,2371,0
2002,17,Renault,2034,80,2037,3
2002,17,Toyota,1846,80,1913,4
2003,1,BMW,2247,80,2259,1
2003,1,Ferrari,2158,80,2095,2
2003,1,Ford,1801,80,1809,5
2003,1,Honda,1905,80,1923,4
2003,1,Mercedes,2288,80,2383,0
2003,1,Renault,2048,80,2095,2
2003,1,Toyota,1816,80,1700,6
2003,2,BMW,2230,80,2167,2
2003,2,Ferrari,2138,80,2060,3
2003,2,Ford,1778,80,1684,6
2003,2,Honda,1909,80,1922,4
2003,2,Mercedes,2311,80,2395,0
2003,2,Renault,2083,80,2228,1
2003,2,Toyota,1814,80,1809,5
2003,3,BMW,2198,80,2073,3
2003,3,Ferrari,2105,80,1963,4
2003,3,Ford,1757,80,1673,6
2003,3,Honda,1947,80,2112,2
2003,3,Mercedes,2331,80,2404,0
2003,3,Renault,2115,80,2234,1
2003,3,Toyota,1813,80,1806,5
2003,4,BMW,2210,80,2253,1
2003,4,Ferrari,2113,80,2141,2
2003,4,Ford,1738,80,1665,6
2003,4,Honda,1923,80,1835,5
2003,4,Mercedes,2347,80,2409,0
2003,4,Renault,2102,80,2056,3
2003,4,Toyota,1832,80,1908,4
2003,5,BMW,2221,80,2259,1
2003,5,Ferrari,2119,80,2144,2
2003,5,Ford,1748,80,1786,5
2003,5,Honda,1924,80,1926,4
2003,5,Mercedes,2287,80,1721,6
2003,5,Renault,2149,80,2368,0
2003,5,Toyota,1866,80,2006,3
2003,6,BMW,2229,80,2261,1
2003,6,Ferrari,2103,80,2040,3
2003,6,Ford,1752,80,1765,5
2003,6,Honda,1962,80,2123,2
2003,6,Mercedes,2313,80,2394,0
2003,6,Renault,2124,80,2040,3
2003,6,Toyota,1844,80,1765,5
2003,7,BMW,2260,80,2385,0
2003,7,Ferrari,2094,80,2062,3
2003,7,Ford,1735,80,1671,6
2003,7,Honda,1937,80,1848,5
2003,7,Mercedes,2306,80,2283,1
2003,7,Renault,2130,80,2152,2
2003,7,Toyota,1861,80,1924,4
2003,8,BMW,2288,80,2396,0
2003,8,Ferrari,2062,80,1922,3
2003,8,Ford,1770,80,1922,3
2003,8,Honda,1893,80,1710,6
2003,8,Mercedes,2280,80,2187,2
2003,8,Renault,2156,80,2250,1
2003,8,Toyota,1875,80,1922,3
2003,9,BMW,2312,80,2403,0
2003,9,Ferrari,2079,80,2140,2
2003,9,Ford,1798,80,1905,4
2003,9,Honda,1922,80,2020,3
2003,9,Mercedes,2220,80,1873,5
2003,9,Renault,2177,80,2254,1
2003,9,Toyota,1841,80,1704,6
2003,10,BMW,2332,80,2407,0
2003,10,Ferrari,2093,80,2145,2
2003,10,Ford,1823,80,1915,4
2003,10,Honda,1904,80,1842,5
2003,10,Mercedes,2232,80,2265,1
2003,10,Renault,2118,80,1743,6
2003,10,Toyota,1877,80,2018,3
2003,11,BMW,2349,80,2416,0
2003,11,Ferrari,2086,80,2059,3
2003,11,Ford,1799,80,1710,6
2003,11,Honda,1891,80,1846,5
2003,11,Mercedes,2240,80,2267,1
2003,11,Renault,2126,80,2150,2
2003,11,Toyota,1890,80,1933,4
2003,12,BMW,2366,80,2428,0
2003,12,Ferrari,2062,80,1968,4
2003,12,Ford,1777,80,1698,6
2003,12,Honda,1879,80,1839,5
2003,12,Mercedes,2248,80,2274,1
2003,12,Renault,2133,80,2154,2
2003,12,Toyota,1917,80,2023,3
2003,13,BMW,2333,80,2198,2
2003,13,Ferrari,2060,80,2052,3
2003,13,Ford,1805,80,1912,4
2003,13,Honda,1847,80,1712,6
2003,13,Mercedes,2254,80,2279,1
2003,13,Renault,2179,80,2387,0
2003,13,Toyota,1901,80,1842,5
2003,14,BMW,2353,80,2425,0
2003,14,Ferrari,2078,80,2146,2
2003,14,Ford,1808,80,1816,5
2003,14,Honda,1878,80,2000,3
2003,14,Mercedes,2260,80,2282,1
2003,14,Renault,2140,80,2000,3
2003,14,Toyota,1864,80,1716,6
2003,15,BMW,2306,80,2095,3
2003,15,Ferrari,2117,80,2298,0
2003,15,Ford,1820,80,1866,4
2003,15,Honda,1844,80,1712,6
2003,15,Mercedes,2268,80,2298,0
2003,15,Renault,2145,80,2160,2
2003,15,Toyota,1865,80,1866,4
2003,16,BMW,2243,80,1876,5
2003,16,Ferrari,2134,80,2194,1
2003,16,Ford,1795,80,1696,6
2003,16,Honda,1861,80,1920,4
2003,16,Mercedes,2295,80,2403,0
2003,16,Renault,2156,80,2194,1
2003,16,Toyota,1896,80,2021,3
2004,1,BMW,2251,80,2274,1
2004,1,Ferrari,2140,80,2162,2
2004,1,Ford,1773,80,1693,6
2004,1,Honda,1876,80,1930,4
2004,1,Mercedes,2257,80,2097,3
2004,1,Renault,2198,80,2376,0
2004,1,Toyota,1884,80,1839,5
2004,2,BMW,2283,80,2393,0
2004,2,Ferrari,2164,80,2257,1
2004,2,Ford,1754,80,1682,6
2004,2,Honda,1888,80,1933,4
2004,2,Mercedes,2224,80,2097,3
2004,2,Renault,2193,80,2178,2
2004,2,Toyota,1873,80,1834,5
2004,3,BMW,2263,80,2195,2
2004,3,Ferrari,2185,80,2264,1
2004,3,Ford,1764,80,1802,5
2004,3,Honda,1905,80,1966,3
2004,3,Mercedes,2162,80,1735,6
2004,3,Renault,2231,80,2385,0
2004,3,Toyota,1892,80,1966,3
2004,4,BMW,2292,80,2394,0
2004,4,Ferrari,2183,80,2176,2
2004,4,Ford,1748,80,1684,6
2004,4,Honda,1913,80,1945,4
2004,4,Mercedes,2143,80,2086,3
2004,4,Renault,2240,80,2273,1
2004,4,Toyota,1882,80,1842,5
2004,5,BMW,2271,80,2197,2
2004,5,Ferrari,2201,80,2268,1
2004,5,Ford,1732,80,1673,6
2004,5,Honda,1939,80,2041,3
2004,5,Mercedes,2109,80,1987,4
2004,5,Renault,2272,80,2396,0
2004,5,Toyota,1872,80,1836,5
2004,6,BMW,2262,80,2233,1
2004,6,Ferrari,2207,80,2233,1
2004,6,Ford,1746,80,1799,5
2004,6,Honda,1960,80,2045,3
2004,6,Mercedes,2050,80,1732,6
2004,6,Renault,2300,80,2404,0
2004,6,Toyota,1885,80,1936,4
2004,7,BMW,2229,80,2097,3
2004,7,Ferrari,2242,80,2393,0
2004,7,Ford,1779,80,1916,4
2004,7,Honda,1994,80,2139,2
2004,7,Mercedes,1990,80,1736,6
2004,7,Renault,2298,80,2293,1
2004,7,Toyota,1876,80,1840,5
2004,8,BMW,2175,80,1886,5
2004,8,Ferrari,2273,80,2397,0
2004,8,Ford,1823,80,2017,3
2004,8,Honda,2027,80,2157,1
2004,8,Mercedes,2031,80,2157,1
2004,8,Renault,2248,80,1997,4
2004,8,Toyota,1845,80,1717,6
2004,9,BMW,2112,80,1765,6
2004,9,Ferrari,2254,80,2188,1
2004,9,Ford,1826,80,1839,5
2004,9,Honda,2015,80,1973,4
2004,9,Mercedes,2038,80,2058,3
2004,9,Renault,2280,80,2387,0
2004,9,Toyota,1898,80,2188,1
2004,10,BMW,2100,80,2068,3
2004,10,Ferrari,2237,80,2173,2
2004,10,Ford,1831,80,1848,5
2004,10,Honda,2005,80,1972,4
2004,10,Mercedes,2078,80,2228,1
2004,10,Renault,2305,80,2391,0
2004,10,Toyota,1863,80,1745,6
2004,11,BMW,2112,80,2148,2
2004,11,Ferrari,2243,80,2264,1
2004,11,Ford,1834,80,1844,5
2004,11,Honda,2015,80,2051,3
2004,11,Mercedes,2130,80,2358,0
2004,11,Renault,2251,80,2004,4
2004,11,Toyota,1834,80,1732,6
2004,12,BMW,2116,80,2132,2
2004,12,Ferrari,2220,80,2132,2
2004,12,Ford,1836,80,1845,5
2004,12,Honda,2007,80,1975,4
2004,12,Mercedes,2157,80,2244,1
2004,12,Renault,2282,80,2381,0
2004,12,Toyota,1809,80,1721,6
2004,13,BMW,2144,80,2247,1
2004,13,Ferrari,2211,80,2178,2
2004,13,Ford,1812,80,1716,6
2004,13,Honda,2018,80,2059,3
2004,13,Mercedes,2122,80,1997,4
2004,13,Renault,2308,80,2395,0
2004,13,Toyota,1815,80,1835,5
2004,14,BMW,2097,80,1891,5
2004,14,Ferrari,2223,80,2266,1
2004,14,Ford,1837,80,1936,4
2004,14,Honda,1972,80,1745,6
2004,14,Mercedes,2171,80,2369,0
2004,14,Renault,2266,80,2105,3
2004,14,Toyota,1866,80,2127,2
2004,15,BMW,2130,80,2241,1
2004,15,Ferrari,2253,80,2377,0
2004,15,Ford,1814,80,1727,6
2004,15,Honda,1990,80,2051,3
2004,15,Mercedes,2170,80,2165,2
2004,15,Renault,2214,80,2007,4
2004,15,Toyota,1863,80,1854,5
2004,16,BMW,2118,80,2081,3
2004,16,Ferrari,2246,80,2222,1
2004,16,Ford,1820,80,1841,5
2004,16,Honda,1986,80,1972,4
2004,16,Mercedes,2210,80,2366,0
2004,16,Renault,2216,80,2222,1
2004,16,Toyota,1834,80,1729,6
2004,17,BMW,2164,80,2362,0
2004,17,Ferrari,2251,80,2271,1
2004,17,Ford,1798,80,1713,6
2004,17,Honda,1982,80,1969,4
2004,17,Mercedes,2183,80,2094,3
2004,17,Renault,2207,80,2178,2
2004,17,Toyota,1836,80,1841,5
2004,18,BMW,2207,80,2369,0
2004,18,Ferrari,2222,80,2102,3
2004,18,Ford,1778,80,1701,6
2004,18,Honda,1979,80,1968,4
2004,18,Mercedes,2201,80,2260,1
2004,18,Renault,2201,80,2179,2
2004,18,Toyota,1836,80,1838,5
2005,1,Cosworth,1837,81,1738,5
2005,1,Ferrari,2214,80,2186,1
2005,1,Honda,1961,80,1890,4
2005,1,Mercedes,2198,80,2186,1
2005,1,Renault,2231,80,2348,0
2005,1,Toyota,1862,80,1964,3
2005,2,Cosworth,1841,81,1856,4
2005,2,Ferrari,2180,80,2032,3
2005,2,Honda,1924,80,1758,5
2005,2,Mercedes,2183,80,2132,2
2005,2,Renault,2232,80,2238,1
2005,2,Toyota,1920,80,2316,0
2005,3,Cosworth,1838,80,1827,4
2005,3,Ferrari,2148,80,2023,3
2005,3,Honda,1903,80,1827,4
2005,3,Mercedes,2214,80,2338,0
2005,3,Renault,2211,80,2130,2
2005,3,Toyota,1973,80,2177,1
2005,4,Cosworth,1844,80,1865,4
2005,4,Ferrari,2171,80,2253,0
2005,4,Honda,1873,80,1757,5
2005,4,Mercedes,2223,80,2253,0
2005,4,Renault,2193,80,2126,2
2005,4,Toyota,1978,80,1990,3
2005,5,Cosworth,1822,80,1738,5
2005,5,Ferrari,2140,80,2024,3
2005,5,Honda,1872,80,1869,4
2005,5,Mercedes,2248,80,2345,0
2005,5,Renault,2178,80,2124,2
2005,5,Toyota,2021,80,2183,1
2005,6,Cosworth,1803,80,1729,5
2005,6,Ferrari,2134,80,2114,2
2005,6,Honda,1872,80,1869,4
2005,6,Mercedes,2270,80,2352,0
2005,6,Renault,2149,80,2027,3
2005,6,Toyota,2058,80,2188,1
2005,7,Cosworth,1786,80,1720,5
2005,7,Ferrari,2111,80,2023,3
2005,7,Honda,1871,80,1868,4
2005,7,Mercedes,2243,80,2139,2
2005,7,Renault,2185,80,2332,0
2005,7,Toyota,2088,80,2195,1
2005,8,Cosworth,1820,80,1961,3
2005,8,Ferrari,2131,80,2206,1
2005,8,Honda,1870,80,1867,4
2005,8,Mercedes,2266,80,2352,0
2005,8,Renault,2126,80,1778,5
2005,8,Toyota,2093,80,2109,2
2005,9,Cosworth,1880,80,2303,0
2005,9,Ferrari,2128,80,2116,2
2005,9,Honda,1918,80,2176,1
2005,9,Mercedes,2224,80,2044,3
2005,9,Renault,2062,80,1785,5
2005,9,Toyota,2057,80,1917,4
2005,10,Cosworth,1852,80,1767,5
2005,10,Ferrari,2128,80,2130,1
2005,10,Honda,1927,80,1957,3
2005,10,Mercedes,2247,80,2325,0
2005,10,Renault,2080,80,2130,1
2005,10,Toyota,2035,80,1957,3
2005,11,Cosworth,1830,80,1755,5
2005,11,Ferrari,2123,80,2101,2
2005,11,Honda,1919,80,1892,4
2005,11,Mercedes,2267,80,2338,0
2005,11,Renault,2105,80,2182,1
2005,11,Toyota,2027,80,2002,3
2005,12,Cosworth,1810,80,1741,5
2005,12,Ferrari,2119,80,2103,2
2005,12,Honda,1912,80,1886,4
2005,12,Mercedes,2285,80,2350,0
2005,12,Renault,2125,80,2191,1
2005,12,Toyota,2021,80,1999,3
2005,13,Cosworth,1792,80,1728,5
2005,13,Ferrari,2116,80,2104,2
2005,13,Honda,1925,80,1977,3
2005,13,Mercedes,2301,80,2362,0
2005,13,Renault,2083,80,1916,4
2005,13,Toyota,2053,80,2182,1
2005,14,Cosworth,1777,80,1721,5
2005,14,Ferrari,2096,80,2014,3
2005,14,Honda,1954,80,2070,2
2005,14,Mercedes,2316,80,2370,0
2005,14,Renault,2108,80,2191,1
2005,14,Toyota,2023,80,1907,4
2005,15,Cosworth,1764,80,1713,5
2005,15,Ferrari,2078,80,2010,3
2005,15,Honda,1940,80,1888,4
2005,15,Mercedes,2329,80,2378,0
2005,15,Renault,2106,80,2101,2
2005,15,Toyota,2056,80,2182,1
2005,16,Cosworth,1751,80,1704,5
2005,16,Ferrari,2072,80,2046,1
2005,16,Honda,1962,80,2046,1
2005,16,Mercedes,2341,80,2387,0
2005,16,Renault,2093,80,2046,1
2005,16,Toyota,2054,80,2046,1
2005,17,Cosworth,1740,80,1698,5
2005,17,Ferrari,2076,80,2095,2
2005,17,Honda,1967,80,1986,3
2005,17,Mercedes,2351,80,2393,0
2005,17,Renault,2115,80,2196,1
2005,17,Toyota,2023,80,1905,4
2005,18,Cosworth,1730,80,1690,5
2005,18,Ferrari,2062,80,2006,3
2005,18,Honda,1950,80,1886,4
2005,18,Mercedes,2362,80,2402,0
2005,18,Renault,2133,80,2203,1
2005,18,Toyota,2037,80,2086,2
2005,19,Cosworth,1720,80,1681,5
2005,19,Ferrari,2050,80,2003,3
2005,19,Honda,1936,80,1880,4
2005,19,Mercedes,2372,80,2410,0
2005,19,Renault,2149,80,2210,1
2005,19,Toyota,2049,80,2090,2
2006,1,BMW,2163,80,2001,4
2006,1,Ferrari,2071,80,2152,2
2006,1,Honda,1958,80,2048,3
2006,1,Mercedes,2385,80,2441,0
2006,1,Renault,2172,80,2262,1
2006,1,Toyota,2012,80,1861,5
2006,2,BMW,2187,80,2263,1
2006,2,Ferrari,2088,80,2153,2
2006,2,Honda,1978,80,2050,3
2006,2,Mercedes,2398,80,2447,0
2006,2,Renault,2138,80,1997,4
2006,2,Toyota,1980,80,1856,5
2006,3,BMW,2206,80,2269,1
2006,3,Ferrari,2048,80,1868,5
2006,3,Honda,1993,80,2052,3
2006,3,Mercedes,2410,80,2455,0
2006,3,Renault,2144,80,2165,2
2006,3,Toyota,1976,80,1963,4
2006,4,BMW,2164,80,1998,4
2006,4,Ferrari,2088,80,2249,1
2006,4,Honda,1964,80,1849,5
2006,4,Mercedes,2421,80,2464,0
2006,4,Renault,2149,80,2166,2
2006,4,Toyota,1992,80,2051,3
2006,5,BMW,2165,80,2169,2
2006,5,Ferrari,2123,80,2252,1
2006,5,Honda,1960,80,1944,4
2006,5,Mercedes,2431,80,2469,0
2006,5,Renault,2111,80,1944,4
2006,5,Toyota,2005,80,2054,3
2006,6,BMW,2166,80,2170,2
2006,6,Ferrari,2113,80,2078,3
2006,6,Honda,1960,80,1961,4
2006,6,Mercedes,2440,80,2476,0
2006,6,Renault,2142,80,2257,1
2006,6,Toyota,1975,80,1855,5
2006,7,BMW,2167,80,2172,2
2006,7,Ferrari,2104,80,2076,3
2006,7,Honda,1960,80,1957,4
2006,7,Mercedes,2422,80,2353,0
2006,7,Renault,2183,80,2353,0
2006,7,Toyota,1948,80,1843,5
2006,8,BMW,2169,80,2175,2
2006,8,Ferrari,2098,80,2075,3
2006,8,Honda,1935,80,1835,5
2006,8,Mercedes,2433,80,2474,0
2006,8,Renault,2204,80,2276,1
2006,8,Toyota,1949,80,1952,4
2006,9,BMW,2152,80,2086,3
2006,9,Ferrari,2112,80,2164,2
2006,9,Honda,1912,80,1823,5
2006,9,Mercedes,2443,80,2483,0
2006,9,Renault,2222,80,2285,1
2006,9,Toyota,1949,80,1948,4
2006,10,BMW,2120,80,1984,4
2006,10,Ferrari,2160,80,2415,0
2006,10,Honda,1938,80,2038,3
2006,10,Mercedes,2387,80,1867,5
2006,10,Renault,2237,80,2292,1
2006,10,Toyota,1985,80,2142,2
2006,11,BMW,2113,80,2088,3
2006,11,Ferrari,2176,80,2230,1
2006,11,Honda,1916,80,1836,5
2006,11,Mercedes,2404,80,2458,0
2006,11,Renault,2235,80,2230,1
2006,11,Toyota,1981,80,1968,4
2006,12,BMW,2069,80,1864,5
2006,12,Ferrari,2200,80,2285,1
2006,12,Honda,1944,80,2050,3
2006,12,Mercedes,2419,80,2470,0
2006,12,Renault,2228,80,2199,2
2006,12,Toyota,1977,80,1963,4
2006,13,BMW,2110,80,2269,1
2006,13,Ferrari,2178,80,2099,3
2006,13,Honda,1984,80,2149,2
2006,13,Mercedes,2432,80,2479,0
2006,13,Renault,2188,80,2004,4
2006,13,Toyota,1950,80,1842,5
2006,14,BMW,2062,80,1872,5
2006,14,Ferrari,2179,80,2184,2
2006,14,Honda,2001,80,2061,3
2006,14,Mercedes,2443,80,2483,0
2006,14,Renault,2209,80,2284,1
2006,14,Toyota,1953,80,1961,4
2006,15,BMW,2107,80,2265,1
2006,15,Ferrari,2180,80,2184,2
2006,15,Honda,1994,80,1970,4
2006,15,Mercedes,2453,80,2492,0
2006,15,Renault,2185,80,2099,3
2006,15,Toyota,1930,80,1841,5
2006,16,BMW,2101,80,2082,3
2006,16,Ferrari,2190,80,2224,1
2006,16,Honda,1988,80,1968,4
2006,16,Mercedes,2463,80,2498,0
2006,16,Renault,2194,80,2224,1
2006,16,Toyota,1909,80,1831,5
2006,17,BMW,2109,80,2135,2
2006,17,Ferrari,2178,80,2135,2
2006,17,Honda,1983,80,1962,4
2006,17,Mercedes,2472,80,2506,0
2006,17,Renault,2214,80,2291,1
2006,17,Toyota,1891,80,1819,5
2006,18,BMW,2082,80,1983,4
2006,18,Ferrari,2201,80,2291,1
2006,18,Honda,2015,80,2154,2
2006,18,Mercedes,2480,80,2514,0
2006,18,Renault,2191,80,2100,3
2006,18,Toyota,1874,80,1808,5
2007,1,BMW,2120,80,2273,1
2007,1,Ferrari,2163,80,1996,4
2007,1,Honda,1980,80,1838,5
2007,1,Mercedes,2488,80,2519,0
2007,1,Renault,2170,80,2095,3
2007,1,Toyota,1919,80,2141,2
2007,2,BMW,2153,80,2272,1
2007,2,Ferrari,2111,80,1867,5
2007,2,Honda,1975,80,1959,4
2007,2,Mercedes,2495,80,2522,0
2007,2,Renault,2156,80,2104,2
2007,2,Toyota,1959,80,2104,2
2007,3,BMW,2180,80,2275,1
2007,3,Ferrari,2103,80,2077,3
2007,3,Honda,1948,80,1843,5
2007,3,Mercedes,2501,80,2526,0
2007,3,Renault,2124,80,1993,4
2007,3,Toyota,1998,80,2141,2
2007,4,BMW,2201,80,2280,1
2007,4,Ferrari,2077,80,1985,4
2007,4,Honda,1969,80,2048,3
2007,4,Mercedes,2507,80,2531,0
2007,4,Renault,2133,80,2166,2
2007,4,Toyota,1964,80,1849,5
2007,5,BMW,2220,80,2288,1
2007,5,Ferrari,2075,80,2068,3
2007,5,Honda,1942,80,1839,5
2007,5,Mercedes,2513,80,2537,0
2007,5,Renault,2141,80,2168,2
2007,5,Toyota,1962,80,1956,4
2007,6,BMW,2236,80,2296,1
2007,6,Ferrari,2034,80,1853,5
2007,6,Honda,1943,80,1947,4
2007,6,Mercedes,2520,80,2543,0
2007,6,Renault,2128,80,2079,3
2007,6,Toyota,1999,80,2141,2
2007,7,BMW,2212,80,2118,2
2007,7,Ferrari,2019,80,1966,4
2007,7,Honda,1920,80,1829,5
2007,7,Mercedes,2525,80,2549,0
2007,7,Renault,2157,80,2277,1
2007,7,Toyota,2025,80,2118,2
2007,8,BMW,2229,80,2295,1
2007,8,Ferrari,1996,80,1911,4
2007,8,Honda,1918,80,1911,4
2007,8,Mercedes,2531,80,2553,0
2007,8,Renault,2161,80,2174,2
2007,8,Toyota,2032,80,2056,3
2007,9,BMW,2245,80,2303,1
2007,9,Ferrari,2008,80,2051,3
2007,9,Honda,1922,80,1939,4
2007,9,Mercedes,2537,80,2559,0
2007,9,Renault,2164,80,2177,2
2007,9,Toyota,1995,80,1843,5
2007,10,BMW,2234,80,2196,2
2007,10,Ferrari,1974,80,1835,5
2007,10,Honda,1925,80,1937,4
2007,10,Mercedes,2542,80,2564,0
2007,10,Renault,2189,80,2292,1
2007,10,Toyota,2007,80,2048,3
2007,11,BMW,2250,80,2310,1
2007,11,Ferrari,1968,80,1946,4
2007,11,Honda,1903,80,1814,5
2007,11,Mercedes,2548,80,2569,0
2007,11,Renault,2168,80,2085,3
2007,11,Toyota,2037,80,2149,2
2007,12,BMW,2264,80,2315,1
2007,12,Ferrari,1963,80,1943,4
2007,12,Honda,1883,80,1805,5
2007,12,Mercedes,2553,80,2574,0
2007,12,Renault,2171,80,2181,2
2007,12,Toyota,2041,80,2056,3
2007,13,BMW,2276,80,2323,1
2007,13,Ferrari,1934,80,1814,5
2007,13,Honda,1891,80,1921,4
2007,13,Mercedes,2559,80,2580,0
2007,13,Renault,2174,80,2184,2
2007,13,Toyota,2044,80,2056,3
2007,14,BMW,2287,80,2330,1
2007,14,Ferrari,1933,80,1929,4
2007,14,Honda,1871,80,1792,5
2007,14,Mercedes,2564,80,2586,0
2007,14,Renault,2176,80,2186,2
2007,14,Toyota,2046,80,2055,3
2007,15,BMW,2252,80,2101,3
2007,15,Ferrari,1971,80,2143,2
2007,15,Honda,1879,80,1911,4
2007,15,Mercedes,2570,80,2592,0
2007,15,Renault,2202,80,2309,1
2007,15,Toyota,2006,80,1820,5
2007,16,BMW,2268,80,2323,1
2007,16,Ferrari,2007,80,2146,2
2007,16,Honda,1887,80,1916,4
2007,16,Mercedes,2575,80,2594,0
2007,16,Renault,2178,80,2086,3
2007,16,Toyota,1968,80,1819,5
2007,17,BMW,2280,80,2327,1
2007,17,Ferrari,2016,80,2046,3
2007,17,Honda,1868,80,1792,5
2007,17,Mercedes,2579,80,2598,0
2007,17,Renault,2140,80,1974,4
2007,17,Toyota,2006,80,2144,2
2008,1,BMW,2291,80,2332,1
2008,1,Cosworth,1773,80,2130,2
2008,1,Ferrari,2025,80,2058,3
2008,1,Force India,1426,171,1412,7
2008,1,Honda,1839,80,1720,6
2008,1,Mercedes,2584,80,2603,0
2008,1,Renault,2108,80,1987,4
2008,1,Toyota,1974,80,1866,5
2008,2,BMW,2330,80,2508,0
2008,2,Cosworth,1728,80,1556,7
2008,2,Ferrari,2011,80,1957,4
2008,2,Force India,1592,130,1790,5
2008,2,Honda,1818,80,1737,6
2008,2,Mercedes,2553,80,2418,1
2008,2,Renault,2098,80,2064,3
2008,2,Toyota,2010,80,2138,2
2008,3,BMW,2366,80,2513,0
2008,3,Cosworth,1778,80,1965,3
2008,3,Ferrari,2001,80,1965,3
2008,3,Force India,1629,111,1670,6
2008,3,Honda,1777,80,1588,7
2008,3,Mercedes,2525,80,2414,1
2008,3,Renault,2056,80,1867,5
2008,3,Toyota,2041,80,2148,2
2008,4,BMW,2366,80,2364,1
2008,4,Cosworth,1842,80,2121,2
2008,4,Ferrari,1960,80,1774,5
2008,4,Force India,1676,100,1774,5
2008,4,Honda,1805,80,1911,4
2008,4,Mercedes,2535,80,2570,0
2008,4,Renault,2006,80,1774,5
2008,4,Toyota,2043,80,2050,3
2008,5,BMW,2365,80,2361,1
2008,5,Cosworth,1884,80,2010,3
2008,5,Ferrari,1957,80,1943,4
2008,5,Force India,1650,94,1588,7
2008,5,Honda,1791,80,1742,6
2008,5,Mercedes,2544,80,2576,0
2008,5,Renault,2036,80,2135,2
2008,5,Toyota,2008,80,1872,5
2008,6,BMW,2364,80,2362,1
2008,6,Cosworth,1891,80,1911,4
2008,6,Ferrari,1991,80,2128,2
2008,6,Force India,1631,89,1575,7
2008,6,Honda,1833,80,2006,3
2008,6,Mercedes,2552,80,2583,0
2008,6,Renault,2007,80,1911,4
2008,6,Toyota,1962,80,1772,6
2008,7,BMW,2395,80,2526,0
2008,7,Cosworth,1861,80,1761,6
2008,7,Ferrari,2020,80,2129,2
2008,7,Force India,1616,86,1569,7
2008,7,Honda,1870,80,2007,3
2008,7,Mercedes,2495,80,1988,4
2008,7,Renault,1978,80,1871,5
2008,7,Toyota,2019,80,2269,1
2008,8,BMW,2362,80,2229,2
2008,8,Cosworth,1838,80,1760,6
2008,8,Ferrari,2016,80,2000,3
2008,8,Force India,1603,84,1563,7
2008,8,Honda,1867,80,1857,5
2008,8,Mercedes,2472,80,2400,1
2008,8,Renault,1983,80,2000,3
2008,8,Toyota,2090,80,2469,0
2008,9,BMW,2360,80,2352,1
2008,9,Cosworth,1837,80,1832,5
2008,9,Ferrari,2005,80,1969,4
2008,9,Force India,1592,83,1553,7
2008,9,Honda,1914,80,2133,2
2008,9,Mercedes,2486,80,2531,0
2008,9,Renault,1952,80,1832,5
2008,9,Toyota,2084,80,2068,3
2008,10,BMW,2358,80,2353,1
2008,10,Cosworth,1840,80,1853,5
2008,10,Ferrari,2034,80,2147,2
2008,10,Force India,1614,82,1697,6
2008,10,Honda,1860,80,1627,7
2008,10,Mercedes,2498,80,2540,0
2008,10,Renault,1971,80,2041,3
2008,10,Toyota,2058,80,1979,4
2008,11,BMW,2314,80,2103,3
2008,11,Cosworth,1822,80,1753,6
2008,11,Ferrari,2020,80,1968,4
2008,11,Force India,1603,81,1560,7
2008,11,Honda,1858,80,1853,5
2008,11,Mercedes,2509,80,2548,0
2008,11,Renault,2006,80,2140,2
2008,11,Toyota,2105,80,2284,1
2008,12,BMW,2319,80,2336,1
2008,12,Cosworth,1846,80,1938,4
2008,12,Ferrari,2047,80,2154,2
2008,12,Force India,1592,81,1551,7
2008,12,Honda,1835,80,1755,6
2008,12,Mercedes,2518,80,2550,0
2008,12,Renault,1979,80,1881,5
2008,12,Toyota,2097,80,2074,3
2008,13,BMW,2354,80,2494,0
2008,13,Cosworth,1847,80,1851,5
2008,13,Ferrari,2088,80,2266,1
2008,13,Force India,1612,81,1691,6
2008,13,Honda,1791,80,1609,7
2008,13,Mercedes,2474,80,2266,1
2008,13,Renault,1995,80,2050,3
2008,13,Toyota,2072,80,1983,4
2008,14,BMW,2354,80,2352,1
2008,14,Cosworth,1847,80,1849,5
2008,14,Ferrari,2107,80,2172,2
2008,14,Force India,1600,80,1553,7
2008,14,Honda,1778,80,1735,6
2008,14,Mercedes,2487,80,2532,0
2008,14,Renault,2008,80,2057,3
2008,14,Toyota,2052,80,1981,4
2008,15,BMW,2300,80,2011,4
2008,15,Cosworth,1904,80,2452,0
2008,15,Ferrari,2057,80,1824,5
2008,15,Force India,1588,80,1543,7
2008,15,Honda,1788,80,1824,5
2008,15,Mercedes,2466,80,2391,1
2008,15,Renault,2027,80,2099,2
2008,15,Toyota,2062,80,2099,2
2008,16,BMW,2337,80,2465,0
2008,16,Cosworth,1917,80,1957,4
2008,16,Ferrari,2086,80,2180,1
2008,16,Force India,1578,80,1541,7
2008,16,Honda,1778,80,1740,6
2008,16,Mercedes,2405,80,1915,5
2008,16,Renault,2057,80,2180,1
2008,16,Toyota,2064,80,2069,3
2008,17,BMW,2336,80,2333,1
2008,17,Cosworth,1885,80,1770,6
2008,17,Ferrari,2106,80,2175,2
2008,17,Force India,1569,80,1534,7
2008,17,Honda,1793,80,1850,5
2008,17,Mercedes,2425,80,2485,0
2008,17,Renault,2054,80,2042,3
2008,17,Toyota,2059,80,2042,3
2008,18,BMW,2282,80,2026,4
2008,18,Cosworth,1881,80,1869,5
2008,18,Ferrari,2159,80,2434,0
2008,18,Force India,1560,80,1527,7
2008,18,Honda,1782,80,1740,6
2008,18,Mercedes,2410,80,2359,1
2008,18,Renault,2078,80,2172,2
2008,18,Toyota,2064,80,2081,3
2009,1,BMW,2242,80,2109,3
2009,1,Ferrari,2117,80,1966,4
2009,1,Mercedes,2372,80,2232,2
2009,1,Renault,2115,80,2276,1
2009,1,Toyota,2114,80,2413,0
2009,2,BMW,2282,80,2416,0
2009,2,Ferrari,2082,80,1966,4
2009,2,Mercedes,2339,80,2219,2
2009,2,Renault,2108,80,2082,3
2009,2,Toyota,2149,80,2270,1
2009,3,BMW,2225,80,1990,4
2009,3,Ferrari,2103,80,2170,2
2009,3,Mercedes,2334,80,2315,1
2009,3,Renault,2156,80,2395,0
2009,3,Toyota,2135,80,2089,3
2009,4,BMW,2173,80,1991,4
2009,4,Ferrari,2098,80,2083,3
2009,4,Mercedes,2308,80,2213,2
2009,4,Renault,2203,80,2391,0
2009,4,Toyota,2164,80,2269,1
2009,5,BMW,2198,80,2273,1
2009,5,Ferrari,2071,80,1970,4
2009,5,Mercedes,2287,80,2209,2
2009,5,Renault,2244,80,2393,0
2009,5,Toyota,2149,80,2097,3
2009,6,BMW,2153,80,1988,4
2009,6,Ferrari,2124,80,2379,0
2009,6,Mercedes,2270,80,2207,2
2009,6,Renault,2254,80,2289,1
2009,6,Toyota,2137,80,2094,3
2009,7,BMW,2160,80,2181,2
2009,7,Ferrari,2090,80,1976,4
2009,7,Mercedes,2240,80,2113,3
2009,7,Renault,2261,80,2286,1
2009,7,Toyota,2181,80,2380,0
2009,8,BMW,2123,80,1983,4
2009,8,Ferrari,2088,80,2082,3
2009,8,Mercedes,2230,80,2196,2
2009,8,Renault,2267,80,2287,1
2009,8,Toyota,2223,80,2384,0
2009,9,BMW,2090,80,1973,4
2009,9,Ferrari,2086,80,2080,3
2009,9,Mercedes,2223,80,2194,2
2009,9,Renault,2294,80,2403,0
2009,9,Toyota,2236,80,2280,1
2009,10,BMW,2063,80,1960,4
2009,10,Ferrari,2084,80,2077,3
2009,10,Mercedes,2235,80,2283,1
2009,10,Renault,2275,80,2205,2
2009,10,Toyota,2270,80,2401,0
2009,11,BMW,2085,80,2165,2
2009,11,Ferrari,2058,80,1954,4
2009,11,Mercedes,2267,80,2404,0
2009,11,Renault,2280,80,2296,1
2009,11,Toyota,2236,80,2108,3
2009,12,BMW,2137,80,2383,0
2009,12,Ferrari,2080,80,2164,2
2009,12,Mercedes,2273,80,2294,1
2009,12,Renault,2243,80,2086,3
2009,12,Toyota,2203,80,2086,3
2009,13,BMW,2147,80,2179,2
2009,13,Ferrari,2080,80,2079,3
2009,13,Mercedes,2300,80,2406,0
2009,13,Renault,2253,80,2286,1
2009,13,Toyota,2160,80,1988,4
2009,14,BMW,2134,80,2091,3
2009,14,Ferrari,2056,80,1961,4
2009,14,Mercedes,2280,80,2207,2
2009,14,Renault,2283,80,2405,0
2009,14,Toyota,2186,80,2272,1
2009,15,BMW,2144,80,2179,2
2009,15,Ferrari,2034,80,1952,4
2009,15,Mercedes,2247,80,2112,3
2009,15,Renault,2287,80,2298,1
2009,15,Toyota,2229,80,2395,0
2009,16,BMW,2188,80,2390,0
2009,16,Ferrari,2076,80,2259,1
2009,16,Mercedes,2237,80,2201,2
2009,16,Renault,2253,80,2114,3
2009,16,Toyota,2179,80,1985,4
2009,17,BMW,2229,80,2386,0
2009,17,Ferrari,2051,80,1964,4
2009,17,Mercedes,2211,80,2109,3
2009,17,Renault,2248,80,2232,1
2009,17,Toyota,2192,80,2232,1
2010,1,Cosworth,1871,80,1832,3
2010,1,Ferrari,2046,80,2029,2
2010,1,Mercedes,2235,80,2326,0
2010,1,Renault,2238,80,2201,1
2010,2,Cosworth,1861,80,1824,3
2010,2,Ferrari,2042,80,2027,2
2010,2,Mercedes,2257,80,2336,0
2010,2,Renault,2230,80,2200,1
2010,3,Cosworth,1852,80,1817,3
2010,3,Ferrari,2038,80,2025,2
2010,3,Mercedes,2276,80,2346,0
2010,3,Renault,2224,80,2201,1
2010,4,Cosworth,1843,80,1810,3
2010,4,Ferrari,2035,80,2022,2
2010,4,Mercedes,2292,80,2355,0
2010,4,Renault,2219,80,2201,1
2010,5,Cosworth,1835,80,1803,3
2010,5,Ferrari,2058,80,2154,1
2010,5,Mercedes,2308,80,2365,0
2010,5,Renault,2190,80,2067,2
2010,6,Cosworth,1827,80,1799,3
2010,6,Ferrari,2052,80,2028,2
2010,6,Mercedes,2321,80,2370,0
2010,6,Renault,2191,80,2193,1
2010,7,Cosworth,1820,80,1793,3
2010,7,Ferrari,2074,80,2159,1
2010,7,Mercedes,2333,80,2378,0
2010,7,Renault,2165,80,2061,2
2010,8,Cosworth,1814,80,1789,3
2010,8,Ferrari,2065,80,2032,2
2010,8,Mercedes,2343,80,2384,0
2010,8,Renault,2170,80,2187,1
2010,9,Cosworth,1807,80,1783,3
2010,9,Ferrari,2057,80,2028,2
2010,9,Mercedes,2353,80,2391,0
2010,9,Renault,2174,80,2190,1
2010,10,Cosworth,1801,80,1777,3
2010,10,Ferrari,2050,80,2024,2
2010,10,Mercedes,2362,80,2398,0
2010,10,Renault,2178,80,2192,1
2010,11,Cosworth,1795,80,1772,3
2010,11,Ferrari,2095,80,2323,0
2010,11,Mercedes,2339,80,2246,1
2010,11,Renault,2154,80,2055,2
2010,12,Cosworth,1790,80,1770,3
2010,12,Ferrari,2112,80,2171,1
2010,12,Mercedes,2296,80,2090,2
2010,12,Renault,2188,80,2333,0
2010,13,Cosworth,1786,80,1768,3
2010,13,Ferrari,2127,80,2180,1
2010,13,Mercedes,2312,80,2367,0
2010,13,Renault,2163,80,2071,2
2010,14,Cosworth,1781,80,1765,3
2010,14,Ferrari,2139,80,2184,1
2010,14,Mercedes,2326,80,2375,0
2010,14,Renault,2142,80,2064,2
2010,15,Cosworth,1777,80,1761,3
2010,15,Ferrari,2122,80,2057,2
2010,15,Mercedes,2338,80,2383,0
2010,15,Renault,2152,80,2188,1
2010,16,Cosworth,1773,80,1757,3
2010,16,Ferrari,2161,80,2330,0
2010,16,Mercedes,2318,80,2240,1
2010,16,Renault,2133,80,2059,2
2010,17,Cosworth,1769,80,1754,3
2010,17,Ferrari,2168,80,2194,1
2010,17,Mercedes,2331,80,2379,0
2010,17,Renault,2117,80,2057,2
2010,18,Cosworth,1766,80,1751,3
2010,18,Ferrari,2175,80,2197,1
2010,18,Mercedes,2343,80,2387,0
2010,18,Renault,2103,80,2051,2
2010,19,Cosworth,1762,80,1747,3
2010,19,Ferrari,2152,80,2065,2
2010,19,Mercedes,2354,80,2395,0
2010,19,Renault,2119,80,2180,1
2011,1,Cosworth,1758,80,1744,3
2011,1,Ferrari,2132,80,2058,2
2011,1,Mercedes,2332,80,2247,1
2011,1,Renault,2158,80,2335,0
2011,2,Cosworth,1755,80,1741,3
2011,2,Ferrari,2144,80,2188,1
2011,2,Mercedes,2344,80,2388,0
2011,2,Renault,2137,80,2063,2
2011,3,Cosworth,1751,80,1738,3
2011,3,Ferrari,2141,80,2129,1
2011,3,Mercedes,2355,80,2395,0
2011,3,Renault,2136,80,2129,1
2011,4,Cosworth,1748,80,1735,3
2011,4,Ferrari,2169,80,2282,0
2011,4,Mercedes,2340,80,2282,0
2011,4,Renault,2119,80,2055,2
2011,5,Cosworth,1745,80,1732,3
2011,5,Ferrari,2175,80,2199,1
2011,5,Mercedes,2351,80,2394,0
2011,5,Renault,2104,80,2051,2
2011,6,Cosworth,1741,80,1729,3
2011,6,Ferrari,2208,80,2348,0
2011,6,Mercedes,2330,80,2248,1
2011,6,Renault,2092,80,2045,2
2011,7,Cosworth,1738,80,1726,3
2011,7,Ferrari,2238,80,2355,0
2011,7,Mercedes,2312,80,2245,1
2011,7,Renault,2082,80,2043,2
2011,8,Cosworth,1735,80,1723,3
2011,8,Ferrari,2235,80,2222,1
2011,8,Mercedes,2328,80,2386,0
2011,8,Renault,2073,80,2040,2
2011,9,Cosworth,1732,80,1719,3
2011,9,Ferrari,2261,80,2366,0
2011,9,Mercedes,2311,80,2247,1
2011,9,Renault,2065,80,2035,2
2011,10,Cosworth,1729,80,1716,3
2011,10,Ferrari,2255,80,2231,1
2011,10,Mercedes,2327,80,2389,0
2011,10,Renault,2058,80,2032,2
2011,11,Cosworth,1726,80,1713,3
2011,11,Ferrari,2250,80,2230,1
2011,11,Mercedes,2342,80,2397,0
2011,11,Renault,2052,80,2028,2
2011,12,Cosworth,1722,80,1710,3
2011,12,Ferrari,2217,80,2081,2
2011,12,Mercedes,2355,80,2406,0
2011,12,Renault,2076,80,2175,1
2011,13,Cosworth,1719,80,1708,3
2011,13,Ferrari,2188,80,2075,2
2011,13,Mercedes,2366,80,2409,0
2011,13,Renault,2097,80,2180,1
2011,14,Cosworth,1717,80,1706,3
2011,14,Ferrari,2193,80,2209,1
2011,14,Mercedes,2376,80,2414,0
2011,14,Renault,2086,80,2043,2
2011,15,Cosworth,1714,80,1703,3
2011,15,Ferrari,2197,80,2211,1
2011,15,Mercedes,2385,80,2421,0
2011,15,Renault,2076,80,2037,2
2011,16,Cosworth,1711,80,1700,3
2011,16,Ferrari,2200,80,2212,1
2011,16,Mercedes,2394,80,2427,0
2011,16,Renault,2066,80,2032,2
2011,17,Cosworth,1708,80,1697,3
2011,17,Ferrari,2203,80,2214,1
2011,17,Mercedes,2402,80,2434,0
2011,17,Renault,2058,80,2027,2
2011,18,Cosworth,1705,80,1694,3
2011,18,Ferrari,2205,80,2215,1
2011,18,Mercedes,2410,80,2440,0
2011,18,Renault,2051,80,2022,2
2011,19,Cosworth,1702,80,1691,3
2011,19,Ferrari,2208,80,2217,1
2011,19,Mercedes,2417,80,2446,0
2011,19,Renault,2044,80,2018,2
2012,1,Cosworth,1700,80,1688,3
2012,1,Ferrari,2240,80,2383,0
2012,1,Mercedes,2391,80,2280,1
2012,1,Renault,2038,80,2014,2
2012,2,Cosworth,1697,80,1685,3
2012,2,Ferrari,2270,80,2389,0
2012,2,Mercedes,2367,80,2276,1
2012,2,Renault,2033,80,2013,2
2012,3,Cosworth,1694,80,1683,3
2012,3,Ferrari,2233,80,2084,2
2012,3,Mercedes,2380,80,2427,0
2012,3,Renault,2060,80,2176,1
2012,4,Cosworth,1691,80,1682,3
2012,4,Ferrari,2200,80,2078,2
2012,4,Mercedes,2390,80,2429,0
2012,4,Renault,2085,80,2181,1
2012,5,Cosworth,1689,80,1680,3
2012,5,Ferrari,2237,80,2372,0
2012,5,Mercedes,2344,80,2107,2
2012,5,Renault,2105,80,2185,1
2012,6,Cosworth,1687,80,1680,3
2012,6,Ferrari,2205,80,2092,2
2012,6,Mercedes,2359,80,2408,0
2012,6,Renault,2125,80,2197,1
2012,7,Cosworth,1685,80,1678,3
2012,7,Ferrari,2209,80,2222,1
2012,7,Mercedes,2371,80,2414,0
2012,7,Renault,2111,80,2061,2
2012,8,Cosworth,1684,80,1676,3
2012,8,Ferrari,2212,80,2224,1
2012,8,Mercedes,2382,80,2422,0
2012,8,Renault,2099,80,2054,2
2012,9,Cosworth,1682,80,1674,3
2012,9,Ferrari,2215,80,2225,1
2012,9,Mercedes,2336,80,2114,2
2012,9,Renault,2143,80,2354,0
2012,10,Cosworth,1680,80,1674,3
2012,10,Ferrari,2233,80,2302,0
2012,10,Mercedes,2328,80,2302,0
2012,10,Renault,2127,80,2072,2
2012,11,Cosworth,1678,80,1672,3
2012,11,Ferrari,2205,80,2095,2
2012,11,Mercedes,2343,80,2399,0
2012,11,Renault,2144,80,2204,1
2012,12,Cosworth,1677,80,1671,3
2012,12,Ferrari,2181,80,2088,2
2012,12,Mercedes,2357,80,2406,0
2012,12,Renault,2158,80,2208,1
2012,13,Cosworth,1675,80,1669,3
2012,13,Ferrari,2189,80,2217,1
2012,13,Mercedes,2369,80,2412,0
2012,13,Renault,2140,80,2074,2
2012,14,Cosworth,1674,80,1668,3
2012,14,Ferrari,2195,80,2219,1
2012,14,Mercedes,2379,80,2420,0
2012,14,Renault,2124,80,2067,2
2012,15,Cosworth,1672,80,1666,3
2012,15,Ferrari,2229,80,2371,0
2012,15,Mercedes,2358,80,2272,1
2012,15,Renault,2111,80,2060,2
2012,16,Cosworth,1671,80,1664,3
2012,16,Ferrari,2259,80,2377,0
2012,16,Mercedes,2315,80,2117,2
2012,16,Renault,2129,80,2201,1
2012,17,Cosworth,1669,80,1664,3
2012,17,Ferrari,2227,80,2106,2
2012,17,Mercedes,2333,80,2397,0
2012,17,Renault,2146,80,2209,1
2012,18,Cosworth,1668,80,1662,3
2012,18,Ferrari,2229,80,2234,1
2012,18,Mercedes,2292,80,2121,2
2012,18,Renault,2184,80,2356,0
2012,19,Cosworth,1667,80,1662,3
2012,19,Ferrari,2203,80,2104,2
2012,19,Mercedes,2313,80,2384,0
2012,19,Renault,2193,80,2223,1
2012,20,Cosworth,1665,80,1661,3
2012,20,Ferrari,2208,80,2228,1
2012,20,Mercedes,2331,80,2393,0
2012,20,Renault,2172,80,2094,2
2013,1,Cosworth,1664,80,1659,3
2013,1,Ferrari,2185,80,2096,2
2013,1,Mercedes,2346,80,2402,0
2013,1,Renault,2183,80,2220,1
2013,2,Cosworth,1663,80,1658,3
2013,2,Ferrari,2221,80,2365,0
2013,2,Mercedes,2305,80,2124,2
2013,2,Renault,2191,80,2223,1
2013,3,Cosworth,1662,80,1657,3
2013,3,Ferrari,2224,80,2235,1
2013,3,Mercedes,2324,80,2391,0
2013,3,Renault,2172,80,2096,2
2013,4,Cosworth,1661,80,1656,3
2013,4,Ferrari,2199,80,2103,2
2013,4,Mercedes,2341,80,2401,0
2013,4,Renault,2183,80,2223,1
2013,5,Cosworth,1659,80,1655,3
2013,5,Ferrari,2205,80,2230,1
2013,5,Mercedes,2356,80,2408,0
2013,5,Renault,2164,80,2091,2
2013,6,Cosworth,1658,80,1653,3
2013,6,Ferrari,2211,80,2231,1
2013,6,Mercedes,2368,80,2416,0
2013,6,Renault,2147,80,2083,2
2013,7,Cosworth,1657,80,1652,3
2013,7,Ferrari,2216,80,2233,1
2013,7,Mercedes,2380,80,2424,0
2013,7,Renault,2132,80,2076,2
2013,8,Cosworth,1656,80,1650,3
2013,8,Ferrari,2237,80,2321,0
2013,8,Mercedes,2368,80,2321,0
2013,8,Renault,2119,80,2069,2
2013,9,Cosworth,1654,80,1649,3
2013,9,Ferrari,2238,80,2241,1
2013,9,Mercedes,2380,80,2426,0
2013,9,Renault,2108,80,2064,2
2013,10,Cosworth,1653,80,1647,3
2013,10,Ferrari,2210,80,2096,2
2013,10,Mercedes,2360,80,2281,1
2013,10,Renault,2151,80,2364,0
2013,11,Cosworth,1652,80,1647,3
2013,11,Ferrari,2215,80,2232,1
2013,11,Mercedes,2372,80,2418,0
2013,11,Renault,2135,80,2077,2
2013,12,Cosworth,1650,80,1646,3
2013,12,Ferrari,2246,80,2379,0
2013,12,Mercedes,2329,80,2125,2
2013,12,Renault,2151,80,2211,1
2013,13,Cosworth,1649,80,1645,3
2013,13,Ferrari,2218,80,2109,2
2013,13,Mercedes,2346,80,2406,0
2013,13,Renault,2166,80,2220,1
2013,14,Cosworth,1648,80,1644,3
2013,14,Ferrari,2222,80,2237,1
2013,14,Mercedes,2304,80,2129,2
2013,14,Renault,2204,80,2365,0
2013,15,Cosworth,1647,80,1644,3
2013,15,Ferrari,2252,80,2371,0
2013,15,Mercedes,2294,80,2259,1
2013,15,Renault,2182,80,2103,2
2013,16,Cosworth,1646,80,1643,3
2013,16,Ferrari,2223,80,2115,2
2013,16,Mercedes,2315,80,2390,0
2013,16,Renault,2192,80,2228,1
2013,17,Cosworth,1645,80,1642,3
2013,17,Ferrari,2198,80,2107,2
2013,17,Mercedes,2333,80,2398,0
2013,17,Renault,2201,80,2231,1
2013,18,Cosworth,1644,80,1641,3
2013,18,Ferrari,2233,80,2370,0
2013,18,Mercedes,2294,80,2129,2
2013,18,Renault,2207,80,2233,1
2013,19,Cosworth,1643,80,1640,3
2013,19,Ferrari,2236,80,2243,1
2013,19,Mercedes,2315,80,2390,0
2013,19,Renault,2187,80,2106,2
2014,1,Cosworth,1641,171,1654,2
2014,1,Ferrari,1904,171,1911,1
2014,1,Mercedes,2109,171,2148,0
2014,1,Renault,1539,171,1480,3
2014,2,Cosworth,1569,130,1489,3
2014,2,Ferrari,1825,130,1736,2
2014,2,Mercedes,2135,130,2163,0
2014,2,Renault,1682,130,1820,1
2014,3,Cosworth,1600,111,1654,2
2014,3,Ferrari,1736,111,1558,3
2014,3,Mercedes,2144,111,2163,0
2014,3,Renault,1747,111,1832,1
2014,4,Cosworth,1577,100,1521,3
2014,4,Ferrari,1771,100,1837,1
2014,4,Mercedes,2150,100,2164,0
2014,4,Renault,1732,100,1705,2
2014,5,Cosworth,1560,94,1512,3
2014,5,Ferrari,1793,94,1847,1
2014,5,Mercedes,2154,94,2168,0
2014,5,Renault,1723,94,1702,2
2014,6,Cosworth,1610,89,1804,1
2014,6,Ferrari,1773,89,1718,2
2014,6,Mercedes,2158,89,2172,0
2014,6,Renault,1683,89,1551,3
2014,7,Cosworth,1589,86,1527,3
2014,7,Ferrari,1758,86,1708,2
2014,7,Mercedes,2162,86,2173,0
2014,7,Renault,1715,86,1817,1
2014,8,Cosworth,1573,84,1519,3
2014,8,Ferrari,1775,84,1836,1
2014,8,Mercedes,2164,84,2175,0
2014,8,Renault,1710,84,1693,2
2014,9,Cosworth,1559,83,1510,3
2014,9,Ferrari,1761,83,1708,2
2014,9,Mercedes,2167,83,2178,0
2014,9,Renault,1735,83,1825,1
2014,10,Cosworth,1547,82,1503,3
2014,10,Ferrari,1777,82,1839,1
2014,10,Mercedes,2170,82,2181,0
2014,10,Renault,1727,82,1698,2
2014,11,Cosworth,1536,81,1495,3
2014,11,Ferrari,1824,81,2048,0
2014,11,Mercedes,2118,81,1768,2
2014,11,Renault,1749,81,1832,1
2014,12,Cosworth,1527,81,1495,3
2014,12,Ferrari,1816,81,1792,1
2014,12,Mercedes,2124,81,2143,0
2014,12,Renault,1758,81,1792,1
2014,13,Cosworth,1519,81,1489,3
2014,13,Ferrari,1798,81,1734,2
2014,13,Mercedes,2129,81,2148,0
2014,13,Renault,1778,81,1855,1
2014,14,Cosworth,1512,80,1484,3
2014,14,Ferrari,1783,80,1729,2
2014,14,Mercedes,2134,80,2152,0
2014,14,Renault,1795,80,1860,1
2014,15,Cosworth,1505,80,1479,3
2014,15,Ferrari,1771,80,1724,2
2014,15,Mercedes,2139,80,2156,0
2014,15,Renault,1809,80,1865,1
2014,16,Cosworth,1499,80,1473,3
2014,16,Ferrari,1789,80,1859,1
2014,16,Mercedes,2143,80,2160,0
2014,16,Renault,1793,80,1731,2
2014,17,Ferrari,1771,80,1704,2
2014,17,Mercedes,2110,80,1967,1
2014,17,Renault,1837,80,2048,0
2014,18,Ferrari,1757,80,1704,2
2014,18,Mercedes,2116,80,2138,0
2014,18,Renault,1846,80,1877,1
2014,19,Ferrari,1745,80,1697,2
2014,19,Mercedes,2122,80,2143,0
2014,19,Renault,1853,80,1880,1
2015,1,Ferrari,1794,80,2055,0
2015,1,Honda,1522,171,1499,3
2015,1,Mercedes,2094,80,1981,1
2015,1,Renault,1834,80,1759,2
2015,2,Ferrari,1781,80,1742,2
2015,2,Honda,1502,130,1479,3
2015,2,Mercedes,2102,80,2129,0
2015,2,Renault,1845,80,1888,1
2015,3,Ferrari,1802,80,1873,1
2015,3,Honda,1491,111,1469,3
2015,3,Mercedes,2108,80,2134,0
2015,3,Renault,1826,80,1753,2
2015,4,Ferrari,1818,80,1877,1
2015,4,Honda,1535,100,1659,2
2015,4,Mercedes,2115,80,2139,0
2015,4,Renault,1783,80,1580,3
2015,5,Ferrari,1802,80,1743,2
2015,5,Honda,1525,94,1497,3
2015,5,Mercedes,2120,80,2142,0
2015,5,Renault,1802,80,1868,1
2015,6,Ferrari,1761,80,1579,3
2015,6,Honda,1582,89,1826,1
2015,6,Mercedes,2072,80,1800,2
2015,6,Renault,1847,80,2047,0
2015,7,Ferrari,1755,80,1734,2
2015,7,Honda,1569,86,1532,3
2015,7,Mercedes,2081,80,2110,0
2015,7,Renault,1856,80,1886,1
2015,8,Ferrari,1749,80,1730,2
2015,8,Honda,1558,84,1523,3
2015,8,Mercedes,2089,80,2117,0
2015,8,Renault,1864,80,1890,1
2015,9,Ferrari,1773,80,1863,1
2015,9,Honda,1579,83,1654,2
2015,9,Mercedes,2097,80,2124,0
2015,9,Renault,1824,80,1654,2
2015,10,Ferrari,1765,80,1736,2
2015,10,Honda,1626,82,1829,1
2015,10,Mercedes,2039,80,1623,3
2015,10,Renault,1867,80,2042,0
2015,11,Ferrari,1761,80,1746,2
2015,11,Honda,1612,81,1566,3
2015,11,Mercedes,2052,80,2090,0
2015,11,Renault,1874,80,1895,1
2015,12,Ferrari,1783,80,1870,1
2015,12,Honda,1599,81,1556,3
2015,12,Mercedes,2063,80,2100,0
2015,12,Renault,1851,80,1772,2
2015,13,Ferrari,1776,80,1749,2
2015,13,Honda,1588,81,1549,3
2015,13,Mercedes,2038,80,1949,1
2015,13,Renault,1890,80,2042,0
2015,14,Ferrari,1742,80,1600,3
2015,14,Honda,1628,80,1798,1
2015,14,Mercedes,2051,80,2094,0
2015,14,Renault,1869,80,1798,1
2015,15,Ferrari,1768,80,1862,1
2015,15,Honda,1613,80,1563,3
2015,15,Mercedes,2061,80,2097,0
2015,15,Renault,1847,80,1768,2
2015,16,Ferrari,1734,80,1601,3
2015,16,Honda,1671,80,2008,0
2015,16,Mercedes,2015,80,1800,2
2015,16,Renault,1856,80,1887,1
2015,17,Ferrari,1706,80,1604,3
2015,17,Honda,1683,80,1721,2
2015,17,Mercedes,2028,80,2070,0
2015,17,Renault,1862,80,1883,1
2015,18,Ferrari,1711,80,1728,2
2015,18,Honda,1661,80,1588,3
2015,18,Mercedes,2039,80,2079,0
2015,18,Renault,1867,80,1886,1
2015,19,Ferrari,1714,80,1726,2
2015,19,Honda,1642,80,1577,3
2015,19,Mercedes,2050,80,2088,0
2015,19,Renault,1871,80,1889,1
2016,1,Ferrari,1717,80,1725,2
2016,1,Honda,1626,80,1566,3
2016,1,Mercedes,2059,80,2095,0
2016,1,Renault,1876,80,1891,1
2016,2,Ferrari,1740,80,1836,1
2016,2,Honda,1611,80,1557,3
2016,2,Mercedes,2019,80,1836,1
2016,2,Renault,1907,80,2046,0
2016,3,Ferrari,1711,80,1593,3
2016,3,Honda,1630,80,1702,2
2016,3,Mercedes,2033,80,2082,0
2016,3,Renault,1907,80,1906,1
2016,4,Ferrari,1685,80,1585,3
2016,4,Honda,1670,80,1842,1
2016,4,Mercedes,2046,80,2090,0
2016,4,Renault,1881,80,1775,2
2016,5,Ferrari,1692,80,1718,2
2016,5,Honda,1706,80,1844,1
2016,5,Mercedes,1989,80,1636,3
2016,5,Renault,1913,80,2043,0
2016,6,Ferrari,1672,80,1596,3
2016,6,Honda,1738,80,1858,1
2016,6,Mercedes,2007,80,2064,0
2016,6,Renault,1886,80,1784,2
2016,7,Ferrari,1655,80,1591,3
2016,7,Honda,1740,80,1744,2
2016,7,Mercedes,2022,80,2071,0
2016,7,Renault,1888,80,1898,1
2016,8,Ferrari,1669,80,1721,2
2016,8,Honda,1766,80,1865,1
2016,8,Mercedes,2035,80,2081,0
2016,8,Renault,1844,80,1636,3
2016,9,Ferrari,1681,80,1727,2
2016,9,Honda,1810,80,2015,0
2016,9,Mercedes,1979,80,1655,3
2016,9,Renault,1854,80,1887,1
2016,10,Ferrari,1666,80,1607,3
2016,10,Honda,1801,80,1771,2
2016,10,Mercedes,1998,80,2054,0
2016,10,Renault,1862,80,1891,1
2016,11,Ferrari,1651,80,1597,3
2016,11,Honda,1818,80,1881,1
2016,11,Mercedes,2013,80,2066,0
2016,11,Renault,1845,80,1782,2
2016,12,Ferrari,1639,80,1589,3
2016,12,Honda,1833,80,1886,1
2016,12,Mercedes,2027,80,2075,0
2016,12,Renault,1830,80,1777,2
2016,13,Ferrari,1627,80,1581,3
2016,13,Honda,1845,80,1891,1
2016,13,Mercedes,2039,80,2084,0
2016,13,Renault,1818,80,1773,2
2016,14,Ferrari,1659,80,1799,1
2016,14,Honda,1835,80,1799,1
2016,14,Mercedes,2050,80,2092,0
2016,14,Renault,1783,80,1627,3
2016,15,Ferrari,1644,80,1588,3
2016,15,Honda,1848,80,1896,0
2016,15,Mercedes,2020,80,1896,0
2016,15,Renault,1807,80,1896,0
2016,16,Ferrari,1631,80,1583,3
2016,16,Honda,1857,80,1892,1
2016,16,Mercedes,2033,80,2078,0
2016,16,Renault,1798,80,1765,2
2016,17,Ferrari,1649,80,1719,2
2016,17,Honda,1817,80,1633,3
2016,17,Mercedes,2044,80,2087,0
2016,17,Renault,1815,80,1881,1
2016,18,Ferrari,1636,80,1585,3
2016,18,Honda,1859,80,2029,0
2016,18,Mercedes,2023,80,1942,1
2016,18,Renault,1805,80,1766,2
2016,19,Ferrari,1624,80,1578,3
2016,19,Honda,1840,80,1778,2
2016,19,Mercedes,2036,80,2082,0
2016,19,Renault,1821,80,1884,1
2016,20,Ferrari,1613,80,1571,3
2016,20,Honda,1825,80,1773,2
2016,20,Mercedes,2047,80,2089,0
2016,20,Renault,1835,80,1888,1
2016,21,Ferrari,1633,80,1713,2
2016,21,Honda,1839,80,1890,1
2016,21,Mercedes,2057,80,2097,0
2016,21,Renault,1797,80,1625,3
2017,1,Ferrari,1651,80,1718,2
2017,1,Honda,1799,80,1629,3
2017,1,Mercedes,2067,80,2102,0
2017,1,Renault,1815,80,1880,1
2017,2,Ferrari,1665,80,1722,2
2017,2,Honda,1763,80,1623,3
2017,2,Mercedes,2043,80,1949,1
2017,2,Renault,1856,80,2034,0
2017,3,Ferrari,1701,80,1853,1
2017,3,Honda,1732,80,1618,3
2017,3,Mercedes,2053,80,2092,0
2017,3,Renault,1838,80,1774,2
2017,4,Ferrari,1708,80,1734,2
2017,4,Honda,1706,80,1611,3
2017,4,Mercedes,2062,80,2096,0
2017,4,Renault,1848,80,1885,1
2017,5,Ferrari,1713,80,1734,2
2017,5,Honda,1683,80,1601,3
2017,5,Mercedes,2039,80,1945,1
2017,5,Renault,1885,80,2038,0
2017,6,Ferrari,1718,80,1736,2
2017,6,Honda,1664,80,1593,3
2017,6,Mercedes,2019,80,1942,1
2017,6,Renault,1918,80,2045,0
2017,7,Ferrari,1747,80,1865,1
2017,7,Honda,1648,80,1585,3
2017,7,Mercedes,2033,80,2084,0
2017,7,Renault,1890,80,1787,2
2017,8,Ferrari,1771,80,1869,1
2017,8,Honda,1633,80,1579,3
2017,8,Mercedes,2045,80,2089,0
2017,8,Renault,1866,80,1781,2
2017,9,Ferrari,1793,80,1874,1
2017,9,Honda,1621,80,1572,3
2017,9,Mercedes,2055,80,2094,0
2017,9,Renault,1846,80,1775,2
2017,10,Ferrari,1785,80,1756,2
2017,10,Honda,1610,80,1566,3
2017,10,Mercedes,2064,80,2101,0
2017,10,Renault,1856,80,1892,1
2017,11,Ferrari,1751,80,1609,3
2017,11,Honda,1663,80,2015,0
2017,11,Mercedes,2021,80,1808,2
2017,11,Renault,1865,80,1896,1
2017,12,Ferrari,1750,80,1745,2
2017,12,Honda,1645,80,1587,3
2017,12,Mercedes,2034,80,2077,0
2017,12,Renault,1870,80,1891,1
2017,13,Ferrari,1748,80,1743,2
2017,13,Honda,1629,80,1576,3
2017,13,Mercedes,2045,80,2086,0
2017,13,Renault,1875,80,1894,1
2017,14,Ferrari,1719,80,1601,3
2017,14,Honda,1647,80,1710,2
2017,14,Mercedes,2024,80,1942,1
2017,14,Renault,1907,80,2043,0
2017,15,Ferrari,1694,80,1594,3
2017,15,Honda,1686,80,1848,1
2017,15,Mercedes,2037,80,2084,0
2017,15,Renault,1881,80,1780,2
2017,16,Ferrari,1701,80,1726,2
2017,16,Honda,1664,80,1588,3
2017,16,Mercedes,2048,80,2088,0
2017,16,Renault,1884,80,1896,1
2017,17,Ferrari,1706,80,1725,2
2017,17,Honda,1645,80,1578,3
2017,17,Mercedes,2058,80,2096,0
2017,17,Renault,1887,80,1898,1
2017,18,Ferrari,1735,80,1855,1
2017,18,Honda,1655,80,1688,2
2017,18,Mercedes,2067,80,2104,0
2017,18,Renault,1850,80,1688,2
2017,19,Ferrari,1708,80,1601,3
2017,19,Honda,1691,80,1844,1
2017,19,Mercedes,2076,80,2107,0
2017,19,Renault,1832,80,1764,2
2017,20,Ferrari,1684,80,1595,3
2017,20,Honda,1698,80,1723,2
2017,20,Mercedes,2083,80,2111,0
2017,20,Renault,1842,80,1879,1
2018,1,Ferrari,1692,80,1719,2
2018,1,Honda,1675,80,1589,3
2018,1,Mercedes,2057,80,1950,1
2018,1,Renault,1880,80,2041,0
2018,2,Ferrari,1723,80,1852,1
2018,2,Honda,1729,80,2015,0
2018,2,Mercedes,2012,80,1800,2
2018,2,Renault,1832,80,1626,3
2018,3,Ferrari,1727,80,1740,2
2018,3,Honda,1702,80,1613,3
2018,3,Mercedes,1992,80,1923,1
2018,3,Renault,1873,80,2016,0
2018,4,Ferrari,1754,80,1857,1
2018,4,Honda,1679,80,1604,3
2018,4,Mercedes,2007,80,2059,0
2018,4,Renault,1850,80,1775,2
2018,5,Ferrari,1776,80,1861,1
2018,5,Honda,1661,80,1595,3
2018,5,Mercedes,1967,80,1797,2
2018,5,Renault,1886,80,2021,0
2018,6,Ferrari,1745,80,1623,3
2018,6,Honda,1715,80,1991,0
2018,6,Mercedes,1931,80,1796,2
2018,6,Renault,1888,80,1895,1
2018,7,Ferrari,1790,80,1988,0
2018,7,Honda,1690,80,1614,3
2018,7,Mercedes,1900,80,1788,2
2018,7,Renault,1889,80,1889,1
2018,8,Ferrari,1832,80,1991,0
2018,8,Honda,1671,80,1607,3
2018,8,Mercedes,1875,80,1783,2
2018,8,Renault,1888,80,1887,1
2018,9,Ferrari,1868,80,1998,0
2018,9,Honda,1685,80,1733,2
2018,9,Mercedes,1833,80,1648,3
2018,9,Renault,1888,80,1888,1
2018,10,Ferrari,1847,80,1779,2
2018,10,Honda,1668,80,1608,3
2018,10,Mercedes,1843,80,1876,1
2018,10,Renault,1912,80,2010,0
2018,11,Ferrari,1880,80,2003,0
2018,11,Honda,1653,80,1598,3
2018,11,Mercedes,1828,80,1773,2
2018,11,Renault,1909,80,1894,1
2018,12,Ferrari,1858,80,1780,2
2018,12,Honda,1705,80,1978,0
2018,12,Mercedes,1791,80,1636,3
2018,12,Renault,1906,80,1895,1
2018,13,Ferrari,1888,80,1999,0
2018,13,Honda,1713,80,1739,2
2018,13,Mercedes,1807,80,1862,1
2018,13,Renault,1863,80,1654,3
2018,14,Ferrari,1865,80,1782,2
2018,14,Honda,1692,80,1619,3
2018,14,Mercedes,1843,80,1989,0
2018,14,Renault,1867,80,1879,1
2018,15,Ferrari,1868,80,1880,1
2018,15,Honda,1674,80,1611,3
2018,15,Mercedes,1827,80,1772,2
2018,15,Renault,1895,80,2002,0
2018,16,Ferrari,1896,80,2005,0
2018,16,Honda,1659,80,1601,3
2018,16,Mercedes,1837,80,1873,1
2018,16,Renault,1870,80,1782,2
2018,17,Ferrari,1895,80,1890,1
2018,17,Honda,1645,80,1593,3
2018,17,Mercedes,1870,80,2000,0
2018,17,Renault,1850,80,1777,2
2018,18,Ferrari,1851,80,1645,3
2018,18,Honda,1661,80,1724,2
2018,18,Mercedes,1873,80,1885,1
2018,18,Renault,1882,80,2004,0
2018,19,Ferrari,1857,80,1880,1
2018,19,Honda,1647,80,1595,3
2018,19,Mercedes,1853,80,1779,2
2018,19,Renault,1909,80,2010,0
2018,20,Ferrari,1889,80,2008,0
2018,20,Honda,1635,80,1587,3
2018,20,Mercedes,1860,80,1883,1
2018,20,Renault,1883,80,1786,2
2018,21,Ferrari,1916,80,2016,0
2018,21,Honda,1623,80,1580,3
2018,21,Mercedes,1842,80,1776,2
2018,21,Renault,1884,80,1891,1
2019,1,Ferrari,1939,80,2027,0
2019,1,Honda,1663,80,1844,1
2019,1,Mercedes,1828,80,1772,2
2019,1,Renault,1840,80,1640,3
2019,2,Ferrari,1931,80,1901,1
2019,2,Honda,1716,80,1979,0
2019,2,Mercedes,1815,80,1768,2
2019,2,Renault,1799,80,1639,3
2019,3,Ferrari,1923,80,1892,1
2019,3,Honda,1769,80,1975,0
2019,3,Mercedes,1804,80,1763,2
2019,3,Renault,1764,80,1637,3
2019,4,Ferrari,1895,80,1784,2
2019,4,Honda,1790,80,1855,1
2019,4,Mercedes,1838,80,1985,0
2019,4,Renault,1735,80,1632,3
2019,5,Ferrari,1892,80,1882,1
2019,5,Honda,1830,80,1981,0
2019,5,Mercedes,1801,80,1648,3
2019,5,Renault,1738,80,1747,2
2019,6,Ferrari,1850,80,1658,3
2019,6,Honda,1864,80,1989,0
2019,6,Mercedes,1792,80,1762,2
2019,6,Renault,1762,80,1850,1
2019,7,Ferrari,1811,80,1656,3
2019,7,Honda,1892,80,1995,0
2019,7,Mercedes,1786,80,1763,2
2019,7,Renault,1782,80,1856,1
2019,8,Ferrari,1815,80,1829,1
2019,8,Honda,1878,80,1829,1
2019,8,Mercedes,1757,80,1643,3
2019,8,Renault,1820,80,1979,0
2019,9,Ferrari,1816,80,1818,1
2019,9,Honda,1903,80,1999,0
2019,9,Mercedes,1732,80,1636,3
2019,9,Renault,1819,80,1818,1
2019,10,Ferrari,1783,80,1646,3
2019,10,Honda,1907,80,1919,0
2019,10,Mercedes,1736,80,1749,2
2019,10,Renault,1841,80,1919,0
2019,11,Ferrari,1799,80,1860,1
2019,11,Honda,1928,80,2010,0
2019,11,Mercedes,1739,80,1748,2
2019,11,Renault,1803,80,1649,3
2019,12,Ferrari,1813,80,1864,1
2019,12,Honda,1947,80,2018,0
2019,12,Mercedes,1716,80,1626,3
2019,12,Renault,1794,80,1762,2
2019,13,Ferrari,1779,80,1639,3
2019,13,Honda,1963,80,2028,0
2019,13,Mercedes,1743,80,1849,1
2019,13,Renault,1786,80,1759,2
2019,14,Ferrari,1748,80,1632,3
2019,14,Honda,1930,80,1789,2
2019,14,Mercedes,1766,80,1852,1
2019,14,Renault,1825,80,1990,0
2019,15,Ferrari,1771,80,1854,1
2019,15,Honda,1949,80,2019,0
2019,15,Mercedes,1738,80,1632,3
2019,15,Renault,1812,80,1767,2
2019,16,Ferrari,1742,80,1631,3
2019,16,Honda,1930,80,1860,0
2019,16,Mercedes,1764,80,1860,0
2019,16,Renault,1822,80,1860,0
2019,17,Ferrari,1743,80,1746,2
2019,17,Honda,1949,80,2018,0
2019,17,Mercedes,1784,80,1855,1
2019,17,Renault,1787,80,1642,3
2019,18,Ferrari,1744,80,1746,2
2019,18,Honda,1965,80,2026,0
2019,18,Mercedes,1800,80,1859,1
2019,18,Renault,1755,80,1634,3
2019,19,Ferrari,1719,80,1621,3
2019,19,Honda,1952,80,1901,1
2019,19,Mercedes,1790,80,1757,2
2019,19,Renault,1800,80,1985,0
2019,20,Ferrari,1697,80,1615,3
2019,20,Honda,1968,80,2028,0
2019,20,Mercedes,1783,80,1756,2
2019,20,Renault,1815,80,1863,1
2019,21,Ferrari,1678,80,1605,3
2019,21,Honda,1982,80,2038,0
2019,21,Mercedes,1799,80,1861,1
2019,21,Renault,1802,80,1760,2
2020,1,Ferrari,1688,80,1726,2
2020,1,Honda,1932,80,1651,3
2020,1,Mercedes,1813,80,1865,1
2020,1,Renault,1841,80,1999,0
2020,2,Ferrari,1671,80,1607,3
2020,2,Honda,1932,80,1933,0
2020,2,Mercedes,1803,80,1765,2
2020,2,Renault,1862,80,1933,0
2020,3,Ferrari,1656,80,1597,3
2020,3,Honda,1953,80,2026,0
2020,3,Mercedes,1816,80,1869,1
2020,3,Renault,1842,80,1774,2
2020,4,Ferrari,1642,80,1589,3
2020,4,Honda,1950,80,1941,0
2020,4,Mercedes,1805,80,1764,2
2020,4,Renault,1864,80,1941,0
2020,5,Ferrari,1629,80,1580,3
2020,5,Honda,1968,80,2036,0
2020,5,Mercedes,1796,80,1760,2
2020,5,Renault,1868,80,1885,1
2020,6,Ferrari,1618,80,1572,3
2020,6,Honda,1984,80,2046,0
2020,6,Mercedes,1811,80,1871,1
2020,6,Renault,1848,80,1773,2
2020,7,Ferrari,1607,80,1564,3
2020,7,Honda,1978,80,1953,0
2020,7,Mercedes,1800,80,1759,2
2020,7,Renault,1870,80,1953,0
2020,8,Ferrari,1597,80,1557,3
2020,8,Honda,1943,80,1793,2
2020,8,Mercedes,1815,80,1873,1
2020,8,Renault,1901,80,2023,0
2020,9,Ferrari,1588,80,1553,3
2020,9,Honda,1946,80,1955,0
2020,9,Mercedes,1804,80,1763,2
2020,9,Renault,1912,80,1955,0
2020,10,Ferrari,1610,80,1702,2
2020,10,Honda,1966,80,2043,0
2020,10,Mercedes,1819,80,1877,1
2020,10,Renault,1864,80,1628,3
2020,11,Ferrari,1600,80,1561,3
2020,11,Honda,1963,80,1952,0
2020,11,Mercedes,1808,80,1763,2
2020,11,Renault,1885,80,1952,0
2020,12,Ferrari,1590,80,1554,3
2020,12,Honda,1980,80,2047,0
2020,12,Mercedes,1797,80,1759,2
2020,12,Renault,1887,80,1895,1
2020,13,Ferrari,1612,80,1701,2
2020,13,Honda,1929,80,1634,3
2020,13,Mercedes,1813,80,1875,1
2020,13,Renault,1916,80,2031,0
2020,14,Ferrari,1602,80,1564,3
2020,14,Honda,1897,80,1790,2
2020,14,Mercedes,1849,80,2010,0
2020,14,Renault,1914,80,1904,1
2020,15,Ferrari,1593,80,1559,3
2020,15,Honda,1926,80,2025,0
2020,15,Mercedes,1833,80,1774,2
2020,15,Renault,1911,80,1902,1
2020,16,Ferrari,1585,80,1552,3
2020,16,Honda,1922,80,1907,1
2020,16,Mercedes,1820,80,1770,2
2020,16,Renault,1936,80,2032,0
2020,17,Ferrari,1576,80,1545,3
2020,17,Honda,1947,80,2038,0
2020,17,Mercedes,1808,80,1765,2
2020,17,Renault,1930,80,1911,1
2021,1,Ferrari,1601,80,1700,2
2021,1,Honda,1968,80,2048,0
2021,1,Mercedes,1824,80,1882,1
2021,1,Renault,1882,80,1629,3
2021,2,Ferrari,1591,80,1556,3
2021,2,Honda,1986,80,2052,0
2021,2,Mercedes,1836,80,1884,1
2021,2,Renault,1859,80,1781,2
2021,3,Ferrari,1583,80,1550,3
2021,3,Honda,2002,80,2060,0
2021,3,Mercedes,1822,80,1769,2
2021,3,Renault,1867,80,1893,1
2021,4,Ferrari,1574,80,1543,3
2021,4,Honda,2016,80,2070,0
2021,4,Mercedes,1835,80,1885,1
2021,4,Renault,1847,80,1775,2
2021,5,Ferrari,1567,80,1536,3
2021,5,Honda,2029,80,2077,0
2021,5,Mercedes,1847,80,1889,1
2021,5,Renault,1830,80,1770,2
2021,6,Ferrari,1559,80,1530,3
2021,6,Honda,2040,80,2085,0
2021,6,Mercedes,1831,80,1768,2
2021,6,Renault,1843,80,1888,1
2021,7,Ferrari,1552,80,1524,3
2021,7,Honda,2051,80,2093,0
2021,7,Mercedes,1843,80,1889,1
2021,7,Renault,1827,80,1767,2
2021,8,Ferrari,1545,80,1519,3
2021,8,Honda,2061,80,2100,0
2021,8,Mercedes,1853,80,1893,1
2021,8,Renault,1813,80,1762,2
2021,9,Ferrari,1539,80,1513,3
2021,9,Honda,2070,80,2107,0
2021,9,Mercedes,1862,80,1896,1
2021,9,Renault,1801,80,1757,2
2021,10,Ferrari,1565,80,1678,2
2021,10,Honda,2016,80,1620,3
2021,10,Mercedes,1897,80,2051,0
2021,10,Renault,1818,80,1884,1
2021,11,Ferrari,1592,80,1699,2
2021,11,Honda,1998,80,1943,1
2021,11,Mercedes,1849,80,1624,3
2021,11,Renault,1857,80,2034,0
2021,12,Ferrari,1583,80,1552,3
2021,12,Honda,1991,80,1966,0
2021,12,Mercedes,1876,80,1966,0
2021,12,Renault,1840,80,1779,2
2021,13,Ferrari,1575,80,1546,3
2021,13,Honda,2008,80,2067,0
2021,13,Mercedes,1855,80,1783,2
2021,13,Renault,1852,80,1894,1
2021,14,Ferrari,1601,80,1703,2
2021,14,Honda,1952,80,1640,3
2021,14,Mercedes,1892,80,2034,0
2021,14,Renault,1862,80,1897,1
2021,15,Ferrari,1592,80,1561,3
2021,15,Honda,1917,80,1805,2
2021,15,Mercedes,1895,80,1908,1
2021,15,Renault,1894,80,2029,0
2021,16,Ferrari,1585,80,1556,3
2021,16,Honda,1946,80,2040,0
2021,16,Mercedes,1898,80,1908,1
2021,16,Renault,1873,80,1793,2
2021,17,Ferrari,1610,80,1714,2
2021,17,Honda,1970,80,2051,0
2021,17,Mercedes,1901,80,1911,1
2021,17,Renault,1829,80,1634,3
2021,18,Ferrari,1601,80,1566,3
2021,18,Honda,1990,80,2058,0
2021,18,Mercedes,1903,80,1909,1
2021,18,Renault,1816,80,1776,2
2021,19,Ferrari,1592,80,1558,3
2021,19,Honda,2007,80,2069,0
2021,19,Mercedes,1880,80,1791,2
2021,19,Renault,1833,80,1891,1
2021,20,Ferrari,1584,80,1552,3
2021,20,Honda,1992,80,1939,1
2021,20,Mercedes,1861,80,1787,2
2021,20,Renault,1872,80,2032,0
2021,21,Ferrari,1576,80,1548,3
2021,21,Honda,1988,80,1972,0
2021,21,Mercedes,1845,80,1784,2
2021,21,Renault,1894,80,1972,0
2021,22,Ferrari,1569,80,1542,3
2021,22,Honda,2005,80,2069,0
2021,22,Mercedes,1831,80,1779,2
2021,22,Renault,1898,80,1912,1
2022,1,Ferrari,1619,80,1909,0
2022,1,Mercedes,1799,80,1659,2
2022,1,RBPT,1378,171,1355,3
2022,1,Renault,1883,80,1827,1
2022,2,Ferrari,1620,80,1624,2
2022,2,Mercedes,1749,80,1494,3
2022,2,RBPT,1612,130,1915,0
2022,2,Renault,1872,80,1832,1
2022,3,Ferrari,1625,80,1641,2
2022,3,Mercedes,1706,80,1537,3
2022,3,RBPT,1770,111,1905,0
2022,3,Renault,1860,80,1817,1
2022,4,Ferrari,1633,80,1662,2
2022,4,Mercedes,1726,80,1789,1
2022,4,RBPT,1830,100,1935,0
2022,4,Renault,1814,80,1579,3
2022,5,Ferrari,1655,80,1743,1
2022,5,Mercedes,1692,80,1569,3
2022,5,RBPT,1865,94,1950,0
2022,5,Renault,1798,80,1743,1
2022,6,Ferrari,1660,80,1678,2
2022,6,Mercedes,1664,80,1561,3
2022,6,RBPT,1889,89,1961,0
2022,6,Renault,1802,80,1816,1
2022,7,Ferrari,1638,80,1549,3
2022,7,Mercedes,1667,80,1678,2
2022,7,RBPT,1908,86,1972,0
2022,7,Renault,1806,80,1819,1
2022,8,Ferrari,1617,80,1539,3
2022,8,Mercedes,1669,80,1677,2
2022,8,RBPT,1925,84,1983,0
2022,8,Renault,1809,80,1821,1
2022,9,Ferrari,1627,80,1663,2
2022,9,Mercedes,1644,80,1544,3
2022,9,RBPT,1909,83,1852,1
2022,9,Renault,1838,80,1959,0
2022,10,Ferrari,1607,80,1530,3
2022,10,Mercedes,1673,80,1787,1
2022,10,RBPT,1873,82,1726,2
2022,10,Renault,1864,80,1967,0
2022,11,Ferrari,1641,80,1783,1
2022,11,Mercedes,1646,80,1545,3
2022,11,RBPT,1841,81,1722,2
2022,11,Renault,1887,80,1971,0
2022,12,Ferrari,1619,80,1538,3
2022,12,Mercedes,1651,80,1671,2
2022,12,RBPT,1839,81,1831,1
2022,12,Renault,1905,80,1975,0
2022,13,Ferrari,1599,80,1528,3
2022,13,Mercedes,1656,80,1670,2
2022,13,RBPT,1866,81,1966,0
2022,13,Renault,1893,80,1849,1
2022,14,Ferrari,1582,80,1518,3
2022,14,Mercedes,1659,80,1670,2
2022,14,RBPT,1874,80,1901,0
2022,14,Renault,1895,80,1901,0
2022,15,Ferrari,1567,80,1509,3
2022,15,Mercedes,1661,80,1669,2
2022,15,RBPT,1880,80,1905,0
2022,15,Renault,1897,80,1905,0
2022,16,Ferrari,1606,80,1777,1
2022,16,Mercedes,1662,80,1668,2
2022,16,RBPT,1901,80,1984,0
2022,16,Renault,1848,80,1568,3
2022,17,Ferrari,1643,80,1782,1
2022,17,Mercedes,1665,80,1673,2
2022,17,RBPT,1919,80,1985,0
2022,17,Renault,1796,80,1575,3
2022,18,Ferrari,1620,80,1541,3
2022,18,Mercedes,1667,80,1676,2
2022,18,RBPT,1904,80,1849,1
2022,18,Renault,1832,80,1952,0
2022,19,Ferrari,1600,80,1532,3
2022,19,Mercedes,1669,80,1677,2
2022,19,RBPT,1921,80,1984,0
2022,19,Renault,1832,80,1831,1
2022,20,Ferrari,1583,80,1521,3
2022,20,Mercedes,1670,80,1675,2
2022,20,RBPT,1936,80,1994,0
2022,20,Renault,1832,80,1832,1
2022,21,Ferrari,1621,80,1780,1
2022,21,Mercedes,1645,80,1536,3
2022,21,RBPT,1898,80,1731,2
2022,21,Renault,1861,80,1972,0
2022,22,Ferrari,1600,80,1529,3
2022,22,Mercedes,1650,80,1670,2
2022,22,RBPT,1917,80,1986,0
2022,22,Renault,1857,80,1841,1
2023,1,Ferrari,1638,80,1784,1
2023,1,Mercedes,1654,80,1669,2
2023,1,RBPT,1934,80,1996,0
2023,1,Renault,1808,80,1572,3
2023,2,Ferrari,1615,80,1538,3
2023,2,Mercedes,1658,80,1673,2
2023,2,RBPT,1948,80,1998,0
2023,2,Renault,1812,80,1826,1
2023,3,Ferrari,1626,80,1661,2
2023,3,Mercedes,1684,80,1792,1
2023,3,RBPT,1960,80,2007,0
2023,3,Renault,1766,80,1571,3
2023,4,Ferrari,1634,80,1665,2
2023,4,Mercedes,1706,80,1795,1
2023,4,RBPT,1971,80,2011,0
2023,4,Renault,1724,80,1567,3
2023,5,Ferrari,1641,80,1666,2
2023,5,Mercedes,1676,80,1556,3
2023,5,RBPT,1980,80,2015,0
2023,5,Renault,1742,80,1801,1
2023,6,Ferrari,1620,80,1538,3
2023,6,Mercedes,1676,80,1675,2
2023,6,RBPT,1958,80,1867,1
2023,6,Renault,1785,80,1953,0
2023,7,Ferrari,1601,80,1531,3
2023,7,Mercedes,1676,80,1678,2
2023,7,RBPT,1969,80,2011,0
2023,7,Renault,1794,80,1820,1
2023,8,Ferrari,1585,80,1521,3
2023,8,Mercedes,1722,80,1946,0
2023,8,RBPT,1948,80,1869,1
2023,8,Renault,1774,80,1704,2
2023,9,Ferrari,1571,80,1517,3
2023,9,Mercedes,1766,80,1946,0
2023,9,RBPT,1930,80,1861,1
2023,9,Renault,1758,80,1701,2
2023,10,Ferrari,1588,80,1654,2
2023,10,Mercedes,1806,80,1952,0
2023,10,RBPT,1915,80,1857,1
2023,10,Renault,1720,80,1563,3
2023,11,Ferrari,1603,80,1660,2
2023,11,Mercedes,1839,80,1959,0
2023,11,RBPT,1902,80,1853,1
2023,11,Renault,1687,80,1558,3
2023,12,Ferrari,1587,80,1526,3
2023,12,Mercedes,1838,80,1835,1
2023,12,RBPT,1919,80,1985,0
2023,12,Renault,1686,80,1684,2
2023,13,Ferrari,1572,80,1517,3
2023,13,Mercedes,1838,80,1837,1
2023,13,RBPT,1884,80,1732,2
2023,13,Renault,1732,80,1942,0
2023,14,Ferrari,1590,80,1658,2
2023,14,Mercedes,1838,80,1836,1
2023,14,RBPT,1904,80,1978,0
2023,14,Renault,1695,80,1560,3
2023,15,Ferrari,1604,80,1659,2
2023,15,Mercedes,1793,80,1577,3
2023,15,RBPT,1893,80,1851,1
2023,15,Renault,1744,80,1939,0
2023,16,Ferrari,1590,80,1533,3
2023,16,Mercedes,1800,80,1822,1
2023,16,RBPT,1910,80,1976,0
2023,16,Renault,1733,80,1702,2
2023,17,Ferrari,1576,80,1524,3
2023,17,Mercedes,1832,80,1956,0
2023,17,RBPT,1876,80,1733,2
2023,17,Renault,1751,80,1810,1
2023,18,Ferrari,1564,80,1519,3
2023,18,Mercedes,1833,80,1835,1
2023,18,RBPT,1897,80,1975,0
2023,18,Renault,1741,80,1705,2
2023,19,Ferrari,1576,80,1621,2
2023,19,Mercedes,1834,80,1837,1
2023,19,RBPT,1916,80,1985,0
2023,19,Renault,1715,80,1621,2
2023,20,Ferrari,1563,80,1515,3
2023,20,Mercedes,1835,80,1838,1
2023,20,RBPT,1933,80,1995,0
2023,20,Renault,1711,80,1693,2
2023,21,Ferrari,1552,80,1506,3
2023,21,Mercedes,1812,80,1720,2
2023,21,RBPT,1919,80,1865,1
2023,21,Renault,1754,80,1951,0
2023,22,Ferrari,1572,80,1652,2
2023,22,Mercedes,1816,80,1834,1
2023,22,RBPT,1935,80,1995,0
2023,22,Renault,1714,80,1561,3
2024,1,Ferrari,1610,80,1783,1
2024,1,Mercedes,1796,80,1714,2
2024,1,RBPT,1949,80,2002,0
2024,1,Renault,1679,80,1552,3
2024,2,Ferrari,1622,80,1661,2
2024,2,Mercedes,1828,80,1962,0
2024,2,RBPT,1931,80,1862,1
2024,2,Renault,1650,80,1546,3
2024,3,Ferrari,1654,80,1786,1
2024,3,Mercedes,1804,80,1713,2
2024,3,RBPT,1945,80,1999,0
2024,3,Renault,1626,80,1537,3
2024,4,Ferrari,1658,80,1671,2
2024,4,Mercedes,1808,80,1824,1
2024,4,RBPT,1957,80,2004,0
2024,4,Renault,1605,80,1531,3
2024,5,Ferrari,1685,80,1791,1
2024,5,Mercedes,1840,80,1968,0
2024,5,RBPT,1917,80,1732,2
2024,5,Renault,1588,80,1521,3
2024,6,Ferrari,1684,80,1681,2
2024,6,Mercedes,1839,80,1837,1
2024,6,RBPT,1934,80,1994,0
2024,6,Renault,1573,80,1517,3
2024,7,Ferrari,1683,80,1679,2
2024,7,Mercedes,1839,80,1839,1
2024,7,RBPT,1949,80,2004,0
2024,7,Renault,1560,80,1508,3
2024,8,Ferrari,1654,80,1536,3
2024,8,Mercedes,1867,80,1981,0
2024,8,RBPT,1932,80,1870,1
2024,8,Renault,1577,80,1645,2
2024,9,Ferrari,1629,80,1529,3
2024,9,Mercedes,1863,80,1849,1
2024,9,RBPT,1948,80,2008,0
2024,9,Renault,1592,80,1649,2
2024,10,Ferrari,1606,80,1520,3
2024,10,Mercedes,1860,80,1848,1
2024,10,RBPT,1963,80,2016,0
2024,10,Renault,1604,80,1650,2
2024,11,Ferrari,1616,80,1651,2
2024,11,Mercedes,1858,80,1848,1
2024,11,RBPT,1976,80,2024,0
2024,11,Renault,1585,80,1510,3
2024,12,Ferrari,1623,80,1652,2
2024,12,Mercedes,1885,80,1996,0
2024,12,RBPT,1956,80,1881,1
2024,12,Renault,1567,80,1501,3
2024,13,Ferrari,1630,80,1654,2
2024,13,Mercedes,1895,80,1934,0
2024,13,RBPT,1951,80,1934,0
2024,13,Renault,1552,80,1493,3
2024,14,Ferrari,1606,80,1509,3
2024,14,Mercedes,1918,80,2008,0
2024,14,RBPT,1936,80,1879,1
2024,14,Renault,1569,80,1633,2
2024,15,Ferrari,1584,80,1501,3
2024,15,Mercedes,1908,80,1871,1
2024,15,RBPT,1954,80,2021,0
2024,15,Renault,1583,80,1636,2
2024,16,Ferrari,1622,80,1786,1
2024,16,Mercedes,1930,80,2015,0
2024,16,RBPT,1914,80,1731,2
2024,16,Renault,1564,80,1492,3
2024,17,Ferrari,1658,80,1794,1
2024,17,Mercedes,1948,80,2016,0
2024,17,RBPT,1876,80,1727,2
2024,17,Renault,1549,80,1491,3
2024,18,Ferrari,1660,80,1667,2
2024,18,Mercedes,1962,80,2019,0
2024,18,RBPT,1871,80,1855,1
2024,18,Renault,1536,80,1489,3
2024,19,Ferrari,1661,80,1666,2
2024,19,Mercedes,1945,80,1880,1
2024,19,RBPT,1898,80,2000,0
2024,19,Renault,1525,80,1480,3
2024,20,Ferrari,1690,80,1805,1
2024,20,Mercedes,1962,80,2023,0
2024,20,RBPT,1844,80,1557,3
2024,20,Renault,1546,80,1628,2
2024,21,Ferrari,1688,80,1680,2
2024,21,Mercedes,1908,80,1574,3
2024,21,RBPT,1844,80,1846,1
2024,21,Renault,1600,80,1946,0
2024,22,Ferrari,1706,80,1773,1
2024,22,Mercedes,1876,80,1773,1
2024,22,RBPT,1872,80,1972,0
2024,22,Renault,1582,80,1526,3
2024,23,Ferrari,1727,80,1807,1
2024,23,Mercedes,1822,80,1583,3
2024,23,RBPT,1841,80,1728,2
2024,23,Renault,1640,80,1930,0
2024,24,Ferrari,1721,80,1699,2
2024,24,Mercedes,1853,80,1949,0
2024,24,RBPT,1794,80,1594,3
2024,24,Renault,1677,80,1788,1
2025,1,Ferrari,1717,80,1701,2
2025,1,Mercedes,1877,80,1956,0
2025,1,RBPT,1800,80,1819,1
2025,1,Renault,1650,80,1568,3
2025,2,Ferrari,1713,80,1698,2
2025,2,Mercedes,1897,80,1968,0
2025,2,RBPT,1805,80,1822,1
2025,2,Renault,1628,80,1556,3
2025,3,Ferrari,1709,80,1695,2
2025,3,Mercedes,1886,80,1847,1
2025,3,RBPT,1836,80,1954,0
2025,3,Renault,1609,80,1544,3
2025,4,Ferrari,1681,80,1562,3
2025,4,Mercedes,1877,80,1847,1
2025,4,RBPT,1811,80,1722,2
2025,4,Renault,1663,80,1926,0
2025,5,Ferrari,1682,80,1687,2
2025,5,Mercedes,1869,80,1838,1
2025,5,RBPT,1840,80,1950,0
2025,5,Renault,1637,80,1556,3
2025,6,Ferrari,1683,80,1685,2
2025,6,Mercedes,1889,80,1968,0
2025,6,RBPT,1838,80,1831,1
2025,6,Renault,1616,80,1544,3
2025,7,Ferrari,1683,80,1683,2
2025,7,Mercedes,1880,80,1845,1
2025,7,RBPT,1864,80,1963,0
2025,7,Renault,1597,80,1533,3
2025,8,Ferrari,1706,80,1799,1
2025,8,Mercedes,1850,80,1726,2
2025,8,RBPT,1887,80,1973,0
2025,8,Renault,1581,80,1523,3
2025,9,Ferrari,1708,80,1717,1
2025,9,Mercedes,1875,80,1969,0
2025,9,RBPT,1836,80,1583,3
2025,9,Renault,1609,80,1717,1
2025,10,Ferrari,1727,80,1803,1
2025,10,Mercedes,1895,80,1971,0
2025,10,RBPT,1809,80,1720,2
2025,10,Renault,1593,80,1533,3
2025,11,Ferrari,1765,80,1938,0
2025,11,Mercedes,1885,80,1846,1
2025,11,RBPT,1787,80,1713,2
2025,11,Renault,1578,80,1525,3
2025,12,Ferrari,1779,80,1827,0
2025,12,Mercedes,1854,80,1728,2
2025,12,RBPT,1745,80,1573,3
2025,12,Renault,1622,80,1827,0
2025,13,Ferrari,1763,80,1705,2
2025,13,Mercedes,1848,80,1826,1
2025,13,RBPT,1784,80,1926,0
2025,13,Renault,1604,80,1540,3
2025,14,Ferrari,1750,80,1701,2
2025,14,Mercedes,1869,80,1952,0
2025,14,RBPT,1791,80,1812,1
2025,14,Renault,1588,80,1532,3
2025,15,Ferrari,1715,80,1565,3
2025,15,Mercedes,1862,80,1834,1
2025,15,RBPT,1823,80,1942,0
2025,15,Renault,1603,80,1659,2
2025,16,Ferrari,1726,80,1765,1
2025,16,Mercedes,1842,80,1765,1
2025,16,RBPT,1850,80,1950,0
2025,16,Renault,1587,80,1528,3
2025,17,Ferrari,1719,80,1693,2
2025,17,Mercedes,1839,80,1830,1
2025,17,RBPT,1874,80,1960,0
2025,17,Renault,1573,80,1521,3
2025,18,Ferrari,1712,80,1689,2
2025,18,Mercedes,1864,80,1961,0
2025,18,RBPT,1866,80,1840,1
2025,18,Renault,1560,80,1512,3
2025,19,Ferrari,1731,80,1804,1
2025,19,Mercedes,1835,80,1721,2
2025,19,RBPT,1888,80,1971,0
2025,19,Renault,1549,80,1503,3
2025,20,Ferrari,1770,80,1942,0
2025,20,Mercedes,1810,80,1716,2
2025,20,RBPT,1879,80,1846,1
2025,20,Renault,1538,80,1498,3
2025,21,Ferrari,1728,80,1559,3
2025,21,Mercedes,1814,80,1827,1
2025,21,RBPT,1898,80,1973,0
2025,21,Renault,1559,80,1645,2
2025,22,Ferrari,1746,80,1805,1
2025,22,Mercedes,1792,80,1710,2
2025,22,RBPT,1915,80,1980,0
2025,22,Renault,1548,80,1503,3
2025,23,Ferrari,1734,80,1695,2
2025,23,Mercedes,1824,80,1955,0
2025,23,RBPT,1902,80,1852,1
2025,23,Renault,1537,80,1497,3
2025,24,Ferrari,1751,80,1810,1
2025,24,Mercedes,1854,80,1963,0
2025,24,RBPT,1869,80,1728,2
2025,24,Renault,1527,80,1490,3
2026,1,Alpine,1389,171,1368,7
2026,1,Aston Martin,1072,171,987,10
2026,1,Audi,1457,171,1449,6
2026,1,Cadillac,1218,171,1163,9
2026,1,Ferrari,1855,171,1899,1
2026,1,Haas F1 Team,1585,171,1601,4
2026,1,McLaren,1729,171,1773,2
2026,1,Mercedes,2016,171,2082,0
2026,1,Racing Bulls,1521,171,1525,5
2026,1,Red Bull Racing,1652,171,1681,3
2026,1,Williams,1313,171,1278,8
2026,2,Alpine,1520,130,1667,3
2026,2,Aston Martin,1092,130,1110,9
2026,2,Audi,1413,130,1362,7
2026,2,Cadillac,1229,130,1242,8
2026,2,Ferrari,1887,130,1923,1
2026,2,Haas F1 Team,1672,130,1775,2
2026,2,McLaren,1427,130,1034,10
2026,2,Mercedes,2062,130,2112,0
2026,2,Racing Bulls,1557,130,1598,4
2026,2,Red Bull Racing,1598,130,1539,5
2026,2,Williams,1366,130,1422,6
