season,round,driver,rating_mu
1950,1,bira,1455.39
1950,1,cabantous,1622.79
1950,1,chiron,1391.37
1950,1,claes,1502.28
1950,1,crossley,1423.6
1950,1,etancelin,1563.31
1950,1,fagioli,1652.03
1950,1,fangio,1486.76
1950,1,farina,1666.54
1950,1,fry,1533.0
1950,1,gerard,1593.23
1950,1,graffenried,1407.54
1950,1,hampshire,1548.21
1950,1,harrison,1578.32
1950,1,kelly,1471.13
1950,1,leslie_johnson,1325.66
1950,1,martin,1375.1
1950,1,murray,1439.55
1950,1,peter_walker,1342.24
1950,1,reg_parnell,1637.45
1950,1,rolt,1358.72
1950,1,rosier,1608.06
1950,1,shawe_taylor,1517.69
1950,2,ascari,1649.55
1950,2,bira,1577.62
1950,2,chiron,1573.43
1950,2,claes,1573.07
1950,2,etancelin,1575.46
1950,2,fagioli,1579.1
1950,2,fangio,1657.42
1950,2,farina,1602.38
1950,2,gerard,1639.1
1950,2,gonzalez,1525.07
1950,2,graffenried,1395.33
1950,2,harrison,1457.41
1950,2,manzon,1464.53
1950,2,pian,1347.36
1950,2,rol,1398.13
1950,2,rosier,1539.43
1950,2,schell,1381.3
1950,2,sommer,1617.9
1950,2,trintignant,1430.74
1950,2,villoresi,1556.13
1950,2,whitehead,1364.38
1950,3,ader,1438.16
1950,3,agabashian,1333.94
1950,3,banks,1394.19
1950,3,bettenhausen,1367.59
1950,3,bettenhausen,1367.59
1950,3,cantrell,1349.18
1950,3,chitwood,1667.97
1950,3,darter,1577.1
1950,3,davies,1509.07
1950,3,dick_rathmann,1273.72
1950,3,dinsmore,1257.89
1950,3,faulkner,1642.47
1950,3,flaherty,1603.55
1950,3,fohr,1590.38
1950,3,george_connor,1629.59
1950,3,green,1687.66
1950,3,hanks,1303.14
1950,3,hartley,1522.9
1950,3,hellings,1563.72
1950,3,holland,1712.9
1950,3,holmes,1423.62
1950,3,hoyt,1452.57
1950,3,jackson,1318.59
1950,3,levrett,1364.3
1950,3,mcdowell,1495.12
1950,3,mcgrath,1550.22
1950,3,parsons,1725.44
1950,3,paul_russo,1616.62
1950,3,rathmann,1408.96
1950,3,rose,1700.31
1950,3,ruttman,1536.62
1950,3,schindler,1379.3
1950,3,wallard,1655.26
1950,3,walt_brown,1481.06
1950,3,webb,1466.87
1950,4,ascari,1482.17
1950,4,bira,1656.41
1950,4,bonetto,1593.43
1950,4,branca,1492.63
1950,4,cabantous,1449.92
1950,4,chiron,1569.48
1950,4,claes,1553.05
1950,4,etancelin,1505.53
1950,4,fagioli,1689.29
1950,4,fangio,1570.88
1950,4,farina,1719.49
1950,4,graffenried,1512.59
1950,4,martin,1363.94
1950,4,pagani,1559.46
1950,4,rosier,1649.19
1950,4,schell,1469.27
1950,4,sommer,1496.37
1950,4,villoresi,1442.93
1950,5,ascari,1542.82
1950,5,branca,1462.27
1950,5,cabantous,1361.52
1950,5,chaboud,1449.67
1950,5,claes,1538.79
1950,5,crossley,1432.47
1950,5,etancelin,1417.99
1950,5,fagioli,1736.82
1950,5,fangio,1668.56
1950,5,farina,1725.33
1950,5,levegh,1519.92
1950,5,rosier,1691.06
1950,5,sommer,1429.48
1950,5,villoresi,1498.34
1950,6,bonetto,1546.14
1950,6,cabantous,1442.29
1950,6,chaboud,1556.22
1950,6,chiron,1451.22
1950,6,claes,1498.49
1950,6,etancelin,1554.62
1950,6,fagioli,1801.43
1950,6,fangio,1772.19
1950,6,farina,1675.22
1950,6,gonzalez,1374.42
1950,6,hampshire,1422.45
1950,6,levegh,1519.64
1950,6,manzon,1598.97
1950,6,pozzi,1556.25
1950,6,reg_parnell,1524.04
1950,6,rol,1366.71
1950,6,rosier,1588.41
1950,6,rosier,1588.41
1950,6,sommer,1334.58
1950,6,whitehead,1556.53
1950,7,ascari,1569.32
1950,7,ascari,1569.32
1950,7,biondetti,1448.76
1950,7,bira,1408.02
1950,7,bonetto,1327.41
1950,7,chiron,1361.68
1950,7,claes,1476.91
1950,7,comotti,1417.38
1950,7,etancelin,1680.98
1950,7,fagioli,1841.29
1950,7,fangio,1606.14
1950,7,fangio,1606.14
1950,7,farina,1810.62
1950,7,graffenried,1646.76
1950,7,guy_mairesse,1563.91
1950,7,harrison,1576.57
1950,7,levegh,1514.89
1950,7,louveau,1433.12
1950,7,manzon,1397.58
1950,7,murray,1583.81
1950,7,pietsch,1322.16
1950,7,rol,1486.4
1950,7,rosier,1711.56
1950,7,sanesi,1368.44
1950,7,serafini,1705.49
1950,7,sommer,1502.66
1950,7,taruffi,1520.97
1950,7,trintignant,1368.36
1950,7,whitehead,1652.49
1951,1,abecassis,1418.05
1951,1,ascari,1633.72
1951,1,cabantous,1367.34
1951,1,chiron,1496.76
1951,1,claes,1469.84
1951,1,etancelin,1635.91
1951,1,fangio,1732.88
1951,1,farina,1836.34
1951,1,fischer,1516.04
1951,1,gonzalez,1290.77
1951,1,graffenried,1695.26
1951,1,guy_mairesse,1503.03
1951,1,hirt,1348.9
1951,1,louveau,1396.12
1951,1,moss,1560.91
1951,1,rosier,1669.67
1951,1,sanesi,1547.27
1951,1,schell,1482.03
1951,1,taruffi,1665.93
1951,1,villoresi,1382.94
1951,1,whitehead,1537.5
1951,2,agabashian,1433.89
1951,2,ayulo,1694.34
1951,2,ball,1667.91
1951,2,banks,1611.26
1951,2,bettenhausen,1560.33
1951,2,darter,1658.72
1951,2,davies,1520.28
1951,2,dinsmore,1293.99
1951,2,faulkner,1586.32
1951,2,forberg,1640.25
1951,2,force,1585.68
1951,2,george_connor,1360.32
1951,2,green,1504.48
1951,2,griffith,1340.36
1951,2,hanks,1490.8
1951,2,hellings,1320.63
1951,2,james,1263.92
1951,2,linden,1681.15
1951,2,mackey,1472.38
1951,2,mcdowell,1277.83
1951,2,mcgrath,1728.95
1951,2,miller,1386.23
1951,2,nalon,1599.3
1951,2,nazaruk,1720.13
1951,2,parsons,1532.65
1951,2,rose,1623.49
1951,2,ruttman,1432.56
1951,2,scarborough,1486.73
1951,2,schindler,1507.56
1951,2,stevenson,1457.93
1951,2,vukovich,1324.92
1951,2,wallard,1805.3
1951,2,walt_brown,1363.43
1951,2,ward,1355.69
1951,3,andre_pilette,1538.24
1951,3,ascari,1704.85
1951,3,cabantous,1460.34
1951,3,chiron,1465.45
1951,3,claes,1498.7
1951,3,etancelin,1510.83
1951,3,fangio,1650.88
1951,3,farina,1876.28
1951,3,levegh,1512.82
1951,3,rosier,1695.29
1951,3,sanesi,1483.28
1951,3,taruffi,1549.31
1951,3,villoresi,1507.23
1951,4,ascari,1580.27
1951,4,ascari,1580.27
1951,4,cabantous,1584.81
1951,4,chaboud,1619.3
1951,4,chiron,1603.24
1951,4,claes,1516.67
1951,4,etancelin,1492.48
1951,4,fagioli,1773.04
1951,4,fagioli,1773.04
1951,4,fangio,1691.84
1951,4,fangio,1691.84
1951,4,farina,1849.33
1951,4,gonzalez,1578.05
1951,4,gordini,1470.61
1951,4,graffenried,1453.97
1951,4,guy_mairesse,1576.35
1951,4,manzon,1331.98
1951,4,marimon,1371.35
1951,4,reg_parnell,1661.84
1951,4,rosier,1601.54
1951,4,sanesi,1550.36
1951,4,schell,1444.7
1951,4,simon,1405.85
1951,4,trintignant,1364.44
1951,4,villoresi,1668.13
1951,4,whitehead,1359.05
1951,5,ascari,1479.42
1951,5,bonetto,1523.35
1951,5,chiron,1442.65
1951,5,claes,1490.16
1951,5,duncan_hamilton,1497.08
1951,5,fangio,1775.59
1951,5,farina,1674.78
1951,5,gerard,1594.16
1951,5,gonzalez,1719.67
1951,5,john_james,1365.61
1951,5,kelly,1432.46
1951,5,murray,1447.92
1951,5,parker,1415.96
1951,5,peter_walker,1484.16
1951,5,reg_parnell,1707.72
1951,5,rosier,1587.84
1951,5,sanesi,1625.23
1951,5,shawe_taylor,1572.45
1951,5,villoresi,1744.92
1951,5,whitehead,1460.59
1951,6,ascari,1656.13
1951,6,bonetto,1482.29
1951,6,branca,1331.63
1951,6,cabantous,1549.35
1951,6,chiron,1337.49
1951,6,claes,1512.22
1951,6,duncan_hamilton,1451.6
1951,6,etancelin,1382.78
1951,6,fangio,1827.86
1951,6,farina,1499.36
1951,6,fischer,1606.05
1951,6,gonzalez,1774.28
1951,6,graffenried,1309.66
1951,6,levegh,1556.6
1951,6,manzon,1484.3
1951,6,pietsch,1332.28
1951,6,rosier,1614.51
1951,6,simon,1365.12
1951,6,swaters,1533.65
1951,6,taruffi,1640.52
1951,6,trintignant,1408.37
1951,6,villoresi,1775.53
1951,7,ascari,1779.13
1951,7,bonetto,1647.39
1951,7,cabantous,1597.93
1951,7,chiron,1397.9
1951,7,claes,1433.83
1951,7,fangio,1727.89
1951,7,farina,1532.23
1951,7,farina,1532.23
1951,7,gonzalez,1840.09
1951,7,graffenried,1296.46
1951,7,landi,1375.11
1951,7,levegh,1505.75
1951,7,manzon,1499.84
1951,7,reg_parnell,1471.27
1951,7,richardson,1343.04
1951,7,rol,1547.39
1951,7,rosier,1649.56
1951,7,simon,1525.49
1951,7,swaters,1477.26
1951,7,taruffi,1696.72
1951,7,trintignant,1473.7
1951,7,villoresi,1794.02
1951,7,whitehead,1369.94
1951,8,ascari,1806.38
1951,8,bira,1323.32
1951,8,bonetto,1704.13
1951,8,cabantous,1474.41
1951,8,chiron,1334.93
1951,8,claes,1441.83
1951,8,etancelin,1491.33
1951,8,fangio,1820.04
1951,8,farina,1662.73
1951,8,godia,1530.15
1951,8,gonzalez,1883.36
1951,8,graffenried,1468.73
1951,8,grignard,1432.66
1951,8,jover,1363.17
1951,8,manzon,1546.59
1951,8,rosier,1671.57
1951,8,simon,1514.62
1951,8,taruffi,1583.76
1951,8,trintignant,1433.79
1951,8,villoresi,1695.49
1952,1,abecassis,1356.26
1952,1,alan_brown,1608.28
1952,1,behra,1639.81
1952,1,bira,1444.98
1952,1,brandon,1558.83
1952,1,collins,1418.3
1952,1,farina,1524.43
1952,1,farina,1524.43
1952,1,fischer,1715.12
1952,1,graffenried,1575.42
1952,1,hans_stuck,1384.65
1952,1,hirt,1493.19
1952,1,macklin,1465.31
1952,1,manzon,1474.35
1952,1,moss,1513.6
1952,1,rosier,1443.89
1952,1,schell,1467.06
1952,1,simon,1520.72
1952,1,taruffi,1717.37
1952,1,terra,1336.21
1952,1,ulmen,1368.07
1952,1,wharton,1624.07
1952,2,agabashian,1328.48
1952,2,ascari,1416.8
1952,2,ayulo,1540.56
1952,2,ball,1347.45
1952,2,banks,1519.6
1952,2,bettenhausen,1424.36
1952,2,bob_scott,1325.08
1952,2,bryan,1661.14
1952,2,cross,1674.69
1952,2,darter,1760.68
1952,2,fonder,1534.08
1952,2,george_connor,1575.39
1952,2,griffith,1552.0
1952,2,hanks,1696.2
1952,2,hartley,1349.66
1952,2,james,1463.33
1952,2,johnson,1519.88
1952,2,linden,1338.6
1952,2,mcdowell,1350.61
1952,2,mcgrath,1691.67
1952,2,miller,1259.65
1952,2,nalon,1425.47
1952,2,parsons,1617.2
1952,2,rathmann,1674.79
1952,2,reece,1647.54
1952,2,rigsby,1578.43
1952,2,ruttman,1698.71
1952,2,schindler,1551.21
1952,2,stevenson,1472.38
1952,2,sweikert,1371.56
1952,2,vukovich,1431.63
1952,2,ward,1354.8
1952,2,webb,1418.11
1952,3,alan_brown,1652.46
1952,3,ascari,1623.68
1952,3,behra,1479.24
1952,3,bira,1501.99
1952,3,brandon,1578.49
1952,3,charrington,1434.96
1952,3,claes,1531.5
1952,3,collins,1309.98
1952,3,farina,1667.03
1952,3,frere,1608.01
1952,3,gaze,1451.17
1952,3,hawthorn,1623.24
1952,3,laurent,1499.25
1952,3,legat,1483.32
1952,3,macklin,1496.72
1952,3,manzon,1624.62
1952,3,moss,1346.13
1952,3,obrien,1467.3
1952,3,rosier,1342.22
1952,3,taruffi,1536.62
1952,3,tornaco,1578.35
1952,3,wharton,1455.57
1952,4,ascari,1738.33
1952,4,behra,1560.85
1952,4,bira,1462.06
1952,4,cabantous,1510.32
1952,4,carini,1328.78
1952,4,claes,1380.09
1952,4,collins,1481.8
1952,4,comotti,1431.73
1952,4,etancelin,1551.64
1952,4,farina,1750.24
1952,4,fischer,1614.64
1952,4,graffenried,1470.95
1952,4,hawthorn,1512.81
1952,4,hirt,1504.53
1952,4,macklin,1538.71
1952,4,manzon,1693.1
1952,4,rosier,1288.7
1952,4,schell,1305.86
1952,4,schell,1305.86
1952,4,taruffi,1656.98
1952,4,trintignant,1569.02
1952,4,whitehead,1323.33
1952,5,alan_brown,1492.19
1952,5,ascari,1845.81
1952,5,aston,1274.94
1952,5,bianco,1487.01
1952,5,bira,1572.12
1952,5,brandon,1490.31
1952,5,cantoni,1290.9
1952,5,claes,1495.32
1952,5,collins,1407.4
1952,5,crook,1443.51
1952,5,downing,1617.79
1952,5,duncan_hamilton,1378.96
1952,5,farina,1778.71
1952,5,fischer,1609.38
1952,5,gaze,1331.31
1952,5,graffenried,1460.13
1952,5,graham_whitehead,1574.07
1952,5,hawthorn,1703.17
1952,5,hirt,1308.69
1952,5,macklin,1548.04
1952,5,manzon,1400.67
1952,5,mcalpine,1517.76
1952,5,moss,1314.11
1952,5,murray,1313.75
1952,5,poore,1683.94
1952,5,reg_parnell,1632.93
1952,5,salvadori,1631.54
1952,5,schell,1416.95
1952,5,taruffi,1786.63
1952,5,thompson,1670.43
1952,5,trintignant,1396.35
1952,5,whitehead,1526.7
1952,6,ascari,1912.44
1952,6,aston,1292.15
1952,6,balsa,1480.16
1952,6,bechem,1465.38
1952,6,behra,1686.13
1952,6,bianco,1270.18
1952,6,bonetto,1445.57
1952,6,brudes,1494.86
1952,6,cantoni,1348.97
1952,6,carini,1208.0
1952,6,claes,1582.0
1952,6,farina,1851.74
1952,6,fischer,1737.65
1952,6,frere,1388.4
1952,6,gaze,1430.93
1952,6,heeks,1525.63
1952,6,helfrich,1325.12
1952,6,klenk,1569.86
1952,6,klodwig,1555.49
1952,6,krause,1433.63
1952,6,laurent,1641.82
1952,6,manzon,1494.5
1952,6,niedermayr,1598.47
1952,6,peters,1309.44
1952,6,pietsch,1288.67
1952,6,riess,1628.05
1952,6,schoeller,1418.62
1952,6,taruffi,1826.33
1952,6,trintignant,1337.41
1952,6,ulmen,1550.82
1952,7,ascari,1950.91
1952,7,behra,1506.13
1952,7,bianco,1204.36
1952,7,downing,1514.04
1952,7,duncan_hamilton,1481.71
1952,7,farina,1885.68
1952,7,flinterman,1397.93
1952,7,flinterman,1397.93
1952,7,frere,1337.22
1952,7,hawthorn,1743.85
1952,7,landi,1445.06
1952,7,lof,1457.25
1952,7,macklin,1571.71
1952,7,manzon,1590.53
1952,7,moss,1355.64
1952,7,tornaco,1473.25
1952,7,trintignant,1472.77
1952,7,villoresi,1754.95
1952,7,wharton,1464.41
1952,8,alan_brown,1483.97
1952,8,ascari,2003.58
1952,8,bayol,1339.98
1952,8,behra,1439.32
1952,8,bianco,1271.63
1952,8,bonetto,1615.73
1952,8,brandon,1514.64
1952,8,cantoni,1464.26
1952,8,farina,1905.42
1952,8,fischer,1486.13
1952,8,gonzalez,1936.85
1952,8,hawthorn,1555.82
1952,8,landi,1570.59
1952,8,manzon,1554.85
1952,8,mcalpine,1381.62
1952,8,moss,1387.89
1952,8,poore,1639.98
1952,8,rol,1431.45
1952,8,rosier,1445.18
1952,8,simon,1643.31
1952,8,taruffi,1813.76
1952,8,trintignant,1373.1
1952,8,villoresi,1832.65
1952,8,wharton,1565.45
1953,1,alan_brown,1504.31
1953,1,ascari,2039.65
1953,1,behra,1545.05
1953,1,birger,1415.33
1953,1,bonetto,1542.0
1953,1,cruz,1397.34
1953,1,fangio,1697.09
1953,1,farina,1723.55
1953,1,galvez,1603.18
1953,1,gonzalez,1950.05
1953,1,hawthorn,1657.69
1953,1,john_barber,1532.45
1953,1,manzon,1534.17
1953,1,menditeguy,1433.25
1953,1,schell,1512.18
1953,1,trintignant,1463.98
1953,1,villoresi,1887.02
1953,2,agabashian,1680.76
1953,2,ayulo,1596.6
1953,2,bettenhausen,1634.66
1953,2,bob_scott,1288.06
1953,2,bob_scott,1288.06
1953,2,bryan,1620.3
1953,2,cross,1841.4
1953,2,darter,1444.97
1953,2,darter,1444.97
1953,2,davies,1641.2
1953,2,daywalt,1707.69
1953,2,dinsmore,1449.41
1953,2,faulkner,1523.59
1953,2,flaherty,1416.9
1953,2,freeland,1298.13
1953,2,hanks,1829.75
1953,2,hartley,1339.98
1953,2,hartley,1339.98
1953,2,holland,1613.1
1953,2,holmes,1423.01
1953,2,hoyt,1359.07
1953,2,johnson,1692.75
1953,2,linden,1238.01
1953,2,linden,1238.01
1953,2,linden,1238.01
1953,2,mantz,1485.35
1953,2,mccoy,1673.07
1953,2,mcgrath,1790.66
1953,2,nalon,1598.06
1953,2,nazaruk,1461.59
1953,2,niday,1254.06
1953,2,parsons,1345.74
1953,2,paul_russo,1412.31
1953,2,paul_russo,1412.31
1953,2,rathmann,1671.68
1953,2,rathmann,1671.68
1953,2,scarborough,1593.87
1953,2,stevenson,1304.98
1953,2,stevenson,1304.98
1953,2,stevenson,1304.98
1953,2,sweikert,1375.27
1953,2,teague,1470.99
1953,2,thomson,1260.79
1953,2,thomson,1260.79
1953,2,vukovich,1758.84
1953,2,ward,1491.07
1953,2,webb,1405.97
1953,3,ascari,2076.41
1953,3,bonetto,1675.32
1953,3,claes,1532.07
1953,3,collins,1507.74
1953,3,fangio,1585.87
1953,3,farina,1822.86
1953,3,gonzalez,1734.52
1953,3,gonzalez,1734.52
1953,3,graffenried,1592.34
1953,3,hawthorn,1732.31
1953,3,macklin,1428.19
1953,3,mcalpine,1441.0
1953,3,mieres,1449.11
1953,3,moss,1477.49
1953,3,rosier,1548.98
1953,3,salvadori,1481.17
1953,3,schell,1506.17
1953,3,trintignant,1577.79
1953,3,villoresi,1778.68
1953,3,wharton,1458.13
1953,4,andre_pilette,1550.08
1953,4,ascari,2099.34
1953,4,behra,1443.2
1953,4,claes,1529.86
1953,4,collins,1404.42
1953,4,fangio,1501.91
1953,4,fangio,1501.91
1953,4,farina,1655.28
1953,4,frere,1447.03
1953,4,georges_berger,1382.55
1953,4,gonzalez,1568.44
1953,4,graffenried,1697.28
1953,4,hawthorn,1751.96
1953,4,legat,1355.07
1953,4,macklin,1437.18
1953,4,marimon,1581.93
1953,4,rosier,1607.95
1953,4,schell,1599.4
1953,4,trintignant,1672.54
1953,4,villoresi,1850.88
1953,4,wacker,1562.8
1953,5,ascari,2066.38
1953,5,bayol,1345.3
1953,5,behra,1549.96
1953,5,bira,1491.37
1953,5,bonetto,1577.3
1953,5,cabantous,1522.96
1953,5,chiron,1408.01
1953,5,claes,1565.9
1953,5,collins,1481.45
1953,5,fangio,1693.82
1953,5,farina,1738.65
1953,5,gerard,1615.52
1953,5,gonzalez,1716.06
1953,5,graffenried,1734.5
1953,5,hawthorn,1858.03
1953,5,macklin,1352.29
1953,5,marimon,1640.46
1953,5,mieres,1325.66
1953,5,moss,1457.1
1953,5,rosier,1669.64
1953,5,salvadori,1326.38
1953,5,schell,1423.17
1953,5,trintignant,1493.62
1953,5,villoresi,1844.41
1953,5,wharton,1396.32
1953,6,alan_brown,1519.08
1953,6,ascari,2097.56
1953,6,behra,1446.59
1953,6,bira,1631.29
1953,6,bonetto,1692.44
1953,6,collins,1491.5
1953,6,crook,1290.91
1953,6,duncan_hamilton,1362.72
1953,6,fairman,1485.28
1953,6,fangio,1815.74
1953,6,farina,1828.26
1953,6,gonzalez,1799.5
1953,6,graffenried,1572.23
1953,6,hawthorn,1873.86
1953,6,ian_stewart,1405.07
1953,6,jimmy_stewart,1575.8
1953,6,macklin,1357.29
1953,6,marimon,1604.17
1953,6,mcalpine,1306.76
1953,6,rolt,1484.74
1953,6,rosier,1680.24
1953,6,salvadori,1374.23
1953,6,schell,1314.17
1953,6,trintignant,1385.45
1953,6,villoresi,1731.03
1953,6,wharton,1565.06
1953,6,whitehead,1618.83
1953,7,adolff,1368.94
1953,7,alan_brown,1525.42
1953,7,ascari,1778.63
1953,7,ascari,1778.63
1953,7,barth,1489.43
1953,7,bauer,1303.87
1953,7,bechem,1338.41
1953,7,behra,1407.87
1953,7,bira,1451.93
1953,7,bonetto,1822.86
1953,7,claes,1502.05
1953,7,fangio,1921.93
1953,7,farina,1945.32
1953,7,fitzau,1384.34
1953,7,graffenried,1748.64
1953,7,hans_stuck,1234.7
1953,7,hawthorn,1942.68
1953,7,heeks,1456.35
1953,7,helfrich,1535.46
1953,7,herrmann,1652.77
1953,7,karch,1460.54
1953,7,klodwig,1590.52
1953,7,krause,1552.99
1953,7,loof,1271.01
1953,7,marimon,1546.26
1953,7,mcalpine,1511.61
1953,7,moss,1681.63
1953,7,nuckey,1626.73
1953,7,rosier,1719.96
1953,7,salvadori,1262.91
1953,7,schell,1329.59
1953,7,seidel,1553.36
1953,7,swaters,1676.26
1953,7,trintignant,1285.4
1953,7,villoresi,1682.91
1953,7,villoresi,1682.91
1953,8,ascari,1894.38
1953,8,behra,1431.43
1953,8,bonetto,1695.35
1953,8,bonetto,1695.35
1953,8,fangio,1747.07
1953,8,fangio,1747.07
1953,8,farina,1993.58
1953,8,frere,1372.31
1953,8,graffenried,1693.96
1953,8,hawthorn,1974.55
1953,8,hirt,1296.84
1953,8,landi,1601.51
1953,8,lang,1641.68
1953,8,macklin,1349.63
1953,8,marimon,1554.46
1953,8,rosier,1504.52
1953,8,scherrer,1574.59
1953,8,swaters,1495.23
1953,8,terra,1486.12
1953,8,trintignant,1366.72
1953,8,villoresi,1739.65
1953,8,wharton,1650.0
1953,9,alan_brown,1569.92
1953,9,ascari,1681.81
1953,9,bayol,1255.95
1953,9,bira,1549.69
1953,9,bonetto,1563.65
1953,9,cabantous,1523.81
1953,9,carini,1228.0
1953,9,chiron,1543.71
1953,9,claes,1301.63
1953,9,fairman,1423.12
1953,9,fangio,1869.8
1953,9,farina,2025.28
1953,9,fitch,1316.67
1953,9,graffenried,1533.76
1953,9,hans_stuck,1396.83
1953,9,hawthorn,1977.41
1953,9,landi,1395.57
1953,9,macklin,1207.89
1953,9,maglioli,1618.99
1953,9,mantovani,1633.54
1953,9,marimon,1483.74
1953,9,mcalpine,1405.74
1953,9,mieres,1576.99
1953,9,moss,1631.65
1953,9,musso,1648.06
1953,9,rosier,1500.4
1953,9,salvadori,1242.9
1953,9,schell,1520.77
1953,9,trintignant,1612.86
1953,9,villoresi,1836.76
1953,9,wharton,1483.48
1954,1,bayol,1442.0
1954,1,behra,1477.99
1954,1,bira,1605.49
1954,1,daponte,1439.39
1954,1,fangio,1931.76
1954,1,farina,2038.97
1954,1,gonzalez,1845.61
1954,1,graffenried,1578.35
1954,1,hawthorn,1833.0
1954,1,loyer,1456.94
1954,1,maglioli,1617.1
1954,1,marimon,1480.68
1954,1,menditeguy,1342.6
1954,1,mieres,1523.82
1954,1,musso,1499.62
1954,1,rosier,1422.03
1954,1,schell,1603.37
1954,1,trintignant,1699.14
1954,2,agabashian,1814.67
1954,2,armi,1492.28
1954,2,ayulo,1634.27
1954,2,bettenhausen,1322.69
1954,2,bettenhausen,1322.69
1954,2,bob_scott,1362.69
1954,2,bob_scott,1362.69
1954,2,bryan,1853.99
1954,2,connor,1440.88
1954,2,crockett,1702.45
1954,2,cross,1779.53
1954,2,darter,1667.84
1954,2,darter,1667.84
1954,2,davies,1557.81
1954,2,davies,1557.81
1954,2,daywalt,1335.69
1954,2,daywalt,1335.69
1954,2,duncan,1208.96
1954,2,elisian,1516.57
1954,2,faulkner,1627.65
1954,2,flaherty,1244.37
1954,2,fonder,1244.59
1954,2,fonder,1244.59
1954,2,freeland,1679.19
1954,2,hanks,1551.37
1954,2,hanks,1551.37
1954,2,hartley,1344.74
1954,2,homeier,1165.76
1954,2,hoyt,1365.93
1954,2,hoyt,1365.93
1954,2,jackson,1515.96
1954,2,johnson,1458.63
1954,2,kladis,1223.75
1954,2,linden,1396.49
1954,2,linden,1396.49
1954,2,linden,1396.49
1954,2,mccoy,1583.64
1954,2,mcgrath,1913.55
1954,2,nazaruk,1753.89
1954,2,niday,1617.75
1954,2,parsons,1231.96
1954,2,parsons,1231.96
1954,2,paul_russo,1690.64
1954,2,rathmann,1343.99
1954,2,rathmann,1343.99
1954,2,reece,1565.35
1954,2,ruttman,1860.24
1954,2,stevenson,1583.32
1954,2,sweikert,1563.26
1954,2,teague,1470.16
1954,2,teague,1470.16
1954,2,thomson,1279.26
1954,2,vukovich,1926.38
1954,2,ward,1425.08
1954,2,webb,1212.53
1954,3,andre_pilette,1618.15
1954,3,behra,1478.93
1954,3,bira,1639.75
1954,3,fangio,1983.73
1954,3,farina,1921.77
1954,3,frere,1418.21
1954,3,gonzalez,1722.81
1954,3,gonzalez,1722.81
1954,3,hawthorn,1837.4
1954,3,mantovani,1641.95
1954,3,marimon,1462.36
1954,3,mieres,1440.29
1954,3,moss,1724.8
1954,3,swaters,1438.02
1954,3,trintignant,1791.12
1954,4,ascari,1473.94
1954,4,behra,1605.66
1954,4,bira,1731.51
1954,4,fangio,2023.36
1954,4,frere,1552.89
1954,4,georges_berger,1347.29
1954,4,gonzalez,1582.03
1954,4,hawthorn,1598.31
1954,4,herrmann,1575.57
1954,4,kling,1678.92
1954,4,macklin,1247.24
1954,4,mantovani,1435.47
1954,4,manzon,1683.36
1954,4,marimon,1531.21
1954,4,mieres,1501.19
1954,4,pollet,1386.58
1954,4,rosier,1524.12
1954,4,salvadori,1307.72
1954,4,schell,1562.92
1954,4,trintignant,1761.58
1954,4,villoresi,1843.57
1954,4,wharton,1509.83
1954,5,alan_brown,1345.95
1954,5,andre_pilette,1718.0
1954,5,ascari,1451.51
1954,5,ascari,1451.51
1954,5,beauman,1641.75
1954,5,behra,1584.91
1954,5,bira,1589.49
1954,5,brandon,1354.57
1954,5,bucci,1409.75
1954,5,collins,1390.08
1954,5,fangio,2017.31
1954,5,flockhart,1510.26
1954,5,gerard,1703.49
1954,5,gonzalez,1805.45
1954,5,gould,1584.07
1954,5,hawthorn,1799.7
1954,5,kling,1772.43
1954,5,manzon,1452.75
1954,5,marimon,1756.39
1954,5,marr,1613.42
1954,5,mieres,1708.78
1954,5,moss,1662.41
1954,5,nuckey,1353.59
1954,5,reg_parnell,1495.09
1954,5,riseley_prichard,1456.13
1954,5,rosier,1342.51
1954,5,salvadori,1439.64
1954,5,schell,1653.48
1954,5,thorne,1598.79
1954,5,trintignant,1840.5
1954,5,villoresi,1624.22
1954,5,wharton,1686.17
1954,5,whitehead,1413.06
1954,5,whitehouse,1556.58
1954,6,andre_pilette,1553.36
1954,6,behra,1643.09
1954,6,bira,1629.51
1954,6,bucci,1494.06
1954,6,fangio,2068.11
1954,6,frere,1526.18
1954,6,gonzalez,1895.06
1954,6,hawthorn,1706.86
1954,6,hawthorn,1706.86
1954,6,helfrich,1549.82
1954,6,herrmann,1555.36
1954,6,kling,1845.43
1954,6,lang,1641.92
1954,6,mantovani,1639.72
1954,6,manzon,1585.52
1954,6,marimon,1557.98
1954,6,mieres,1580.32
1954,6,moss,1539.8
1954,6,rosier,1536.76
1954,6,schell,1731.42
1954,6,taruffi,1837.12
1954,6,trintignant,1901.49
1954,6,villoresi,1471.74
1954,6,wharton,1488.46
1954,7,behra,1546.44
1954,7,bucci,1429.54
1954,7,fangio,2097.76
1954,7,gonzalez,1942.79
1954,7,hawthorn,1656.54
1954,7,herrmann,1690.68
1954,7,kling,1781.44
1954,7,maglioli,1663.31
1954,7,mantovani,1712.64
1954,7,manzon,1473.09
1954,7,mieres,1690.23
1954,7,moss,1514.07
1954,7,schell,1655.92
1954,7,swaters,1526.59
1954,7,trintignant,1804.47
1954,7,wacker,1511.51
1954,7,wharton,1595.61
1954,8,ascari,1484.8
1954,8,behra,1410.16
1954,8,bucci,1354.09
1954,8,collins,1529.59
1954,8,daponte,1494.68
1954,8,fangio,2127.75
1954,8,gonzalez,1725.53
1954,8,gonzalez,1725.53
1954,8,hawthorn,1788.16
1954,8,herrmann,1764.43
1954,8,kling,1650.52
1954,8,maglioli,1763.09
1954,8,mantovani,1694.83
1954,8,manzon,1400.43
1954,8,mieres,1579.75
1954,8,moss,1558.17
1954,8,musso,1448.93
1954,8,rosier,1603.98
1954,8,trintignant,1822.02
1954,8,villoresi,1480.0
1954,8,wacker,1622.71
1954,9,ascari,1403.45
1954,9,behra,1393.32
1954,9,bira,1660.33
1954,9,collins,1376.61
1954,9,fangio,2110.42
1954,9,godia,1650.51
1954,9,graffenried,1584.99
1954,9,hawthorn,1883.28
1954,9,herrmann,1674.38
1954,9,kling,1735.03
1954,9,mantovani,1682.28
1954,9,manzon,1316.84
1954,9,mieres,1709.22
1954,9,moss,1496.57
1954,9,musso,1661.68
1954,9,pollet,1429.16
1954,9,rosier,1676.8
1954,9,schell,1566.22
1954,9,swaters,1444.56
1954,9,trintignant,1693.47
1954,9,villoresi,1383.24
1954,9,volonterio,1557.27
1954,9,wharton,1656.61
1955,1,ascari,1353.88
1955,1,bayol,1356.2
1955,1,behra,1472.89
1955,1,behra,1472.89
1955,1,behra,1472.89
1955,1,birger,1278.33
1955,1,bucci,1435.91
1955,1,castellotti,1462.01
1955,1,fangio,2148.01
1955,1,farina,1985.56
1955,1,farina,1985.56
1955,1,gonzalez,1861.06
1955,1,herrmann,1768.85
1955,1,iglesias,1490.32
1955,1,kling,1486.8
1955,1,kling,1486.8
1955,1,maglioli,1856.31
1955,1,mantovani,1698.22
1955,1,mantovani,1698.22
1955,1,menditeguy,1304.63
1955,1,menditeguy,1304.63
1955,1,mieres,1744.91
1955,1,moss,1520.95
1955,1,moss,1520.95
1955,1,musso,1667.86
1955,1,musso,1667.86
1955,1,schell,1689.11
1955,1,schell,1689.11
1955,1,schell,1689.11
1955,1,trintignant,1660.87
1955,1,trintignant,1660.87
1955,1,trintignant,1660.87
1955,1,uria,1417.05
1955,1,villoresi,1313.9
1955,1,villoresi,1313.9
1955,2,ascari,1427.0
1955,2,bayol,1378.74
1955,2,behra,1651.67
1955,2,behra,1651.67
1955,2,castellotti,1674.89
1955,2,chiron,1651.46
1955,2,fangio,1852.56
1955,2,farina,1967.52
1955,2,frere,1608.16
1955,2,hawthorn,1618.44
1955,2,manzon,1319.8
1955,2,mieres,1620.03
1955,2,moss,1574.98
1955,2,musso,1465.44
1955,2,perdisa,1646.14
1955,2,perdisa,1646.14
1955,2,pollet,1568.86
1955,2,rosier,1486.49
1955,2,schell,1603.96
1955,2,simon,1498.45
1955,2,taruffi,1775.8
1955,2,trintignant,1809.7
1955,2,villoresi,1532.47
1955,3,agabashian,1404.89
1955,3,andrews,1459.4
1955,3,bettenhausen,1653.5
1955,3,boyd,1330.87
1955,3,bryan,1541.36
1955,3,connor,1604.34
1955,3,cross,1616.43
1955,3,darter,1654.17
1955,3,davies,1742.4
1955,3,daywalt,1545.64
1955,3,elisian,1321.86
1955,3,faulkner,1744.71
1955,3,flaherty,1489.71
1955,3,freeland,1599.59
1955,3,hanks,1493.97
1955,3,herman,1643.02
1955,3,homeier,1526.77
1955,3,hoyt,1239.29
1955,3,johnson,1539.31
1955,3,keller,1362.9
1955,3,linden,1613.87
1955,3,mcgrath,1543.47
1955,3,niday,1560.73
1955,3,parsons,1324.55
1955,3,paul_russo,1836.61
1955,3,rathmann,1476.93
1955,3,ray_crawford,1412.33
1955,3,reece,1295.73
1955,3,russo,1427.28
1955,3,sweikert,1786.97
1955,3,templeman,1488.22
1955,3,thomson,1606.92
1955,3,vukovich,1562.78
1955,3,ward,1315.47
1955,3,weyant,1570.31
1955,4,behra,1603.58
1955,4,behra,1603.58
1955,4,castellotti,1609.77
1955,4,claes,1298.42
1955,4,fangio,1918.84
1955,4,farina,1971.28
1955,4,frere,1701.19
1955,4,hawthorn,1556.53
1955,4,kling,1504.24
1955,4,mieres,1691.77
1955,4,moss,1711.06
1955,4,musso,1542.76
1955,4,perdisa,1644.07
1955,4,rosier,1522.11
1955,4,schell,1477.59
1955,4,taruffi,1604.55
1955,4,trintignant,1786.43
1955,5,behra,1637.53
1955,5,castellotti,1658.44
1955,5,claes,1338.91
1955,5,fangio,1953.93
1955,5,gould,1485.07
1955,5,hawthorn,1589.21
1955,5,kling,1414.31
1955,5,manzon,1319.39
1955,5,mieres,1731.04
1955,5,moss,1778.65
1955,5,musso,1646.16
1955,5,peter_walker,1382.67
1955,5,pollet,1545.4
1955,5,ramos,1534.16
1955,5,rosier,1531.55
1955,5,trintignant,1656.0
1955,6,behra,1411.16
1955,6,castellotti,1500.3
1955,6,castellotti,1500.3
1955,6,collins,1440.06
1955,6,fairman,1271.46
1955,6,fangio,1982.47
1955,6,gould,1447.26
1955,6,hawthorn,1679.43
1955,6,jack_brabham,1534.57
1955,6,kling,1643.9
1955,6,macklin,1471.97
1955,6,manzon,1230.47
1955,6,marr,1445.17
1955,6,mcalpine,1471.68
1955,6,mieres,1663.77
1955,6,moss,1875.0
1955,6,musso,1735.15
1955,6,peter_walker,1363.21
1955,6,ramos,1502.94
1955,6,rolt,1398.92
1955,6,salvadori,1440.69
1955,6,schell,1504.04
1955,6,schell,1504.04
1955,6,simon,1360.39
1955,6,sparken,1619.43
1955,6,taruffi,1727.48
1955,6,trintignant,1639.37
1955,6,wharton,1653.96
1955,7,behra,1617.06
1955,7,castellotti,1685.7
1955,7,collins,1429.58
1955,7,fangio,2033.13
1955,7,farina,1668.96
1955,7,fitch,1481.88
1955,7,gould,1498.51
1955,7,hawthorn,1677.52
1955,7,kling,1641.53
1955,7,lucas,1430.36
1955,7,maglioli,1853.58
1955,7,menditeguy,1535.9
1955,7,mieres,1717.59
1955,7,moss,1729.99
1955,7,musso,1678.63
1955,7,piotti,1366.18
1955,7,pollet,1524.43
1955,7,ramos,1483.62
1955,7,schell,1449.8
1955,7,taruffi,1838.9
1955,7,trintignant,1687.73
1955,7,villoresi,1402.45
1955,7,wharton,1500.07
1956,1,behra,1713.67
1956,1,castellotti,1564.73
1956,1,collins,1444.32
1956,1,fangio,1807.14
1956,1,fangio,1807.14
1956,1,gendebien,1563.6
1956,1,gerini,1581.25
1956,1,gonzalez,1669.38
1956,1,hawthorn,1738.77
1956,1,landi,1526.4
1956,1,menditeguy,1481.07
1956,1,moss,1667.26
1956,1,musso,1773.82
1956,1,oscar_gonzalez,1545.9
1956,1,piotti,1379.89
1956,1,uria,1470.19
1956,2,andre_pilette,1595.06
1956,2,bayol,1504.76
1956,2,behra,1771.78
1956,2,brooks,1396.15
1956,2,castellotti,1591.45
1956,2,castellotti,1591.45
1956,2,chiron,1469.33
1956,2,collins,1622.64
1956,2,fangio,1849.7
1956,2,fangio,1849.7
1956,2,gould,1529.43
1956,2,hawthorn,1554.12
1956,2,manzon,1333.09
1956,2,moss,1789.86
1956,2,musso,1590.75
1956,2,perdisa,1632.79
1956,2,ramos,1587.62
1956,2,rosier,1513.44
1956,2,schell,1413.87
1956,2,trintignant,1573.17
1956,3,agabashian,1543.21
1956,3,andrews,1347.42
1956,3,bettenhausen,1498.99
1956,3,boyd,1228.92
1956,3,bryan,1498.19
1956,3,christie,1566.8
1956,3,connor,1536.6
1956,3,daywalt,1411.24
1956,3,dick_rathmann,1586.51
1956,3,dinsmore,1489.77
1956,3,elisian,1350.62
1956,3,flaherty,1730.92
1956,3,freeland,1753.85
1956,3,garrett,1523.97
1956,3,griffith,1631.57
1956,3,hanks,1719.37
1956,3,hartley,1533.69
1956,3,herman,1389.7
1956,3,johnson,1553.32
1956,3,keller,1497.57
1956,3,linden,1392.54
1956,3,parsons,1622.59
1956,3,paul_russo,1392.4
1956,3,rathmann,1458.84
1956,3,ray_crawford,1283.37
1956,3,reece,1541.52
1956,3,russo,1379.69
1956,3,ruttman,1430.75
1956,3,sweikert,1804.89
1956,3,thomson,1316.6
1956,3,tolan,1453.22
1956,3,turner,1378.85
1956,3,veith,1654.57
1956,3,ward,1565.07
1956,4,andre_pilette,1628.14
1956,4,behra,1728.74
1956,4,castellotti,1526.53
1956,4,collins,1747.47
1956,4,fangio,1748.15
1956,4,frere,1783.46
1956,4,godia,1511.37
1956,4,gould,1449.43
1956,4,moss,1698.09
1956,4,moss,1698.09
1956,4,perdisa,1720.41
1956,4,rosier,1541.19
1956,4,schell,1542.53
1956,4,scotti,1447.68
1956,4,trintignant,1547.85
1956,4,villoresi,1516.28
1956,5,andre_pilette,1582.76
1956,5,behra,1797.51
1956,5,castellotti,1693.53
1956,5,chapman,1361.96
1956,5,collins,1842.93
1956,5,fangio,1793.97
1956,5,gendebien,1497.53
1956,5,godia,1595.8
1956,5,hawthorn,1571.43
1956,5,manzon,1459.6
1956,5,moss,1545.68
1956,5,moss,1545.68
1956,5,perdisa,1748.12
1956,5,portago,1428.3
1956,5,ramos,1570.18
1956,5,ramos,1570.18
1956,5,rosier,1629.28
1956,5,schell,1431.99
1956,5,schell,1431.99
1956,5,simon,1411.98
1956,5,trintignant,1438.48
1956,5,villoresi,1454.52
1956,6,behra,1865.97
1956,6,brooks,1411.28
1956,6,castellotti,1686.62
1956,6,collins,1698.12
1956,6,collins,1698.12
1956,6,emery,1369.34
1956,6,fairman,1582.91
1956,6,fangio,1904.07
1956,6,flockhart,1341.3
1956,6,gerard,1677.49
1956,6,godia,1683.14
1956,6,gonzalez,1398.08
1956,6,gould,1655.33
1956,6,halford,1415.31
1956,6,hawthorn,1478.87
1956,6,jack_brabham,1369.37
1956,6,maglioli,1561.26
1956,6,manzon,1604.05
1956,6,moss,1589.54
1956,6,perdisa,1773.75
1956,6,portago,1706.29
1956,6,portago,1706.29
1956,6,ramos,1538.38
1956,6,rosier,1489.77
1956,6,salvadori,1450.36
1956,6,schell,1520.97
1956,6,scott_Brown,1385.88
1956,6,titterington,1537.4
1956,6,trintignant,1492.62
1956,6,villoresi,1642.86
1956,7,andre_pilette,1439.64
1956,7,behra,1903.06
1956,7,castellotti,1611.92
1956,7,collins,1633.76
1956,7,fangio,1963.52
1956,7,godia,1771.19
1956,7,gould,1562.41
1956,7,halford,1584.67
1956,7,maglioli,1526.39
1956,7,manzon,1500.47
1956,7,milhoux,1601.16
1956,7,moss,1745.26
1956,7,musso,1589.51
1956,7,perdisa,1560.91
1956,7,piotti,1297.96
1956,7,portago,1702.4
1956,7,rosier,1644.51
1956,7,salvadori,1428.94
1956,7,scarlatti,1424.35
1956,7,schell,1581.96
1956,7,villoresi,1634.35
1956,7,volonterio,1649.75
1956,8,behra,1662.91
1956,8,behra,1662.91
1956,8,bonnier,1435.9
1956,8,castellotti,1565.26
1956,8,castellotti,1565.26
1956,8,collins,1800.55
1956,8,fairman,1727.61
1956,8,fangio,1932.39
1956,8,fangio,1932.39
1956,8,flockhart,1634.9
1956,8,gerini,1638.43
1956,8,godia,1842.57
1956,8,graffenried,1695.25
1956,8,halford,1536.62
1956,8,leston,1371.68
1956,8,maglioli,1564.82
1956,8,manzon,1403.93
1956,8,moss,1890.5
1956,8,musso,1610.28
1956,8,piotti,1567.42
1956,8,portago,1483.47
1956,8,ramos,1374.08
1956,8,salvadori,1548.75
1956,8,schell,1563.95
1956,8,simon,1571.89
1956,8,taruffi,1626.06
1956,8,trintignant,1476.71
1956,8,trips,1337.74
1956,8,villoresi,1484.02
1957,1,behra,1756.62
1957,1,bonnier,1468.79
1957,1,castellotti,1486.03
1957,1,collins,1563.16
1957,1,collins,1563.16
1957,1,fangio,1973.34
1957,1,gonzalez,1511.59
1957,1,hawthorn,1412.54
1957,1,menditeguy,1618.77
1957,1,moss,1755.38
1957,1,musso,1479.74
1957,1,perdisa,1567.23
1957,1,piotti,1504.53
1957,1,portago,1585.66
1957,1,schell,1655.43
1957,1,tomaso,1478.47
1957,1,trips,1452.03
1957,2,brooks,1585.29
1957,2,bueb,1457.76
1957,2,collins,1446.36
1957,2,fangio,1999.3
1957,2,flockhart,1572.94
1957,2,gould,1462.65
1957,2,gregory,1623.0
1957,2,hawthorn,1392.16
1957,2,hawthorn,1392.16
1957,2,jack_brabham,1489.18
1957,2,lewis-evans,1605.84
1957,2,menditeguy,1546.85
1957,2,moss,1548.83
1957,2,scarlatti,1459.98
1957,2,schell,1536.87
1957,2,schell,1536.87
1957,2,trintignant,1574.13
1957,2,trips,1508.52
1957,3,agabashian,1445.09
1957,3,bettenhausen,1524.33
1957,3,boyd,1531.39
1957,3,bryan,1689.9
1957,3,cheesbourg,1369.32
1957,3,christie,1578.91
1957,3,connor,1635.33
1957,3,daywalt,1300.92
1957,3,edmunds,1472.56
1957,3,elisian,1256.28
1957,3,freeland,1606.94
1957,3,george,1258.07
1957,3,hanks,1829.4
1957,3,hartley,1608.71
1957,3,herman,1396.99
1957,3,johnson,1405.33
1957,3,keller,1353.23
1957,3,linden,1616.77
1957,3,magill,1398.63
1957,3,parsons,1561.62
1957,3,paul_russo,1630.6
1957,3,rathmann,1685.77
1957,3,reece,1503.28
1957,3,russo,1221.2
1957,3,ruttman,1261.29
1957,3,sachs,1413.39
1957,3,teague,1620.25
1957,3,thomson,1489.04
1957,3,tolan,1438.98
1957,3,turner,1530.52
1957,3,veith,1675.52
1957,3,ward,1332.52
1957,3,weyant,1567.1
1957,4,behra,1730.97
1957,4,collins,1572.69
1957,4,fangio,2018.8
1957,4,flockhart,1436.01
1957,4,gould,1381.63
1957,4,hawthorn,1519.33
1957,4,jack_brabham,1462.3
1957,4,jack_brabham,1462.3
1957,4,lewis-evans,1560.93
1957,4,macdowel,1525.92
1957,4,mackay-fraser,1458.53
1957,4,menditeguy,1539.31
1957,4,musso,1611.76
1957,4,salvadori,1507.26
1957,4,schell,1596.67
1957,4,trintignant,1489.28
1957,5,behra,1659.11
1957,5,bonnier,1368.31
1957,5,brooks,1637.8
1957,5,brooks,1637.8
1957,5,bueb,1537.99
1957,5,collins,1634.54
1957,5,collins,1634.54
1957,5,fairman,1582.22
1957,5,fangio,1779.24
1957,5,gerard,1694.19
1957,5,gould,1294.68
1957,5,hawthorn,1665.13
1957,5,jack_brabham,1523.67
1957,5,leston,1359.77
1957,5,lewis-evans,1612.82
1957,5,menditeguy,1427.34
1957,5,moss,1608.0
1957,5,moss,1608.0
1957,5,musso,1733.88
1957,5,salvadori,1613.62
1957,5,schell,1476.36
1957,5,trintignant,1619.73
1957,6,barth,1543.13
1957,6,beaufort,1516.12
1957,6,behra,1728.48
1957,6,brooks,1670.43
1957,6,collins,1759.05
1957,6,england,1389.54
1957,6,fangio,1875.64
1957,6,gibson,1372.25
1957,6,godia,1620.29
1957,6,gould,1225.3
1957,6,gregory,1677.52
1957,6,halford,1584.64
1957,6,hawthorn,1791.36
1957,6,herrmann,1626.85
1957,6,jack_brabham,1419.75
1957,6,lewis-evans,1483.73
1957,6,maglioli,1503.95
1957,6,marsh,1499.65
1957,6,moss,1715.36
1957,6,musso,1801.43
1957,6,naylor,1532.51
1957,6,salvadori,1513.67
1957,6,scarlatti,1559.32
1957,6,schell,1614.18
1957,7,behra,1621.42
1957,7,bonnier,1393.38
1957,7,brooks,1548.02
1957,7,fangio,1904.65
1957,7,godia,1601.93
1957,7,gould,1210.58
1957,7,gregory,1726.58
1957,7,halford,1561.04
1957,7,jack_brabham,1498.85
1957,7,lewis-evans,1578.1
1957,7,moss,1802.47
1957,7,musso,1742.24
1957,7,piotti,1400.43
1957,7,salvadori,1460.91
1957,7,scarlatti,1611.91
1957,7,schell,1700.06
1957,8,behra,1532.02
1957,8,bonnier,1334.39
1957,8,brooks,1621.18
1957,8,collins,1647.69
1957,8,fangio,1946.95
1957,8,godia,1621.92
1957,8,gould,1339.85
1957,8,gregory,1791.99
1957,8,halford,1478.27
1957,8,hawthorn,1786.94
1957,8,lewis-evans,1522.75
1957,8,moss,1891.12
1957,8,musso,1723.13
1957,8,piotti,1320.48
1957,8,scarlatti,1691.78
1957,8,schell,1593.03
1957,8,schell,1593.03
1957,8,simon,1551.55
1957,8,trips,1673.09
1957,8,volonterio,1615.25
1958,1,behra,1566.87
1958,1,collins,1564.09
1958,1,fangio,1918.9
1958,1,godia,1581.82
1958,1,gould,1332.46
1958,1,hawthorn,1805.19
1958,1,menditeguy,1444.19
1958,1,moss,1927.69
1958,1,musso,1772.02
1958,1,schell,1596.78
1958,2,allison,1577.78
1958,2,behra,1503.55
1958,2,bonnier,1428.57
1958,2,brooks,1504.94
1958,2,collins,1671.4
1958,2,hawthorn,1692.88
1958,2,hill,1525.28
1958,2,jack_brabham,1611.13
1958,2,lewis-evans,1422.48
1958,2,moss,1764.59
1958,2,musso,1829.8
1958,2,salvadori,1481.12
1958,2,scarlatti,1567.62
1958,2,schell,1658.68
1958,2,trintignant,1740.68
1958,2,trips,1674.82
1958,3,allison,1640.52
1958,3,beaufort,1520.44
1958,3,behra,1642.82
1958,3,bonnier,1481.37
1958,3,brooks,1411.19
1958,3,collins,1547.83
1958,3,gould,1273.5
1958,3,gregory,1607.13
1958,3,hawthorn,1730.22
1958,3,hill,1473.79
1958,3,jack_brabham,1630.26
1958,3,lewis-evans,1424.63
1958,3,moss,1846.39
1958,3,musso,1788.88
1958,3,salvadori,1611.54
1958,3,scarlatti,1535.71
1958,3,schell,1758.75
1958,3,trintignant,1696.08
1958,4,bettenhausen,1698.24
1958,4,bisch,1268.0
1958,4,boyd,1714.53
1958,4,bryan,1819.23
1958,4,cheesbourg,1553.9
1958,4,christie,1583.17
1958,4,connor,1384.29
1958,4,dempsey_wilson,1537.41
1958,4,dick_rathmann,1396.95
1958,4,elisian,1230.87
1958,4,foyt,1523.28
1958,4,freeland,1695.99
1958,4,garrett,1459.44
1958,4,george_amick,1713.8
1958,4,goldsmith,1315.4
1958,4,jerry_unser,1299.7
1958,4,johnson,1583.67
1958,4,keller,1532.05
1958,4,larson,1636.88
1958,4,magill,1466.8
1958,4,parsons,1604.07
1958,4,paul_russo,1546.92
1958,4,rathmann,1760.48
1958,4,reece,1664.2
1958,4,sachs,1398.81
1958,4,sutton,1283.9
1958,4,templeman,1475.79
1958,4,thomson,1415.03
1958,4,tolan,1540.01
1958,4,turner,1402.64
1958,4,veith,1445.88
1958,4,ward,1393.65
1958,4,weyant,1431.67
1958,5,allison,1722.35
1958,5,behra,1526.82
1958,5,bonnier,1547.2
1958,5,brooks,1631.43
1958,5,collins,1487.42
1958,5,filippis,1541.27
1958,5,gendebien,1605.37
1958,5,godia,1573.3
1958,5,gregory,1457.03
1958,5,hawthorn,1812.29
1958,5,hill,1474.83
1958,5,jack_brabham,1585.53
1958,5,lewis-evans,1608.0
1958,5,moss,1615.71
1958,5,musso,1647.39
1958,5,salvadori,1641.66
1958,5,schell,1781.05
1958,5,seidel,1456.97
1958,5,trintignant,1708.52
1958,6,allison,1498.88
1958,6,behra,1537.37
1958,6,bonnier,1630.71
1958,6,brooks,1497.31
1958,6,brooks,1497.31
1958,6,collins,1646.52
1958,6,fangio,1924.45
1958,6,gerini,1665.65
1958,6,godia,1499.0
1958,6,hawthorn,1900.61
1958,6,hill,1459.6
1958,6,jack_brabham,1685.45
1958,6,lewis-evans,1551.97
1958,6,moss,1763.73
1958,6,musso,1491.36
1958,6,phil_hill,1620.78
1958,6,ruttman,1422.98
1958,6,salvadori,1632.56
1958,6,schell,1696.69
1958,6,shelby,1391.06
1958,6,trintignant,1557.52
1958,6,trips,1782.7
1958,7,allison,1468.02
1958,7,behra,1474.01
1958,7,bonnier,1610.76
1958,7,brooks,1596.6
1958,7,bueb,1457.2
1958,7,burgess,1501.14
1958,7,collins,1778.4
1958,7,fairman,1430.93
1958,7,gerini,1615.35
1958,7,hawthorn,1935.4
1958,7,hill,1373.44
1958,7,jack_brabham,1725.13
1958,7,lewis-evans,1675.66
1958,7,moss,1640.54
1958,7,salvadori,1740.23
1958,7,schell,1747.62
1958,7,shelby,1497.58
1958,7,stacey,1416.66
1958,7,trintignant,1616.0
1958,7,trips,1717.88
1958,8,allison,1574.6
1958,8,barth,1673.79
1958,8,beaufort,1463.72
1958,8,behra,1456.07
1958,8,bonnier,1413.63
1958,8,brooks,1773.68
1958,8,bueb,1553.06
1958,8,burgess,1637.01
1958,8,collins,1691.01
1958,8,gibson,1334.34
1958,8,goethals,1503.38
1958,8,hawthorn,1799.15
1958,8,herrmann,1501.19
1958,8,hill,1418.08
1958,8,jack_brabham,1484.87
1958,8,marsh,1620.86
1958,8,mclaren,1666.63
1958,8,moss,1492.63
1958,8,naylor,1405.12
1958,8,phil_hill,1667.78
1958,8,ruttman,1297.26
1958,8,salvadori,1841.33
1958,8,schell,1643.41
1958,8,seidel,1511.17
1958,8,trintignant,1756.03
1958,8,trips,1798.13
1958,9,allison,1500.69
1958,9,behra,1571.52
1958,9,bonnier,1368.47
1958,9,brooks,1671.72
1958,9,filippis,1441.12
1958,9,hawthorn,1847.23
1958,9,hill,1408.63
1958,9,jack_brabham,1541.29
1958,9,lewis-evans,1741.38
1958,9,moss,1646.78
1958,9,salvadori,1754.79
1958,9,schell,1667.82
1958,9,shelby,1500.32
1958,9,trintignant,1710.78
1958,9,trips,1793.55
1958,10,allison,1601.18
1958,10,behra,1590.78
1958,10,bonnier,1392.4
1958,10,brooks,1803.53
1958,10,cabianca,1567.3
1958,10,filippis,1550.62
1958,10,gendebien,1513.15
1958,10,gerini,1502.4
1958,10,gregory,1624.15
1958,10,hawthorn,1901.59
1958,10,herrmann,1535.3
1958,10,hill,1565.37
1958,10,jack_brabham,1397.58
1958,10,lewis-evans,1652.98
1958,10,moss,1569.8
1958,10,phil_hill,1771.77
1958,10,salvadori,1778.42
1958,10,schell,1484.04
1958,10,shelby,1521.72
1958,10,shelby,1521.72
1958,10,trintignant,1620.52
1958,10,trips,1568.22
1958,11,allison,1634.9
1958,11,behra,1441.34
1958,11,bonnier,1614.97
1958,11,bridger,1441.16
1958,11,brooks,1581.64
1958,11,fairman,1577.16
1958,11,flockhart,1325.18
1958,11,gendebien,1417.65
1958,11,gerini,1552.0
1958,11,gregory,1706.98
1958,11,guelfi,1504.43
1958,11,hawthorn,1942.98
1958,11,herrmann,1615.9
1958,11,hill,1522.13
1958,11,jack_brabham,1512.87
1958,11,la_caze,1520.51
1958,11,lewis-evans,1551.29
1958,11,mclaren,1621.33
1958,11,moss,1749.87
1958,11,phil_hill,1840.19
1958,11,picard,1457.66
1958,11,salvadori,1779.78
1958,11,schell,1647.73
1958,11,seidel,1383.81
1958,11,trintignant,1406.25
1959,1,allison,1508.29
1959,1,behra,1449.22
1959,1,bonnier,1582.02
1959,1,brooks,1692.77
1959,1,flockhart,1419.35
1959,1,gregory,1589.44
1959,1,halford,1387.1
1959,1,hill,1485.75
1959,1,jack_brabham,1663.79
1959,1,mclaren,1669.55
1959,1,moss,1723.74
1959,1,phil_hill,1838.93
1959,1,salvadori,1760.96
1959,1,schell,1620.22
1959,1,trintignant,1558.33
1959,1,trips,1482.19
1959,2,amick,1302.38
1959,2,arnold,1541.69
1959,2,bettenhausen,1789.88
1959,2,boyd,1768.43
1959,2,branson,1410.41
1959,2,bryan,1399.99
1959,2,cheesbourg,1477.36
1959,2,christie,1429.72
1959,2,darter,1724.78
1959,2,daywalt,1469.78
1959,2,dick_rathmann,1426.14
1959,2,flaherty,1581.2
1959,2,foyt,1624.74
1959,2,freeland,1521.96
1959,2,goldsmith,1598.5
1959,2,grim,1380.78
1959,2,hartley,1648.18
1959,2,herman,1528.66
1959,2,johnson,1678.62
1959,2,keller,1510.84
1959,2,larson,1389.21
1959,2,magill,1303.99
1959,2,mcwithey,1527.33
1959,2,paul_russo,1648.75
1959,2,rathmann,1854.38
1959,2,ray_crawford,1327.27
1959,2,sachs,1469.42
1959,2,sutton,1180.38
1959,2,thomson,1668.97
1959,2,turner,1322.24
1959,2,veith,1564.53
1959,2,ward,1684.6
1959,2,weyant,1319.02
1959,3,allison,1520.91
1959,3,beaufort,1472.59
1959,3,behra,1549.26
1959,3,bonnier,1705.91
1959,3,brooks,1574.15
1959,3,gregory,1677.85
1959,3,hill,1540.95
1959,3,ireland,1601.2
1959,3,jack_brabham,1744.67
1959,3,moss,1628.76
1959,3,phil_hill,1799.1
1959,3,salvadori,1584.81
1959,3,schell,1543.31
1959,3,shelby,1443.57
1959,3,trintignant,1571.83
1959,4,beaufort,1559.29
1959,4,behra,1537.84
1959,4,bonnier,1493.14
1959,4,brooks,1736.84
1959,4,burgess,1520.9
1959,4,davis,1397.35
1959,4,flockhart,1577.53
1959,4,fontes,1364.31
1959,4,gendebien,1607.45
1959,4,gregory,1527.35
1959,4,gurney,1478.52
1959,4,hill,1437.34
1959,4,ireland,1517.39
1959,4,jack_brabham,1809.38
1959,4,mclaren,1732.25
1959,4,moss,1596.62
1959,4,orey,1558.05
1959,4,phil_hill,1859.91
1959,4,salvadori,1541.12
1959,4,scarlatti,1610.0
1959,4,schell,1629.85
1959,4,trintignant,1581.22
1959,5,ashdown,1533.27
1959,5,bonnier,1434.92
1959,5,bristow,1564.72
1959,5,brooks,1461.85
1959,5,bueb,1545.13
1959,5,burgess,1433.11
1959,5,fairman,1494.51
1959,5,flockhart,1510.21
1959,5,gregory,1626.77
1959,5,henry_taylor,1549.04
1959,5,herrmann,1466.12
1959,5,hill,1547.7
1959,5,jack_brabham,1882.09
1959,5,mclaren,1800.76
1959,5,mike_taylor,1355.57
1959,5,moss,1736.12
1959,5,naylor,1320.03
1959,5,orey,1515.69
1959,5,piper,1390.04
1959,5,salvadori,1649.08
1959,5,schell,1726.38
1959,5,shelby,1471.86
1959,5,stacey,1552.89
1959,5,trintignant,1685.22
1959,6,allison,1446.02
1959,6,bonnier,1541.49
1959,6,brooks,1626.98
1959,6,burgess,1522.08
1959,6,gregory,1586.78
1959,6,gurney,1620.93
1959,6,herrmann,1494.94
1959,6,hill,1500.54
1959,6,ireland,1461.78
1959,6,jack_brabham,1747.96
1959,6,mclaren,1742.1
1959,6,moss,1573.62
1959,6,phil_hill,1875.39
1959,6,schell,1706.21
1959,6,trintignant,1730.96
1959,7,bonnier,1491.52
1959,7,brooks,1614.55
1959,7,cabral,1514.12
1959,7,flockhart,1573.56
1959,7,gregory,1705.69
1959,7,gurney,1711.42
1959,7,hill,1430.37
1959,7,ireland,1384.87
1959,7,jack_brabham,1642.32
1959,7,mclaren,1654.86
1959,7,moss,1713.82
1959,7,phil_hill,1693.88
1959,7,salvadori,1681.21
1959,7,schell,1735.29
1959,7,shelby,1530.09
1959,7,trintignant,1768.3
1959,8,allison,1600.4
1959,8,bonnier,1580.71
1959,8,brooks,1436.25
1959,8,burgess,1501.37
1959,8,cabianca,1510.75
1959,8,davis,1476.21
1959,8,fairman,1419.92
1959,8,flockhart,1547.47
1959,8,gendebien,1678.31
1959,8,gurney,1772.65
1959,8,hill,1344.32
1959,8,ireland,1333.34
1959,8,jack_brabham,1746.06
1959,8,mclaren,1528.52
1959,8,moss,1820.8
1959,8,phil_hill,1792.87
1959,8,salvadori,1559.12
1959,8,scarlatti,1584.29
1959,8,schell,1738.64
1959,8,shelby,1572.31
1959,8,trintignant,1726.46
1959,9,allison,1623.14
1959,9,blanchard,1578.81
1959,9,brooks,1605.67
1959,9,cade,1382.04
1959,9,constantine,1434.76
1959,9,ireland,1508.59
1959,9,jack_brabham,1783.13
1959,9,mclaren,1693.46
1959,9,moss,1661.37
1959,9,orey,1491.84
1959,9,phil_hill,1676.63
1959,9,said,1399.83
1959,9,salvadori,1582.0
1959,9,schell,1594.22
1959,9,stacey,1449.62
1959,9,tomaso,1501.02
1959,9,trintignant,1803.61
1959,9,trips,1584.71
1959,9,ward,1641.86
1960,1,allison,1755.68
1960,1,bonnier,1643.8
1960,1,bonomi,1536.9
1960,1,chimeri,1391.43
1960,1,creus,1374.15
1960,1,estefano,1489.2
1960,1,gonzalez,1559.54
1960,1,gregory,1632.81
1960,1,hill,1332.92
1960,1,ireland,1620.02
1960,1,jack_brabham,1610.91
1960,1,larreta,1569.39
1960,1,mclaren,1812.72
1960,1,menditeguy,1615.5
1960,1,moss,1594.1
1960,1,moss,1594.1
1960,1,munaron,1505.81
1960,1,phil_hill,1681.35
1960,1,scarlatti,1403.84
1960,1,schell,1524.08
1960,1,stacey,1379.83
1960,1,trintignant,1837.89
1960,1,trips,1677.39
1960,2,bonnier,1692.91
1960,2,bristow,1484.92
1960,2,brooks,1684.5
1960,2,ginther,1580.79
1960,2,gurney,1691.79
1960,2,hill,1445.78
1960,2,ireland,1607.61
1960,2,jack_brabham,1568.77
1960,2,mclaren,1859.82
1960,2,moss,1725.1
1960,2,phil_hill,1751.53
1960,2,salvadori,1532.59
1960,2,stacey,1375.16
1960,2,surtees,1423.58
1960,2,trintignant,1629.14
1960,2,trips,1662.0
1960,3,amick,1514.99
1960,3,bettenhausen,1551.47
1960,3,boyd,1480.39
1960,3,branson,1659.88
1960,3,bryan,1445.67
1960,3,christie,1588.52
1960,3,darter,1690.75
1960,3,dempsey_wilson,1289.67
1960,3,dick_rathmann,1271.69
1960,3,force,1391.08
1960,3,foyt,1452.27
1960,3,freeland,1451.63
1960,3,goldsmith,1761.36
1960,3,grim,1482.43
1960,3,hartley,1627.32
1960,3,herman,1301.58
1960,3,homeier,1588.32
1960,3,hurtubise,1504.88
1960,3,johnson,1758.58
1960,3,mcwithey,1351.52
1960,3,rathmann,1934.37
1960,3,ruby,1661.54
1960,3,russo,1245.31
1960,3,ruttman,1380.15
1960,3,sachs,1444.19
1960,3,stevenson,1585.46
1960,3,sutton,1153.75
1960,3,templeman,1509.3
1960,3,thomson,1767.27
1960,3,tingelstad,1633.95
1960,3,veith,1676.6
1960,3,ward,1796.71
1960,3,weiler,1414.89
1960,4,beaufort,1624.42
1960,4,bonnier,1666.84
1960,4,bristow,1469.42
1960,4,brooks,1551.72
1960,4,clark,1526.89
1960,4,daigh,1378.65
1960,4,ginther,1668.62
1960,4,gregory,1489.85
1960,4,gurney,1602.87
1960,4,henry_taylor,1634.7
1960,4,hill,1636.65
1960,4,ireland,1745.94
1960,4,jack_brabham,1738.87
1960,4,mclaren,1668.35
1960,4,moss,1783.81
1960,4,phil_hill,1685.72
1960,4,reventlow,1396.49
1960,4,salvadori,1449.85
1960,4,stacey,1499.6
1960,4,trintignant,1583.5
1960,4,trips,1730.78
1960,5,bianchi,1600.76
1960,5,bonnier,1584.68
1960,5,bristow,1499.22
1960,5,brooks,1466.57
1960,5,clark,1634.12
1960,5,daigh,1422.47
1960,5,gendebien,1759.72
1960,5,gurney,1514.45
1960,5,hill,1667.99
1960,5,ireland,1616.83
1960,5,jack_brabham,1831.25
1960,5,mairesse,1550.89
1960,5,mclaren,1769.26
1960,5,mike_taylor,1285.74
1960,5,moss,1571.49
1960,5,phil_hill,1748.55
1960,5,reventlow,1349.21
1960,5,stacey,1567.7
1960,5,trips,1675.58
1960,6,bianchi,1565.62
1960,6,bonnier,1572.68
1960,6,brooks,1424.86
1960,6,burgess,1571.93
1960,6,clark,1725.5
1960,6,daigh,1313.81
1960,6,flockhart,1661.72
1960,6,gendebien,1845.42
1960,6,ginther,1487.54
1960,6,gregory,1581.76
1960,6,gurney,1502.25
1960,6,halford,1539.72
1960,6,henry_taylor,1740.95
1960,6,hill,1519.17
1960,6,ireland,1684.77
1960,6,jack_brabham,1907.95
1960,6,mairesse,1489.14
1960,6,mclaren,1836.33
1960,6,munaron,1480.74
1960,6,phil_hill,1678.0
1960,6,piper,1311.78
1960,6,trintignant,1457.87
1960,6,trips,1652.07
1960,7,bianchi,1481.19
1960,7,bonnier,1469.22
1960,7,brooks,1602.48
1960,7,burgess,1435.18
1960,7,clark,1598.2
1960,7,daigh,1306.18
1960,7,fairman,1318.55
1960,7,gendebien,1787.58
1960,7,greene,1346.26
1960,7,gregory,1551.82
1960,7,gurney,1575.18
1960,7,henry_taylor,1738.03
1960,7,hill,1472.27
1960,7,ireland,1781.26
1960,7,jack_brabham,1965.18
1960,7,mclaren,1863.44
1960,7,munaron,1481.67
1960,7,naylor,1422.57
1960,7,phil_hill,1715.83
1960,7,piper,1435.03
1960,7,reventlow,1241.52
1960,7,salvadori,1352.77
1960,7,surtees,1643.87
1960,7,trintignant,1534.99
1960,7,trips,1715.75
1960,8,bonnier,1400.38
1960,8,brooks,1669.2
1960,8,cabral,1540.45
1960,8,clark,1699.93
1960,8,gendebien,1763.92
1960,8,gregory,1496.67
1960,8,gurney,1530.9
1960,8,hill,1421.45
1960,8,ireland,1776.2
1960,8,jack_brabham,2003.22
1960,8,mclaren,1906.28
1960,8,moss,1598.28
1960,8,phil_hill,1644.01
1960,8,surtees,1612.27
1960,8,trips,1764.56
1960,9,barth,1648.1
1960,9,cabianca,1589.25
1960,9,drogo,1519.65
1960,9,gamble,1485.34
1960,9,ginther,1607.07
1960,9,gould,1211.16
1960,9,herrmann,1548.24
1960,9,mairesse,1591.73
1960,9,munaron,1422.45
1960,9,naylor,1418.92
1960,9,owen,1381.99
1960,9,phil_hill,1727.55
1960,9,scarlatti,1354.85
1960,9,seidel,1428.14
1960,9,thiele,1451.05
1960,9,trips,1745.5
1960,9,vic_wilson,1399.14
1960,10,bonnier,1595.22
1960,10,brooks,1472.67
1960,10,burgess,1407.16
1960,10,clark,1591.24
1960,10,daigh,1458.08
1960,10,drake,1526.19
1960,10,flockhart,1484.45
1960,10,gendebien,1692.63
1960,10,gurney,1428.01
1960,10,hall,1622.74
1960,10,henry_taylor,1645.08
1960,10,hill,1416.56
1960,10,ireland,1864.28
1960,10,jack_brabham,1993.02
1960,10,lovely,1556.98
1960,10,mclaren,1937.7
1960,10,moss,1767.81
1960,10,naylor,1379.54
1960,10,phil_hill,1771.69
1960,10,salvadori,1519.29
1960,10,surtees,1425.3
1960,10,trintignant,1514.92
1960,10,trips,1732.29
1961,1,allison,1735.82
1961,1,bonnier,1559.56
1961,1,brooks,1459.48
1961,1,clark,1592.63
1961,1,ginther,1736.39
1961,1,gurney,1565.93
1961,1,herrmann,1581.51
1961,1,hill,1367.61
1961,1,ireland,1648.85
1961,1,jack_brabham,1775.0
1961,1,may,1460.03
1961,1,mclaren,1899.37
1961,1,moss,1863.94
1961,1,phil_hill,1832.32
1961,1,surtees,1462.2
1961,1,trintignant,1592.68
1961,1,trips,1788.39
1961,2,beaufort,1536.43
1961,2,bonnier,1543.88
1961,2,brooks,1511.47
1961,2,burgess,1335.81
1961,2,clark,1700.67
1961,2,ginther,1766.13
1961,2,gregory,1416.86
1961,2,gurney,1565.32
1961,2,herrmann,1491.16
1961,2,hill,1465.66
1961,2,jack_brabham,1776.13
1961,2,mclaren,1755.08
1961,2,moss,1873.08
1961,2,phil_hill,1884.57
1961,2,surtees,1549.42
1961,2,trevor_taylor,1471.6
1961,2,trips,1869.31
1961,3,allison,1490.77
1961,3,bandini,1515.63
1961,3,beaufort,1613.35
1961,3,bianchi,1444.56
1961,3,bonnier,1678.03
1961,3,brooks,1570.13
1961,3,burgess,1288.8
1961,3,clark,1682.97
1961,3,gendebien,1803.39
1961,3,ginther,1860.29
1961,3,gregory,1565.93
1961,3,gurney,1704.54
1961,3,henry_taylor,1430.31
1961,3,hill,1529.43
1961,3,ireland,1547.76
1961,3,jack_brabham,1641.69
1961,3,lewis,1626.81
1961,3,mairesse,1486.21
1961,3,marsh,1485.0
1961,3,mclaren,1616.25
1961,3,moss,1844.63
1961,3,phil_hill,1965.26
1961,3,seidel,1364.38
1961,3,surtees,1711.38
1961,3,trintignant,1579.61
1961,3,trips,1939.67
1961,4,baghetti,1759.79
1961,4,beaufort,1572.66
1961,4,bianchi,1479.42
1961,4,bonnier,1763.0
1961,4,bordeu,1366.59
1961,4,brooks,1448.19
1961,4,burgess,1472.04
1961,4,clark,1824.54
1961,4,collomb,1445.84
1961,4,gendebien,1469.22
1961,4,ginther,1732.57
1961,4,gregory,1637.68
1961,4,gurney,1850.23
1961,4,henry_taylor,1604.73
1961,4,herrmann,1345.61
1961,4,hill,1705.58
1961,4,ireland,1742.62
1961,4,jack_brabham,1525.34
1961,4,lewis,1458.07
1961,4,mairesse,1529.88
1961,4,may,1603.45
1961,4,mclaren,1761.67
1961,4,moss,1710.67
1961,4,naylor,1254.89
1961,4,phil_hill,1893.7
1961,4,salvadori,1672.95
1961,4,scarlatti,1404.25
1961,4,seidel,1313.36
1961,4,surtees,1525.24
1961,4,trintignant,1629.36
1961,4,trips,1697.12
1961,5,ashmore,1358.03
1961,5,baghetti,1551.88
1961,5,bandini,1625.11
1961,5,beaufort,1587.83
1961,5,bianchi,1471.14
1961,5,bonnier,1843.04
1961,5,brooks,1635.63
1961,5,burgess,1574.22
1961,5,clark,1670.96
1961,5,fairman,1407.4
1961,5,gendebien,1294.28
1961,5,ginther,1857.03
1961,5,greene,1497.34
1961,5,gregory,1695.95
1961,5,gurney,1861.53
1961,5,henry_taylor,1389.66
1961,5,hill,1542.15
1961,5,ireland,1759.94
1961,5,jack_brabham,1738.08
1961,5,lewis,1354.4
1961,5,maggs,1602.64
1961,5,marsh,1415.93
1961,5,mclaren,1800.08
1961,5,moss,1554.25
1961,5,moss,1554.25
1961,5,natili,1326.04
1961,5,parnell,1390.96
1961,5,phil_hill,1965.51
1961,5,salvadori,1782.59
1961,5,seidel,1448.35
1961,5,surtees,1418.65
1961,5,trips,1865.26
1961,6,ashmore,1509.94
1961,6,bandini,1570.3
1961,6,barth,1479.68
1961,6,beaufort,1646.06
1961,6,bonnier,1636.43
1961,6,brooks,1560.44
1961,6,burgess,1670.73
1961,6,campbell-jones,1318.56
1961,6,clark,1824.69
1961,6,collomb,1506.47
1961,6,duke,1335.47
1961,6,ginther,1864.46
1961,6,gregory,1484.96
1961,6,gurney,1880.82
1961,6,herrmann,1550.43
1961,6,hill,1476.71
1961,6,ireland,1554.31
1961,6,jack_brabham,1531.35
1961,6,lewis,1610.96
1961,6,maggs,1697.58
1961,6,mairesse,1573.73
1961,6,marsh,1553.91
1961,6,may,1431.36
1961,6,mclaren,1861.18
1961,6,monteverdi,1369.01
1961,6,moss,1804.36
1961,6,phil_hill,2006.85
1961,6,pirocchi,1352.28
1961,6,salvadori,1795.17
1961,6,seidel,1449.99
1961,6,surtees,1691.0
1961,6,trintignant,1602.37
1961,6,trips,1957.85
1961,7,ashmore,1370.93
1961,7,baghetti,1588.32
1961,7,bandini,1730.94
1961,7,barth,1342.83
1961,7,beaufort,1778.14
1961,7,boffa,1285.98
1961,7,bonnier,1649.9
1961,7,brooks,1764.26
1961,7,bussinello,1413.41
1961,7,clark,1550.94
1961,7,fairman,1426.63
1961,7,ginther,1778.83
1961,7,gregory,1533.35
1961,7,gurney,1973.01
1961,7,henry_taylor,1613.08
1961,7,hill,1515.53
1961,7,ireland,1500.88
1961,7,jack_brabham,1522.88
1961,7,lewis,1801.11
1961,7,lippi,1382.3
1961,7,may,1239.59
1961,7,mclaren,1946.63
1961,7,moss,1762.7
1961,7,natili,1254.98
1961,7,naylor,1386.68
1961,7,parnell,1627.98
1961,7,phil_hill,2071.86
1961,7,pirocchi,1582.51
1961,7,prinoth,1301.91
1961,7,ricardo_rodriguez,1581.48
1961,7,salvadori,1864.71
1961,7,seidel,1377.1
1961,7,starrabba,1608.21
1961,7,surtees,1523.58
1961,7,thiele,1297.18
1961,7,trintignant,1731.61
1961,7,trips,1619.73
1961,7,vaccarella,1553.7
1961,8,bonnier,1711.41
1961,8,brooks,1831.66
1961,8,clark,1635.88
1961,8,gendebien,1393.08
1961,8,gregory,1485.79
1961,8,gregory,1485.79
1961,8,gurney,1999.49
1961,8,hall,1564.28
1961,8,hansgen,1410.07
1961,8,hill,1646.72
1961,8,ireland,1694.91
1961,8,jack_brabham,1458.42
1961,8,ken_miles,1375.01
1961,8,mclaren,1944.73
1961,8,moss,1614.67
1961,8,penske,1588.91
1961,8,ruby,1570.88
1961,8,ryan,1571.97
1961,8,salvadori,1727.25
1961,8,sharp,1554.96
1961,8,surtees,1406.84
1962,1,baghetti,1737.43
1962,1,beaufort,1820.32
1962,1,bonnier,1764.16
1962,1,clark,1688.73
1962,1,ginther,1739.79
1962,1,gregory,1534.7
1962,1,gurney,1808.75
1962,1,hill,1818.95
1962,1,ireland,1675.04
1962,1,jack_brabham,1417.59
1962,1,lewis,1802.64
1962,1,maggs,1786.93
1962,1,mclaren,1757.62
1962,1,phil_hill,2075.7
1962,1,pon,1426.16
1962,1,ricardo_rodriguez,1640.38
1962,1,salvadori,1613.87
1962,1,seidel,1446.43
1962,1,slotemaker,1408.11
1962,1,surtees,1401.69
1962,1,trevor_taylor,1696.24
1962,1,trintignant,1527.84
1962,2,bandini,1823.38
1962,2,bonnier,1810.55
1962,2,bussinello,1366.48
1962,2,clark,1679.48
1962,2,ginther,1611.61
1962,2,gurney,1687.96
1962,2,hill,1830.25
1962,2,ireland,1687.42
1962,2,jack_brabham,1540.18
1962,2,maggs,1707.08
1962,2,mairesse,1659.11
1962,2,marsh,1443.55
1962,2,mclaren,1870.94
1962,2,phil_hill,2088.76
1962,2,ricardo_rodriguez,1534.32
1962,2,salvadori,1616.6
1962,2,surtees,1595.47
1962,2,trevor_taylor,1634.99
1962,2,trintignant,1497.15
1962,3,ashmore,1338.14
1962,3,baghetti,1602.02
1962,3,beaufort,1839.19
1962,3,bianchi,1620.33
1962,3,bonnier,1523.8
1962,3,campbell-jones,1499.95
1962,3,clark,1848.57
1962,3,ginther,1613.61
1962,3,gregory,1529.73
1962,3,gurney,1562.04
1962,3,hill,1923.43
1962,3,ireland,1591.94
1962,3,jack_brabham,1702.27
1962,3,lewis,1586.91
1962,3,maggs,1647.1
1962,3,mairesse,1653.25
1962,3,marsh,1416.14
1962,3,mclaren,1719.52
1962,3,phil_hill,2090.03
1962,3,ricardo_rodriguez,1729.85
1962,3,salvadori,1459.96
1962,3,schiller,1380.59
1962,3,siffert,1619.4
1962,3,surtees,1746.78
1962,3,trevor_taylor,1656.07
1962,3,trintignant,1650.5
1962,4,abate,1396.72
1962,4,arundell,1450.52
1962,4,beaufort,1840.91
1962,4,bonnier,1595.24
1962,4,burgess,1478.01
1962,4,clark,1766.52
1962,4,davis,1399.98
1962,4,ginther,1749.98
1962,4,gregory,1534.12
1962,4,gurney,1750.62
1962,4,hill,1847.16
1962,4,ireland,1521.23
1962,4,jack_brabham,1615.26
1962,4,lewis,1600.94
1962,4,maggs,1785.23
1962,4,marsh,1380.09
1962,4,mclaren,1797.33
1962,4,salvadori,1509.81
1962,4,siffert,1553.17
1962,4,surtees,1798.56
1962,4,trevor_taylor,1700.07
1962,4,trintignant,1712.44
1962,5,beaufort,1739.25
1962,5,bonnier,1531.13
1962,5,burgess,1575.17
1962,5,campbell-jones,1395.29
1962,5,chamberlain,1542.35
1962,5,clark,1900.97
1962,5,ginther,1704.61
1962,5,greene,1350.43
1962,5,greene,1350.43
1962,5,gregory,1682.58
1962,5,gurney,1770.0
1962,5,hill,1904.97
1962,5,ireland,1537.18
1962,5,jack_brabham,1756.31
1962,5,lewis,1674.22
1962,5,maggs,1836.52
1962,5,mclaren,1889.55
1962,5,phil_hill,1841.44
1962,5,salvadori,1501.64
1962,5,seidel,1431.5
1962,5,settember,1603.84
1962,5,shelly,1444.59
1962,5,siffert,1389.75
1962,5,surtees,1905.42
1962,5,trevor_taylor,1757.24
1962,5,trintignant,1524.38
1962,6,baghetti,1692.53
1962,6,bandini,1597.06
1962,6,beaufort,1716.14
1962,6,bianchi,1605.71
1962,6,bonnier,1698.17
1962,6,burgess,1662.41
1962,6,clark,1950.86
1962,6,collomb,1398.72
1962,6,ginther,1776.6
1962,6,greene,1390.19
1962,6,gurney,1887.3
1962,6,hill,1999.77
1962,6,jack_brabham,1630.65
1962,6,lewis,1618.04
1962,6,maggs,1834.13
1962,6,marsh,1288.17
1962,6,mclaren,1928.82
1962,6,phil_hill,1689.18
1962,6,ricardo_rodriguez,1821.89
1962,6,salvadori,1463.18
1962,6,schiller,1340.9
1962,6,siffert,1541.97
1962,6,surtees,1984.78
1962,6,trevor_taylor,1513.48
1962,6,trintignant,1458.81
1962,6,vaccarella,1586.41
1962,6,walter,1573.53
1962,7,baghetti,1804.55
1962,7,bandini,1700.72
1962,7,beaufort,1737.46
1962,7,bonnier,1791.85
1962,7,clark,1689.21
1962,7,ginther,1902.17
1962,7,gregory,1685.56
1962,7,gurney,1788.85
1962,7,hill,2066.34
1962,7,ireland,1551.76
1962,7,kuhnke,1407.19
1962,7,maggs,1857.25
1962,7,mairesse,1797.28
1962,7,mclaren,1983.99
1962,7,phil_hill,1705.66
1962,7,ricardo_rodriguez,1735.0
1962,7,salvadori,1471.13
1962,7,settember,1524.4
1962,7,surtees,1798.55
1962,7,trevor_taylor,1485.88
1962,7,trintignant,1413.65
1962,7,vaccarella,1677.56
1962,8,beaufort,1587.15
1962,8,bonnier,1703.84
1962,8,clark,1835.7
1962,8,ginther,1757.56
1962,8,gregory,1756.78
1962,8,gurney,1838.67
1962,8,hall,1445.77
1962,8,hill,2088.07
1962,8,ireland,1641.8
1962,8,jack_brabham,1754.02
1962,8,maggs,1850.54
1962,8,mayer,1472.89
1962,8,mclaren,2007.7
1962,8,penske,1648.11
1962,8,salvadori,1402.8
1962,8,schroeder,1574.76
1962,8,sharp,1592.32
1962,8,surtees,1640.16
1962,8,trevor_taylor,1530.75
1962,8,trintignant,1433.04
1962,9,beaufort,1597.01
1962,9,clark,1734.75
1962,9,ginther,1769.32
1962,9,harris,1479.02
1962,9,hill,2118.27
1962,9,hocking,1428.65
1962,9,ireland,1728.34
1962,9,jack_brabham,1816.73
1962,9,johnstone,1577.52
1962,9,lederle,1624.96
1962,9,love,1594.08
1962,9,maggs,1899.55
1962,9,mclaren,2034.92
1962,9,pieterse,1560.9
1962,9,salvadori,1435.75
1962,9,serrurier,1513.84
1962,9,settember,1408.76
1962,9,surtees,1546.2
1962,9,tingle,1376.29
1962,9,trevor_taylor,1464.57
1962,9,vyver,1411.21
1963,1,amon,1515.79
1963,1,baghetti,1655.79
1963,1,bandini,1512.42
1963,1,beaufort,1438.09
1963,1,bonnier,1775.59
1963,1,burgess,1543.4
1963,1,campbell-jones,1401.41
1963,1,clark,1778.16
1963,1,estefano,1407.94
1963,1,ginther,1892.88
1963,1,gurney,1759.52
1963,1,hall,1517.23
1963,1,hill,2156.52
1963,1,ireland,1744.12
1963,1,jack_brabham,1811.26
1963,1,maggs,1928.98
1963,1,mairesse,1768.57
1963,1,mclaren,2057.29
1963,1,phil_hill,1616.44
1963,1,settember,1375.08
1963,1,siffert,1557.56
1963,1,surtees,1729.87
1963,1,trevor_taylor,1651.43
1963,1,trintignant,1541.5
1963,2,amon,1528.88
1963,2,arundell,1407.4
1963,2,baghetti,1561.85
1963,2,bandini,1409.97
1963,2,beaufort,1637.86
1963,2,bianchi,1661.61
1963,2,bonnier,1853.68
1963,2,burgess,1410.9
1963,2,clark,1915.33
1963,2,ginther,1943.64
1963,2,gurney,1874.01
1963,2,hall,1593.95
1963,2,hill,2025.65
1963,2,ireland,1641.99
1963,2,jack_brabham,1712.58
1963,2,maggs,1917.06
1963,2,mairesse,1640.06
1963,2,mclaren,2093.61
1963,2,phil_hill,1618.19
1963,2,scarfiotti,1420.22
1963,2,settember,1568.58
1963,2,siffert,1600.81
1963,2,surtees,1761.25
1963,2,trevor_taylor,1543.14
1963,3,amon,1546.33
1963,3,baghetti,1549.61
1963,3,beaufort,1693.6
1963,3,bonnier,1792.6
1963,3,burgess,1346.25
1963,3,clark,2005.85
1963,3,ginther,1957.41
1963,3,gurney,1960.98
1963,3,hall,1683.2
1963,3,hill,1889.31
1963,3,ireland,1778.65
1963,3,jack_brabham,1676.08
1963,3,maggs,1730.56
1963,3,mclaren,1830.0
1963,3,mitter,1445.15
1963,3,phil_hill,1567.17
1963,3,scarfiotti,1606.03
1963,3,settember,1471.67
1963,3,siffert,1704.21
1963,3,surtees,1870.42
1963,3,trevor_taylor,1618.1
1963,4,amon,1688.26
1963,4,arundell,1376.7
1963,4,baghetti,1448.73
1963,4,bandini,1556.69
1963,4,bonnier,1699.49
1963,4,burgess,1297.64
1963,4,clark,2069.22
1963,4,estefano,1321.7
1963,4,ginther,1729.4
1963,4,gregory,1663.99
1963,4,gurney,1970.55
1963,4,hall,1701.88
1963,4,hill,1955.93
1963,4,ireland,1790.16
1963,4,jack_brabham,1809.53
1963,4,maggs,1872.14
1963,4,mclaren,1770.25
1963,4,phil_hill,1588.28
1963,4,scarfiotti,1517.28
1963,4,settember,1468.41
1963,4,siffert,1796.5
1963,4,surtees,1712.3
1963,4,trevor_taylor,1634.14
1963,4,trintignant,1668.82
1963,5,amon,1777.9
1963,5,anderson,1597.11
1963,5,baghetti,1354.31
1963,5,bandini,1735.45
1963,5,beaufort,1734.82
1963,5,bonnier,1657.76
1963,5,burgess,1374.88
1963,5,campbell-jones,1522.2
1963,5,clark,2118.56
1963,5,estefano,1289.23
1963,5,ginther,1848.06
1963,5,gregory,1703.34
1963,5,gurney,1792.72
1963,5,hailwood,1657.67
1963,5,hall,1800.78
1963,5,hill,2003.37
1963,5,ireland,1626.32
1963,5,jack_brabham,1651.53
1963,5,maggs,1850.31
1963,5,mclaren,1566.59
1963,5,phil_hill,1418.16
1963,5,raby,1519.56
1963,5,settember,1418.73
1963,5,siffert,1724.89
1963,5,surtees,1866.9
1963,5,trevor_taylor,1529.07
1963,6,amon,1628.95
1963,6,baghetti,1298.67
1963,6,bandini,1557.85
1963,6,beaufort,1733.27
1963,6,bonnier,1770.74
1963,6,burgess,1464.94
1963,6,cabral,1581.09
1963,6,clark,2139.22
1963,6,collomb,1558.7
1963,6,ginther,1931.59
1963,6,gregory,1488.23
1963,6,gurney,1735.85
1963,6,hall,1869.37
1963,6,hill,1772.65
1963,6,ireland,1515.5
1963,6,jack_brabham,1751.61
1963,6,maggs,1783.74
1963,6,mairesse,1539.33
1963,6,mclaren,1543.51
1963,6,mitter,1678.86
1963,6,phil_hill,1360.0
1963,6,settember,1474.41
1963,6,siffert,1760.77
1963,6,surtees,1973.33
1963,6,trevor_taylor,1666.6
1963,7,abate,1319.42
1963,7,amon,1521.29
1963,7,anderson,1645.48
1963,7,baghetti,1422.91
1963,7,bandini,1529.7
1963,7,bonnier,1818.73
1963,7,burgess,1397.35
1963,7,clark,2173.25
1963,7,ginther,2000.79
1963,7,gregory,1474.18
1963,7,gurney,1687.65
1963,7,hailwood,1711.31
1963,7,hall,1861.99
1963,7,hill,1674.06
1963,7,ireland,1719.22
1963,7,jack_brabham,1837.58
1963,7,maggs,1841.34
1963,7,mclaren,1750.76
1963,7,mitter,1531.46
1963,7,phil_hill,1527.45
1963,7,seiffert,1400.24
1963,7,siffert,1652.76
1963,7,spence,1576.21
1963,7,starrabba,1424.99
1963,7,surtees,1721.11
1963,7,trintignant,1732.71
1963,8,baghetti,1388.69
1963,8,bandini,1709.64
1963,8,beaufort,1812.42
1963,8,bonnier,1830.44
1963,8,broeker,1660.85
1963,8,clark,2165.98
1963,8,ginther,2048.9
1963,8,gregory,1474.38
1963,8,gurney,1648.56
1963,8,hall,1825.12
1963,8,hansgen,1361.62
1963,8,hill,1850.11
1963,8,ireland,1527.86
1963,8,jack_brabham,1908.07
1963,8,maggs,1765.3
1963,8,mclaren,1745.15
1963,8,phil_hill,1472.31
1963,8,rodriguez,1524.12
1963,8,sharp,1527.5
1963,8,siffert,1674.3
1963,8,surtees,1758.1
1963,8,trevor_taylor,1603.47
1963,8,vos,1384.81
1963,8,ward,1724.72
1963,9,amon,1467.69
1963,9,baghetti,1404.47
1963,9,bandini,1687.81
1963,9,beaufort,1796.77
1963,9,bonnier,1888.46
1963,9,clark,2197.72
1963,9,dochnal,1422.73
1963,9,ginther,2070.45
1963,9,gregory,1506.45
1963,9,gurney,1763.28
1963,9,hall,1835.94
1963,9,hansgen,1317.27
1963,9,hill,1916.53
1963,9,ireland,1403.33
1963,9,jack_brabham,1985.68
1963,9,maggs,1586.63
1963,9,mclaren,1692.4
1963,9,monarch,1369.35
1963,9,phil_hill,1568.73
1963,9,rodriguez,1552.42
1963,9,sharp,1676.98
1963,9,siffert,1731.79
1963,9,solana,1601.64
1963,9,surtees,1649.89
1963,9,trevor_taylor,1548.96
1963,10,bandini,1793.74
1963,10,beaufort,1779.11
1963,10,blokdyk,1571.29
1963,10,bonnier,1904.6
1963,10,clark,2225.73
1963,10,driver,1422.29
1963,10,ginther,1815.41
1963,10,gurney,1887.35
1963,10,hailwood,1512.2
1963,10,hill,1973.98
1963,10,jack_brabham,1847.23
1963,10,klerk,1523.2
1963,10,lederle,1479.64
1963,10,love,1675.02
1963,10,maggs,1703.25
1963,10,mclaren,1812.31
1963,10,niemann,1540.51
1963,10,pieterse,1495.43
1963,10,prophet,1505.81
1963,10,serrurier,1596.55
1963,10,surtees,1577.01
1963,10,tingle,1359.64
1963,10,trevor_taylor,1664.68
1964,1,anderson,1721.66
1964,1,andre_pilette,1402.43
1964,1,arundell,1607.63
1964,1,baghetti,1358.17
1964,1,bandini,1765.69
1964,1,bonnier,1925.71
1964,1,clark,2190.18
1964,1,ginther,1914.13
1964,1,gurney,1810.03
1964,1,hailwood,1652.51
1964,1,hill,2043.3
1964,1,ireland,1395.26
1964,1,jack_brabham,1751.09
1964,1,maggs,1538.12
1964,1,mclaren,1712.98
1964,1,phil_hill,1639.45
1964,1,siffert,1760.1
1964,1,surtees,1549.16
1964,1,trevor_taylor,1587.3
1964,1,trintignant,1695.43
1964,2,amon,1631.77
1964,2,anderson,1781.68
1964,2,arundell,1756.9
1964,2,baghetti,1466.43
1964,2,bandini,1642.05
1964,2,beaufort,1633.69
1964,2,bonnier,1866.36
1964,2,clark,2216.13
1964,2,ginther,1822.96
1964,2,gurney,1686.75
1964,2,hailwood,1636.92
1964,2,hill,2041.42
1964,2,jack_brabham,1666.05
1964,2,maggs,1458.73
1964,2,mclaren,1759.4
1964,2,phil_hill,1695.11
1964,2,siffert,1688.53
1964,2,surtees,1735.84
1964,3,amon,1506.07
1964,3,andre_pilette,1399.6
1964,3,arundell,1742.73
1964,3,baghetti,1568.77
1964,3,bandini,1581.32
1964,3,bonnier,1690.32
1964,3,clark,2235.15
1964,3,ginther,1871.45
1964,3,gurney,1749.2
1964,3,hill,2015.47
1964,3,ireland,1483.71
1964,3,jack_brabham,1782.14
1964,3,mclaren,1861.29
1964,3,phil_hill,1632.46
1964,3,revson,1538.72
1964,3,siffert,1645.09
1964,3,surtees,1589.82
1964,3,trevor_taylor,1667.39
1964,4,amon,1561.58
1964,4,anderson,1711.09
1964,4,arundell,1822.23
1964,4,bandini,1631.55
1964,4,clark,2004.89
1964,4,ginther,1893.52
1964,4,gurney,1874.67
1964,4,hailwood,1686.32
1964,4,hill,2051.6
1964,4,ireland,1492.89
1964,4,jack_brabham,1865.52
1964,4,mclaren,1869.99
1964,4,phil_hill,1700.67
1964,4,siffert,1536.06
1964,4,surtees,1534.4
1964,4,trevor_taylor,1568.68
1964,4,trintignant,1671.63
1964,5,amon,1464.58
1964,5,anderson,1773.51
1964,5,attwood,1378.92
1964,5,baghetti,1614.91
1964,5,bandini,1758.04
1964,5,bonnier,1635.4
1964,5,clark,2063.51
1964,5,gardner,1396.79
1964,5,ginther,1868.73
1964,5,gurney,1772.39
1964,5,hailwood,1549.42
1964,5,hill,2082.26
1964,5,ireland,1604.73
1964,5,jack_brabham,1916.05
1964,5,maggs,1471.89
1964,5,mclaren,1616.89
1964,5,phil_hill,1782.73
1964,5,raby,1490.26
1964,5,revson,1535.65
1964,5,siffert,1612.8
1964,5,spence,1668.08
1964,5,surtees,1731.18
1964,5,taylor,1545.78
1964,5,trevor_taylor,1501.23
1964,6,amon,1558.68
1964,6,anderson,1644.69
1964,6,baghetti,1518.55
1964,6,bandini,1863.84
1964,6,barth,1360.4
1964,6,bonnier,1497.81
1964,6,bucknum,1548.77
1964,6,clark,1858.06
1964,6,ginther,1866.89
1964,6,gurney,1757.69
1964,6,hailwood,1428.85
1964,6,hill,2106.73
1964,6,jack_brabham,1812.18
1964,6,maggs,1642.66
1964,6,mclaren,1570.99
1964,6,mitter,1631.93
1964,6,phil_hill,1598.19
1964,6,revson,1553.13
1964,6,siffert,1759.62
1964,6,spence,1729.06
1964,6,surtees,1876.42
1964,6,trintignant,1778.82
1964,7,amon,1466.9
1964,7,anderson,1786.03
1964,7,baghetti,1641.97
1964,7,bandini,1957.48
1964,7,bonnier,1646.43
1964,7,clark,1712.45
1964,7,ginther,1943.45
1964,7,gurney,1701.61
1964,7,hailwood,1567.19
1964,7,hill,1790.29
1964,7,ireland,1728.99
1964,7,jack_brabham,1786.01
1964,7,maggs,1768.46
1964,7,mclaren,1573.38
1964,7,phil_hill,1622.76
1964,7,rindt,1579.67
1964,7,siffert,1619.46
1964,7,spence,1650.99
1964,7,surtees,1673.05
1964,7,trevor_taylor,1480.26
1964,8,anderson,1737.49
1964,8,baghetti,1702.38
1964,8,bandini,1982.13
1964,8,bonnier,1639.95
1964,8,bucknum,1480.62
1964,8,cabral,1534.6
1964,8,clark,1628.93
1964,8,ginther,1956.08
1964,8,gurney,1703.7
1964,8,hailwood,1474.14
1964,8,hill,1588.73
1964,8,ireland,1802.39
1964,8,jack_brabham,1687.54
1964,8,mclaren,1752.93
1964,8,revson,1567.2
1964,8,scarfiotti,1610.96
1964,8,siffert,1705.52
1964,8,spence,1740.33
1964,8,surtees,1828.55
1964,8,trintignant,1633.69
1964,9,amon,1467.32
1964,9,bandini,1855.43
1964,9,bonnier,1556.63
1964,9,bucknum,1494.41
1964,9,clark,1680.48
1964,9,clark,1680.48
1964,9,ginther,1960.76
1964,9,gurney,1709.24
1964,9,hailwood,1586.65
1964,9,hansgen,1534.17
1964,9,hill,1768.13
1964,9,ireland,1585.8
1964,9,jack_brabham,1552.05
1964,9,mclaren,1606.73
1964,9,phil_hill,1496.84
1964,9,sharp,1677.11
1964,9,siffert,1809.07
1964,9,spence,1668.4
1964,9,surtees,1904.76
1964,9,trevor_taylor,1621.74
1964,10,amon,1474.74
1964,10,bandini,1903.19
1964,10,bonnier,1463.6
1964,10,clark,1757.12
1964,10,ginther,1890.56
1964,10,gurney,1836.98
1964,10,hailwood,1515.88
1964,10,hill,1712.44
1964,10,ireland,1584.83
1964,10,jack_brabham,1511.73
1964,10,mclaren,1678.39
1964,10,phil_hill,1578.72
1964,10,rodriguez,1661.53
1964,10,sharp,1623.74
1964,10,siffert,1634.12
1964,10,solana,1627.09
1964,10,spence,1765.68
1964,10,surtees,1954.15
1964,10,trevor_taylor,1486.74
1965,1,anderson,1620.4
1965,1,bandini,1732.48
1965,1,blignaut,1371.56
1965,1,bonnier,1450.05
1965,1,clapham,1389.24
1965,1,clark,1874.73
1965,1,gardner,1491.23
1965,1,gurney,1610.4
1965,1,hawkins,1599.98
1965,1,hill,1817.35
1965,1,jack_brabham,1623.1
1965,1,klerk,1596.86
1965,1,love,1536.31
1965,1,maggs,1720.4
1965,1,mclaren,1766.65
1965,1,prophet,1520.69
1965,1,reed,1406.84
1965,1,rindt,1499.9
1965,1,siffert,1708.81
1965,1,spence,1834.58
1965,1,stewart,1647.88
1965,1,surtees,1993.71
1965,1,tingle,1450.33
1965,2,anderson,1618.21
1965,2,attwood,1396.8
1965,2,bandini,1813.24
1965,2,bonnier,1536.96
1965,2,bucknum,1461.35
1965,2,gardner,1440.86
1965,2,ginther,1675.71
1965,2,hailwood,1439.77
1965,2,hawkins,1587.22
1965,2,hill,1891.44
1965,2,hulme,1553.82
1965,2,jack_brabham,1585.43
1965,2,mclaren,1787.83
1965,2,siffert,1731.15
1965,2,stewart,1737.49
1965,2,surtees,1974.14
1965,3,attwood,1421.46
1965,3,bandini,1778.24
1965,3,bianchi,1631.24
1965,3,bonnier,1480.86
1965,3,bucknum,1412.04
1965,3,clark,1953.42
1965,3,gardner,1363.72
1965,3,ginther,1738.72
1965,3,gregory,1478.63
1965,3,gurney,1633.67
1965,3,hill,1896.92
1965,3,ireland,1565.8
1965,3,jack_brabham,1712.31
1965,3,mclaren,1860.44
1965,3,rindt,1544.78
1965,3,siffert,1742.08
1965,3,spence,1825.0
1965,3,stewart,1843.32
1965,3,surtees,1722.25
1965,4,amon,1492.49
1965,4,anderson,1642.9
1965,4,bandini,1765.53
1965,4,bonnier,1515.32
1965,4,bucknum,1374.62
1965,4,clark,2008.5
1965,4,ginther,1616.86
1965,4,gurney,1565.41
1965,4,hill,1897.0
1965,4,hulme,1680.44
1965,4,ireland,1537.62
1965,4,mclaren,1786.27
1965,4,rindt,1451.68
1965,4,siffert,1774.25
1965,4,spence,1813.41
1965,4,stewart,1911.07
1965,4,surtees,1810.97
1965,5,anderson,1543.23
1965,5,attwood,1476.99
1965,5,bandini,1565.79
1965,5,bonnier,1636.03
1965,5,clark,2057.45
1965,5,gardner,1522.82
1965,5,ginther,1494.87
1965,5,gregory,1531.13
1965,5,gurney,1683.3
1965,5,hill,1958.56
1965,5,hulme,1548.96
1965,5,ireland,1514.45
1965,5,jack_brabham,1518.65
1965,5,mclaren,1751.61
1965,5,raby,1555.77
1965,5,rhodes,1473.88
1965,5,rindt,1478.44
1965,5,siffert,1759.94
1965,5,spence,1869.2
1965,5,stewart,1918.93
1965,5,surtees,1883.57
1965,6,anderson,1448.83
1965,6,attwood,1490.26
1965,6,bandini,1605.02
1965,6,bonnier,1529.17
1965,6,clark,2094.8
1965,6,gardner,1540.17
1965,6,ginther,1604.93
1965,6,gurney,1783.0
1965,6,hill,1963.58
1965,6,hulme,1659.39
1965,6,ireland,1552.37
1965,6,mclaren,1622.39
1965,6,rindt,1456.32
1965,6,siffert,1663.13
1965,6,spence,1827.51
1965,6,stewart,1968.86
1965,6,surtees,1854.41
1965,7,amon,1455.09
1965,7,attwood,1505.78
1965,7,bandini,1693.48
1965,7,bonnier,1628.68
1965,7,clark,2128.03
1965,7,gardner,1435.71
1965,7,gregory,1612.8
1965,7,gurney,1860.72
1965,7,hawkins,1498.28
1965,7,hill,2006.65
1965,7,hulme,1578.28
1965,7,jack_brabham,1655.47
1965,7,mclaren,1572.25
1965,7,mitter,1612.91
1965,7,rindt,1632.58
1965,7,siffert,1664.12
1965,7,spence,1752.41
1965,7,stewart,1722.59
1965,7,surtees,1803.6
1965,8,attwood,1658.23
1965,8,baghetti,1511.84
1965,8,bandini,1799.57
1965,8,bassi,1379.1
1965,8,bonnier,1713.18
1965,8,bucknum,1350.53
1965,8,bussinello,1465.25
1965,8,clark,1991.2
1965,8,gardner,1457.96
1965,8,geki,1463.39
1965,8,ginther,1591.08
1965,8,gregory,1478.37
1965,8,gurney,1920.77
1965,8,hill,2041.9
1965,8,hulme,1559.59
1965,8,ireland,1637.92
1965,8,mclaren,1712.92
1965,8,rindt,1699.74
1965,8,siffert,1573.91
1965,8,spence,1724.13
1965,8,stewart,1860.81
1965,8,surtees,1618.69
1965,8,vaccarella,1665.94
1965,9,attwood,1666.93
1965,9,bandini,1859.95
1965,9,bondurant,1581.41
1965,9,bonnier,1736.56
1965,9,bucknum,1401.66
1965,9,clark,1795.43
1965,9,ginther,1675.65
1965,9,gurney,1977.37
1965,9,hill,2085.75
1965,9,ireland,1518.11
1965,9,jack_brabham,1782.61
1965,9,mclaren,1600.0
1965,9,rindt,1761.96
1965,9,rodriguez,1754.21
1965,9,siffert,1595.47
1965,9,solana,1612.27
1965,9,spence,1590.02
1965,9,stewart,1724.63
1965,10,attwood,1741.79
1965,10,bandini,1831.53
1965,10,bondurant,1545.77
1965,10,bonnier,1706.76
1965,10,bucknum,1589.75
1965,10,clark,1642.02
1965,10,ginther,1829.36
1965,10,gurney,2018.65
1965,10,hill,1974.96
1965,10,ireland,1451.83
1965,10,jack_brabham,1702.47
1965,10,mclaren,1539.8
1965,10,rindt,1706.03
1965,10,rodriguez,1779.86
1965,10,scarfiotti,1494.3
1965,10,siffert,1732.16
1965,10,solana,1647.33
1965,10,spence,1745.47
1965,10,stewart,1651.07
1966,1,anderson,1387.21
1966,1,bandini,1889.5
1966,1,bondurant,1663.16
1966,1,bonnier,1719.82
1966,1,clark,1660.13
1966,1,ginther,1837.68
1966,1,hill,1980.35
1966,1,hulme,1503.05
1966,1,jack_brabham,1633.01
1966,1,ligier,1598.69
1966,1,mclaren,1471.14
1966,1,rindt,1685.4
1966,1,siffert,1685.88
1966,1,spence,1677.95
1966,1,stewart,1780.86
1966,1,surtees,1560.72
1966,2,arundell,1649.8
1966,2,bandini,1933.78
1966,2,bondurant,1621.03
1966,2,bonnier,1722.78
1966,2,clark,1636.35
1966,2,ginther,1864.19
1966,2,gurney,1957.55
1966,2,hill,1860.13
1966,2,hulme,1497.0
1966,2,jack_brabham,1747.1
1966,2,ligier,1692.57
1966,2,mclaren,1438.17
1966,2,rindt,1812.71
1966,2,siffert,1599.85
1966,2,spence,1679.46
1966,2,stewart,1778.16
1966,2,surtees,1748.28
1966,2,vic_wilson,1348.44
1966,3,amon,1546.91
1966,3,anderson,1517.64
1966,3,arundell,1526.07
1966,3,bandini,1813.58
1966,3,bonnier,1657.36
1966,3,gurney,1938.73
1966,3,hill,1729.76
1966,3,hulme,1659.96
1966,3,jack_brabham,1859.96
1966,3,ligier,1686.03
1966,3,parkes,1679.58
1966,3,rindt,1852.07
1966,3,rodriguez,1726.04
1966,3,siffert,1545.42
1966,3,spence,1579.26
1966,3,surtees,1605.92
1966,3,taylor,1644.66
1966,4,anderson,1541.7
1966,4,arundell,1479.07
1966,4,bondurant,1653.13
1966,4,bonnier,1573.97
1966,4,clark,1743.15
1966,4,gurney,1676.43
1966,4,hill,1816.34
1966,4,hulme,1788.63
1966,4,irwin,1613.36
1966,4,jack_brabham,1935.33
1966,4,lawrence,1548.27
1966,4,ligier,1675.44
1966,4,mclaren,1592.49
1966,4,rindt,1863.26
1966,4,siffert,1541.28
1966,4,spence,1478.33
1966,4,stewart,1611.02
1966,4,surtees,1560.35
1966,4,taylor,1683.24
1966,4,trevor_taylor,1388.49
1966,5,anderson,1554.37
1966,5,arundell,1459.39
1966,5,bandini,1816.26
1966,5,bonnier,1644.21
1966,5,clark,1821.01
1966,5,gurney,1571.59
1966,5,hill,1886.81
1966,5,hulme,1677.89
1966,5,jack_brabham,1989.42
1966,5,ligier,1675.71
1966,5,parkes,1556.49
1966,5,rindt,1656.62
1966,5,siffert,1571.97
1966,5,spence,1614.25
1966,5,stewart,1718.52
1966,5,surtees,1548.8
1966,5,taylor,1697.4
1966,6,anderson,1477.38
1966,6,arundell,1569.7
1966,6,bandini,1825.16
1966,6,bondurant,1555.23
1966,6,bonnier,1566.63
1966,6,clark,1759.93
1966,6,gurney,1657.14
1966,6,hill,1905.57
1966,6,hulme,1603.48
1966,6,jack_brabham,2034.07
1966,6,lawrence,1576.58
1966,6,ligier,1517.81
1966,6,parkes,1546.54
1966,6,rindt,1770.09
1966,6,scarfiotti,1524.97
1966,6,spence,1648.81
1966,6,stewart,1778.44
1966,6,surtees,1719.45
1966,6,taylor,1547.46
1966,7,anderson,1629.43
1966,7,arundell,1650.6
1966,7,baghetti,1581.16
1966,7,bandini,1716.84
1966,7,bondurant,1658.92
1966,7,bonnier,1470.6
1966,7,clark,1710.61
1966,7,geki,1569.1
1966,7,ginther,1708.56
1966,7,gurney,1557.78
1966,7,hill,1652.08
1966,7,hulme,1752.13
1966,7,jack_brabham,1804.31
1966,7,parkes,1734.83
1966,7,rindt,1836.8
1966,7,scarfiotti,1738.62
1966,7,siffert,1584.38
1966,7,spence,1747.75
1966,7,stewart,1610.96
1966,7,surtees,1638.52
1966,8,arundell,1718.92
1966,8,bandini,1609.49
1966,8,bondurant,1508.97
1966,8,bonnier,1526.74
1966,8,bucknum,1617.65
1966,8,clark,1834.79
1966,8,ginther,1719.74
1966,8,gurney,1465.05
1966,8,hill,1587.9
1966,8,hulme,1614.08
1966,8,ireland,1581.55
1966,8,jack_brabham,1711.11
1966,8,mclaren,1700.65
1966,8,rindt,1900.8
1966,8,rodriguez,1582.7
1966,8,siffert,1712.25
1966,8,spence,1727.49
1966,8,stewart,1580.36
1966,8,surtees,1760.72
1966,9,arundell,1735.09
1966,9,bondurant,1471.57
1966,9,bonnier,1632.97
1966,9,bucknum,1656.57
1966,9,clark,1638.38
1966,9,ginther,1786.75
1966,9,gurney,1611.24
1966,9,hill,1504.19
1966,9,hulme,1737.06
1966,9,ireland,1553.4
1966,9,jack_brabham,1813.88
1966,9,mclaren,1673.81
1966,9,rindt,1768.31
1966,9,rodriguez,1618.26
1966,9,siffert,1664.69
1966,9,solana,1507.98
1966,9,stewart,1535.17
1966,9,surtees,1861.96
1967,1,anderson,1702.3
1967,1,bonnier,1538.64
1967,1,botha,1572.95
1967,1,charlton,1590.31
1967,1,clark,1525.09
1967,1,courage,1537.64
1967,1,gurney,1589.85
1967,1,hill,1423.35
1967,1,hulme,1786.69
1967,1,jack_brabham,1804.86
1967,1,love,1690.07
1967,1,rindt,1654.07
1967,1,rodriguez,1757.96
1967,1,siffert,1606.12
1967,1,spence,1612.74
1967,1,stewart,1425.32
1967,1,surtees,1888.31
1967,1,tingle,1523.4
1967,2,amon,1664.21
1967,2,bandini,1639.65
1967,2,clark,1549.6
1967,2,courage,1575.46
1967,2,gavin,1429.05
1967,2,gurney,1506.89
1967,2,hill,1599.06
1967,2,hulme,1861.82
1967,2,jack_brabham,1611.52
1967,2,mclaren,1731.47
1967,2,rindt,1565.78
1967,2,rodriguez,1772.04
1967,2,siffert,1570.29
1967,2,spence,1658.66
1967,2,stewart,1430.61
1967,2,surtees,1776.12
1967,3,amon,1743.39
1967,3,anderson,1685.64
1967,3,clark,1718.2
1967,3,gurney,1439.23
1967,3,hill,1518.08
1967,3,hulme,1891.41
1967,3,irwin,1662.99
1967,3,jack_brabham,1741.01
1967,3,mclaren,1565.81
1967,3,parkes,1772.42
1967,3,rindt,1530.51
1967,3,rodriguez,1643.46
1967,3,scarfiotti,1758.75
1967,3,siffert,1585.54
1967,3,spence,1674.75
1967,3,stewart,1457.48
1967,3,surtees,1698.52
1967,4,amon,1812.88
1967,4,anderson,1694.16
1967,4,bonnier,1506.72
1967,4,clark,1747.3
1967,4,gurney,1656.79
1967,4,hill,1475.52
1967,4,hulme,1741.49
1967,4,irwin,1531.23
1967,4,jack_brabham,1661.89
1967,4,ligier,1558.06
1967,4,parkes,1580.48
1967,4,rindt,1664.15
1967,4,rodriguez,1652.17
1967,4,scarfiotti,1688.81
1967,4,siffert,1649.62
1967,4,spence,1736.29
1967,4,stewart,1650.89
1967,4,surtees,1569.37
1967,5,amon,1760.0
1967,5,anderson,1595.34
1967,5,clark,1646.96
1967,5,gurney,1639.58
1967,5,hill,1428.87
1967,5,hulme,1814.72
1967,5,irwin,1624.22
1967,5,jack_brabham,1777.49
1967,5,ligier,1607.52
1967,5,mclaren,1544.67
1967,5,rindt,1627.3
1967,5,rodriguez,1686.98
1967,5,siffert,1719.9
1967,5,spence,1587.2
1967,5,stewart,1737.51
1967,6,amon,1829.72
1967,6,anderson,1605.82
1967,6,bonnier,1405.47
1967,6,clark,1790.11
1967,6,courage,1428.66
1967,6,gurney,1580.8
1967,6,hill,1491.49
1967,6,hobbs,1600.34
1967,6,hulme,1880.52
1967,6,irwin,1687.55
1967,6,jack_brabham,1825.49
1967,6,ligier,1628.74
1967,6,mclaren,1461.4
1967,6,moser,1484.23
1967,6,rees,1583.58
1967,6,rindt,1540.59
1967,6,rodriguez,1755.39
1967,6,siffert,1543.9
1967,6,spence,1567.42
1967,6,stewart,1586.5
1967,6,surtees,1672.07
1967,7,ahrens,1410.31
1967,7,amon,1884.21
1967,7,bonnier,1592.92
1967,7,clark,1597.38
1967,7,gurney,1599.83
1967,7,hahne,1474.45
1967,7,hart,1523.92
1967,7,hill,1486.48
1967,7,hobbs,1639.71
1967,7,hulme,1950.13
1967,7,ickx,1540.33
1967,7,irwin,1702.34
1967,7,jack_brabham,1896.78
1967,7,jo_schlesser,1358.66
1967,7,ligier,1684.84
1967,7,mclaren,1370.82
1967,7,oliver,1661.44
1967,7,rees,1675.26
1967,7,rindt,1449.63
1967,7,rodriguez,1709.76
1967,7,siffert,1531.45
1967,7,spence,1413.0
1967,7,stewart,1504.81
1967,7,surtees,1772.65
1967,8,amon,1849.1
1967,8,attwood,1677.56
1967,8,bonnier,1611.94
1967,8,clark,1548.15
1967,8,fisher,1501.68
1967,8,gurney,1701.4
1967,8,hill,1609.07
1967,8,hobbs,1626.06
1967,8,hulme,1973.14
1967,8,irwin,1546.04
1967,8,jack_brabham,1948.22
1967,8,mclaren,1480.92
1967,8,pease,1431.56
1967,8,rindt,1362.8
1967,8,spence,1542.52
1967,8,stewart,1452.57
1967,8,wietzes,1467.12
1967,9,amon,1816.18
1967,9,baghetti,1591.34
1967,9,bonnier,1575.98
1967,9,clark,1687.57
1967,9,gurney,1531.63
1967,9,hill,1642.88
1967,9,hulme,1779.0
1967,9,ickx,1630.93
1967,9,irwin,1468.4
1967,9,jack_brabham,1979.08
1967,9,ligier,1572.33
1967,9,mclaren,1510.19
1967,9,rindt,1549.77
1967,9,scarfiotti,1540.5
1967,9,siffert,1577.07
1967,9,spence,1649.19
1967,9,stewart,1456.55
1967,9,surtees,1866.53
1967,10,amon,1758.44
1967,10,beltoise,1586.76
1967,10,bonnier,1652.25
1967,10,clark,1803.5
1967,10,gurney,1456.36
1967,10,hill,1757.55
1967,10,hulme,1832.84
1967,10,ickx,1605.57
1967,10,irwin,1467.05
1967,10,jack_brabham,1945.17
1967,10,ligier,1551.85
1967,10,mclaren,1424.51
1967,10,rindt,1485.65
1967,10,siffert,1683.42
1967,10,solana,1405.0
1967,10,spence,1565.3
1967,10,stewart,1511.04
1967,10,surtees,1808.98
1967,11,amon,1727.11
1967,11,beltoise,1651.91
1967,11,bonnier,1643.81
1967,11,clark,1889.74
1967,11,fisher,1392.48
1967,11,gurney,1380.55
1967,11,hill,1605.65
1967,11,hulme,1878.42
1967,11,irwin,1457.95
1967,11,jack_brabham,1977.02
1967,11,ligier,1564.18
1967,11,mclaren,1447.6
1967,11,rodriguez,1746.56
1967,11,siffert,1629.7
1967,11,solana,1363.89
1967,11,spence,1670.55
1967,11,stewart,1468.87
1967,11,surtees,1845.71
1967,11,williams,1579.75
1968,1,adamich,1446.05
1968,1,amon,1811.62
1968,1,beltoise,1738.31
1968,1,bonnier,1623.08
1968,1,charlton,1447.01
1968,1,clark,1966.69
1968,1,gurney,1504.13
1968,1,hill,1771.79
1968,1,hulme,1891.67
1968,1,ickx,1617.78
1968,1,jack_brabham,1732.84
1968,1,love,1714.94
1968,1,pretorius,1592.32
1968,1,redman,1412.24
1968,1,rindt,1686.7
1968,1,rodriguez,1612.69
1968,1,rooyen,1492.14
1968,1,scarfiotti,1401.46
1968,1,siffert,1710.21
1968,1,spence,1525.02
1968,1,stewart,1508.06
1968,1,surtees,1821.81
1968,1,tingle,1522.57
1968,2,amon,1738.34
1968,2,beltoise,1755.92
1968,2,courage,1447.73
1968,2,hill,1851.24
1968,2,hulme,1924.44
1968,2,ickx,1548.15
1968,2,jack_brabham,1593.03
1968,2,mclaren,1530.87
1968,2,redman,1558.77
1968,2,rindt,1578.46
1968,2,rodriguez,1562.45
1968,2,scarfiotti,1532.05
1968,2,siffert,1683.58
1968,2,surtees,1780.35
1968,3,attwood,1771.71
1968,3,beltoise,1707.9
1968,3,bianchi,1723.6
1968,3,courage,1484.03
1968,3,gavin,1398.39
1968,3,gurney,1504.94
1968,3,hill,1912.46
1968,3,hulme,1897.06
1968,3,jack_brabham,1529.44
1968,3,mclaren,1451.31
1968,3,oliver,1520.54
1968,3,rindt,1537.28
1968,3,rodriguez,1612.8
1968,3,scarfiotti,1640.08
1968,3,siffert,1676.19
1968,3,surtees,1775.78
1968,4,amon,1661.64
1968,4,attwood,1648.48
1968,4,beltoise,1707.29
1968,4,bianchi,1749.68
1968,4,bonnier,1490.54
1968,4,courage,1551.44
1968,4,hill,1704.32
1968,4,hulme,1796.8
1968,4,ickx,1690.87
1968,4,jack_brabham,1482.43
1968,4,mclaren,1663.11
1968,4,oliver,1639.53
1968,4,redman,1534.81
1968,4,rindt,1454.23
1968,4,rodriguez,1747.75
1968,4,siffert,1703.74
1968,4,stewart,1648.84
1968,4,surtees,1701.0
1968,5,amon,1717.4
1968,5,attwood,1693.55
1968,5,beltoise,1809.24
1968,5,bianchi,1552.39
1968,5,bonnier,1581.89
1968,5,courage,1520.01
1968,5,gurney,1541.06
1968,5,hill,1693.41
1968,5,hulme,1596.1
1968,5,ickx,1768.18
1968,5,jack_brabham,1440.6
1968,5,mclaren,1533.52
1968,5,moser,1627.31
1968,5,oliver,1638.94
1968,5,rindt,1440.57
1968,5,rodriguez,1819.04
1968,5,siffert,1643.19
1968,5,stewart,1788.89
1968,5,surtees,1625.56
1968,6,amon,1664.0
1968,6,attwood,1698.21
1968,6,beltoise,1741.4
1968,6,courage,1601.47
1968,6,elford,1622.33
1968,6,gavin,1347.8
1968,6,hill,1562.55
1968,6,hulme,1668.58
1968,6,ickx,1851.28
1968,6,jack_brabham,1413.55
1968,6,jo_schlesser,1299.43
1968,6,mclaren,1576.88
1968,6,rindt,1431.99
1968,6,rodriguez,1697.53
1968,6,siffert,1599.45
1968,6,stewart,1832.1
1968,6,surtees,1737.75
1968,7,amon,1784.59
1968,7,attwood,1563.86
1968,7,beltoise,1604.72
1968,7,bonnier,1461.83
1968,7,courage,1656.14
1968,7,elford,1551.86
1968,7,gurney,1454.58
1968,7,hill,1533.43
1968,7,hulme,1757.55
1968,7,ickx,1889.68
1968,7,jack_brabham,1336.15
1968,7,mclaren,1657.97
1968,7,moser,1621.82
1968,7,oliver,1612.36
1968,7,rindt,1536.48
1968,7,rodriguez,1678.82
1968,7,siffert,1761.11
1968,7,stewart,1828.4
1968,7,surtees,1784.12
1968,7,widdows,1512.82
1968,8,ahrens,1467.55
1968,8,amon,1642.47
1968,8,attwood,1528.49
1968,8,beltoise,1520.66
1968,8,bianchi,1457.0
1968,8,courage,1684.7
1968,8,elford,1423.58
1968,8,gurney,1547.32
1968,8,hahne,1542.11
1968,8,hill,1706.03
1968,8,hulme,1762.12
1968,8,ickx,1900.73
1968,8,jack_brabham,1536.15
1968,8,mclaren,1600.35
1968,8,oliver,1607.75
1968,8,rindt,1691.52
1968,8,rodriguez,1729.36
1968,8,siffert,1595.78
1968,8,stewart,1909.17
1968,8,surtees,1576.11
1968,9,amon,1510.38
1968,9,bell,1407.64
1968,9,beltoise,1648.15
1968,9,bonnier,1595.84
1968,9,courage,1763.34
1968,9,elford,1339.61
1968,9,gavin,1587.39
1968,9,gurney,1504.02
1968,9,hill,1580.61
1968,9,hobbs,1631.11
1968,9,hulme,1861.37
1968,9,ickx,1923.75
1968,9,jack_brabham,1607.85
1968,9,mclaren,1583.4
1968,9,oliver,1604.12
1968,9,rindt,1620.82
1968,9,rodriguez,1627.36
1968,9,siffert,1659.68
1968,9,stewart,1824.87
1968,9,surtees,1488.21
1968,10,amon,1601.86
1968,10,beltoise,1697.26
1968,10,bianchi,1537.6
1968,10,bonnier,1452.41
1968,10,brack,1431.49
1968,10,courage,1598.23
1968,10,elford,1545.75
1968,10,gavin,1629.8
1968,10,gurney,1466.64
1968,10,hill,1705.44
1968,10,hulme,1931.57
1968,10,ickx,1626.3
1968,10,jack_brabham,1559.03
1968,10,mclaren,1738.22
1968,10,oliver,1573.12
1968,10,pescarolo,1545.86
1968,10,rindt,1598.69
1968,10,rodriguez,1748.54
1968,10,siffert,1572.26
1968,10,stewart,1821.03
1968,10,surtees,1406.65
1968,11,amon,1527.09
1968,11,bell,1338.73
1968,11,beltoise,1566.69
1968,11,bianchi,1587.51
1968,11,bonnier,1454.2
1968,11,courage,1653.26
1968,11,elford,1543.19
1968,11,gurney,1621.0
1968,11,hill,1801.18
1968,11,hulme,1853.4
1968,11,jack_brabham,1583.78
1968,11,mario_andretti,1415.93
1968,11,mclaren,1754.98
1968,11,oliver,1424.43
1968,11,rindt,1590.91
1968,11,rodriguez,1647.28
1968,11,siffert,1668.39
1968,11,stewart,1895.36
1968,11,surtees,1601.11
1968,11,unser,1433.54
1968,12,amon,1484.36
1968,12,beltoise,1457.32
1968,12,bianchi,1552.56
1968,12,bonnier,1616.84
1968,12,courage,1605.99
1968,12,elford,1623.77
1968,12,gavin,1624.61
1968,12,gurney,1603.65
1968,12,hill,1890.36
1968,12,hulme,1637.2
1968,12,ickx,1474.62
1968,12,jack_brabham,1614.4
1968,12,mclaren,1844.46
1968,12,oliver,1631.06
1968,12,pescarolo,1608.93
1968,12,rindt,1437.58
1968,12,rodriguez,1745.58
1968,12,siffert,1725.53
1968,12,solana,1363.76
1968,12,stewart,1853.18
1968,12,surtees,1543.85
1969,1,amon,1471.98
1969,1,beltoise,1572.54
1969,1,hill,1928.85
1969,1,hulme,1736.3
1969,1,ickx,1395.94
1969,1,jack_brabham,1537.92
1969,1,klerk,1612.05
1969,1,love,1566.04
1969,1,mario_andretti,1390.89
1969,1,mclaren,1844.05
1969,1,oliver,1667.64
1969,1,rindt,1491.83
1969,1,rodriguez,1655.05
1969,1,rooyen,1389.45
1969,1,siffert,1778.54
1969,1,stewart,1917.79
1969,1,surtees,1543.57
1969,1,tingle,1581.48
1969,2,amon,1514.53
1969,2,beltoise,1675.12
1969,2,courage,1538.8
1969,2,hill,1751.4
1969,2,hulme,1774.39
1969,2,ickx,1494.2
1969,2,jack_brabham,1543.76
1969,2,mclaren,1889.31
1969,2,oliver,1548.3
1969,2,rindt,1475.55
1969,2,rodriguez,1662.56
1969,2,siffert,1695.79
1969,2,stewart,1964.02
1969,2,surtees,1620.25
1969,3,amon,1519.35
1969,3,attwood,1643.69
1969,3,beltoise,1643.15
1969,3,courage,1683.84
1969,3,elford,1659.03
1969,3,hill,1844.56
1969,3,hulme,1775.92
1969,3,ickx,1555.34
1969,3,jack_brabham,1468.83
1969,3,mclaren,1874.06
1969,3,moser,1556.18
1969,3,oliver,1453.7
1969,3,rodriguez,1600.0
1969,3,siffert,1772.11
1969,3,stewart,1859.04
1969,3,surtees,1537.71
1969,4,amon,1643.84
1969,4,beltoise,1644.12
1969,4,courage,1567.0
1969,4,elford,1619.74
1969,4,hill,1801.03
1969,4,hulme,1805.19
1969,4,ickx,1635.22
1969,4,jack_brabham,1557.01
1969,4,mclaren,1733.01
1969,4,moser,1532.07
1969,4,oliver,1388.67
1969,4,rindt,1441.0
1969,4,siffert,1837.46
1969,4,stewart,1918.64
1969,4,surtees,1554.36
1969,5,amon,1599.33
1969,5,beltoise,1737.92
1969,5,courage,1506.59
1969,5,elford,1668.09
1969,5,hill,1781.6
1969,5,hulme,1748.92
1969,5,ickx,1713.92
1969,5,mclaren,1767.18
1969,5,miles,1437.89
1969,5,moser,1569.76
1969,5,rindt,1430.27
1969,5,siffert,1755.37
1969,5,stewart,1961.51
1969,6,amon,1557.55
1969,6,bell,1305.01
1969,6,beltoise,1700.47
1969,6,bonnier,1516.87
1969,6,courage,1612.64
1969,6,elford,1702.94
1969,6,hill,1762.74
1969,6,hulme,1637.93
1969,6,ickx,1802.36
1969,6,mclaren,1822.66
1969,6,miles,1483.99
1969,6,oliver,1379.09
1969,6,rindt,1578.39
1969,6,rodriguez,1575.2
1969,6,siffert,1728.56
1969,6,stewart,2001.49
1969,6,surtees,1439.3
1969,7,beltoise,1713.35
1969,7,bonnier,1509.01
1969,7,courage,1560.15
1969,7,elford,1606.61
1969,7,hill,1792.98
1969,7,hulme,1651.15
1969,7,ickx,1872.86
1969,7,mario_andretti,1359.72
1969,7,mclaren,1854.64
1969,7,oliver,1441.77
1969,7,rindt,1571.81
1969,7,siffert,1750.87
1969,7,stewart,2013.38
1969,7,surtees,1378.01
1969,8,beltoise,1780.07
1969,8,courage,1639.12
1969,8,hill,1732.68
1969,8,hulme,1667.56
1969,8,ickx,1772.96
1969,8,jack_brabham,1480.07
1969,8,mclaren,1866.03
1969,8,miles,1409.28
1969,8,moser,1507.11
1969,8,oliver,1433.34
1969,8,rindt,1697.12
1969,8,rodriguez,1632.07
1969,8,siffert,1719.97
1969,8,stewart,2045.45
1969,8,surtees,1404.11
1969,9,beltoise,1825.96
1969,9,brack,1541.89
1969,9,cordts,1436.85
1969,9,courage,1539.06
1969,9,gavin,1695.52
1969,9,hill,1712.17
1969,9,hulme,1521.98
1969,9,ickx,1871.54
1969,9,jack_brabham,1665.83
1969,9,lovely,1637.38
1969,9,mclaren,1868.67
1969,9,miles,1479.12
1969,9,moser,1388.92
1969,9,oliver,1359.1
1969,9,pease,1445.44
1969,9,rindt,1787.38
1969,9,rodriguez,1600.67
1969,9,siffert,1688.34
1969,9,stewart,1856.63
1969,9,surtees,1409.11
1969,10,beltoise,1731.19
1969,10,courage,1698.09
1969,10,eaton,1538.99
1969,10,gavin,1712.7
1969,10,hill,1706.96
1969,10,hulme,1520.19
1969,10,ickx,1796.5
1969,10,jack_brabham,1745.43
1969,10,lovely,1561.23
1969,10,mario_andretti,1320.13
1969,10,mclaren,1635.93
1969,10,moser,1529.73
1969,10,oliver,1356.27
1969,10,rindt,1878.94
1969,10,rodriguez,1686.68
1969,10,siffert,1557.32
1969,10,stewart,1717.18
1969,10,surtees,1594.55
1969,11,beltoise,1764.73
1969,11,courage,1658.17
1969,11,eaton,1489.23
1969,11,gavin,1701.35
1969,11,hulme,1690.72
1969,11,ickx,1858.12
1969,11,jack_brabham,1806.82
1969,11,lovely,1587.69
1969,11,mclaren,1498.07
1969,11,miles,1412.93
1969,11,moser,1533.45
1969,11,oliver,1499.82
1969,11,rindt,1724.93
1969,11,rodriguez,1700.95
1969,11,siffert,1483.4
1969,11,stewart,1771.74
1969,11,surtees,1557.9
1970,1,amon,1399.15
1970,1,beltoise,1826.09
1970,1,charlton,1516.86
1970,1,courage,1524.11
1970,1,eaton,1479.04
1970,1,gavin,1580.28
1970,1,hill,1759.03
1970,1,hulme,1811.26
1970,1,ickx,1718.08
1970,1,jack_brabham,1899.41
1970,1,klerk,1626.39
1970,1,love,1647.98
1970,1,mario_andretti,1304.95
1970,1,mclaren,1451.57
1970,1,miles,1606.31
1970,1,oliver,1383.18
1970,1,pescarolo,1687.75
1970,1,rindt,1656.32
1970,1,rodriguez,1708.23
1970,1,siffert,1570.39
1970,1,stewart,1845.62
1970,1,stommelen,1400.76
1970,1,surtees,1534.78
1970,2,amon,1420.55
1970,2,beltoise,1739.9
1970,2,courage,1419.38
1970,2,gavin,1659.75
1970,2,hill,1797.48
1970,2,hulme,1713.26
1970,2,ickx,1582.14
1970,2,jack_brabham,1845.04
1970,2,mario_andretti,1503.87
1970,2,mclaren,1624.54
1970,2,oliver,1339.08
1970,2,pescarolo,1663.25
1970,2,rindt,1575.67
1970,2,rodriguez,1592.51
1970,2,stewart,1913.61
1970,2,stommelen,1488.35
1970,2,surtees,1612.22
1970,3,amon,1476.21
1970,3,beltoise,1621.08
1970,3,courage,1456.89
1970,3,hill,1802.28
1970,3,hulme,1760.2
1970,3,ickx,1465.04
1970,3,jack_brabham,1888.3
1970,3,mclaren,1528.11
1970,3,oliver,1363.33
1970,3,pescarolo,1742.68
1970,3,peterson,1566.71
1970,3,rindt,1715.35
1970,3,rodriguez,1646.27
1970,3,siffert,1596.54
1970,3,stewart,1777.44
1970,3,surtees,1502.59
1970,4,amon,1633.05
1970,4,bell,1255.42
1970,4,beltoise,1711.49
1970,4,courage,1385.16
1970,4,giunti,1615.17
1970,4,hill,1696.51
1970,4,ickx,1524.89
1970,4,jack_brabham,1773.39
1970,4,miles,1536.61
1970,4,oliver,1337.35
1970,4,pescarolo,1741.06
1970,4,peterson,1574.08
1970,4,rindt,1589.41
1970,4,rodriguez,1762.4
1970,4,siffert,1628.08
1970,4,stewart,1663.56
1970,4,stommelen,1590.17
1970,5,amon,1454.68
1970,5,beltoise,1749.26
1970,5,cevert,1498.03
1970,5,courage,1371.88
1970,5,eaton,1467.99
1970,5,gethin,1410.0
1970,5,gurney,1454.28
1970,5,hill,1629.17
1970,5,ickx,1669.08
1970,5,jack_brabham,1690.77
1970,5,miles,1612.08
1970,5,oliver,1358.31
1970,5,pescarolo,1718.31
1970,5,peterson,1603.11
1970,5,regazzoni,1638.01
1970,5,rindt,1738.71
1970,5,rodriguez,1699.38
1970,5,siffert,1502.34
1970,5,stewart,1768.51
1970,5,surtees,1608.41
1970,6,adamich,1435.35
1970,6,amon,1649.3
1970,6,beltoise,1648.89
1970,6,cevert,1534.55
1970,6,eaton,1498.85
1970,6,giunti,1554.51
1970,6,gurney,1587.94
1970,6,hill,1628.69
1970,6,hulme,1804.69
1970,6,ickx,1517.48
1970,6,jack_brabham,1776.34
1970,6,miles,1649.48
1970,6,oliver,1289.5
1970,6,pescarolo,1762.73
1970,6,peterson,1495.68
1970,6,rindt,1839.8
1970,6,rodriguez,1518.82
1970,6,siffert,1452.68
1970,6,stewart,1727.68
1970,6,stommelen,1652.64
1970,7,adamich,1322.74
1970,7,amon,1736.84
1970,7,beltoise,1545.32
1970,7,cevert,1641.69
1970,7,eaton,1395.67
1970,7,emerson_fittipaldi,1606.32
1970,7,gurney,1607.3
1970,7,hill,1709.91
1970,7,hulme,1861.78
1970,7,ickx,1389.1
1970,7,jack_brabham,1858.76
1970,7,lovely,1622.84
1970,7,mario_andretti,1449.21
1970,7,miles,1495.5
1970,7,oliver,1397.97
1970,7,pescarolo,1622.73
1970,7,peterson,1587.65
1970,7,regazzoni,1745.55
1970,7,rindt,1916.42
1970,7,rodriguez,1553.1
1970,7,siffert,1402.12
1970,7,stewart,1634.3
1970,7,surtees,1553.6
1970,8,amon,1684.21
1970,8,beltoise,1423.32
1970,8,cevert,1692.96
1970,8,emerson_fittipaldi,1719.11
1970,8,gethin,1320.45
1970,8,hill,1683.64
1970,8,hulme,1899.02
1970,8,ickx,1617.54
1970,8,jack_brabham,1621.78
1970,8,mario_andretti,1449.02
1970,8,miles,1510.98
1970,8,oliver,1364.01
1970,8,pescarolo,1697.49
1970,8,peterson,1514.81
1970,8,regazzoni,1673.89
1970,8,rindt,1973.34
1970,8,rodriguez,1477.83
1970,8,siffert,1532.72
1970,8,stewart,1575.78
1970,8,stommelen,1731.29
1970,8,surtees,1607.32
1970,9,adamich,1440.7
1970,9,amon,1707.63
1970,9,beltoise,1595.49
1970,9,cevert,1455.73
1970,9,eaton,1500.6
1970,9,emerson_fittipaldi,1611.94
1970,9,gethin,1474.26
1970,9,giunti,1651.32
1970,9,hulme,1701.69
1970,9,ickx,1780.47
1970,9,jack_brabham,1589.46
1970,9,mario_andretti,1391.97
1970,9,miles,1375.96
1970,9,moser,1421.72
1970,9,oliver,1578.75
1970,9,pescarolo,1615.13
1970,9,regazzoni,1798.36
1970,9,rindt,1699.22
1970,9,rodriguez,1658.41
1970,9,schenken,1450.62
1970,9,siffert,1609.54
1970,9,stewart,1427.75
1970,9,stommelen,1817.73
1970,9,surtees,1523.97
1970,10,adamich,1584.57
1970,10,amon,1743.0
1970,10,beltoise,1740.28
1970,10,cevert,1623.01
1970,10,eaton,1523.21
1970,10,emerson_fittipaldi,1420.35
1970,10,gethin,1586.32
1970,10,giunti,1569.15
1970,10,hill,1506.56
1970,10,hulme,1784.87
1970,10,ickx,1686.74
1970,10,jack_brabham,1599.77
1970,10,miles,1319.71
1970,10,oliver,1625.73
1970,10,pescarolo,1534.97
1970,10,peterson,1576.37
1970,10,regazzoni,1891.59
1970,10,rindt,1481.01
1970,10,rodriguez,1541.75
1970,10,schenken,1479.08
1970,10,siffert,1500.94
1970,10,stewart,1665.09
1970,10,stommelen,1839.63
1970,10,surtees,1439.45
1970,11,adamich,1558.46
1970,11,amon,1819.09
1970,11,beltoise,1733.76
1970,11,cevert,1648.64
1970,11,eaton,1573.8
1970,11,gethin,1674.82
1970,11,hill,1529.34
1970,11,hulme,1642.4
1970,11,ickx,1813.59
1970,11,jack_brabham,1518.83
1970,11,oliver,1517.2
1970,11,pescarolo,1628.36
1970,11,peterson,1536.98
1970,11,regazzoni,1935.21
1970,11,rodriguez,1682.01
1970,11,schenken,1530.11
1970,11,siffert,1393.66
1970,11,stewart,1523.39
1970,11,stommelen,1609.08
1970,11,surtees,1604.2
1970,12,amon,1839.56
1970,12,bell,1502.43
1970,12,beltoise,1546.23
1970,12,bonnier,1444.08
1970,12,cevert,1550.36
1970,12,eaton,1413.25
1970,12,emerson_fittipaldi,1669.29
1970,12,gethin,1612.18
1970,12,hill,1503.54
1970,12,hulme,1702.28
1970,12,hutchison,1407.2
1970,12,ickx,1851.2
1970,12,jack_brabham,1588.61
1970,12,oliver,1399.56
1970,12,pescarolo,1679.6
1970,12,peterson,1582.48
1970,12,regazzoni,1778.97
1970,12,rodriguez,1801.36
1970,12,schenken,1472.17
1970,12,siffert,1536.62
1970,12,stewart,1516.7
1970,12,stommelen,1605.18
1970,12,surtees,1412.83
1970,12,wisell,1683.59
1970,13,amon,1859.17
1970,13,beltoise,1651.02
1970,13,cevert,1485.34
1970,13,emerson_fittipaldi,1507.01
1970,13,gethin,1558.38
1970,13,hill,1437.38
1970,13,hulme,1782.35
1970,13,ickx,1917.51
1970,13,jack_brabham,1578.02
1970,13,oliver,1523.17
1970,13,pescarolo,1667.79
1970,13,regazzoni,1850.01
1970,13,rodriguez,1799.19
1970,13,siffert,1440.98
1970,13,stewart,1515.2
1970,13,stommelen,1537.1
1970,13,surtees,1514.02
1970,13,wisell,1654.03
1971,1,adamich,1576.22
1971,1,amon,1870.22
1971,1,bonnier,1335.91
1971,1,cevert,1489.32
1971,1,charlton,1459.31
1971,1,emerson_fittipaldi,1533.36
1971,1,ganley,1480.68
1971,1,gethin,1415.96
1971,1,hill,1572.89
1971,1,hulme,1806.45
1971,1,ickx,1860.52
1971,1,love,1494.12
1971,1,mario_andretti,1657.9
1971,1,pescarolo,1664.56
1971,1,peterson,1634.37
1971,1,pretorius,1449.89
1971,1,redman,1653.04
1971,1,regazzoni,1896.03
1971,1,rodriguez,1621.72
1971,1,roig,1350.03
1971,1,siffert,1400.68
1971,1,stewart,1709.95
1971,1,stommelen,1580.67
1971,1,surtees,1520.93
1971,1,wisell,1759.68
1971,2,adamich,1501.95
1971,2,amon,1911.77
1971,2,beltoise,1726.88
1971,2,cevert,1616.75
1971,2,emerson_fittipaldi,1543.6
1971,2,ganley,1560.87
1971,2,gethin,1556.07
1971,2,hill,1417.81
1971,2,hulme,1836.94
1971,2,ickx,1920.95
1971,2,mario_andretti,1582.54
1971,2,pescarolo,1602.11
1971,2,peterson,1518.43
1971,2,regazzoni,1652.98
1971,2,rodriguez,1739.6
1971,2,roig,1381.49
1971,2,schenken,1572.7
1971,2,siffert,1330.09
1971,2,stewart,1837.31
1971,2,stommelen,1457.53
1971,2,surtees,1567.69
1971,2,wisell,1689.26
1971,3,amon,1756.25
1971,3,beltoise,1650.66
1971,3,cevert,1498.52
1971,3,emerson_fittipaldi,1654.03
1971,3,gethin,1493.95
1971,3,hill,1347.58
1971,3,hulme,1863.74
1971,3,ickx,1941.0
1971,3,pescarolo,1639.91
1971,3,peterson,1683.83
1971,3,regazzoni,1572.66
1971,3,rodriguez,1711.33
1971,3,schenken,1588.4
1971,3,siffert,1405.95
1971,3,stewart,1914.45
1971,3,stommelen,1580.48
1971,3,surtees,1634.81
1971,3,wisell,1560.94
1971,4,amon,1505.23
1971,4,barber,1516.05
1971,4,beltoise,1675.56
1971,4,cevert,1447.3
1971,4,ganley,1656.94
1971,4,gethin,1495.79
1971,4,hill,1486.37
1971,4,hulme,1754.13
1971,4,ickx,1995.75
1971,4,lennep,1606.89
1971,4,mario_andretti,1444.46
1971,4,pescarolo,1609.62
1971,4,peterson,1775.3
1971,4,regazzoni,1725.67
1971,4,rodriguez,1823.41
1971,4,roig,1411.63
1971,4,schenken,1514.1
1971,4,siffert,1585.17
1971,4,stewart,1802.16
1971,4,stommelen,1476.44
1971,4,surtees,1731.32
1971,4,walker,1380.95
1971,4,wisell,1449.12
1971,5,adamich,1469.02
1971,5,amon,1665.6
1971,5,beltoise,1727.12
1971,5,cevert,1679.58
1971,5,emerson_fittipaldi,1779.56
1971,5,ganley,1670.03
1971,5,gethin,1598.28
1971,5,hill,1477.44
1971,5,hulme,1543.99
1971,5,ickx,1668.28
1971,5,jean,1518.26
1971,5,mazet,1535.15
1971,5,pescarolo,1561.47
1971,5,peterson,1570.6
1971,5,regazzoni,1559.17
1971,5,rodriguez,1627.99
1971,5,roig,1321.27
1971,5,schenken,1559.7
1971,5,siffert,1725.48
1971,5,stewart,1901.89
1971,5,stommelen,1555.57
1971,5,surtees,1743.55
1971,5,wisell,1618.0
1971,6,adamich,1510.58
1971,6,amon,1552.54
1971,6,bell,1432.48
1971,6,beltoise,1757.79
1971,6,beuttler,1413.9
1971,6,cevert,1687.22
1971,6,charlton,1372.91
1971,6,emerson_fittipaldi,1850.74
1971,6,galli,1575.6
1971,6,ganley,1711.32
1971,6,gethin,1564.3
1971,6,hill,1365.81
1971,6,hulme,1472.32
1971,6,ickx,1585.53
1971,6,oliver,1374.48
1971,6,pescarolo,1710.66
1971,6,peterson,1744.2
1971,6,regazzoni,1512.37
1971,6,schenken,1591.77
1971,6,siffert,1727.05
1971,6,stewart,1964.49
1971,6,stommelen,1692.2
1971,6,surtees,1781.92
1971,6,wisell,1607.05
1971,7,adamich,1402.37
1971,7,amon,1528.2
1971,7,beuttler,1376.56
1971,7,cevert,1810.36
1971,7,elford,1620.47
1971,7,emerson_fittipaldi,1729.57
1971,7,galli,1586.89
1971,7,ganley,1532.57
1971,7,gethin,1502.66
1971,7,hill,1511.02
1971,7,hulme,1431.28
1971,7,ickx,1428.75
1971,7,mario_andretti,1636.08
1971,7,pescarolo,1600.49
1971,7,peterson,1795.72
1971,7,regazzoni,1692.06
1971,7,schenken,1690.75
1971,7,siffert,1642.02
1971,7,stewart,2013.74
1971,7,stommelen,1684.56
1971,7,surtees,1787.08
1971,7,wisell,1669.45
1971,8,beuttler,1441.33
1971,8,bonnier,1262.84
1971,8,cevert,1680.39
1971,8,emerson_fittipaldi,1831.11
1971,8,galli,1584.19
1971,8,ganley,1425.05
1971,8,gethin,1568.44
1971,8,hill,1652.46
1971,8,hulme,1345.24
1971,8,ickx,1427.84
1971,8,lauda,1453.83
1971,8,marko,1550.15
1971,8,oliver,1507.59
1971,8,pescarolo,1689.06
1971,8,peterson,1775.01
1971,8,regazzoni,1532.49
1971,8,schenken,1791.2
1971,8,siffert,1792.17
1971,8,stewart,1798.09
1971,8,stommelen,1722.92
1971,8,surtees,1601.93
1971,8,wisell,1762.55
1971,9,adamich,1444.3
1971,9,amon,1653.72
1971,9,beuttler,1498.49
1971,9,bonnier,1441.76
1971,9,cevert,1787.19
1971,9,emerson_fittipaldi,1795.35
1971,9,galli,1479.47
1971,9,ganley,1613.18
1971,9,gethin,1752.12
1971,9,hailwood,1637.54
1971,9,hill,1644.52
1971,9,ickx,1425.03
1971,9,jarier,1547.26
1971,9,marko,1413.07
1971,9,moser,1358.29
1971,9,oliver,1626.82
1971,9,pescarolo,1615.53
1971,9,peterson,1859.87
1971,9,regazzoni,1499.52
1971,9,schenken,1573.26
1971,9,siffert,1756.53
1971,9,stewart,1608.4
1971,9,stommelen,1471.05
1971,9,surtees,1424.07
1971,10,amon,1674.07
1971,10,barber,1426.3
1971,10,beltoise,1566.6
1971,10,beuttler,1480.53
1971,10,cevert,1809.61
1971,10,donohue,1694.07
1971,10,eaton,1467.36
1971,10,emerson_fittipaldi,1799.68
1971,10,galli,1486.91
1971,10,ganley,1411.53
1971,10,gethin,1662.47
1971,10,hill,1459.85
1971,10,hulme,1593.47
1971,10,ickx,1581.6
1971,10,lovely,1529.33
1971,10,mario_andretti,1615.94
1971,10,marko,1513.57
1971,10,peterson,1921.45
1971,10,regazzoni,1400.46
1971,10,schenken,1407.2
1971,10,siffert,1745.14
1971,10,stewart,1782.08
1971,10,stommelen,1433.35
1971,10,surtees,1536.42
1971,10,wisell,1809.67
1971,11,Cannoc,1560.8
1971,11,adamich,1578.34
1971,11,amon,1672.91
1971,11,barber,1463.39
1971,11,beltoise,1679.04
1971,11,bonnier,1502.86
1971,11,cevert,1913.78
1971,11,craft,1406.23
1971,11,emerson_fittipaldi,1609.17
1971,11,galli,1351.0
1971,11,ganley,1661.55
1971,11,gethin,1711.68
1971,11,hailwood,1610.24
1971,11,hill,1642.37
1971,11,hobbs,1682.18
1971,11,hulme,1483.13
1971,11,ickx,1521.64
1971,11,lovely,1468.85
1971,11,marko,1582.48
1971,11,pescarolo,1428.15
1971,11,peterson,1956.29
1971,11,posey,1389.75
1971,11,regazzoni,1628.73
1971,11,revson,1359.61
1971,11,schenken,1376.09
1971,11,siffert,1860.23
1971,11,stewart,1837.18
1971,11,surtees,1532.3
1971,11,wisell,1484.91
1972,1,adamich,1489.11
1972,1,amon,1457.98
1972,1,cevert,1757.37
1972,1,emerson_fittipaldi,1586.74
1972,1,ganley,1665.72
1972,1,gethin,1513.89
1972,1,hill,1508.89
1972,1,hulme,1671.8
1972,1,ickx,1678.43
1972,1,lauda,1514.07
1972,1,mario_andretti,1526.39
1972,1,marko,1604.33
1972,1,pescarolo,1546.59
1972,1,peterson,1911.28
1972,1,regazzoni,1726.22
1972,1,reutemann,1604.98
1972,1,revson,1392.75
1972,1,roig,1264.39
1972,1,schenken,1561.75
1972,1,stewart,1912.29
1972,1,walker,1338.77
1972,1,wisell,1486.22
1972,2,adamich,1448.05
1972,2,amon,1495.84
1972,2,beltoise,1510.63
1972,2,cevert,1744.05
1972,2,charlton,1270.26
1972,2,emerson_fittipaldi,1756.54
1972,2,ganley,1551.99
1972,2,gethin,1444.32
1972,2,hailwood,1448.78
1972,2,hill,1657.69
1972,2,hulme,1818.45
1972,2,ickx,1715.41
1972,2,lauda,1645.09
1972,2,love,1498.16
1972,2,mario_andretti,1693.71
1972,2,marko,1585.6
1972,2,pace,1484.92
1972,2,pescarolo,1602.18
1972,2,peterson,1904.01
1972,2,regazzoni,1679.18
1972,2,reutemann,1430.33
1972,2,revson,1639.61
1972,2,schenken,1392.52
1972,2,stewart,1617.71
1972,2,stommelen,1514.55
1972,2,walker,1509.43
1972,3,adamich,1650.83
1972,3,amon,1537.45
1972,3,beltoise,1388.48
1972,3,cevert,1651.65
1972,3,emerson_fittipaldi,1867.53
1972,3,ganley,1506.25
1972,3,gethin,1479.0
1972,3,hailwood,1402.11
1972,3,hill,1667.87
1972,3,hulme,1660.56
1972,3,ickx,1827.65
1972,3,lauda,1442.12
1972,3,mario_andretti,1546.36
1972,3,pace,1640.43
1972,3,pescarolo,1623.68
1972,3,peterson,1626.91
1972,3,regazzoni,1791.78
1972,3,revson,1738.39
1972,3,roig,1200.68
1972,3,schenken,1558.44
1972,3,stewart,1616.55
1972,3,stommelen,1407.62
1972,3,walker,1605.23
1972,3,wilson_fittipaldi,1632.7
1972,3,wisell,1455.01
1972,4,adamich,1715.32
1972,4,amon,1670.33
1972,4,beltoise,1659.63
1972,4,beuttler,1534.61
1972,4,cevert,1544.8
1972,4,emerson_fittipaldi,1906.57
1972,4,ganley,1406.09
1972,4,gethin,1357.08
1972,4,hailwood,1364.45
1972,4,hill,1647.26
1972,4,hulme,1596.68
1972,4,ickx,1895.22
1972,4,lauda,1466.7
1972,4,marko,1665.98
1972,4,pace,1554.35
1972,4,pescarolo,1515.27
1972,4,peterson,1640.87
1972,4,redman,1746.89
1972,4,regazzoni,1585.93
1972,4,schenken,1417.1
1972,4,stewart,1741.78
1972,4,stommelen,1541.14
1972,4,walker,1583.54
1972,4,wilson_fittipaldi,1675.64
1972,4,wisell,1325.75
1972,5,adamich,1570.99
1972,5,amon,1736.18
1972,5,beltoise,1446.37
1972,5,beuttler,1431.65
1972,5,cevert,1729.63
1972,5,emerson_fittipaldi,1967.76
1972,5,galli,1359.01
1972,5,ganley,1565.22
1972,5,gethin,1296.91
1972,5,hailwood,1601.44
1972,5,hill,1583.03
1972,5,hulme,1742.89
1972,5,ickx,1636.6
1972,5,lauda,1536.96
1972,5,marko,1672.85
1972,5,pace,1688.12
1972,5,pescarolo,1499.22
1972,5,peterson,1674.31
1972,5,regazzoni,1519.88
1972,5,reutemann,1500.68
1972,5,revson,1759.92
1972,5,schenken,1299.04
1972,5,stommelen,1592.21
1972,5,walker,1565.47
1972,5,wilson_fittipaldi,1487.98
1972,6,adamich,1557.17
1972,6,amon,1823.08
1972,6,beltoise,1471.02
1972,6,beuttler,1394.69
1972,6,cevert,1803.96
1972,6,depailler,1416.93
1972,6,emerson_fittipaldi,1996.76
1972,6,galli,1452.48
1972,6,hailwood,1699.24
1972,6,hill,1628.72
1972,6,hulme,1765.3
1972,6,ickx,1642.71
1972,6,lauda,1371.4
1972,6,marko,1460.98
1972,6,pace,1484.61
1972,6,peterson,1756.11
1972,6,redman,1735.8
1972,6,reutemann,1551.96
1972,6,schenken,1346.68
1972,6,stewart,1855.59
1972,6,stommelen,1535.82
1972,6,walker,1487.09
1972,6,wilson_fittipaldi,1605.78
1972,6,wisell,1293.71
1972,7,adamich,1364.82
1972,7,amon,1872.51
1972,7,beltoise,1561.2
1972,7,beuttler,1487.33
1972,7,cevert,1677.44
1972,7,charlton,1266.01
1972,7,emerson_fittipaldi,2043.81
1972,7,galli,1359.71
1972,7,gethin,1229.76
1972,7,hailwood,1524.91
1972,7,hill,1535.64
1972,7,hulme,1821.13
1972,7,ickx,1558.27
1972,7,lauda,1537.24
1972,7,merzario,1653.99
1972,7,oliver,1502.6
1972,7,pace,1443.22
1972,7,pescarolo,1368.65
1972,7,peterson,1783.77
1972,7,reutemann,1653.47
1972,7,revson,1847.8
1972,7,schenken,1442.53
1972,7,stewart,1925.45
1972,7,stommelen,1612.3
1972,7,walker,1491.24
1972,7,wilson_fittipaldi,1618.48
1972,8,adamich,1484.3
1972,8,amon,1723.97
1972,8,bell,1333.15
1972,8,beltoise,1648.15
1972,8,beuttler,1624.57
1972,8,cevert,1694.52
1972,8,charlton,1209.94
1972,8,emerson_fittipaldi,1798.77
1972,8,ganley,1725.49
1972,8,hailwood,1465.66
1972,8,hill,1680.53
1972,8,hulme,1632.33
1972,8,ickx,1765.78
1972,8,lauda,1407.77
1972,8,merzario,1654.52
1972,8,pace,1481.63
1972,8,pescarolo,1409.6
1972,8,peterson,1866.02
1972,8,redman,1805.87
1972,8,regazzoni,1729.29
1972,8,reutemann,1515.5
1972,8,schenken,1510.97
1972,8,stewart,1823.48
1972,8,stommelen,1479.31
1972,8,walker,1399.91
1972,8,wilson_fittipaldi,1709.68
1972,8,wisell,1209.79
1972,9,adamich,1525.69
1972,9,amon,1797.44
1972,9,beltoise,1710.9
1972,9,beuttler,1503.57
1972,9,cevert,1721.14
1972,9,emerson_fittipaldi,1905.51
1972,9,galli,1402.01
1972,9,ganley,1783.27
1972,9,gethin,1387.56
1972,9,hailwood,1667.66
1972,9,hill,1563.63
1972,9,hulme,1790.49
1972,9,ickx,1544.6
1972,9,lauda,1547.16
1972,9,migault,1419.91
1972,9,pace,1490.7
1972,9,peterson,1769.09
1972,9,regazzoni,1493.39
1972,9,reutemann,1396.58
1972,9,revson,1905.21
1972,9,schenken,1588.66
1972,9,stewart,1825.81
1972,9,stommelen,1506.19
1972,9,walker,1295.17
1972,9,wilson_fittipaldi,1563.63
1972,10,adamich,1517.4
1972,10,amon,1679.1
1972,10,beltoise,1743.76
1972,10,beuttler,1600.01
1972,10,cevert,1504.04
1972,10,emerson_fittipaldi,1978.66
1972,10,galli,1311.83
1972,10,ganley,1738.2
1972,10,gethin,1594.65
1972,10,hailwood,1811.66
1972,10,hill,1709.88
1972,10,hulme,1870.6
1972,10,ickx,1557.98
1972,10,lauda,1575.45
1972,10,mario_andretti,1667.74
1972,10,pace,1415.28
1972,10,peterson,1761.95
1972,10,regazzoni,1433.89
1972,10,reutemann,1342.44
1972,10,revson,1929.51
1972,10,schenken,1502.36
1972,10,stewart,1525.72
1972,10,surtees,1488.33
1972,10,wilson_fittipaldi,1521.65
1972,10,wisell,1390.04
1972,11,adamich,1366.55
1972,11,amon,1741.98
1972,11,barber,1402.27
1972,11,beltoise,1537.69
1972,11,beuttler,1526.64
1972,11,brack,1414.19
1972,11,cevert,1458.32
1972,11,emerson_fittipaldi,1850.32
1972,11,ganley,1712.59
1972,11,gethin,1491.12
1972,11,hill,1728.37
1972,11,hulme,1914.25
1972,11,ickx,1584.34
1972,11,lauda,1543.54
1972,11,pace,1548.06
1972,11,pescarolo,1485.44
1972,11,peterson,1629.76
1972,11,regazzoni,1618.65
1972,11,reutemann,1582.96
1972,11,revson,1972.43
1972,11,schenken,1626.77
1972,11,stewart,1728.39
1972,11,wilson_fittipaldi,1386.08
1972,11,wisell,1456.71
1972,12,adamich,1294.68
1972,12,amon,1672.4
1972,12,barber,1499.61
1972,12,bell,1226.13
1972,12,beltoise,1427.76
1972,12,beuttler,1602.84
1972,12,cevert,1726.45
1972,12,depailler,1639.38
1972,12,emerson_fittipaldi,1488.68
1972,12,ganley,1555.52
1972,12,gethin,1470.98
1972,12,hailwood,1675.53
1972,12,hill,1728.17
1972,12,hulme,1960.98
1972,12,ickx,1748.02
1972,12,lauda,1526.43
1972,12,mario_andretti,1774.87
1972,12,pace,1513.1
1972,12,pescarolo,1568.54
1972,12,peterson,1784.77
1972,12,posey,1553.34
1972,12,redman,1531.83
1972,12,regazzoni,1720.59
1972,12,reutemann,1419.21
1972,12,revson,1747.57
1972,12,scheckter,1650.03
1972,12,schenken,1405.64
1972,12,stewart,1879.71
1972,12,walker,1336.62
1972,12,wilson_fittipaldi,1369.68
1972,12,wisell,1614.43
1973,1,beltoise,1462.12
1973,1,beuttler,1609.08
1973,1,cevert,1816.59
1973,1,emerson_fittipaldi,1676.88
1973,1,galli,1256.61
1973,1,ganley,1527.37
1973,1,hailwood,1533.92
1973,1,hulme,1934.31
1973,1,ickx,1799.53
1973,1,jarier,1557.2
1973,1,lauda,1476.16
1973,1,merzario,1658.06
1973,1,pace,1415.18
1973,1,peterson,1654.1
1973,1,regazzoni,1732.26
1973,1,reutemann,1387.53
1973,1,revson,1733.58
1973,1,stewart,1907.78
1973,1,wilson_fittipaldi,1522.2
1973,2,beltoise,1474.98
1973,2,beuttler,1548.75
1973,2,bueno,1516.13
1973,2,cevert,1747.22
1973,2,emerson_fittipaldi,1803.74
1973,2,galli,1405.8
1973,2,ganley,1618.23
1973,2,hailwood,1468.08
1973,2,hulme,1951.9
1973,2,ickx,1822.72
1973,2,jarier,1465.28
1973,2,lauda,1569.43
1973,2,merzario,1746.45
1973,2,pace,1410.43
1973,2,peterson,1507.14
1973,2,regazzoni,1762.59
1973,2,reutemann,1461.8
1973,2,revson,1520.98
1973,2,stewart,1948.71
1973,2,wilson_fittipaldi,1410.11
1973,3,adamich,1495.07
1973,3,beltoise,1389.78
1973,3,beuttler,1512.69
1973,3,cevert,1635.3
1973,3,charlton,1205.89
1973,3,emerson_fittipaldi,1867.7
1973,3,follmer,1644.22
1973,3,ganley,1645.65
1973,3,hailwood,1321.03
1973,3,hulme,1937.6
1973,3,ickx,1525.91
1973,3,jarier,1497.71
1973,3,keizan,1532.91
1973,3,lauda,1473.75
1973,3,merzario,1815.46
1973,3,oliver,1421.69
1973,3,pace,1499.84
1973,3,peterson,1569.53
1973,3,pretorius,1425.36
1973,3,regazzoni,1508.06
1973,3,reutemann,1607.22
1973,3,revson,1710.89
1973,3,scheckter,1678.54
1973,3,stewart,2003.9
1973,3,wilson_fittipaldi,1419.95
1973,4,adamich,1375.93
1973,4,beltoise,1571.34
1973,4,beuttler,1614.93
1973,4,cevert,1764.88
1973,4,emerson_fittipaldi,1937.57
1973,4,follmer,1754.77
1973,4,galli,1485.74
1973,4,ganley,1577.15
1973,4,hailwood,1301.43
1973,4,hill,1561.88
1973,4,hulme,1901.52
1973,4,ickx,1540.02
1973,4,lauda,1432.18
1973,4,oliver,1348.84
1973,4,pace,1361.36
1973,4,pescarolo,1631.64
1973,4,peterson,1517.64
1973,4,regazzoni,1580.23
1973,4,reutemann,1570.83
1973,4,revson,1781.03
1973,4,stewart,1769.95
1973,4,wilson_fittipaldi,1511.45
1973,5,adamich,1588.15
1973,5,amon,1729.2
1973,5,beltoise,1560.24
1973,5,beuttler,1617.14
1973,5,cevert,1851.71
1973,5,emerson_fittipaldi,1956.21
1973,5,follmer,1566.43
1973,5,galli,1365.12
1973,5,ganley,1500.03
1973,5,hailwood,1229.25
1973,5,hill,1618.48
1973,5,hulme,1860.27
1973,5,ickx,1413.47
1973,5,jarier,1534.8
1973,5,lauda,1604.72
1973,5,oliver,1315.47
1973,5,pace,1518.27
1973,5,peterson,1497.29
1973,5,regazzoni,1613.14
1973,5,reutemann,1480.27
1973,5,revson,1630.03
1973,5,stewart,1870.8
1973,5,wilson_fittipaldi,1510.27
1973,6,adamich,1683.54
1973,6,amon,1497.29
1973,6,beltoise,1491.08
1973,6,beuttler,1407.51
1973,6,cevert,1886.82
1973,6,emerson_fittipaldi,1994.26
1973,6,galli,1331.53
1973,6,ganley,1475.03
1973,6,hailwood,1462.8
1973,6,hill,1601.34
1973,6,hulme,1860.25
1973,6,hunt,1601.98
1973,6,ickx,1443.91
1973,6,jarier,1571.83
1973,6,lauda,1447.72
1973,6,merzario,1696.09
1973,6,oliver,1481.65
1973,6,pace,1452.49
1973,6,peterson,1688.93
1973,6,purley,1426.05
1973,6,regazzoni,1421.41
1973,6,reutemann,1497.84
1973,6,revson,1735.44
1973,6,stewart,1948.64
1973,6,wilson_fittipaldi,1574.37
1973,7,beltoise,1467.2
1973,7,beuttler,1531.2
1973,7,cevert,1918.97
1973,7,emerson_fittipaldi,1836.34
1973,7,follmer,1528.74
1973,7,ganley,1521.24
1973,7,hailwood,1415.48
1973,7,hill,1464.55
1973,7,hulme,1933.53
1973,7,ickx,1584.6
1973,7,jarier,1463.76
1973,7,lauda,1474.44
1973,7,oliver,1444.35
1973,7,pace,1524.49
1973,7,peterson,1797.29
1973,7,regazzoni,1522.59
1973,7,reutemann,1646.71
1973,7,revson,1747.81
1973,7,stewart,1929.83
1973,7,wilson_fittipaldi,1432.14
1973,7,wisell,1438.96
1973,8,adamich,1533.93
1973,8,beltoise,1561.28
1973,8,cevert,1970.3
1973,8,emerson_fittipaldi,1648.77
1973,8,follmer,1418.64
1973,8,ganley,1542.87
1973,8,hailwood,1404.48
1973,8,hill,1576.07
1973,8,hulme,1879.88
1973,8,hunt,1710.46
1973,8,ickx,1715.93
1973,8,jarier,1348.99
1973,8,lauda,1597.71
1973,8,merzario,1748.63
1973,8,oliver,1319.89
1973,8,opel,1515.11
1973,8,pace,1560.65
1973,8,pescarolo,1457.2
1973,8,peterson,1902.6
1973,8,regazzoni,1575.56
1973,8,reutemann,1779.7
1973,8,scheckter,1577.81
1973,8,stewart,1944.71
1973,8,wilson_fittipaldi,1460.61
1973,8,wisell,1385.19
1973,9,adamich,1426.75
1973,9,amon,1503.6
1973,9,beltoise,1456.16
1973,9,beuttler,1626.7
1973,9,cevert,1965.99
1973,9,emerson_fittipaldi,1624.84
1973,9,follmer,1333.02
1973,9,ganley,1659.42
1973,9,hailwood,1423.31
1973,9,hill,1558.37
1973,9,hulme,1937.05
1973,9,hunt,1818.38
1973,9,ickx,1764.58
1973,9,lauda,1645.49
1973,9,mass,1457.0
1973,9,mcrae,1341.44
1973,9,oliver,1257.15
1973,9,opel,1588.9
1973,9,pace,1471.48
1973,9,peterson,1967.74
1973,9,purley,1284.57
1973,9,regazzoni,1704.49
1973,9,reutemann,1830.53
1973,9,revson,1882.94
1973,9,scheckter,1528.19
1973,9,stewart,1866.56
1973,9,watson,1535.76
1973,9,williamson,1393.32
1973,9,wilson_fittipaldi,1545.57
1973,10,amon,1482.33
1973,10,beltoise,1643.45
1973,10,beuttler,1469.1
1973,10,cevert,2014.31
1973,10,emerson_fittipaldi,1484.41
1973,10,follmer,1488.15
1973,10,ganley,1700.47
1973,10,hailwood,1481.57
1973,10,hill,1594.32
1973,10,hulme,1768.06
1973,10,hunt,1896.63
1973,10,lauda,1628.5
1973,10,lennep,1717.52
1973,10,oliver,1217.41
1973,10,opel,1412.27
1973,10,pace,1620.65
1973,10,peterson,1857.39
1973,10,purley,1309.0
1973,10,regazzoni,1742.93
1973,10,reutemann,1652.92
1973,10,revson,1923.46
1973,10,stewart,1960.32
1973,10,williamson,1363.6
1973,10,wilson_fittipaldi,1523.73
1973,11,beltoise,1487.96
1973,11,beuttler,1451.4
1973,11,cevert,2042.67
1973,11,emerson_fittipaldi,1626.94
1973,11,follmer,1414.05
1973,11,hailwood,1494.72
1973,11,hill,1577.85
1973,11,hulme,1696.69
1973,11,ickx,1848.06
1973,11,lauda,1463.01
1973,11,mass,1593.76
1973,11,oliver,1421.98
1973,11,pace,1741.4
1973,11,pescarolo,1544.89
1973,11,peterson,1579.43
1973,11,purley,1366.97
1973,11,regazzoni,1578.83
1973,11,reutemann,1542.49
1973,11,revson,1849.22
1973,11,stewart,2018.09
1973,11,stommelen,1557.29
1973,11,wilson_fittipaldi,1666.91
1973,12,beltoise,1661.62
1973,12,beuttler,1348.4
1973,12,cevert,1741.14
1973,12,emerson_fittipaldi,1647.35
1973,12,follmer,1422.6
1973,12,ganley,1672.91
1973,12,hailwood,1588.47
1973,12,hill,1536.66
1973,12,hulme,1735.0
1973,12,hunt,1633.24
1973,12,jarier,1450.1
1973,12,lennep,1731.53
1973,12,merzario,1780.99
1973,12,oliver,1392.34
1973,12,opel,1472.28
1973,12,pace,1842.92
1973,12,peterson,1774.63
1973,12,regazzoni,1697.9
1973,12,reutemann,1709.69
1973,12,revson,1590.74
1973,12,stewart,2049.08
1973,12,stommelen,1490.41
1973,12,wilson_fittipaldi,1602.45
1973,13,beltoise,1646.75
1973,13,beuttler,1408.04
1973,13,cevert,1819.43
1973,13,emerson_fittipaldi,1809.57
1973,13,follmer,1567.28
1973,13,ganley,1606.01
1973,13,hailwood,1705.41
1973,13,hill,1564.65
1973,13,hulme,1653.82
1973,13,hunt,1440.62
1973,13,ickx,1835.1
1973,13,lauda,1458.84
1973,13,lennep,1556.07
1973,13,merzario,1532.12
1973,13,oliver,1532.54
1973,13,opel,1401.11
1973,13,pace,1629.52
1973,13,peterson,1899.28
1973,13,purley,1552.17
1973,13,regazzoni,1568.18
1973,13,reutemann,1786.71
1973,13,revson,1762.82
1973,13,stewart,2037.35
1973,13,stommelen,1571.12
1973,13,wilson_fittipaldi,1455.85
1973,14,amon,1594.87
1973,14,beltoise,1769.37
1973,14,beuttler,1326.88
1973,14,cevert,1558.42
1973,14,emerson_fittipaldi,1897.94
1973,14,follmer,1528.53
1973,14,ganley,1719.87
1973,14,gethin,1331.34
1973,14,hailwood,1728.53
1973,14,hill,1542.93
1973,14,hulme,1637.33
1973,14,hunt,1615.66
1973,14,jarier,1434.57
1973,14,lauda,1404.71
1973,14,merzario,1541.89
1973,14,oliver,1721.46
1973,14,opel,1389.45
1973,14,pace,1544.77
1973,14,peterson,1568.72
1973,14,reutemann,1789.12
1973,14,revson,1883.5
1973,14,scheckter,1425.25
1973,14,schenken,1490.17
1973,14,stewart,2006.68
1973,14,stommelen,1609.57
1973,14,wilson_fittipaldi,1564.54
1973,15,amon,1410.57
1973,15,beltoise,1783.31
1973,15,beuttler,1537.26
1973,15,cevert,1375.84
1973,15,emerson_fittipaldi,1903.0
1973,15,follmer,1582.51
1973,15,ganley,1708.66
1973,15,hailwood,1569.47
1973,15,hill,1605.37
1973,15,hulme,1782.71
1973,15,hunt,1799.21
1973,15,ickx,1850.49
1973,15,jarier,1579.42
1973,15,lauda,1422.44
1973,15,mass,1536.85
1973,15,merzario,1559.42
1973,15,oliver,1662.89
1973,15,opel,1330.61
1973,15,pace,1465.02
1973,15,peterson,1788.7
1973,15,redman,1425.65
1973,15,regazzoni,1694.08
1973,15,reutemann,1882.24
1973,15,revson,1908.88
1973,15,scheckter,1466.8
1973,15,stewart,1629.13
1973,15,watson,1444.13
1973,15,wilson_fittipaldi,1554.99
1974,1,beltoise,1841.83
1974,1,depailler,1745.19
1974,1,edwards,1596.93
1974,1,emerson_fittipaldi,1834.79
1974,1,ganley,1754.54
1974,1,hailwood,1736.08
1974,1,hill,1606.42
1974,1,hulme,1906.47
1974,1,hunt,1574.59
1974,1,ickx,1721.85
1974,1,jarier,1413.84
1974,1,lauda,1684.12
1974,1,mass,1421.61
1974,1,merzario,1465.67
1974,1,migault,1438.75
1974,1,pace,1430.06
1974,1,pescarolo,1650.61
1974,1,peterson,1718.97
1974,1,regazzoni,1821.31
1974,1,reutemann,1870.48
1974,1,revson,1600.79
1974,1,robarts,1519.43
1974,1,scheckter,1448.63
1974,1,stuck,1502.45
1974,1,watson,1548.98
1974,2,beltoise,1798.89
1974,2,depailler,1775.05
1974,2,edwards,1419.9
1974,2,emerson_fittipaldi,1937.26
1974,2,ganley,1533.82
1974,2,hailwood,1814.04
1974,2,hill,1654.1
1974,2,hulme,1805.57
1974,2,hunt,1666.07
1974,2,ickx,1838.0
1974,2,jarier,1397.96
1974,2,lauda,1482.02
1974,2,mass,1454.5
1974,2,merzario,1411.1
1974,2,migault,1482.18
1974,2,pace,1656.86
1974,2,pescarolo,1631.88
1974,2,peterson,1789.18
1974,2,regazzoni,1913.38
1974,2,reutemann,1863.51
1974,2,revson,1469.36
1974,2,robarts,1545.09
1974,2,scheckter,1537.34
1974,2,stuck,1467.36
1974,2,watson,1509.97
1974,3,belso,1349.36
1974,3,beltoise,1905.72
1974,3,brambilla,1620.6
1974,3,charlton,1297.88
1974,3,depailler,1861.47
1974,3,driver,1337.69
1974,3,emerson_fittipaldi,1911.0
1974,3,hailwood,1899.86
1974,3,hill,1670.93
1974,3,hulme,1799.37
1974,3,hunt,1501.76
1974,3,ian_scheckter,1575.14
1974,3,ickx,1602.92
1974,3,keizan,1576.4
1974,3,lauda,1516.75
1974,3,mass,1374.15
1974,3,merzario,1629.73
1974,3,migault,1533.36
1974,3,pace,1687.43
1974,3,pescarolo,1562.37
1974,3,peterson,1512.26
1974,3,regazzoni,1675.1
1974,3,reutemann,1961.88
1974,3,robarts,1533.72
1974,3,scheckter,1669.51
1974,3,stuck,1676.4
1974,3,watson,1451.67
1974,4,amon,1354.82
1974,4,beltoise,1575.72
1974,4,depailler,1839.29
1974,4,emerson_fittipaldi,1954.65
1974,4,hailwood,1848.04
1974,4,hill,1600.1
1974,4,hulme,1834.32
1974,4,hunt,1606.52
1974,4,ickx,1497.74
1974,4,jarier,1465.25
1974,4,lauda,1744.77
1974,4,mass,1401.25
1974,4,merzario,1562.57
1974,4,migault,1476.56
1974,4,opel,1285.35
1974,4,pace,1658.94
1974,4,pescarolo,1606.94
1974,4,peterson,1431.78
1974,4,redman,1606.46
1974,4,regazzoni,1821.16
1974,4,reutemann,1622.69
1974,4,scheckter,1773.48
1974,4,schenken,1535.73
1974,4,stuck,1792.82
1974,4,watson,1561.65
1974,5,beltoise,1749.97
1974,5,brambilla,1718.83
1974,5,depailler,1602.43
1974,5,edwards,1580.13
1974,5,emerson_fittipaldi,2023.86
1974,5,hailwood,1863.89
1974,5,hill,1723.28
1974,5,hulme,1870.23
1974,5,hunt,1417.89
1974,5,ickx,1509.95
1974,5,jarier,1586.2
1974,5,larrousse,1417.64
1974,5,lauda,1877.83
1974,5,lennep,1613.33
1974,5,mass,1385.03
1974,5,merzario,1382.21
1974,5,migault,1545.85
1974,5,opel,1268.27
1974,5,pace,1474.33
1974,5,pescarolo,1386.58
1974,5,peterson,1431.14
1974,5,pilette,1541.26
1974,5,pryce,1495.23
1974,5,redman,1574.8
1974,5,regazzoni,1892.79
1974,5,reutemann,1535.79
1974,5,scheckter,1879.76
1974,5,schenken,1664.65
1974,5,schuppan,1572.36
1974,5,stuck,1452.74
1974,5,watson,1662.08
1974,6,amon,1261.58
1974,6,beltoise,1607.36
1974,6,brambilla,1545.18
1974,6,depailler,1688.31
1974,6,edwards,1691.73
1974,6,emerson_fittipaldi,2006.31
1974,6,hailwood,1750.58
1974,6,hill,1784.55
1974,6,hulme,1655.81
1974,6,hunt,1527.53
1974,6,ickx,1606.91
1974,6,jarier,1764.03
1974,6,lauda,1791.13
1974,6,mass,1299.24
1974,6,merzario,1381.82
1974,6,migault,1551.05
1974,6,pace,1385.86
1974,6,pescarolo,1555.74
1974,6,peterson,1706.41
1974,6,redman,1456.76
1974,6,regazzoni,1931.69
1974,6,reutemann,1561.76
1974,6,scheckter,1955.7
1974,6,schenken,1469.22
1974,6,schuppan,1548.95
1974,6,stuck,1468.74
1974,6,watson,1765.52
1974,7,belso,1557.05
1974,7,beltoise,1446.05
1974,7,brambilla,1633.16
1974,7,depailler,1835.91
1974,7,edwards,1764.32
1974,7,emerson_fittipaldi,2009.26
1974,7,hailwood,1535.47
1974,7,hill,1832.71
1974,7,hulme,1615.35
1974,7,hunt,1728.6
1974,7,ickx,1539.74
1974,7,jarier,1835.65
1974,7,kinnunen,1419.82
1974,7,lauda,1721.1
1974,7,mass,1397.64
1974,7,opel,1490.48
1974,7,pace,1386.61
1974,7,pescarolo,1384.8
1974,7,peterson,1545.05
1974,7,regazzoni,1700.1
1974,7,reutemann,1531.78
1974,7,roos,1371.2
1974,7,scheckter,2024.26
1974,7,schuppan,1605.33
1974,7,watson,1738.29
1974,7,wisell,1483.35
1974,8,beltoise,1432.99
1974,8,brambilla,1680.88
1974,8,depailler,1861.6
1974,8,edwards,1637.68
1974,8,emerson_fittipaldi,2027.83
1974,8,hailwood,1715.11
1974,8,hill,1627.61
1974,8,hulme,1607.11
1974,8,hunt,1520.93
1974,8,ickx,1613.71
1974,8,jarier,1661.87
1974,8,lauda,1866.31
1974,8,mass,1352.37
1974,8,merzario,1441.4
1974,8,migault,1556.14
1974,8,opel,1617.66
1974,8,pescarolo,1362.54
1974,8,peterson,1664.42
1974,8,pryce,1377.88
1974,8,regazzoni,1838.27
1974,8,reutemann,1593.11
1974,8,scheckter,2004.32
1974,8,schuppan,1617.43
1974,8,stuck,1344.49
1974,8,watson,1788.21
1974,9,beltoise,1540.99
1974,9,brambilla,1675.43
1974,9,depailler,1837.84
1974,9,edwards,1584.03
1974,9,emerson_fittipaldi,1790.23
1974,9,hailwood,1762.24
1974,9,hill,1611.51
1974,9,hulme,1712.76
1974,9,hunt,1394.98
1974,9,ickx,1733.05
1974,9,jarier,1648.05
1974,9,lauda,1939.64
1974,9,mass,1338.61
1974,9,merzario,1563.87
1974,9,migault,1552.18
1974,9,pescarolo,1308.08
1974,9,peterson,1823.37
1974,9,pryce,1337.69
1974,9,regazzoni,1904.6
1974,9,reutemann,1512.16
1974,9,scheckter,2005.0
1974,9,watson,1656.0
1974,10,beltoise,1586.0
1974,10,brambilla,1498.02
1974,10,depailler,1619.54
1974,10,emerson_fittipaldi,1891.34
1974,10,gethin,1244.22
1974,10,hailwood,1626.49
1974,10,hill,1609.99
1974,10,hulme,1765.84
1974,10,hunt,1303.78
1974,10,ickx,1839.25
1974,10,jarier,1547.65
1974,10,lauda,1943.14
1974,10,mass,1433.97
1974,10,merzario,1453.03
1974,10,migault,1524.94
1974,10,pace,1541.11
1974,10,pescarolo,1396.83
1974,10,peterson,1781.07
1974,10,pryce,1528.37
1974,10,regazzoni,1935.03
1974,10,reutemann,1663.67
1974,10,scheckter,2057.85
1974,10,schenken,1366.56
1974,10,stuck,1354.91
1974,10,watson,1667.33
1974,11,ashley,1541.18
1974,11,bell,1431.65
1974,11,beltoise,1487.58
1974,11,brambilla,1556.38
1974,11,depailler,1537.83
1974,11,emerson_fittipaldi,1618.29
1974,11,hailwood,1592.12
1974,11,hill,1682.95
1974,11,hulme,1488.95
1974,11,hunt,1379.42
1974,11,ickx,1880.89
1974,11,jarier,1664.87
1974,11,laffite,1396.39
1974,11,lauda,1598.91
1974,11,mass,1473.41
1974,11,merzario,1433.2
1974,11,pace,1595.38
1974,11,pescarolo,1551.55
1974,11,peterson,1860.02
1974,11,pryce,1687.19
1974,11,regazzoni,2009.26
1974,11,reutemann,1805.27
1974,11,scheckter,2084.41
1974,11,schuppan,1487.99
1974,11,stuck,1575.26
1974,11,watson,1467.45
1974,12,ashley,1576.55
1974,12,beltoise,1404.52
1974,12,brambilla,1693.02
1974,12,depailler,1531.98
1974,12,emerson_fittipaldi,1542.12
1974,12,hill,1667.08
1974,12,hobbs,1746.83
1974,12,hulme,1716.4
1974,12,hunt,1639.95
1974,12,ickx,1732.23
1974,12,jarier,1722.18
1974,12,laffite,1402.81
1974,12,lauda,1447.83
1974,12,merzario,1406.71
1974,12,pace,1546.12
1974,12,peterson,1734.78
1974,12,pryce,1526.6
1974,12,quester,1618.04
1974,12,regazzoni,1989.18
1974,12,reutemann,1917.33
1974,12,scheckter,1685.45
1974,12,schenken,1527.22
1974,12,stommelen,1437.0
1974,12,stuck,1625.09
1974,12,watson,1672.37
1974,13,beltoise,1305.97
1974,13,brambilla,1578.31
1974,13,depailler,1603.49
1974,13,emerson_fittipaldi,1743.7
1974,13,hill,1720.39
1974,13,hobbs,1748.98
1974,13,hulme,1777.32
1974,13,hunt,1472.78
1974,13,ickx,1663.47
1974,13,jarier,1608.39
1974,13,laffite,1453.68
1974,13,lauda,1528.92
1974,13,merzario,1639.65
1974,13,migault,1395.05
1974,13,pace,1699.68
1974,13,pescarolo,1442.89
1974,13,peterson,1867.62
1974,13,pryce,1616.61
1974,13,regazzoni,1847.0
1974,13,reutemann,1666.23
1974,13,scheckter,1807.83
1974,13,schenken,1476.19
1974,13,stommelen,1490.99
1974,13,stuck,1497.98
1974,13,watson,1738.18
1974,14,amon,1356.75
1974,14,beltoise,1317.98
1974,14,depailler,1738.86
1974,14,donohue,1681.73
1974,14,emerson_fittipaldi,1876.23
1974,14,hill,1665.32
1974,14,hulme,1820.09
1974,14,hunt,1683.53
1974,14,ickx,1650.79
1974,14,jarier,1460.57
1974,14,koinigg,1611.44
1974,14,laffite,1509.04
1974,14,lauda,1498.25
1974,14,mario_andretti,1804.0
1974,14,mass,1503.11
1974,14,merzario,1460.55
1974,14,pace,1747.79
1974,14,peterson,1923.19
1974,14,pryce,1527.98
1974,14,regazzoni,1925.04
1974,14,reutemann,1715.02
1974,14,scheckter,1576.83
1974,14,stommelen,1590.36
1974,14,stuck,1351.04
1974,14,watson,1574.43
1974,14,wietzes,1351.02
1974,15,amon,1564.56
1974,15,brambilla,1477.39
1974,15,depailler,1809.71
1974,15,dolhem,1453.75
1974,15,donohue,1560.54
1974,15,emerson_fittipaldi,1920.45
1974,15,hill,1740.22
1974,15,hulme,1515.6
1974,15,hunt,1823.12
1974,15,ickx,1481.18
1974,15,jarier,1603.66
1974,15,koinigg,1477.76
1974,15,laffite,1490.48
1974,15,lauda,1501.52
1974,15,mario_andretti,1522.36
1974,15,mass,1672.59
1974,15,merzario,1498.4
1974,15,pace,1873.78
1974,15,peterson,1801.77
1974,15,pryce,1565.86
1974,15,regazzoni,1834.18
1974,15,reutemann,1869.67
1974,15,scheckter,1574.53
1974,15,schenken,1375.04
1974,15,stommelen,1641.59
1974,15,watson,1737.95
1974,15,wilds,1567.72
1975,1,brambilla,1602.07
1975,1,depailler,1859.69
1975,1,donohue,1682.93
1975,1,emerson_fittipaldi,1994.65
1975,1,hill,1734.92
1975,1,hunt,1913.72
1975,1,ickx,1621.08
1975,1,jarier,1447.2
1975,1,laffite,1431.84
1975,1,lauda,1665.44
1975,1,mario_andretti,1500.6
1975,1,mass,1632.58
1975,1,merzario,1503.92
1975,1,pace,1730.46
1975,1,peterson,1622.22
1975,1,pryce,1605.14
1975,1,regazzoni,1890.2
1975,1,reutemann,1928.42
1975,1,scheckter,1626.32
1975,1,stommelen,1631.25
1975,1,watson,1537.07
1975,1,wilds,1509.56
1975,1,wilson_fittipaldi,1452.4
1975,2,brambilla,1444.34
1975,2,depailler,1688.6
1975,2,donohue,1540.14
1975,2,emerson_fittipaldi,2033.33
1975,2,hill,1701.03
1975,2,hunt,1909.21
1975,2,ickx,1686.26
1975,2,jarier,1469.55
1975,2,laffite,1543.01
1975,2,lauda,1771.24
1975,2,mario_andretti,1646.49
1975,2,mass,1781.21
1975,2,merzario,1454.91
1975,2,pace,1869.68
1975,2,peterson,1588.48
1975,2,pryce,1530.63
1975,2,regazzoni,1926.15
1975,2,reutemann,1885.48
1975,2,scheckter,1474.86
1975,2,stommelen,1609.63
1975,2,watson,1622.15
1975,2,wilds,1424.4
1975,2,wilson_fittipaldi,1522.89
1975,3,brambilla,1328.68
1975,3,charlton,1434.8
1975,3,depailler,1823.3
1975,3,donohue,1669.38
1975,3,emerson_fittipaldi,1766.43
1975,3,evans,1535.84
1975,3,hunt,1660.75
1975,3,ian_scheckter,1502.31
1975,3,ickx,1683.86
1975,3,jarier,1413.45
1975,3,keizan,1610.7
1975,3,laffite,1514.1
1975,3,lauda,1842.17
1975,3,lombardi,1413.37
1975,3,mario_andretti,1584.15
1975,3,mass,1832.98
1975,3,merzario,1369.71
1975,3,pace,1917.64
1975,3,peterson,1663.75
1975,3,pryce,1648.47
1975,3,regazzoni,1749.96
1975,3,reutemann,1960.02
1975,3,scheckter,1731.24
1975,3,stommelen,1722.36
1975,3,tunmer,1600.51
1975,3,watson,1444.8
1975,4,brambilla,1595.78
1975,4,brise,1656.42
1975,4,depailler,1590.28
1975,4,donohue,1544.59
1975,4,emerson_fittipaldi,1496.82
1975,4,evans,1522.58
1975,4,hunt,1570.47
1975,4,ickx,1834.39
1975,4,jarier,1659.72
1975,4,jones,1441.14
1975,4,lauda,1549.76
1975,4,lombardi,1626.15
1975,4,mario_andretti,1563.61
1975,4,mass,1939.05
1975,4,merzario,1314.99
1975,4,migault,1478.85
1975,4,pace,1825.48
1975,4,peterson,1653.82
1975,4,pryce,1661.11
1975,4,regazzoni,1758.0
1975,4,reutemann,1991.84
1975,4,scheckter,1590.93
1975,4,stommelen,1728.07
1975,4,watson,1610.93
1975,4,wilson_fittipaldi,1421.97
1975,4,wunderink,1553.51
1975,5,brambilla,1560.96
1975,5,depailler,1687.37
1975,5,donohue,1581.57
1975,5,emerson_fittipaldi,1675.51
1975,5,hunt,1580.61
1975,5,ickx,1796.43
1975,5,jarier,1515.61
1975,5,jones,1477.77
1975,5,lauda,1726.12
1975,5,mario_andretti,1472.51
1975,5,mass,1903.94
1975,5,pace,1874.28
1975,5,peterson,1744.05
1975,5,pryce,1584.66
1975,5,regazzoni,1628.07
1975,5,reutemann,1891.07
1975,5,scheckter,1656.94
1975,5,watson,1520.25
1975,6,brambilla,1565.57
1975,6,brise,1538.62
1975,6,depailler,1793.08
1975,6,donohue,1626.99
1975,6,emerson_fittipaldi,1739.83
1975,6,evans,1627.16
1975,6,hunt,1481.92
1975,6,ickx,1676.96
1975,6,jarier,1428.82
1975,6,jones,1370.45
1975,6,laffite,1493.93
1975,6,lauda,1860.1
1975,6,lombardi,1538.52
1975,6,mass,1585.12
1975,6,merzario,1284.29
1975,6,migault,1536.61
1975,6,pace,1840.72
1975,6,peterson,1633.51
1975,6,pryce,1705.18
1975,6,regazzoni,1744.56
1975,6,reutemann,1933.64
1975,6,scheckter,1804.26
1975,6,watson,1609.58
1975,6,wilson_fittipaldi,1520.88
1975,7,brambilla,1441.62
1975,7,brise,1689.19
1975,7,depailler,1733.61
1975,7,donohue,1751.47
1975,7,emerson_fittipaldi,1768.61
1975,7,evans,1631.65
1975,7,hunt,1362.77
1975,7,ian_scheckter,1473.18
1975,7,ickx,1625.69
1975,7,jarier,1383.47
1975,7,jones,1524.2
1975,7,lauda,1949.74
1975,7,lombardi,1376.65
1975,7,magee,1550.01
1975,7,mario_andretti,1683.76
1975,7,mass,1435.33
1975,7,pace,1613.77
1975,7,palm,1611.72
1975,7,peterson,1696.94
1975,7,pryce,1592.99
1975,7,regazzoni,1848.54
1975,7,reutemann,1984.36
1975,7,scheckter,1819.78
1975,7,schuppan,1448.54
1975,7,watson,1576.22
1975,7,wilson_fittipaldi,1514.47
1975,8,brambilla,1341.21
1975,8,brise,1749.46
1975,8,depailler,1744.94
1975,8,donohue,1770.13
1975,8,emerson_fittipaldi,1566.44
1975,8,evans,1479.5
1975,8,fushida,1357.57
1975,8,hunt,1649.63
1975,8,ian_scheckter,1555.11
1975,8,ickx,1460.38
1975,8,jarier,1388.63
1975,8,jones,1566.82
1975,8,laffite,1487.66
1975,8,lauda,1994.13
1975,8,lennep,1663.47
1975,8,lombardi,1466.44
1975,8,mass,1437.27
1975,8,pace,1737.62
1975,8,peterson,1626.29
1975,8,pryce,1710.69
1975,8,regazzoni,1908.07
1975,8,reutemann,1986.47
1975,8,scheckter,1678.54
1975,8,watson,1480.85
1975,8,wilson_fittipaldi,1594.15
1975,9,brambilla,1328.94
1975,9,brise,1792.95
1975,9,depailler,1805.16
1975,9,donohue,1530.47
1975,9,emerson_fittipaldi,1737.19
1975,9,evans,1494.72
1975,9,hunt,1814.03
1975,9,ickx,1434.96
1975,9,jabouille,1582.32
1975,9,jarier,1584.13
1975,9,jones,1557.26
1975,9,laffite,1592.04
1975,9,lauda,2050.25
1975,9,lennep,1622.14
1975,9,lombardi,1470.54
1975,9,mario_andretti,1785.76
1975,9,mass,1683.49
1975,9,migault,1380.35
1975,9,pace,1594.5
1975,9,peterson,1679.9
1975,9,pryce,1485.8
1975,9,regazzoni,1616.91
1975,9,reutemann,1817.85
1975,9,scheckter,1722.28
1975,9,watson,1555.81
1975,9,wilson_fittipaldi,1489.44
1975,10,brambilla,1572.68
1975,10,brise,1689.12
1975,10,crawford,1436.52
1975,10,depailler,1790.42
1975,10,donohue,1699.63
1975,10,emerson_fittipaldi,1873.7
1975,10,henton,1521.6
1975,10,hunt,1873.96
1975,10,jarier,1595.79
1975,10,jones,1642.0
1975,10,laffite,1418.72
1975,10,lauda,1964.97
1975,10,lombardi,1385.85
1975,10,mario_andretti,1732.03
1975,10,mass,1749.75
1975,10,morgan,1488.31
1975,10,nicholson,1505.0
1975,10,pace,1776.75
1975,10,peterson,1479.19
1975,10,pryce,1411.66
1975,10,regazzoni,1628.23
1975,10,reutemann,1516.76
1975,10,scheckter,1834.07
1975,10,stuck,1367.6
1975,10,watson,1625.63
1975,10,wilson_fittipaldi,1465.75
1975,11,ashley,1413.83
1975,11,brambilla,1493.66
1975,11,brise,1663.14
1975,11,depailler,1777.66
1975,11,donohue,1509.14
1975,11,emerson_fittipaldi,1665.49
1975,11,ertl,1636.03
1975,11,hunt,1796.18
1975,11,jarier,1585.57
1975,11,jones,1759.68
1975,11,laffite,1683.25
1975,11,lauda,1990.97
1975,11,lennep,1733.77
1975,11,lombardi,1589.86
1975,11,mario_andretti,1730.25
1975,11,mass,1518.94
1975,11,pace,1663.81
1975,11,peterson,1408.56
1975,11,pryce,1650.69
1975,11,regazzoni,1646.76
1975,11,reutemann,1752.61
1975,11,scheckter,1726.04
1975,11,stuck,1407.85
1975,11,watson,1504.87
1975,11,wilson_fittipaldi,1484.37
1975,12,amon,1631.25
1975,12,brambilla,1748.71
1975,12,brise,1633.79
1975,12,depailler,1749.62
1975,12,donohue,1370.3
1975,12,emerson_fittipaldi,1723.29
1975,12,ertl,1560.97
1975,12,evans,1395.16
1975,12,henton,1359.6
1975,12,hunt,1895.85
1975,12,jarier,1457.42
1975,12,laffite,1568.02
1975,12,lauda,1956.39
1975,12,lombardi,1570.29
1975,12,lunger,1584.47
1975,12,mario_andretti,1492.64
1975,12,mass,1720.69
1975,12,pace,1544.09
1975,12,peterson,1650.62
1975,12,pryce,1801.16
1975,12,regazzoni,1741.92
1975,12,reutemann,1691.03
1975,12,scheckter,1767.79
1975,12,stommelen,1650.2
1975,12,stuck,1381.61
1975,12,vonlanthen,1448.95
1975,12,watson,1630.71
1975,12,wunderink,1537.26
1975,13,amon,1652.48
1975,13,brambilla,1501.12
1975,13,brise,1475.86
1975,13,crawford,1532.03
1975,13,depailler,1795.2
1975,13,emerson_fittipaldi,1851.33
1975,13,ertl,1664.19
1975,13,evans,1293.3
1975,13,hunt,1912.37
1975,13,jarier,1510.43
1975,13,laffite,1520.14
1975,13,lauda,1985.17
1975,13,lombardi,1554.84
1975,13,lunger,1661.12
1975,13,mario_andretti,1384.25
1975,13,mass,1551.07
1975,13,merzario,1474.66
1975,13,pace,1491.32
1975,13,peterson,1500.21
1975,13,pryce,1839.42
1975,13,regazzoni,1877.33
1975,13,reutemann,1804.79
1975,13,scheckter,1790.64
1975,13,stommelen,1530.5
1975,13,stuck,1433.67
1975,13,zorzi,1550.35
1975,14,brambilla,1639.58
1975,14,brise,1434.66
1975,14,depailler,1577.54
1975,14,emerson_fittipaldi,1929.43
1975,14,henton,1477.63
1975,14,hunt,1937.51
1975,14,jarier,1503.92
1975,14,laffite,1393.52
1975,14,lauda,2040.91
1975,14,leclere,1431.41
1975,14,lombardi,1396.11
1975,14,lunger,1633.87
1975,14,mario_andretti,1396.96
1975,14,mass,1727.38
1975,14,pace,1394.19
1975,14,peterson,1668.9
1975,14,pryce,1770.42
1975,14,regazzoni,1726.15
1975,14,reutemann,1651.19
1975,14,scheckter,1824.75
1975,14,stuck,1584.35
1975,14,watson,1680.68
1975,14,wilson_fittipaldi,1581.97
1975,14,wunderink,1549.17
1976,1,ashley,1320.18
1976,1,brambilla,1543.78
1976,1,depailler,1745.73
1976,1,emerson_fittipaldi,1785.13
1976,1,hoffmann,1556.42
1976,1,hunt,1738.03
1976,1,ickx,1567.6
1976,1,jarier,1494.44
1976,1,laffite,1376.74
1976,1,lauda,2081.37
1976,1,lombardi,1444.86
1976,1,mario_andretti,1344.07
1976,1,mass,1776.19
1976,1,pace,1508.35
1976,1,peterson,1526.26
1976,1,pryce,1851.61
1976,1,regazzoni,1759.67
1976,1,reutemann,1629.5
1976,1,scheckter,1854.32
1976,1,stuck,1719.09
1976,1,watson,1498.55
1976,1,zorzi,1620.78
1976,2,amon,1620.13
1976,2,brambilla,1655.29
1976,2,depailler,1752.7
1976,2,emerson_fittipaldi,1644.9
1976,2,ertl,1611.06
1976,2,evans,1479.44
1976,2,hunt,1857.84
1976,2,ian_scheckter,1389.37
1976,2,ickx,1543.61
1976,2,jarier,1440.08
1976,2,laffite,1388.19
1976,2,lauda,2116.22
1976,2,leclere,1514.78
1976,2,lunger,1657.21
1976,2,mario_andretti,1571.25
1976,2,mass,1866.16
1976,2,nilsson,1409.01
1976,2,pace,1430.82
1976,2,peterson,1390.42
1976,2,pryce,1847.86
1976,2,regazzoni,1616.19
1976,2,reutemann,1462.82
1976,2,scheckter,1900.42
1976,2,stuck,1688.81
1976,2,watson,1676.18
1976,3,amon,1673.15
1976,3,brambilla,1531.41
1976,3,depailler,1841.09
1976,3,emerson_fittipaldi,1722.85
1976,3,hunt,1687.49
1976,3,jarier,1576.55
1976,3,jones,1707.3
1976,3,laffite,1590.89
1976,3,lauda,2126.14
1976,3,mario_andretti,1528.69
1976,3,mass,1882.6
1976,3,nilsson,1336.38
1976,3,pace,1536.37
1976,3,peterson,1491.51
1976,3,pryce,1714.84
1976,3,regazzoni,1782.83
1976,3,reutemann,1392.22
1976,3,scheckter,1764.89
1976,3,stuck,1568.3
1976,3,watson,1639.46
1976,4,amon,1767.8
1976,4,brambilla,1441.43
1976,4,depailler,1622.66
1976,4,emerson_fittipaldi,1492.66
1976,4,hunt,1838.49
1976,4,ickx,1664.7
1976,4,jarier,1561.77
1976,4,jones,1724.61
1976,4,laffite,1615.41
1976,4,lauda,2134.44
1976,4,leclere,1604.27
1976,4,mario_andretti,1471.41
1976,4,mass,1745.7
1976,4,merzario,1458.2
1976,4,nilsson,1611.38
1976,4,pace,1676.5
1976,4,perkins,1550.0
1976,4,peterson,1384.06
1976,4,pryce,1743.89
1976,4,regazzoni,1735.7
1976,4,reutemann,1626.83
1976,4,scheckter,1646.72
1976,4,stuck,1444.72
1976,4,watson,1564.67
1976,5,amon,1675.25
1976,5,brambilla,1321.92
1976,5,depailler,1539.58
1976,5,ertl,1549.38
1976,5,hunt,1698.62
1976,5,jarier,1658.97
1976,5,jones,1806.23
1976,5,kessel,1581.61
1976,5,laffite,1775.59
1976,5,lauda,2159.77
1976,5,leclere,1651.85
1976,5,lunger,1647.75
1976,5,mario_andretti,1442.78
1976,5,mass,1803.53
1976,5,merzario,1400.75
1976,5,neve,1441.54
1976,5,nilsson,1432.55
1976,5,pace,1642.7
1976,5,perkins,1668.24
1976,5,peterson,1321.85
1976,5,pryce,1739.93
1976,5,regazzoni,1858.02
1976,5,reutemann,1474.54
1976,5,scheckter,1777.82
1976,5,stuck,1476.83
1976,5,watson,1691.34
1976,6,amon,1624.71
1976,6,brambilla,1304.37
1976,6,depailler,1703.94
1976,6,emerson_fittipaldi,1624.75
1976,6,hunt,1570.08
1976,6,jarier,1696.15
1976,6,jones,1599.73
1976,6,laffite,1702.19
1976,6,lauda,2180.97
1976,6,leclere,1642.58
1976,6,mass,1837.54
1976,6,nilsson,1438.53
1976,6,pace,1669.68
1976,6,peterson,1340.85
1976,6,pryce,1762.74
1976,6,regazzoni,1721.16
1976,6,reutemann,1377.51
1976,6,scheckter,1871.98
1976,6,stuck,1646.95
1976,6,watson,1683.13
1976,7,amon,1536.67
1976,7,brambilla,1500.31
1976,7,depailler,1841.44
1976,7,emerson_fittipaldi,1489.85
1976,7,ertl,1545.72
1976,7,hunt,1725.37
1976,7,jarier,1686.36
1976,7,jones,1620.44
1976,7,kessel,1451.3
1976,7,laffite,1813.46
1976,7,lauda,2165.47
1976,7,leclere,1530.21
1976,7,lunger,1612.84
1976,7,mario_andretti,1455.38
1976,7,mass,1779.2
1976,7,merzario,1495.69
1976,7,nilsson,1354.88
1976,7,pace,1732.7
1976,7,perkins,1527.79
1976,7,peterson,1568.25
1976,7,pryce,1769.22
1976,7,regazzoni,1793.49
1976,7,reutemann,1299.34
1976,7,scheckter,1962.17
1976,7,stuck,1580.87
1976,7,watson,1451.65
1976,8,brambilla,1451.54
1976,8,depailler,1935.23
1976,8,edwards,1560.55
1976,8,emerson_fittipaldi,1428.89
1976,8,ertl,1379.34
1976,8,hunt,1879.06
1976,8,ickx,1709.04
1976,8,jarier,1687.63
1976,8,jones,1530.05
1976,8,laffite,1723.91
1976,8,lauda,1750.94
1976,8,leclere,1591.52
1976,8,lunger,1590.89
1976,8,mario_andretti,1670.75
1976,8,mass,1690.99
1976,8,merzario,1635.8
1976,8,neve,1468.37
1976,8,nilsson,1285.17
1976,8,pace,1837.3
1976,8,pescarolo,1385.36
1976,8,peterson,1519.42
1976,8,pryce,1796.88
1976,8,regazzoni,1549.42
1976,8,reutemann,1494.0
1976,8,scheckter,1947.27
1976,8,stuck,1710.03
1976,8,watson,1698.08
1976,9,amon,1440.31
1976,9,brambilla,1428.47
1976,9,depailler,1786.81
1976,9,edwards,1389.72
1976,9,emerson_fittipaldi,1632.26
1976,9,ertl,1588.26
1976,9,evans,1461.3
1976,9,hunt,1820.39
1976,9,jarier,1726.45
1976,9,jones,1703.27
1976,9,laffite,1604.98
1976,9,lauda,1885.63
1976,9,lunger,1612.55
1976,9,mario_andretti,1493.65
1976,9,mass,1488.35
1976,9,merzario,1591.12
1976,9,nilsson,1474.12
1976,9,pace,1826.19
1976,9,pescarolo,1371.92
1976,9,peterson,1590.55
1976,9,pryce,1868.87
1976,9,regazzoni,1530.35
1976,9,reutemann,1532.44
1976,9,scheckter,1998.57
1976,9,stuck,1482.49
1976,9,watson,1825.6
1976,10,amon,1373.77
1976,10,brambilla,1465.95
1976,10,depailler,1637.97
1976,10,edwards,1477.11
1976,10,emerson_fittipaldi,1640.17
1976,10,ertl,1407.46
1976,10,hunt,1930.07
1976,10,jarier,1721.06
1976,10,jones,1723.41
1976,10,laffite,1480.05
1976,10,lauda,1590.43
1976,10,lunger,1436.51
1976,10,mario_andretti,1583.38
1976,10,mass,1710.08
1976,10,merzario,1569.7
1976,10,nilsson,1673.89
1976,10,pace,1887.14
1976,10,pesenti_rossi,1555.35
1976,10,peterson,1505.76
1976,10,pryce,1848.99
1976,10,regazzoni,1647.13
1976,10,reutemann,1491.69
1976,10,scheckter,2036.83
1976,10,stommelen,1688.62
1976,10,stuck,1431.62
1976,10,watson,1837.75
1976,11,binder,1550.74
1976,11,brambilla,1498.84
1976,11,depailler,1497.48
1976,11,emerson_fittipaldi,1574.94
1976,11,ertl,1583.11
1976,11,hunt,1949.58
1976,11,jarier,1588.46
1976,11,jones,1574.57
1976,11,kessel,1507.67
1976,11,laffite,1710.68
1976,11,lombardi,1537.39
1976,11,lunger,1565.28
1976,11,mario_andretti,1724.83
1976,11,mass,1763.41
1976,11,merzario,1445.86
1976,11,nilsson,1803.76
1976,11,pace,1695.17
1976,11,pescarolo,1545.99
1976,11,pesenti_rossi,1613.02
1976,11,peterson,1667.21
1976,11,pryce,1575.3
1976,11,reutemann,1358.88
1976,11,scheckter,1670.34
1976,11,stuck,1403.01
1976,11,watson,1937.41
1976,12,andersson,1375.89
1976,12,brambilla,1672.39
1976,12,depailler,1655.82
1976,12,emerson_fittipaldi,1484.11
1976,12,ertl,1534.26
1976,12,hayje,1551.84
1976,12,hunt,2012.53
1976,12,ickx,1674.65
1976,12,jarier,1658.58
1976,12,jones,1680.48
1976,12,laffite,1629.14
1976,12,mario_andretti,1838.21
1976,12,mass,1765.06
1976,12,merzario,1326.76
1976,12,nilsson,1564.94
1976,12,pace,1636.17
1976,12,perkins,1475.88
1976,12,pescarolo,1621.1
1976,12,peterson,1592.29
1976,12,pryce,1742.37
1976,12,regazzoni,1809.75
1976,12,reutemann,1342.84
1976,12,scheckter,1777.86
1976,12,stommelen,1678.93
1976,12,stuck,1336.66
1976,12,watson,1702.9
1976,13,brambilla,1768.08
1976,13,depailler,1774.28
1976,13,edwards,1367.59
1976,13,emerson_fittipaldi,1557.35
1976,13,ertl,1566.13
1976,13,hunt,1691.94
1976,13,ickx,1723.89
1976,13,jarier,1579.13
1976,13,jones,1698.06
1976,13,laffite,1803.49
1976,13,lauda,1769.65
1976,13,lunger,1613.0
1976,13,mario_andretti,1615.43
1976,13,mass,1522.13
1976,13,merzario,1259.93
1976,13,nilsson,1628.25
1976,13,pace,1478.36
1976,13,perkins,1415.31
1976,13,pescarolo,1592.03
1976,13,pesenti_rossi,1573.03
1976,13,peterson,1812.18
1976,13,pryce,1788.78
1976,13,regazzoni,1914.57
1976,13,reutemann,1573.24
1976,13,scheckter,1851.24
1976,13,stommelen,1573.62
1976,13,stuck,1381.76
1976,13,stuppacher,1343.87
1976,13,watson,1723.18
1976,14,amon,1277.3
1976,14,brambilla,1699.91
1976,14,depailler,1886.83
1976,14,edwards,1378.71
1976,14,emerson_fittipaldi,1458.63
1976,14,ertl,1409.76
1976,14,hunt,1853.58
1976,14,ickx,1691.46
1976,14,jarier,1535.89
1976,14,jones,1631.96
1976,14,laffite,1602.62
1976,14,lauda,1791.29
1976,14,lunger,1602.88
1976,14,mario_andretti,1780.94
1976,14,mass,1700.27
1976,14,merzario,1235.33
1976,14,nilsson,1656.13
1976,14,pace,1646.63
1976,14,perkins,1459.38
1976,14,pescarolo,1526.53
1976,14,peterson,1800.47
1976,14,pryce,1757.26
1976,14,regazzoni,1909.88
1976,14,scheckter,1902.31
1976,14,stuck,1337.11
1976,14,watson,1736.48
1976,15,brambilla,1615.31
1976,15,brown,1558.14
1976,15,depailler,1564.89
1976,15,emerson_fittipaldi,1618.01
1976,15,ertl,1524.87
1976,15,hunt,1958.07
1976,15,ickx,1531.33
1976,15,jarier,1643.35
1976,15,jones,1726.56
1976,15,laffite,1549.8
1976,15,lauda,1890.46
1976,15,lunger,1662.74
1976,15,mario_andretti,1591.75
1976,15,mass,1823.72
1976,15,merzario,1207.03
1976,15,nilsson,1497.67
1976,15,pace,1556.46
1976,15,perkins,1439.59
1976,15,pescarolo,1555.79
1976,15,peterson,1554.72
1976,15,pryce,1659.93
1976,15,regazzoni,1897.28
1976,15,ribeiro,1592.18
1976,15,scheckter,1974.29
1976,15,stuck,1608.51
1976,15,watson,1811.08
1976,16,binder,1589.76
1976,16,brambilla,1592.83
1976,16,depailler,1761.46
1976,16,emerson_fittipaldi,1497.57
1976,16,ertl,1652.47
1976,16,hasemi,1591.16
1976,16,hoshino,1469.0
1976,16,hunt,1988.73
1976,16,jarier,1684.23
1976,16,jones,1824.93
1976,16,laffite,1681.94
1976,16,lauda,1608.07
1976,16,mario_andretti,1791.83
1976,16,mass,1672.01
1976,16,merzario,1257.52
1976,16,nilsson,1669.43
1976,16,pace,1447.9
1976,16,perkins,1347.96
1976,16,peterson,1397.62
1976,16,pryce,1632.01
1976,16,regazzoni,1914.84
1976,16,scheckter,1844.44
1976,16,stuck,1573.32
1976,16,takahara,1622.7
1976,16,watson,1650.35
1977,1,binder,1480.93
1977,1,brambilla,1677.96
1977,1,depailler,1678.02
1977,1,emerson_fittipaldi,1666.04
1977,1,hoffmann,1495.45
1977,1,hunt,1805.71
1977,1,ian_scheckter,1538.8
1977,1,laffite,1647.49
1977,1,lauda,1508.58
1977,1,mario_andretti,1827.49
1977,1,mass,1597.21
1977,1,nilsson,1493.03
1977,1,pace,1668.86
1977,1,peterson,1413.69
1977,1,pryce,1666.92
1977,1,regazzoni,1893.6
1977,1,reutemann,1726.96
1977,1,ribeiro,1611.86
1977,1,scheckter,1930.64
1977,1,watson,1661.61
1977,1,zorzi,1481.92
1977,2,binder,1568.63
1977,2,brambilla,1536.48
1977,2,depailler,1632.22
1977,2,emerson_fittipaldi,1772.21
1977,2,hoffmann,1624.89
1977,2,hunt,1889.51
1977,2,ian_scheckter,1426.8
1977,2,laffite,1631.05
1977,2,lauda,1697.66
1977,2,mario_andretti,1701.87
1977,2,mass,1540.3
1977,2,nilsson,1657.02
1977,2,pace,1707.36
1977,2,perkins,1283.95
1977,2,peterson,1413.46
1977,2,pryce,1690.64
1977,2,regazzoni,1673.59
1977,2,reutemann,1855.45
1977,2,ribeiro,1565.01
1977,2,scheckter,1664.05
1977,2,watson,1654.76
1977,2,zorzi,1633.82
1977,3,binder,1617.84
1977,3,brambilla,1659.33
1977,3,depailler,1772.28
1977,3,emerson_fittipaldi,1744.9
1977,3,hayje,1477.26
1977,3,hunt,1912.42
1977,3,laffite,1504.43
1977,3,lauda,1839.92
1977,3,lunger,1622.24
1977,3,mario_andretti,1575.5
1977,3,mass,1692.6
1977,3,nilsson,1650.06
1977,3,pace,1661.79
1977,3,perkins,1376.02
1977,3,peterson,1324.84
1977,3,pryce,1520.3
1977,3,regazzoni,1705.35
1977,3,reutemann,1824.65
1977,3,ribeiro,1534.09
1977,3,scheckter,1805.43
1977,3,stuck,1521.98
1977,3,watson,1740.24
1977,3,zorzi,1473.48
1977,4,binder,1646.27
1977,4,brambilla,1487.89
1977,4,depailler,1846.76
1977,4,emerson_fittipaldi,1815.04
1977,4,henton,1581.15
1977,4,hunt,1886.71
1977,4,jarier,1764.21
1977,4,jones,1695.98
1977,4,laffite,1614.5
1977,4,lauda,1919.83
1977,4,lunger,1483.73
1977,4,mario_andretti,1774.87
1977,4,mass,1606.02
1977,4,nilsson,1715.17
1977,4,peterson,1447.82
1977,4,regazzoni,1661.14
1977,4,reutemann,1612.46
1977,4,ribeiro,1464.65
1977,4,scheckter,1882.47
1977,4,stuck,1539.82
1977,4,watson,1616.62
1977,4,zorzi,1445.24
1977,5,binder,1700.22
1977,5,brambilla,1373.18
1977,5,depailler,1608.28
1977,5,emerson_fittipaldi,1708.09
1977,5,ertl,1558.57
1977,5,hunt,1615.43
1977,5,ian_scheckter,1549.24
1977,5,jones,1613.45
1977,5,keegan,1494.4
1977,5,laffite,1715.53
1977,5,lauda,1584.61
1977,5,lunger,1597.72
1977,5,mario_andretti,1897.86
1977,5,mass,1756.85
1977,5,merzario,1291.55
1977,5,neve,1555.51
1977,5,nilsson,1801.75
1977,5,peterson,1609.64
1977,5,regazzoni,1483.16
1977,5,reutemann,1788.83
1977,5,scheckter,1934.16
1977,5,stuck,1691.2
1977,5,villota,1556.11
1977,5,watson,1587.83
1977,5,zorzi,1430.36
1977,6,binder,1593.5
1977,6,brambilla,1526.04
1977,6,depailler,1555.97
1977,6,emerson_fittipaldi,1581.81
1977,6,hunt,1510.62
1977,6,ickx,1591.84
1977,6,jarier,1714.43
1977,6,jones,1708.98
1977,6,keegan,1536.1
1977,6,laffite,1754.05
1977,6,lauda,1751.39
1977,6,mario_andretti,1902.44
1977,6,mass,1826.22
1977,6,nilsson,1703.59
1977,6,patrese,1589.88
1977,6,peterson,1473.25
1977,6,reutemann,1862.21
1977,6,scheckter,1995.32
1977,6,stuck,1538.42
1977,6,watson,1560.75
1977,7,brambilla,1714.01
1977,7,depailler,1669.16
1977,7,emerson_fittipaldi,1433.45
1977,7,ertl,1655.08
1977,7,hayje,1516.61
1977,7,hunt,1661.33
1977,7,ian_scheckter,1433.32
1977,7,jarier,1704.39
1977,7,jones,1796.37
1977,7,keegan,1459.6
1977,7,laffite,1615.08
1977,7,lauda,1868.22
1977,7,mario_andretti,1578.59
1977,7,mass,1667.21
1977,7,merzario,1428.29
1977,7,neve,1638.04
1977,7,nilsson,1855.24
1977,7,patrese,1470.7
1977,7,perkins,1512.36
1977,7,peterson,1701.83
1977,7,purley,1589.37
1977,7,regazzoni,1462.2
1977,7,reutemann,1639.55
1977,7,scheckter,1781.68
1977,7,stuck,1691.24
1977,7,watson,1392.07
1977,8,brambilla,1541.56
1977,8,depailler,1789.44
1977,8,emerson_fittipaldi,1439.43
1977,8,ertl,1591.44
1977,8,hunt,1659.41
1977,8,ian_scheckter,1406.08
1977,8,jarier,1743.19
1977,8,jones,1648.99
1977,8,keegan,1536.31
1977,8,laffite,1805.43
1977,8,lauda,1606.12
1977,8,lunger,1642.3
1977,8,mario_andretti,1709.4
1977,8,mass,1818.47
1977,8,neve,1598.47
1977,8,nilsson,1647.82
1977,8,oliver,1706.39
1977,8,peterson,1490.38
1977,8,purley,1589.37
1977,8,regazzoni,1631.47
1977,8,reutemann,1788.67
1977,8,scheckter,1546.3
1977,8,stuck,1706.03
1977,8,watson,1625.15
1977,9,brambilla,1554.09
1977,9,depailler,1591.43
1977,9,emerson_fittipaldi,1528.47
1977,9,hunt,1777.09
1977,9,ian_scheckter,1455.99
1977,9,jarier,1515.78
1977,9,jones,1547.67
1977,9,keegan,1602.21
1977,9,laffite,1785.6
1977,9,lauda,1715.58
1977,9,mario_andretti,1837.9
1977,9,mass,1778.41
1977,9,merzario,1402.33
1977,9,nilsson,1754.97
1977,9,patrese,1395.12
1977,9,peterson,1541.45
1977,9,purley,1447.4
1977,9,regazzoni,1700.08
1977,9,reutemann,1806.85
1977,9,scheckter,1522.19
1977,9,stuck,1594.83
1977,9,watson,1772.59
1977,10,brambilla,1664.63
1977,10,depailler,1481.99
1977,10,emerson_fittipaldi,1500.67
1977,10,gilles_villeneuve,1590.16
1977,10,hunt,1890.6
1977,10,ian_scheckter,1376.73
1977,10,jabouille,1461.29
1977,10,jarier,1629.15
1977,10,jones,1676.57
1977,10,keegan,1404.19
1977,10,laffite,1820.05
1977,10,lauda,1839.06
1977,10,lunger,1631.64
1977,10,mario_andretti,1720.09
1977,10,mass,1846.45
1977,10,merzario,1414.03
1977,10,neve,1656.76
1977,10,nilsson,1847.33
1977,10,patrese,1392.0
1977,10,peterson,1406.3
1977,10,reutemann,1688.83
1977,10,scheckter,1513.71
1977,10,schuppan,1546.62
1977,10,stuck,1729.86
1977,10,tambay,1367.01
1977,10,watson,1656.42
1977,11,brambilla,1756.4
1977,11,depailler,1477.53
1977,11,hunt,1755.18
1977,11,ian_scheckter,1346.0
1977,11,jarier,1460.9
1977,11,jones,1470.3
1977,11,keegan,1506.08
1977,11,laffite,1649.55
1977,11,lauda,1928.63
1977,11,lunger,1512.97
1977,11,mario_andretti,1668.76
1977,11,mass,1697.71
1977,11,nilsson,1713.35
1977,11,patrese,1516.22
1977,11,peterson,1542.07
1977,11,rebaque,1456.1
1977,11,reutemann,1786.03
1977,11,ribeiro,1593.02
1977,11,scheckter,1714.54
1977,11,schuppan,1655.96
1977,11,stuck,1826.09
1977,11,tambay,1568.53
1977,11,watson,1491.98
1977,12,binder,1627.05
1977,12,brambilla,1661.33
1977,12,depailler,1552.04
1977,12,emerson_fittipaldi,1595.64
1977,12,hunt,1599.55
1977,12,ian_scheckter,1281.07
1977,12,jarier,1526.65
1977,12,jones,1723.58
1977,12,keegan,1660.48
1977,12,laffite,1483.37
1977,12,lauda,1976.39
1977,12,lunger,1617.93
1977,12,mario_andretti,1477.16
1977,12,mass,1774.49
1977,12,merzario,1375.05
1977,12,neve,1706.19
1977,12,nilsson,1547.71
1977,12,peterson,1708.2
1977,12,regazzoni,1458.57
1977,12,reutemann,1854.51
1977,12,scheckter,1593.94
1977,12,schuppan,1595.9
1977,12,stuck,1893.43
1977,12,tambay,1491.56
1977,12,villota,1530.48
1977,12,watson,1637.45
1977,13,binder,1705.77
1977,13,brambilla,1660.46
1977,13,depailler,1511.42
1977,13,emerson_fittipaldi,1745.03
1977,13,henton,1588.93
1977,13,hunt,1454.92
1977,13,ian_scheckter,1488.81
1977,13,jabouille,1511.2
1977,13,jarier,1400.92
1977,13,jones,1612.49
1977,13,keegan,1500.91
1977,13,laffite,1715.85
1977,13,lauda,2029.71
1977,13,lunger,1686.25
1977,13,mario_andretti,1423.47
1977,13,mass,1492.9
1977,13,nilsson,1539.66
1977,13,patrese,1571.78
1977,13,peterson,1573.79
1977,13,regazzoni,1430.62
1977,13,reutemann,1861.24
1977,13,ribeiro,1640.84
1977,13,scheckter,1758.86
1977,13,stuck,1870.95
1977,13,tambay,1675.99
1977,13,watson,1440.97
1977,14,brambilla,1496.48
1977,14,depailler,1497.83
1977,14,giacomelli,1538.43
1977,14,hunt,1483.41
1977,14,ian_scheckter,1577.42
1977,14,jabouille,1466.49
1977,14,jarier,1385.68
1977,14,jones,1752.72
1977,14,keegan,1600.09
1977,14,laffite,1733.22
1977,14,lauda,2048.6
1977,14,lunger,1477.43
1977,14,mario_andretti,1674.78
1977,14,mass,1670.96
1977,14,neve,1742.6
1977,14,nilsson,1416.14
1977,14,patrese,1593.02
1977,14,peterson,1683.43
1977,14,regazzoni,1620.76
1977,14,reutemann,1771.38
1977,14,scheckter,1614.07
1977,14,stuck,1728.06
1977,14,tambay,1520.15
1977,14,watson,1326.24
1977,15,ashley,1394.01
1977,15,binder,1696.82
1977,15,brambilla,1462.74
1977,15,depailler,1542.34
1977,15,emerson_fittipaldi,1685.18
1977,15,hunt,1725.55
1977,15,ian_scheckter,1439.06
1977,15,jabouille,1429.56
1977,15,jarier,1560.2
1977,15,jones,1478.24
1977,15,keegan,1690.03
1977,15,laffite,1775.81
1977,15,lauda,2031.06
1977,15,lunger,1593.5
1977,15,mario_andretti,1814.97
1977,15,mass,1470.19
1977,15,neve,1603.85
1977,15,nilsson,1383.82
1977,15,ongais,1365.85
1977,15,peterson,1606.57
1977,15,regazzoni,1743.5
1977,15,reutemann,1812.0
1977,15,ribeiro,1600.06
1977,15,scheckter,1766.59
1977,15,stuck,1530.07
1977,15,watson,1478.03
1977,16,ashley,1289.27
1977,16,binder,1592.54
1977,16,brambilla,1640.33
1977,16,depailler,1742.84
1977,16,emerson_fittipaldi,1554.85
1977,16,gilles_villeneuve,1614.39
1977,16,hunt,1667.43
1977,16,ian_scheckter,1446.86
1977,16,jones,1679.21
1977,16,keegan,1603.93
1977,16,laffite,1536.02
1977,16,lunger,1631.22
1977,16,mario_andretti,1777.98
1977,16,mass,1690.69
1977,16,neve,1591.91
1977,16,nilsson,1350.54
1977,16,ongais,1573.19
1977,16,patrese,1646.07
1977,16,peterson,1577.96
1977,16,regazzoni,1488.26
1977,16,reutemann,1603.37
1977,16,ribeiro,1677.52
1977,16,scheckter,1880.4
1977,16,stuck,1448.81
1977,16,tambay,1685.04
1977,16,watson,1371.5
1977,17,binder,1420.26
1977,17,brambilla,1686.99
1977,17,depailler,1824.09
1977,17,gilles_villeneuve,1496.3
1977,17,hoshino,1548.0
1977,17,hunt,1809.98
1977,17,jarier,1450.62
1977,17,jones,1771.84
1977,17,laffite,1677.19
1977,17,mario_andretti,1550.84
1977,17,mass,1584.33
1977,17,nilsson,1445.13
1977,17,patrese,1722.12
1977,17,peterson,1493.03
1977,17,regazzoni,1508.87
1977,17,reutemann,1758.23
1977,17,ribeiro,1645.26
1977,17,scheckter,1794.92
1977,17,stuck,1598.08
1977,17,takahara,1453.01
1977,17,takahashi,1595.02
1977,17,tambay,1565.97
1977,17,watson,1422.71
1978,1,brambilla,1565.37
1978,1,depailler,1886.2
1978,1,emerson_fittipaldi,1636.36
1978,1,gilles_villeneuve,1620.18
1978,1,hunt,1861.83
1978,1,jarier,1533.0
1978,1,jones,1577.68
1978,1,keegan,1421.09
1978,1,laffite,1591.56
1978,1,lauda,2051.44
1978,1,leoni,1398.8
1978,1,lunger,1615.71
1978,1,mario_andretti,1749.8
1978,1,mass,1622.93
1978,1,merzario,1304.52
1978,1,ongais,1456.58
1978,1,peterson,1663.49
1978,1,pironi,1528.55
1978,1,regazzoni,1516.83
1978,1,reutemann,1781.65
1978,1,scheckter,1754.92
1978,1,stuck,1533.81
1978,1,tambay,1688.1
1978,1,watson,1402.92
1978,2,depailler,1631.81
1978,2,emerson_fittipaldi,1793.83
1978,2,gilles_villeneuve,1613.84
1978,2,hunt,1716.89
1978,2,jarier,1388.95
1978,2,jones,1623.6
1978,2,keegan,1358.17
1978,2,laffite,1661.59
1978,2,lauda,2054.23
1978,2,leoni,1325.42
1978,2,lunger,1501.85
1978,2,mario_andretti,1832.26
1978,2,mass,1711.61
1978,2,ongais,1429.36
1978,2,patrese,1718.17
1978,2,peterson,1560.87
1978,2,pironi,1675.05
1978,2,rebaque,1539.43
1978,2,regazzoni,1684.51
1978,2,reutemann,1896.64
1978,2,scheckter,1625.01
1978,2,stuck,1521.74
1978,2,tambay,1634.97
1978,2,watson,1571.83
1978,3,brambilla,1613.08
1978,3,cheever,1373.82
1978,3,depailler,1800.41
1978,3,emerson_fittipaldi,1539.75
1978,3,gilles_villeneuve,1576.95
1978,3,hunt,1469.34
1978,3,jabouille,1383.65
1978,3,jarier,1582.59
1978,3,jones,1765.66
1978,3,keegan,1392.93
1978,3,keke_rosberg,1406.19
1978,3,laffite,1771.02
1978,3,lauda,1792.01
1978,3,lunger,1596.07
1978,3,mario_andretti,1836.77
1978,3,mass,1567.32
1978,3,merzario,1323.36
1978,3,patrese,1675.93
1978,3,peterson,1777.3
1978,3,pironi,1763.39
1978,3,rebaque,1631.73
1978,3,reutemann,1709.48
1978,3,scheckter,1613.45
1978,3,stommelen,1665.08
1978,3,tambay,1603.09
1978,3,watson,1753.3
1978,4,brambilla,1601.91
1978,4,depailler,1878.6
1978,4,emerson_fittipaldi,1655.93
1978,4,gilles_villeneuve,1548.01
1978,4,hunt,1387.86
1978,4,jabouille,1451.37
1978,4,jarier,1633.21
1978,4,jones,1797.26
1978,4,keegan,1321.17
1978,4,laffite,1831.02
1978,4,lauda,1648.26
1978,4,mario_andretti,1916.38
1978,4,mass,1477.85
1978,4,merzario,1344.82
1978,4,patrese,1761.8
1978,4,peterson,1849.69
1978,4,pironi,1617.84
1978,4,regazzoni,1704.71
1978,4,reutemann,1853.53
1978,4,scheckter,1618.12
1978,4,stommelen,1709.46
1978,4,stuck,1383.05
1978,4,tambay,1628.44
1978,4,watson,1561.82
1978,5,depailler,1957.27
1978,5,emerson_fittipaldi,1681.83
1978,5,gilles_villeneuve,1566.08
1978,5,hunt,1426.2
1978,5,ickx,1510.1
1978,5,jabouille,1536.32
1978,5,jones,1650.17
1978,5,keegan,1270.65
1978,5,laffite,1618.1
1978,5,lauda,1790.84
1978,5,mario_andretti,1810.16
1978,5,patrese,1794.92
1978,5,peterson,1733.53
1978,5,pironi,1722.01
1978,5,reutemann,1820.45
1978,5,scheckter,1755.68
1978,5,stommelen,1613.86
1978,5,stuck,1352.75
1978,5,tambay,1696.48
1978,5,watson,1704.03
1978,6,arnoux,1623.93
1978,6,brambilla,1613.59
1978,6,depailler,1743.3
1978,6,emerson_fittipaldi,1481.13
1978,6,giacomelli,1661.31
1978,6,gilles_villeneuve,1737.47
1978,6,hunt,1352.93
1978,6,ickx,1580.45
1978,6,jabouille,1543.94
1978,6,jones,1688.54
1978,6,laffite,1750.05
1978,6,lauda,1571.24
1978,6,lunger,1708.2
1978,6,mario_andretti,1920.24
1978,6,mass,1579.4
1978,6,patrese,1620.97
1978,6,peterson,1859.2
1978,6,pironi,1791.54
1978,6,regazzoni,1589.1
1978,6,reutemann,1896.02
1978,6,scheckter,1644.28
1978,6,stommelen,1510.79
1978,6,stuck,1453.8
1978,6,watson,1541.85
1978,7,brambilla,1706.45
1978,7,depailler,1569.25
1978,7,emerson_fittipaldi,1474.25
1978,7,gilles_villeneuve,1728.54
1978,7,hunt,1575.84
1978,7,ickx,1546.0
1978,7,jabouille,1575.28
1978,7,jones,1732.52
1978,7,keegan,1444.18
1978,7,laffite,1848.58
1978,7,lauda,1493.76
1978,7,mario_andretti,1989.56
1978,7,mass,1657.38
1978,7,patrese,1471.2
1978,7,peterson,1932.2
1978,7,pironi,1725.53
1978,7,rebaque,1460.56
1978,7,regazzoni,1566.84
1978,7,reutemann,1685.16
1978,7,scheckter,1772.34
1978,7,stommelen,1540.46
1978,7,stuck,1394.29
1978,7,tambay,1478.57
1978,7,watson,1699.95
1978,8,brambilla,1481.93
1978,8,depailler,1488.74
1978,8,emerson_fittipaldi,1640.92
1978,8,gilles_villeneuve,1734.62
1978,8,hunt,1666.67
1978,8,jabouille,1475.36
1978,8,jones,1590.4
1978,8,keke_rosberg,1461.05
1978,8,laffite,1837.44
1978,8,lauda,1727.24
1978,8,mario_andretti,1755.41
1978,8,mass,1630.96
1978,8,merzario,1405.47
1978,8,patrese,1699.07
1978,8,peterson,1961.81
1978,8,pironi,1507.41
1978,8,rebaque,1541.58
1978,8,regazzoni,1706.92
1978,8,reutemann,1695.65
1978,8,scheckter,1547.11
1978,8,stommelen,1553.19
1978,8,stuck,1521.15
1978,8,tambay,1674.77
1978,8,watson,1524.65
1978,9,arnoux,1620.59
1978,9,brambilla,1498.68
1978,9,depailler,1389.87
1978,9,emerson_fittipaldi,1534.11
1978,9,giacomelli,1511.14
1978,9,gilles_villeneuve,1706.32
1978,9,hunt,1806.91
1978,9,jabouille,1348.57
1978,9,jones,1736.64
1978,9,keegan,1413.9
1978,9,keke_rosberg,1504.37
1978,9,laffite,1840.32
1978,9,lauda,1528.09
1978,9,lunger,1582.47
1978,9,mario_andretti,1884.03
1978,9,mass,1639.3
1978,9,patrese,1749.68
1978,9,peterson,2003.41
1978,9,pironi,1622.28
1978,9,regazzoni,1485.66
1978,9,reutemann,1591.22
1978,9,scheckter,1699.36
1978,9,stommelen,1569.38
1978,9,stuck,1613.4
1978,9,tambay,1722.58
1978,9,watson,1717.84
1978,10,brambilla,1630.83
1978,10,daly,1456.64
1978,10,depailler,1649.76
1978,10,emerson_fittipaldi,1509.03
1978,10,giacomelli,1668.4
1978,10,gilles_villeneuve,1515.17
1978,10,hunt,1532.08
1978,10,jabouille,1470.22
1978,10,jones,1545.07
1978,10,keke_rosberg,1589.45
1978,10,laffite,1793.35
1978,10,lauda,1751.57
1978,10,lunger,1688.89
1978,10,mario_andretti,1634.56
1978,10,mass,1672.83
1978,10,merzario,1421.92
1978,10,patrese,1662.38
1978,10,peterson,1621.63
1978,10,pironi,1584.06
1978,10,rebaque,1416.98
1978,10,regazzoni,1563.3
1978,10,reutemann,1799.58
1978,10,scheckter,1606.67
1978,10,stuck,1749.72
1978,10,tambay,1792.2
1978,10,watson,1836.99
1978,11,brambilla,1556.37
1978,11,depailler,1457.57
1978,11,emerson_fittipaldi,1697.67
1978,11,ertl,1633.29
1978,11,gilles_villeneuve,1639.99
1978,11,hunt,1554.79
1978,11,jabouille,1408.73
1978,11,jones,1545.1
1978,11,keke_rosberg,1647.91
1978,11,laffite,1867.77
1978,11,lauda,1573.61
1978,11,mario_andretti,1807.32
1978,11,mass,1500.67
1978,11,patrese,1700.82
1978,11,peterson,1617.2
1978,11,piquet,1504.2
1978,11,pironi,1721.32
1978,11,rebaque,1616.98
1978,11,reutemann,1613.25
1978,11,scheckter,1777.45
1978,11,stommelen,1606.1
1978,11,stuck,1523.96
1978,11,tambay,1624.06
1978,11,watson,1828.82
1978,12,arnoux,1695.84
1978,12,brambilla,1705.91
1978,12,daly,1567.39
1978,12,depailler,1711.29
1978,12,emerson_fittipaldi,1805.08
1978,12,ertl,1497.0
1978,12,gilles_villeneuve,1789.13
1978,12,hunt,1505.9
1978,12,jabouille,1492.27
1978,12,jones,1484.46
1978,12,keke_rosberg,1678.86
1978,12,laffite,1888.04
1978,12,lauda,1546.21
1978,12,lunger,1744.55
1978,12,mario_andretti,1517.57
1978,12,patrese,1545.1
1978,12,peterson,1807.67
1978,12,piquet,1398.09
1978,12,pironi,1602.81
1978,12,rebaque,1473.01
1978,12,regazzoni,1652.42
1978,12,reutemann,1581.44
1978,12,scheckter,1517.82
1978,12,stuck,1570.34
1978,12,tambay,1635.53
1978,12,watson,1833.9
1978,13,arnoux,1642.02
1978,13,brambilla,1615.26
1978,13,daly,1436.25
1978,13,depailler,1522.37
1978,13,emerson_fittipaldi,1853.5
1978,13,giacomelli,1658.75
1978,13,gilles_villeneuve,1829.83
1978,13,hunt,1624.32
1978,13,jabouille,1493.14
1978,13,jones,1442.5
1978,13,keegan,1301.23
1978,13,keke_rosberg,1556.26
1978,13,laffite,1857.14
1978,13,lauda,1740.35
1978,13,lunger,1602.97
1978,13,mario_andretti,1752.95
1978,13,merzario,1486.86
1978,13,patrese,1408.23
1978,13,peterson,1900.47
1978,13,piquet,1376.5
1978,13,pironi,1421.07
1978,13,rebaque,1591.38
1978,13,reutemann,1705.04
1978,13,scheckter,1598.54
1978,13,stuck,1594.93
1978,13,tambay,1705.2
1978,13,watson,1885.35
1978,14,brambilla,1434.54
1978,14,daly,1563.07
1978,14,depailler,1596.13
1978,14,emerson_fittipaldi,1835.44
1978,14,giacomelli,1622.87
1978,14,gilles_villeneuve,1836.15
1978,14,hunt,1554.97
1978,14,jabouille,1447.86
1978,14,jones,1517.51
1978,14,laffite,1900.56
1978,14,lauda,1873.16
1978,14,lunger,1444.38
1978,14,mario_andretti,1805.32
1978,14,merzario,1461.45
1978,14,patrese,1448.19
1978,14,peterson,1656.49
1978,14,piquet,1544.46
1978,14,pironi,1372.57
1978,14,regazzoni,1603.77
1978,14,reutemann,1822.07
1978,14,scheckter,1622.68
1978,14,stuck,1456.55
1978,14,tambay,1792.59
1978,14,watson,1951.18
1978,15,arnoux,1708.88
1978,15,bleekemolen,1492.18
1978,15,daly,1683.24
1978,15,depailler,1484.82
1978,15,emerson_fittipaldi,1877.69
1978,15,gilles_villeneuve,1589.12
1978,15,hunt,1694.54
1978,15,jabouille,1679.88
1978,15,jarier,1609.84
1978,15,jones,1747.41
1978,15,keke_rosberg,1432.92
1978,15,laffite,1818.49
1978,15,lauda,1668.36
1978,15,lunger,1543.01
1978,15,mario_andretti,1618.12
1978,15,merzario,1488.27
1978,15,pironi,1549.54
1978,15,rahal,1589.6
1978,15,rebaque,1416.57
1978,15,regazzoni,1610.42
1978,15,reutemann,1935.33
1978,15,scheckter,1788.7
1978,15,stommelen,1580.55
1978,15,stuck,1359.42
1978,15,tambay,1837.55
1978,15,watson,1681.92
1978,16,arnoux,1596.2
1978,16,daly,1757.84
1978,16,depailler,1660.42
1978,16,emerson_fittipaldi,1605.65
1978,16,gilles_villeneuve,1781.03
1978,16,hunt,1620.89
1978,16,jabouille,1661.14
1978,16,jarier,1557.53
1978,16,jones,1748.11
1978,16,keke_rosberg,1501.24
1978,16,laffite,1705.99
1978,16,lauda,1524.45
1978,16,mario_andretti,1659.49
1978,16,patrese,1655.81
1978,16,piquet,1601.28
1978,16,pironi,1665.93
1978,16,rahal,1513.29
1978,16,reutemann,1966.47
1978,16,scheckter,1884.8
1978,16,stuck,1315.33
1978,16,tambay,1816.82
1978,16,watson,1548.29
1979,1,angelis,1662.95
1979,1,arnoux,1526.6
1979,1,daly,1735.33
1979,1,depailler,1791.15
1979,1,emerson_fittipaldi,1733.0
1979,1,gilles_villeneuve,1733.14
1979,1,hunt,1602.85
1979,1,jabouille,1591.39
1979,1,jarier,1554.89
1979,1,jones,1760.33
1979,1,laffite,1859.09
1979,1,lammers,1556.77
1979,1,lauda,1505.89
1979,1,mario_andretti,1775.94
1979,1,mass,1647.37
1979,1,merzario,1391.76
1979,1,patrese,1463.41
1979,1,piquet,1469.56
1979,1,pironi,1532.27
1979,1,rebaque,1528.08
1979,1,regazzoni,1674.34
1979,1,reutemann,2009.41
1979,1,scheckter,1657.57
1979,1,stuck,1247.29
1979,1,tambay,1591.9
1979,1,watson,1747.12
1979,2,angelis,1663.78
1979,2,arnoux,1491.7
1979,2,daly,1687.71
1979,2,depailler,1891.88
1979,2,emerson_fittipaldi,1717.26
1979,2,gilles_villeneuve,1812.08
1979,2,hunt,1517.49
1979,2,jabouille,1655.26
1979,2,jarier,1406.6
1979,2,jones,1653.62
1979,2,laffite,1950.79
1979,2,lammers,1574.95
1979,2,lauda,1428.97
1979,2,mario_andretti,1542.08
1979,2,mass,1733.12
1979,2,patrese,1599.73
1979,2,piquet,1389.47
1979,2,pironi,1714.19
1979,2,regazzoni,1622.84
1979,2,reutemann,2024.19
1979,2,scheckter,1754.13
1979,2,stuck,1329.14
1979,2,tambay,1494.91
1979,2,watson,1773.64
1979,3,angelis,1499.36
1979,3,arnoux,1516.79
1979,3,depailler,1605.13
1979,3,emerson_fittipaldi,1671.45
1979,3,gilles_villeneuve,1922.87
1979,3,hunt,1641.83
1979,3,jabouille,1539.83
1979,3,jarier,1658.55
1979,3,jones,1587.96
1979,3,laffite,1687.47
1979,3,lammers,1420.86
1979,3,lauda,1626.33
1979,3,mario_andretti,1717.73
1979,3,mass,1695.34
1979,3,patrese,1638.4
1979,3,piquet,1586.48
1979,3,pironi,1541.64
1979,3,rebaque,1553.86
1979,3,regazzoni,1683.3
1979,3,reutemann,2000.8
1979,3,scheckter,1871.33
1979,3,stuck,1368.34
1979,3,tambay,1597.57
1979,3,watson,1636.7
1979,4,angelis,1661.4
1979,4,arnoux,1388.54
1979,4,daly,1682.24
1979,4,depailler,1746.28
1979,4,emerson_fittipaldi,1566.36
1979,4,gilles_villeneuve,1995.49
1979,4,hunt,1502.97
1979,4,jabouille,1383.82
1979,4,jarier,1759.63
1979,4,jones,1765.98
1979,4,laffite,1541.23
1979,4,lammers,1479.21
1979,4,lauda,1479.25
1979,4,mario_andretti,1821.64
1979,4,mass,1732.76
1979,4,merzario,1399.4
1979,4,patrese,1577.43
1979,4,piquet,1691.17
1979,4,pironi,1638.43
1979,4,rebaque,1629.06
1979,4,regazzoni,1632.36
1979,4,reutemann,1758.31
1979,4,scheckter,1945.1
1979,4,stuck,1481.62
1979,4,tambay,1448.36
1979,4,watson,1641.36
1979,5,angelis,1560.96
1979,5,arnoux,1553.46
1979,5,depailler,1876.56
1979,5,emerson_fittipaldi,1623.34
1979,5,gilles_villeneuve,1945.41
1979,5,hunt,1440.66
1979,5,jabouille,1349.94
1979,5,jarier,1825.51
1979,5,jones,1632.95
1979,5,laffite,1410.81
1979,5,lammers,1557.8
1979,5,lauda,1506.82
1979,5,mario_andretti,1893.32
1979,5,mass,1765.36
1979,5,patrese,1645.46
1979,5,piquet,1476.3
1979,5,pironi,1739.94
1979,5,rebaque,1573.99
1979,5,regazzoni,1529.39
1979,5,reutemann,1868.72
1979,5,scheckter,1960.19
1979,5,stuck,1525.18
1979,5,tambay,1522.92
1979,5,watson,1482.76
1979,6,angelis,1476.05
1979,6,arnoux,1504.88
1979,6,depailler,1784.21
1979,6,emerson_fittipaldi,1684.66
1979,6,giacomelli,1526.82
1979,6,gilles_villeneuve,1911.8
1979,6,hunt,1520.71
1979,6,jabouille,1294.97
1979,6,jarier,1768.7
1979,6,jones,1613.07
1979,6,laffite,1666.62
1979,6,lammers,1632.12
1979,6,lauda,1495.24
1979,6,mario_andretti,1744.41
1979,6,mass,1571.03
1979,6,patrese,1759.05
1979,6,piquet,1494.67
1979,6,pironi,1845.01
1979,6,rebaque,1451.31
1979,6,regazzoni,1390.02
1979,6,reutemann,1911.31
1979,6,scheckter,2025.71
1979,6,stuck,1645.2
1979,6,watson,1650.1
1979,7,arnoux,1441.08
1979,7,depailler,1830.55
1979,7,emerson_fittipaldi,1569.17
1979,7,gilles_villeneuve,1827.01
1979,7,hunt,1433.14
1979,7,jabouille,1465.23
1979,7,jarier,1702.15
1979,7,jones,1623.87
1979,7,laffite,1687.37
1979,7,lauda,1501.27
1979,7,mario_andretti,1621.17
1979,7,mass,1681.24
1979,7,patrese,1560.87
1979,7,piquet,1616.71
1979,7,pironi,1698.32
1979,7,regazzoni,1628.82
1979,7,reutemann,1949.79
1979,7,scheckter,2070.77
1979,7,stuck,1611.11
1979,7,watson,1761.77
1979,8,angelis,1501.88
1979,8,arnoux,1673.93
1979,8,emerson_fittipaldi,1487.68
1979,8,giacomelli,1512.63
1979,8,gilles_villeneuve,1909.52
1979,8,ickx,1426.2
1979,8,jabouille,1715.11
1979,8,jarier,1786.0
1979,8,jones,1757.14
1979,8,keke_rosberg,1622.13
1979,8,laffite,1735.75
1979,8,lammers,1551.43
1979,8,lauda,1384.16
1979,8,mario_andretti,1482.35
1979,8,mass,1625.42
1979,8,patrese,1578.74
1979,8,piquet,1496.14
1979,8,pironi,1569.79
1979,8,rebaque,1549.13
1979,8,regazzoni,1730.79
1979,8,reutemann,1807.91
1979,8,scheckter,1997.16
1979,8,stuck,1426.57
1979,8,tambay,1617.67
1979,8,watson,1728.96
1979,9,angelis,1569.36
1979,9,arnoux,1817.38
1979,9,emerson_fittipaldi,1434.79
1979,9,gaillard,1551.61
1979,9,gilles_villeneuve,1764.56
1979,9,ickx,1619.88
1979,9,jabouille,1543.07
1979,9,jarier,1869.5
1979,9,jones,1614.44
1979,9,keke_rosberg,1557.96
1979,9,laffite,1634.36
1979,9,lammers,1613.36
1979,9,lauda,1336.15
1979,9,mario_andretti,1379.55
1979,9,mass,1528.72
1979,9,patrese,1565.49
1979,9,piquet,1369.94
1979,9,pironi,1639.53
1979,9,rebaque,1644.11
1979,9,regazzoni,1866.56
1979,9,reutemann,1804.48
1979,9,scheckter,1978.57
1979,9,tambay,1711.6
1979,9,watson,1820.01
1979,10,angelis,1616.13
1979,10,arnoux,1602.08
1979,10,emerson_fittipaldi,1357.35
1979,10,gilles_villeneuve,1772.39
1979,10,ickx,1544.65
1979,10,jabouille,1438.03
1979,10,jones,1790.08
1979,10,keke_rosberg,1545.06
1979,10,laffite,1772.74
1979,10,lammers,1656.21
1979,10,lauda,1396.53
1979,10,lees,1638.4
1979,10,mario_andretti,1373.35
1979,10,mass,1670.74
1979,10,patrese,1580.34
1979,10,piquet,1484.24
1979,10,pironi,1686.23
1979,10,rebaque,1541.85
1979,10,regazzoni,1932.4
1979,10,reutemann,1544.92
1979,10,scheckter,1978.25
1979,10,stuck,1318.79
1979,10,tambay,1644.47
1979,10,watson,1855.22
1979,11,angelis,1594.41
1979,11,arnoux,1711.35
1979,11,daly,1727.13
1979,11,emerson_fittipaldi,1321.3
1979,11,gaillard,1590.06
1979,11,gilles_villeneuve,1872.13
1979,11,ickx,1503.02
1979,11,jabouille,1407.0
1979,11,jones,1899.23
1979,11,keke_rosberg,1452.61
1979,11,laffite,1856.84
1979,11,lammers,1479.91
1979,11,lauda,1515.58
1979,11,mario_andretti,1280.4
1979,11,mass,1471.93
1979,11,patrese,1590.25
1979,11,piquet,1503.03
1979,11,pironi,1744.86
1979,11,regazzoni,1931.81
1979,11,reutemann,1486.63
1979,11,scheckter,1980.4
1979,11,stuck,1383.07
1979,11,tambay,1675.98
1979,11,watson,1815.11
1979,12,angelis,1647.16
1979,12,arnoux,1494.51
1979,12,emerson_fittipaldi,1298.92
1979,12,gilles_villeneuve,1827.99
1979,12,ickx,1671.22
1979,12,jabouille,1504.6
1979,12,jarier,1741.65
1979,12,jones,1981.85
1979,12,keke_rosberg,1548.94
1979,12,laffite,1921.27
1979,12,lammers,1484.74
1979,12,lauda,1437.88
1979,12,mario_andretti,1340.72
1979,12,mass,1636.6
1979,12,patrese,1512.59
1979,12,piquet,1687.44
1979,12,pironi,1764.82
1979,12,rebaque,1661.22
1979,12,regazzoni,1603.13
1979,12,reutemann,1385.18
1979,12,scheckter,2023.77
1979,12,stuck,1443.67
1979,12,tambay,1544.09
1979,12,watson,1724.25
1979,13,angelis,1541.26
1979,13,arnoux,1424.53
1979,13,brambilla,1517.9
1979,13,emerson_fittipaldi,1499.28
1979,13,giacomelli,1451.75
1979,13,gilles_villeneuve,1910.73
1979,13,ickx,1569.88
1979,13,jabouille,1524.25
1979,13,jarier,1787.57
1979,13,jones,1893.4
1979,13,keke_rosberg,1519.25
1979,13,laffite,1747.63
1979,13,lauda,1644.57
1979,13,mario_andretti,1572.42
1979,13,mass,1453.65
1979,13,patrese,1545.05
1979,13,piquet,1464.79
1979,13,pironi,1736.78
1979,13,regazzoni,1754.63
1979,13,reutemann,1567.43
1979,13,scheckter,2069.61
1979,13,stuck,1539.93
1979,13,tambay,1419.98
1979,13,watson,1533.15
1979,14,angelis,1500.5
1979,14,arnoux,1366.45
1979,14,brambilla,1579.78
1979,14,daly,1646.02
1979,14,emerson_fittipaldi,1633.57
1979,14,gilles_villeneuve,1969.45
1979,14,ickx,1591.71
1979,14,jabouille,1507.82
1979,14,jarier,1693.92
1979,14,jones,1973.21
1979,14,laffite,1507.51
1979,14,lammers,1609.69
1979,14,lauda,1438.83
1979,14,mario_andretti,1641.17
1979,14,patrese,1469.72
1979,14,piquet,1567.16
1979,14,pironi,1812.5
1979,14,rebaque,1596.05
1979,14,regazzoni,1851.36
1979,14,reutemann,1498.12
1979,14,scheckter,2053.62
1979,14,stuck,1414.75
1979,14,tambay,1381.74
1979,14,watson,1683.43
1979,14,zunino,1649.79
1979,15,angelis,1679.15
1979,15,arnoux,1631.16
1979,15,daly,1684.4
1979,15,emerson_fittipaldi,1708.5
1979,15,giacomelli,1335.91
1979,15,gilles_villeneuve,2029.61
1979,15,ickx,1433.58
1979,15,jabouille,1503.95
1979,15,jarier,1555.19
1979,15,jones,1838.99
1979,15,keke_rosberg,1493.63
1979,15,laffite,1403.34
1979,15,mario_andretti,1511.05
1979,15,patrese,1557.5
1979,15,piquet,1655.33
1979,15,pironi,1883.78
1979,15,regazzoni,1727.89
1979,15,reutemann,1415.25
1979,15,scheckter,1930.81
1979,15,stuck,1614.0
1979,15,surer,1545.32
1979,15,tambay,1394.92
1979,15,watson,1752.97
1979,15,zunino,1598.31
1980,1,angelis,1552.95
1980,1,arnoux,1478.75
1980,1,daly,1795.57
1980,1,depailler,1816.15
1980,1,emerson_fittipaldi,1700.62
1980,1,giacomelli,1578.95
1980,1,gilles_villeneuve,1881.74
1980,1,jabouille,1424.93
1980,1,jarier,1405.92
1980,1,jones,1939.96
1980,1,keke_rosberg,1702.01
1980,1,laffite,1500.1
1980,1,mario_andretti,1512.66
1980,1,mass,1462.16
1980,1,patrese,1571.91
1980,1,piquet,1810.62
1980,1,pironi,1598.72
1980,1,prost,1657.65
1980,1,regazzoni,1726.71
1980,1,reutemann,1421.19
1980,1,scheckter,1864.51
1980,1,surer,1548.66
1980,1,watson,1576.85
1980,1,zunino,1696.9
1980,2,angelis,1752.28
1980,2,arnoux,1727.16
1980,2,daly,1696.05
1980,2,depailler,1662.43
1980,2,emerson_fittipaldi,1629.76
1980,2,giacomelli,1595.36
1980,2,gilles_villeneuve,1714.08
1980,2,jabouille,1432.39
1980,2,jarier,1515.16
1980,2,jones,1970.99
1980,2,keke_rosberg,1727.63
1980,2,laffite,1444.2
1980,2,mario_andretti,1403.13
1980,2,mass,1581.37
1980,2,patrese,1703.79
1980,2,piquet,1626.52
1980,2,pironi,1749.11
1980,2,prost,1766.06
1980,2,regazzoni,1549.74
1980,2,reutemann,1328.7
1980,2,scheckter,1607.17
1980,2,surer,1675.25
1980,2,watson,1627.86
1980,2,zunino,1740.01
1980,3,angelis,1524.57
1980,3,arnoux,1872.37
1980,3,cheever,1341.02
1980,3,daly,1619.8
1980,3,depailler,1573.67
1980,3,emerson_fittipaldi,1712.22
1980,3,giacomelli,1602.88
1980,3,gilles_villeneuve,1571.01
1980,3,jabouille,1502.73
1980,3,jarier,1670.27
1980,3,jones,1720.21
1980,3,keke_rosberg,1620.51
1980,3,laffite,1709.99
1980,3,lees,1639.41
1980,3,mario_andretti,1535.4
1980,3,mass,1718.9
1980,3,patrese,1534.65
1980,3,piquet,1773.94
1980,3,pironi,1853.52
1980,3,prost,1516.19
1980,3,regazzoni,1657.14
1980,3,reutemann,1603.31
1980,3,scheckter,1503.38
1980,3,surer,1457.08
1980,3,watson,1666.57
1980,3,zunino,1737.7
1980,4,angelis,1440.55
1980,4,arnoux,1824.04
1980,4,cheever,1379.33
1980,4,daly,1698.56
1980,4,depailler,1550.64
1980,4,emerson_fittipaldi,1822.95
1980,4,giacomelli,1613.53
1980,4,gilles_villeneuve,1565.62
1980,4,jabouille,1606.85
1980,4,jarier,1535.33
1980,4,jones,1659.43
1980,4,keke_rosberg,1653.8
1980,4,laffite,1606.08
1980,4,lammers,1470.19
1980,4,mario_andretti,1412.47
1980,4,mass,1766.74
1980,4,patrese,1740.3
1980,4,piquet,1890.33
1980,4,pironi,1859.42
1980,4,regazzoni,1657.57
1980,4,reutemann,1516.39
1980,4,scheckter,1679.27
1980,4,watson,1782.66
1980,4,zunino,1503.39
1980,5,angelis,1569.28
1980,5,arnoux,1876.63
1980,5,daly,1725.26
1980,5,depailler,1534.17
1980,5,emerson_fittipaldi,1631.47
1980,5,giacomelli,1488.91
1980,5,gilles_villeneuve,1698.93
1980,5,jabouille,1435.97
1980,5,jarier,1698.23
1980,5,jones,1811.51
1980,5,keke_rosberg,1731.21
1980,5,laffite,1643.41
1980,5,lammers,1553.3
1980,5,mario_andretti,1472.79
1980,5,mass,1535.28
1980,5,needell,1443.36
1980,5,patrese,1667.88
1980,5,piquet,1701.06
1980,5,pironi,1947.95
1980,5,prost,1484.57
1980,5,reutemann,1717.01
1980,5,scheckter,1729.88
1980,5,watson,1705.7
1980,5,zunino,1410.98
1980,6,angelis,1624.86
1980,6,arnoux,1762.06
1980,6,daly,1535.29
1980,6,depailler,1541.35
1980,6,emerson_fittipaldi,1711.35
1980,6,giacomelli,1445.27
1980,6,gilles_villeneuve,1767.58
1980,6,jabouille,1444.82
1980,6,jarier,1554.15
1980,6,jones,1654.05
1980,6,laffite,1782.3
1980,6,lammers,1598.5
1980,6,mario_andretti,1599.31
1980,6,mass,1685.79
1980,6,patrese,1699.43
1980,6,piquet,1801.59
1980,6,pironi,1824.9
1980,6,prost,1407.38
1980,6,reutemann,1843.4
1980,6,scheckter,1640.11
1980,7,angelis,1471.14
1980,7,arnoux,1821.77
1980,7,cheever,1445.89
1980,7,daly,1603.32
1980,7,depailler,1508.23
1980,7,emerson_fittipaldi,1669.51
1980,7,giacomelli,1402.8
1980,7,gilles_villeneuve,1779.94
1980,7,jabouille,1349.93
1980,7,jarier,1567.03
1980,7,jones,1816.69
1980,7,keke_rosberg,1579.71
1980,7,laffite,1863.98
1980,7,mario_andretti,1524.17
1980,7,mass,1703.22
1980,7,patrese,1726.16
1980,7,piquet,1860.71
1980,7,pironi,1905.92
1980,7,prost,1361.17
1980,7,reutemann,1855.9
1980,7,scheckter,1645.91
1980,7,surer,1476.15
1980,7,watson,1759.68
1980,7,zunino,1310.37
1980,8,angelis,1367.45
1980,8,arnoux,1713.11
1980,8,cheever,1369.79
1980,8,daly,1750.12
1980,8,depailler,1425.28
1980,8,emerson_fittipaldi,1658.13
1980,8,giacomelli,1408.49
1980,8,gilles_villeneuve,1606.89
1980,8,jabouille,1270.68
1980,8,jarier,1712.91
1980,8,jones,1924.19
1980,8,keegan,1456.0
1980,8,laffite,1638.42
1980,8,mario_andretti,1499.14
1980,8,mass,1661.37
1980,8,patrese,1740.09
1980,8,piquet,1937.3
1980,8,pironi,1747.61
1980,8,prost,1573.02
1980,8,rebaque,1696.09
1980,8,reutemann,1918.57
1980,8,scheckter,1678.79
1980,8,surer,1488.04
1980,8,watson,1775.0
1980,9,angelis,1426.17
1980,9,arnoux,1573.78
1980,9,cheever,1358.27
1980,9,daly,1742.78
1980,9,emerson_fittipaldi,1494.77
1980,9,giacomelli,1628.11
1980,9,gilles_villeneuve,1725.17
1980,9,jabouille,1325.52
1980,9,jarier,1641.07
1980,9,jones,1964.42
1980,9,keke_rosberg,1435.25
1980,9,laffite,1815.33
1980,9,lammers,1594.67
1980,9,mario_andretti,1648.48
1980,9,mass,1723.36
1980,9,patrese,1752.27
1980,9,piquet,1957.73
1980,9,pironi,1558.37
1980,9,prost,1629.24
1980,9,rebaque,1481.99
1980,9,reutemann,1976.27
1980,9,scheckter,1654.35
1980,9,surer,1564.71
1980,9,watson,1641.34
1980,10,angelis,1613.26
1980,10,arnoux,1650.79
1980,10,cheever,1311.41
1980,10,daly,1513.55
1980,10,emerson_fittipaldi,1574.44
1980,10,giacomelli,1518.77
1980,10,gilles_villeneuve,1751.73
1980,10,jabouille,1622.52
1980,10,jarier,1493.16
1980,10,jones,2005.24
1980,10,keegan,1490.05
1980,10,keke_rosberg,1460.62
1980,10,laffite,1870.16
1980,10,mansell,1480.61
1980,10,mario_andretti,1447.59
1980,10,patrese,1669.66
1980,10,piquet,1950.94
1980,10,pironi,1464.62
1980,10,prost,1711.79
1980,10,rebaque,1583.73
1980,10,reutemann,1997.56
1980,10,scheckter,1630.48
1980,10,surer,1596.98
1980,10,watson,1541.74
1980,11,angelis,1477.84
1980,11,arnoux,1808.96
1980,11,brambilla,1542.13
1980,11,cheever,1434.71
1980,11,daly,1587.53
1980,11,emerson_fittipaldi,1490.7
1980,11,giacomelli,1574.08
1980,11,gilles_villeneuve,1794.39
1980,11,jabouille,1580.82
1980,11,jarier,1679.27
1980,11,jones,1886.45
1980,11,laffite,1930.18
1980,11,lees,1557.93
1980,11,mansell,1421.66
1980,11,mario_andretti,1610.02
1980,11,mass,1485.35
1980,11,patrese,1621.35
1980,11,piquet,2019.48
1980,11,pironi,1378.24
1980,11,prost,1786.24
1980,11,rebaque,1428.04
1980,11,reutemann,2002.88
1980,11,scheckter,1694.52
1980,11,surer,1661.0
1980,11,watson,1489.49
1980,12,angelis,1677.5
1980,12,arnoux,1777.66
1980,12,brambilla,1396.15
1980,12,cheever,1530.98
1980,12,daly,1522.63
1980,12,emerson_fittipaldi,1415.7
1980,12,giacomelli,1431.32
1980,12,gilles_villeneuve,1567.13
1980,12,jabouille,1582.51
1980,12,jarier,1652.9
1980,12,jones,1958.78
1980,12,keegan,1579.91
1980,12,keke_rosberg,1651.44
1980,12,laffite,1869.45
1980,12,mario_andretti,1567.15
1980,12,patrese,1557.39
1980,12,piquet,2071.99
1980,12,pironi,1586.85
1980,12,prost,1809.53
1980,12,rebaque,1395.81
1980,12,reutemann,2025.66
1980,12,scheckter,1739.18
1980,12,surer,1611.0
1980,12,watson,1450.34
1980,13,angelis,1693.9
1980,13,arnoux,1688.17
1980,13,cesaris,1472.07
1980,13,cheever,1472.82
1980,13,daly,1398.25
1980,13,emerson_fittipaldi,1386.75
1980,13,giacomelli,1378.39
1980,13,gilles_villeneuve,1707.22
1980,13,jabouille,1564.14
1980,13,jarier,1724.38
1980,13,jones,2025.04
1980,13,keke_rosberg,1694.39
1980,13,laffite,1841.72
1980,13,lammers,1615.13
1980,13,mario_andretti,1526.93
1980,13,mass,1569.77
1980,13,patrese,1435.18
1980,13,piquet,1841.73
1980,13,pironi,1750.78
1980,13,prost,1721.89
1980,13,rebaque,1592.07
1980,13,reutemann,2058.86
1980,13,thackwell,1367.57
1980,13,watson,1655.62
1980,14,angelis,1812.14
1980,14,arnoux,1763.15
1980,14,cesaris,1365.82
1980,14,cheever,1454.68
1980,14,daly,1338.02
1980,14,emerson_fittipaldi,1349.01
1980,14,giacomelli,1445.82
1980,14,gilles_villeneuve,1680.66
1980,14,jarier,1674.76
1980,14,jones,2077.26
1980,14,keegan,1671.66
1980,14,keke_rosberg,1719.4
1980,14,laffite,1885.6
1980,14,lammers,1500.45
1980,14,mario_andretti,1688.18
1980,14,mass,1575.21
1980,14,patrese,1414.34
1980,14,piquet,1689.32
1980,14,pironi,1860.88
1980,14,prost,1487.36
1980,14,rebaque,1539.24
1980,14,reutemann,2086.51
1980,14,scheckter,1729.1
1980,14,surer,1704.64
1980,14,watson,1667.96
1981,1,angelis,1576.8
1981,1,arnoux,1778.68
1981,1,cesaris,1283.96
1981,1,cheever,1647.55
1981,1,gabbiani,1469.14
1981,1,giacomelli,1518.18
1981,1,gilles_villeneuve,1536.17
1981,1,jarier,1681.65
1981,1,jones,2118.99
1981,1,keke_rosberg,1643.24
1981,1,laffite,1755.5
1981,1,lammers,1504.21
1981,1,mansell,1404.59
1981,1,mario_andretti,1800.76
1981,1,patrese,1435.24
1981,1,piquet,1817.03
1981,1,pironi,1807.48
1981,1,prost,1379.55
1981,1,rebaque,1589.1
1981,1,reutemann,2109.06
1981,1,serra,1640.68
1981,1,surer,1728.49
1981,1,tambay,1595.33
1981,1,watson,1513.35
1981,2,angelis,1721.37
1981,2,arnoux,1556.89
1981,2,cesaris,1289.22
1981,2,cheever,1619.34
1981,2,giacomelli,1533.02
1981,2,gilles_villeneuve,1526.45
1981,2,jarier,1750.95
1981,2,jones,2135.47
1981,2,keke_rosberg,1697.58
1981,2,laffite,1809.33
1981,2,londono,1359.49
1981,2,mansell,1532.54
1981,2,mario_andretti,1553.79
1981,2,patrese,1671.28
1981,2,piquet,1747.74
1981,2,pironi,1606.34
1981,2,prost,1402.7
1981,2,rebaque,1538.98
1981,2,reutemann,2144.96
1981,2,serra,1453.57
1981,2,stohr,1455.82
1981,2,surer,1824.63
1981,2,tambay,1655.67
1981,2,watson,1641.42
1981,2,zunino,1443.2
1981,3,angelis,1781.28
1981,3,arnoux,1701.98
1981,3,cesaris,1452.43
1981,3,cheever,1432.93
1981,3,giacomelli,1611.88
1981,3,gilles_villeneuve,1540.69
1981,3,jones,2109.88
1981,3,keke_rosberg,1524.14
1981,3,laffite,1615.26
1981,3,lammers,1561.8
1981,3,mansell,1418.65
1981,3,mario_andretti,1655.8
1981,3,patrese,1736.87
1981,3,piquet,1873.15
1981,3,pironi,1442.36
1981,3,prost,1643.16
1981,3,rebaque,1500.4
1981,3,reutemann,2155.01
1981,3,serra,1435.45
1981,3,stohr,1585.37
1981,3,surer,1609.0
1981,3,tambay,1595.21
1981,3,watson,1571.97
1981,3,zunino,1510.86
1981,4,alboreto,1522.93
1981,4,angelis,1502.79
1981,4,arnoux,1745.33
1981,4,borgudd,1570.29
1981,4,cesaris,1644.64
1981,4,cheever,1439.09
1981,4,gabbiani,1490.64
1981,4,giacomelli,1546.9
1981,4,gilles_villeneuve,1674.76
1981,4,guerra,1394.87
1981,4,jabouille,1587.05
1981,4,jones,1943.49
1981,4,keke_rosberg,1455.25
1981,4,laffite,1484.95
1981,4,lammers,1410.16
1981,4,mansell,1300.56
1981,4,mario_andretti,1536.5
1981,4,patrese,1857.52
1981,4,piquet,1962.44
1981,4,pironi,1654.93
1981,4,prost,1483.22
1981,4,rebaque,1700.16
1981,4,reutemann,2145.72
1981,4,salazar,1539.02
1981,4,surer,1681.46
1981,4,tambay,1644.67
1981,4,watson,1647.77
1981,5,alboreto,1570.48
1981,5,angelis,1667.85
1981,5,cesaris,1524.92
1981,5,cheever,1616.51
1981,5,gabbiani,1471.58
1981,5,ghinzani,1541.64
1981,5,giacomelli,1630.15
1981,5,gilles_villeneuve,1780.04
1981,5,jabouille,1557.52
1981,5,jones,1709.4
1981,5,keke_rosberg,1391.12
1981,5,laffite,1705.42
1981,5,mansell,1583.86
1981,5,mario_andretti,1608.63
1981,5,patrese,1575.47
1981,5,piquet,1689.06
1981,5,pironi,1704.83
1981,5,prost,1389.62
1981,5,rebaque,1633.7
1981,5,reutemann,2171.31
1981,5,serra,1457.67
1981,5,stohr,1414.87
1981,5,surer,1671.93
1981,5,watson,1716.03
1981,6,alboreto,1612.94
1981,6,angelis,1607.0
1981,6,arnoux,1636.51
1981,6,cesaris,1433.68
1981,6,cheever,1720.2
1981,6,giacomelli,1632.05
1981,6,gilles_villeneuve,1885.23
1981,6,jones,1824.04
1981,6,laffite,1805.87
1981,6,mansell,1506.74
1981,6,mario_andretti,1468.06
1981,6,patrese,1518.95
1981,6,piquet,1715.83
1981,6,pironi,1789.8
1981,6,prost,1463.23
1981,6,reutemann,1962.57
1981,6,stohr,1378.73
1981,6,surer,1737.59
1981,6,tambay,1705.2
1981,6,watson,1716.17
1981,7,angelis,1727.63
1981,7,arnoux,1681.91
1981,7,cesaris,1320.16
1981,7,cheever,1598.5
1981,7,daly,1395.93
1981,7,giacomelli,1663.9
1981,7,gilles_villeneuve,1961.94
1981,7,jabouille,1493.83
1981,7,jones,1824.3
1981,7,keke_rosberg,1493.14
1981,7,laffite,1892.57
1981,7,mansell,1654.45
1981,7,mario_andretti,1602.39
1981,7,patrese,1388.48
1981,7,piquet,1529.99
1981,7,pironi,1670.55
1981,7,prost,1373.33
1981,7,rebaque,1519.42
1981,7,reutemann,1967.36
1981,7,salazar,1547.1
1981,7,serra,1549.45
1981,7,stohr,1354.97
1981,7,tambay,1654.85
1981,7,watson,1820.73
1981,8,alboreto,1566.37
1981,8,angelis,1789.4
1981,8,arnoux,1793.9
1981,8,cesaris,1477.26
1981,8,cheever,1608.0
1981,8,daly,1395.03
1981,8,giacomelli,1609.69
1981,8,gilles_villeneuve,1696.6
1981,8,jones,1665.17
1981,8,keke_rosberg,1405.83
1981,8,laffite,1688.99
1981,8,mansell,1732.63
1981,8,mario_andretti,1688.2
1981,8,patrese,1470.68
1981,8,piquet,1723.15
1981,8,pironi,1772.01
1981,8,prost,1662.5
1981,8,rebaque,1626.23
1981,8,reutemann,1871.38
1981,8,salazar,1419.59
1981,8,serra,1403.54
1981,8,surer,1699.31
1981,8,tambay,1513.08
1981,8,watson,1910.08
1981,9,alboreto,1431.38
1981,9,angelis,1696.46
1981,9,arnoux,1780.35
1981,9,borgudd,1703.43
1981,9,cesaris,1397.17
1981,9,cheever,1755.19
1981,9,daly,1587.55
1981,9,giacomelli,1521.6
1981,9,gilles_villeneuve,1551.77
1981,9,jarier,1770.77
1981,9,jones,1519.32
1981,9,keke_rosberg,1500.01
1981,9,laffite,1815.98
1981,9,mario_andretti,1674.26
1981,9,patrese,1585.98
1981,9,piquet,1597.73
1981,9,pironi,1638.9
1981,9,prost,1612.93
1981,9,rebaque,1749.87
1981,9,reutemann,1942.1
1981,9,stohr,1281.98
1981,9,surer,1695.54
1981,9,tambay,1515.09
1981,9,watson,1983.73
1981,10,angelis,1764.76
1981,10,arnoux,1713.41
1981,10,borgudd,1605.75
1981,10,cesaris,1330.05
1981,10,cheever,1826.6
1981,10,daly,1479.03
1981,10,giacomelli,1539.94
1981,10,gilles_villeneuve,1638.81
1981,10,jarier,1791.43
1981,10,jones,1603.94
1981,10,laffite,1893.66
1981,10,mansell,1541.0
1981,10,mario_andretti,1722.4
1981,10,patrese,1512.35
1981,10,piquet,1796.05
1981,10,pironi,1456.5
1981,10,prost,1789.19
1981,10,rebaque,1838.61
1981,10,reutemann,1722.97
1981,10,salazar,1461.79
1981,10,stohr,1439.02
1981,10,surer,1651.92
1981,10,tambay,1454.82
1981,10,watson,1955.9
1981,11,alboreto,1460.98
1981,11,angelis,1797.36
1981,11,arnoux,1842.31
1981,11,borgudd,1610.67
1981,11,cesaris,1529.75
1981,11,daly,1570.59
1981,11,giacomelli,1506.63
1981,11,gilles_villeneuve,1463.28
1981,11,jarier,1762.25
1981,11,jones,1748.02
1981,11,laffite,1973.72
1981,11,mansell,1425.97
1981,11,mario_andretti,1690.59
1981,11,patrese,1542.34
1981,11,piquet,1877.74
1981,11,pironi,1588.38
1981,11,prost,1594.39
1981,11,rebaque,1654.62
1981,11,reutemann,1801.72
1981,11,salazar,1496.34
1981,11,stohr,1416.52
1981,11,surer,1454.09
1981,11,tambay,1393.09
1981,11,watson,1933.35
1981,12,alboreto,1599.5
1981,12,angelis,1855.5
1981,12,arnoux,1719.7
1981,12,borgudd,1666.44
1981,12,cesaris,1385.96
1981,12,cheever,1741.17
1981,12,daly,1496.67
1981,12,giacomelli,1522.6
1981,12,gilles_villeneuve,1364.52
1981,12,jarier,1690.58
1981,12,jones,1857.37
1981,12,laffite,1763.84
1981,12,mansell,1378.11
1981,12,mario_andretti,1694.54
1981,12,patrese,1497.85
1981,12,piquet,1953.76
1981,12,pironi,1489.72
1981,12,prost,1797.07
1981,12,rebaque,1787.86
1981,12,reutemann,1651.71
1981,12,salazar,1669.24
1981,12,stohr,1607.09
1981,12,surer,1612.12
1981,12,tambay,1338.79
1981,12,watson,1819.55
1981,13,alboreto,1543.77
1981,13,angelis,1903.57
1981,13,arnoux,1576.65
1981,13,borgudd,1501.85
1981,13,cesaris,1585.65
1981,13,cheever,1557.31
1981,13,daly,1570.57
1981,13,giacomelli,1647.97
1981,13,gilles_villeneuve,1306.08
1981,13,henton,1653.62
1981,13,jarier,1725.37
1981,13,jones,1936.74
1981,13,laffite,1584.8
1981,13,mansell,1464.54
1981,13,mario_andretti,1695.88
1981,13,patrese,1503.79
1981,13,piquet,1934.7
1981,13,pironi,1676.09
1981,13,prost,1913.5
1981,13,rebaque,1531.74
1981,13,reutemann,1797.03
1981,13,salazar,1565.36
1981,13,tambay,1457.86
1981,13,watson,1696.57
1981,14,alboreto,1611.27
1981,14,angelis,1897.32
1981,14,arnoux,1419.01
1981,14,borgudd,1508.34
1981,14,cesaris,1601.88
1981,14,cheever,1602.51
1981,14,daly,1671.52
1981,14,giacomelli,1771.3
1981,14,gilles_villeneuve,1591.04
1981,14,jarier,1596.57
1981,14,jones,1698.99
1981,14,laffite,1782.81
1981,14,mansell,1504.06
1981,14,mario_andretti,1756.54
1981,14,patrese,1394.81
1981,14,piquet,1933.88
1981,14,pironi,1541.4
1981,14,prost,1769.61
1981,14,rebaque,1508.24
1981,14,reutemann,1766.64
1981,14,salazar,1465.27
1981,14,surer,1678.66
1981,14,tambay,1385.21
1981,14,watson,1832.63
1981,15,alboreto,1613.33
1981,15,angelis,1601.6
1981,15,arnoux,1371.48
1981,15,cesaris,1624.06
1981,15,cheever,1494.78
1981,15,giacomelli,1860.46
1981,15,gilles_villeneuve,1537.54
1981,15,jarier,1424.77
1981,15,jones,1846.92
1981,15,keke_rosberg,1601.02
1981,15,laffite,1821.15
1981,15,mansell,1690.22
1981,15,mario_andretti,1642.43
1981,15,patrese,1522.66
1981,15,piquet,1932.46
1981,15,pironi,1640.61
1981,15,prost,1874.69
1981,15,rebaque,1474.78
1981,15,reutemann,1781.91
1981,15,salazar,1515.28
1981,15,surer,1551.67
1981,15,tambay,1331.56
1981,15,warwick,1518.23
1981,15,watson,1836.03
1982,1,alboreto,1711.49
1982,1,angelis,1690.34
1982,1,arnoux,1642.0
1982,1,boesel,1532.45
1982,1,borgudd,1520.43
1982,1,cesaris,1626.41
1982,1,cheever,1416.35
1982,1,daly,1635.5
1982,1,giacomelli,1784.51
1982,1,gilles_villeneuve,1422.16
1982,1,jarier,1312.12
1982,1,keke_rosberg,1732.99
1982,1,laffite,1631.61
1982,1,lauda,1662.3
1982,1,manfred_winkelhock,1606.54
1982,1,mansell,1469.97
1982,1,mass,1616.83
1982,1,patrese,1448.14
1982,1,piquet,1608.6
1982,1,pironi,1554.54
1982,1,prost,1959.36
1982,1,reutemann,1884.42
1982,1,salazar,1630.24
1982,1,serra,1446.48
1982,1,warwick,1462.53
1982,1,watson,1851.44
1982,2,alboreto,1811.72
1982,2,angelis,1549.41
1982,2,arnoux,1553.75
1982,2,baldi,1607.01
1982,2,boesel,1373.69
1982,2,borgudd,1665.3
1982,2,cesaris,1454.59
1982,2,cheever,1390.4
1982,2,daly,1443.12
1982,2,giacomelli,1563.89
1982,2,gilles_villeneuve,1471.45
1982,2,jarier,1521.47
1982,2,keke_rosberg,1696.31
1982,2,laffite,1473.09
1982,2,lauda,1579.04
1982,2,manfred_winkelhock,1740.3
1982,2,mansell,1697.79
1982,2,mass,1699.67
1982,2,patrese,1502.67
1982,2,piquet,1646.95
1982,2,pironi,1698.24
1982,2,prost,2017.76
1982,2,reutemann,1664.55
1982,2,salazar,1628.79
1982,2,serra,1518.64
1982,2,watson,1927.61
1982,3,alboreto,1868.57
1982,3,angelis,1708.53
1982,3,arnoux,1434.2
1982,3,boesel,1559.91
1982,3,borgudd,1695.88
1982,3,cesaris,1538.95
1982,3,cheever,1521.03
1982,3,daly,1435.73
1982,3,giacomelli,1422.78
1982,3,gilles_villeneuve,1581.35
1982,3,guerrero,1531.43
1982,3,henton,1624.77
1982,3,jarier,1509.51
1982,3,keke_rosberg,1831.55
1982,3,laffite,1500.78
1982,3,lauda,1781.33
1982,3,manfred_winkelhock,1478.37
1982,3,mansell,1759.28
1982,3,mario_andretti,1522.14
1982,3,mass,1745.7
1982,3,patrese,1712.12
1982,3,piquet,1556.87
1982,3,pironi,1522.21
1982,3,prost,1709.96
1982,3,salazar,1439.25
1982,3,watson,1910.86
1982,4,alboreto,1862.16
1982,4,arnoux,1458.47
1982,4,cesaris,1460.72
1982,4,fabi,1521.42
1982,4,giacomelli,1432.4
1982,4,gilles_villeneuve,1661.94
1982,4,henton,1501.78
1982,4,jarier,1580.46
1982,4,manfred_winkelhock,1524.1
1982,4,paletti,1467.85
1982,4,pironi,1637.58
1982,4,prost,1595.35
1982,4,salazar,1514.85
1982,4,warwick,1373.37
1982,5,alboreto,1661.02
1982,5,angelis,1813.65
1982,5,arnoux,1400.6
1982,5,baldi,1598.94
1982,5,boesel,1677.53
1982,5,cesaris,1496.46
1982,5,cheever,1730.58
1982,5,daly,1572.48
1982,5,fabi,1463.89
1982,5,giacomelli,1352.3
1982,5,gilles_villeneuve,1418.29
1982,5,henton,1500.82
1982,5,jarier,1571.18
1982,5,keke_rosberg,1916.0
1982,5,laffite,1633.45
1982,5,lauda,1759.84
1982,5,manfred_winkelhock,1417.58
1982,5,mansell,1561.71
1982,5,mass,1710.35
1982,5,patrese,1664.08
1982,5,piquet,1720.64
1982,5,pironi,1422.4
1982,5,prost,1622.1
1982,5,salazar,1378.76
1982,5,serra,1686.78
1982,5,surer,1688.26
1982,5,warwick,1402.53
1982,5,watson,1983.37
1982,6,alboreto,1650.51
1982,6,angelis,1830.91
1982,6,arnoux,1339.11
1982,6,cesaris,1663.14
1982,6,cheever,1581.11
1982,6,daly,1662.38
1982,6,giacomelli,1285.86
1982,6,henton,1585.21
1982,6,keke_rosberg,1797.3
1982,6,laffite,1539.91
1982,6,lauda,1680.23
1982,6,manfred_winkelhock,1421.67
1982,6,mansell,1686.93
1982,6,patrese,1801.88
1982,6,piquet,1640.46
1982,6,pironi,1633.42
1982,6,prost,1676.3
1982,6,salazar,1342.64
1982,6,surer,1683.24
1982,6,watson,1793.91
1982,7,alboreto,1612.88
1982,7,angelis,1671.99
1982,7,arnoux,1520.63
1982,7,baldi,1425.03
1982,7,boesel,1480.6
1982,7,cesaris,1523.22
1982,7,cheever,1771.42
1982,7,daly,1771.41
1982,7,giacomelli,1392.35
1982,7,guerrero,1486.07
1982,7,henton,1671.52
1982,7,jarier,1460.55
1982,7,keke_rosberg,1860.82
1982,7,laffite,1692.06
1982,7,lauda,1642.99
1982,7,manfred_winkelhock,1360.36
1982,7,mansell,1661.33
1982,7,mass,1766.28
1982,7,paletti,1336.67
1982,7,patrese,1607.44
1982,7,pironi,1784.32
1982,7,prost,1670.83
1982,7,salazar,1395.26
1982,7,serra,1691.06
1982,7,surer,1737.28
1982,7,watson,1905.35
1982,8,alboreto,1597.09
1982,8,angelis,1791.76
1982,8,arnoux,1517.19
1982,8,baldi,1598.35
1982,8,boesel,1542.69
1982,8,cesaris,1681.94
1982,8,cheever,1755.11
1982,8,daly,1801.48
1982,8,giacomelli,1359.89
1982,8,guerrero,1432.67
1982,8,henton,1672.88
1982,8,jarier,1366.72
1982,8,keke_rosberg,1759.64
1982,8,laffite,1557.1
1982,8,lauda,1547.66
1982,8,lees,1385.4
1982,8,mansell,1491.16
1982,8,mass,1737.71
1982,8,paletti,1271.43
1982,8,patrese,1784.06
1982,8,piquet,1817.44
1982,8,pironi,1776.85
1982,8,prost,1611.45
1982,8,salazar,1428.73
1982,8,surer,1813.36
1982,8,watson,1946.93
1982,9,alboreto,1706.29
1982,9,angelis,1634.31
1982,9,arnoux,1444.35
1982,9,baldi,1722.33
1982,9,boesel,1425.85
1982,9,cesaris,1562.23
1982,9,daly,1852.37
1982,9,giacomelli,1515.63
1982,9,henton,1509.44
1982,9,jarier,1468.12
1982,9,keke_rosberg,1859.03
1982,9,laffite,1383.32
1982,9,lammers,1447.09
1982,9,lauda,1723.5
1982,9,manfred_winkelhock,1498.63
1982,9,mass,1638.12
1982,9,patrese,1677.71
1982,9,piquet,1909.47
1982,9,pironi,1899.36
1982,9,prost,1510.4
1982,9,salazar,1520.73
1982,9,serra,1486.44
1982,9,surer,1779.87
1982,9,tambay,1542.94
1982,9,warwick,1312.91
1982,9,watson,1876.14
1982,10,alboreto,1647.63
1982,10,angelis,1775.65
1982,10,arnoux,1342.1
1982,10,baldi,1745.89
1982,10,cesaris,1629.64
1982,10,cheever,1716.75
1982,10,daly,1886.86
1982,10,fabi,1335.78
1982,10,giacomelli,1665.8
1982,10,guerrero,1418.35
1982,10,henton,1646.45
1982,10,jarier,1421.4
1982,10,keke_rosberg,1744.34
1982,10,laffite,1455.87
1982,10,lauda,1871.49
1982,10,mansell,1482.66
1982,10,mass,1685.47
1982,10,patrese,1485.52
1982,10,piquet,1688.02
1982,10,pironi,1966.34
1982,10,prost,1678.87
1982,10,serra,1414.48
1982,10,surer,1715.34
1982,10,tambay,1740.64
1982,10,warwick,1393.98
1982,10,watson,1601.81
1982,11,alboreto,1752.63
1982,11,angelis,1617.8
1982,11,arnoux,1653.4
1982,11,baldi,1555.74
1982,11,cesaris,1573.19
1982,11,cheever,1633.53
1982,11,daly,1875.34
1982,11,fabi,1256.04
1982,11,giacomelli,1720.74
1982,11,henton,1695.25
1982,11,jarier,1329.77
1982,11,keke_rosberg,1821.44
1982,11,laffite,1528.4
1982,11,lauda,1851.02
1982,11,lees,1519.75
1982,11,manfred_winkelhock,1600.52
1982,11,mass,1540.45
1982,11,patrese,1402.88
1982,11,piquet,1587.8
1982,11,pironi,1993.08
1982,11,prost,1826.72
1982,11,salazar,1405.35
1982,11,surer,1682.47
1982,11,tambay,1834.2
1982,11,warwick,1475.6
1982,11,watson,1513.28
1982,12,alboreto,1838.15
1982,12,angelis,1574.58
1982,12,arnoux,1810.06
1982,12,baldi,1430.0
1982,12,boesel,1488.71
1982,12,cesaris,1471.23
1982,12,cheever,1486.17
1982,12,daly,1744.65
1982,12,giacomelli,1804.79
1982,12,guerrero,1595.59
1982,12,henton,1760.49
1982,12,jarier,1281.18
1982,12,keke_rosberg,1894.86
1982,12,laffite,1573.88
1982,12,manfred_winkelhock,1418.5
1982,12,mansell,1614.44
1982,12,patrese,1394.8
1982,12,piquet,1543.5
1982,12,pironi,1608.29
1982,12,prost,1634.32
1982,12,salazar,1428.24
1982,12,serra,1544.61
1982,12,surer,1768.41
1982,12,tambay,1934.64
1982,12,warwick,1594.52
1982,12,watson,1581.85
1982,13,alboreto,1597.86
1982,13,angelis,1787.92
1982,13,arnoux,1667.39
1982,13,baldi,1641.08
1982,13,byrne,1586.62
1982,13,cesaris,1360.31
1982,13,cheever,1530.99
1982,13,daly,1519.67
1982,13,fabi,1306.73
1982,13,giacomelli,1516.98
1982,13,guerrero,1490.08
1982,13,henton,1754.75
1982,13,keegan,1498.69
1982,13,keke_rosberg,1962.95
1982,13,laffite,1759.62
1982,13,lauda,1888.11
1982,13,manfred_winkelhock,1445.65
1982,13,mansell,1581.96
1982,13,patrese,1496.97
1982,13,piquet,1625.79
1982,13,prost,1718.32
1982,13,serra,1686.55
1982,13,surer,1710.95
1982,13,tambay,1956.92
1982,13,warwick,1524.37
1982,13,watson,1675.52
1982,14,alboreto,1701.3
1982,14,angelis,1823.92
1982,14,arnoux,1597.32
1982,14,boesel,1403.08
1982,14,cesaris,1523.28
1982,14,cheever,1510.42
1982,14,daly,1628.2
1982,14,fabi,1312.6
1982,14,giacomelli,1579.94
1982,14,guerrero,1352.96
1982,14,henton,1722.95
1982,14,jarier,1330.04
1982,14,keegan,1391.59
1982,14,keke_rosberg,2022.32
1982,14,laffite,1578.29
1982,14,lauda,1936.64
1982,14,manfred_winkelhock,1447.28
1982,14,mansell,1677.35
1982,14,patrese,1675.19
1982,14,piquet,1761.87
1982,14,prost,1844.22
1982,14,salazar,1500.37
1982,14,surer,1635.19
1982,14,tambay,1583.11
1982,14,warwick,1388.67
1982,14,watson,1648.52
1982,15,alboreto,1795.86
1982,15,angelis,1721.28
1982,15,arnoux,1800.65
1982,15,baldi,1658.05
1982,15,cesaris,1627.4
1982,15,cheever,1679.29
1982,15,daly,1462.18
1982,15,fabi,1295.16
1982,15,giacomelli,1579.65
1982,15,guerrero,1484.63
1982,15,henton,1475.58
1982,15,jarier,1375.56
1982,15,keke_rosberg,1946.71
1982,15,laffite,1471.37
1982,15,lauda,1722.2
1982,15,mansell,1751.77
1982,15,mario_andretti,1729.93
1982,15,patrese,1537.01
1982,15,piquet,1595.65
1982,15,prost,1685.0
1982,15,salazar,1631.42
1982,15,serra,1696.63
1982,15,surer,1592.14
1982,15,tambay,1777.84
1982,15,warwick,1309.45
1982,15,watson,1782.04
1982,16,alboreto,1910.36
1982,16,angelis,1599.77
1982,16,arnoux,1594.1
1982,16,baldi,1681.99
1982,16,boesel,1517.41
1982,16,byrne,1565.97
1982,16,cesaris,1696.7
1982,16,cheever,1813.83
1982,16,daly,1657.69
1982,16,giacomelli,1657.26
1982,16,guerrero,1356.76
1982,16,henton,1633.97
1982,16,jarier,1274.91
1982,16,keegan,1528.03
1982,16,keke_rosberg,1944.46
1982,16,laffite,1381.78
1982,16,lauda,1648.7
1982,16,manfred_winkelhock,1524.58
1982,16,mansell,1538.72
1982,16,mario_andretti,1589.39
1982,16,patrese,1448.41
1982,16,piquet,1508.13
1982,16,prost,1802.27
1982,16,surer,1709.77
1982,16,tambay,1519.41
1982,16,warwick,1398.26
1982,16,watson,1887.17
1983,1,alboreto,1559.26
1983,1,angelis,1563.31
1983,1,arnoux,1667.8
1983,1,baldi,1527.35
1983,1,boesel,1460.1
1983,1,cecotto,1571.78
1983,1,cheever,1639.69
1983,1,corrado_fabi,1382.03
1983,1,giacomelli,1446.37
1983,1,guerrero,1415.47
1983,1,jarier,1281.03
1983,1,keke_rosberg,1764.52
1983,1,laffite,1644.63
1983,1,lauda,1803.82
1983,1,manfred_winkelhock,1553.36
1983,1,mansell,1607.75
1983,1,patrese,1370.88
1983,1,piquet,1742.53
1983,1,prost,1828.51
1983,1,salazar,1623.35
1983,1,serra,1736.64
1983,1,sullivan,1603.6
1983,1,surer,1789.86
1983,1,tambay,1702.28
1983,1,warwick,1594.9
1983,1,watson,1665.28
1983,2,alboreto,1657.07
1983,2,angelis,1540.2
1983,2,arnoux,1804.06
1983,2,baldi,1451.67
1983,2,boesel,1635.94
1983,2,cecotto,1710.25
1983,2,cesaris,1622.87
1983,2,cheever,1637.03
1983,2,giacomelli,1424.44
1983,2,guerrero,1442.92
1983,2,jarier,1340.7
1983,2,jones,1730.27
1983,2,keke_rosberg,1540.01
1983,2,laffite,1776.87
1983,2,lauda,1896.5
1983,2,manfred_winkelhock,1385.64
1983,2,mansell,1636.09
1983,2,patrese,1539.6
1983,2,piquet,1660.75
1983,2,prost,1766.49
1983,2,salazar,1454.82
1983,2,sullivan,1695.21
1983,2,surer,1842.33
1983,2,tambay,1524.3
1983,2,warwick,1424.07
1983,2,watson,1830.96
1983,3,alboreto,1723.9
1983,3,angelis,1442.17
1983,3,arnoux,1819.31
1983,3,baldi,1458.5
1983,3,boesel,1619.86
1983,3,cecotto,1705.88
1983,3,cesaris,1645.54
1983,3,cheever,1787.6
1983,3,corrado_fabi,1467.33
1983,3,giacomelli,1524.17
1983,3,guerrero,1421.3
1983,3,jarier,1536.78
1983,3,keke_rosberg,1704.34
1983,3,laffite,1818.36
1983,3,lauda,1707.31
1983,3,manfred_winkelhock,1451.85
1983,3,mansell,1440.75
1983,3,patrese,1425.09
1983,3,piquet,1815.7
1983,3,prost,1891.64
1983,3,serra,1590.34
1983,3,sullivan,1537.09
1983,3,surer,1792.91
1983,3,tambay,1711.47
1983,3,warwick,1343.07
1983,3,watson,1522.38
1983,4,alboreto,1500.41
1983,4,angelis,1498.87
1983,4,arnoux,1892.79
1983,4,baldi,1589.54
1983,4,boesel,1690.45
1983,4,cecotto,1506.59
1983,4,cesaris,1621.58
1983,4,cheever,1499.33
1983,4,corrado_fabi,1431.05
1983,4,giacomelli,1444.87
1983,4,guerrero,1323.81
1983,4,jarier,1519.29
1983,4,keke_rosberg,1810.27
1983,4,laffite,1829.86
1983,4,lauda,1522.47
1983,4,manfred_winkelhock,1569.49
1983,4,mansell,1546.85
1983,4,patrese,1521.45
1983,4,piquet,1678.63
1983,4,prost,1954.54
1983,4,serra,1690.17
1983,4,sullivan,1503.18
1983,4,surer,1829.72
1983,4,tambay,1856.9
1983,4,warwick,1376.4
1983,4,watson,1696.12
1983,5,alboreto,1414.59
1983,5,angelis,1532.16
1983,5,arnoux,1704.71
1983,5,baldi,1685.76
1983,5,boesel,1565.76
1983,5,cesaris,1555.7
1983,5,cheever,1497.47
1983,5,jarier,1527.56
1983,5,keke_rosberg,1906.68
1983,5,laffite,1786.16
1983,5,manfred_winkelhock,1475.93
1983,5,mansell,1426.25
1983,5,patrese,1611.29
1983,5,piquet,1803.66
1983,5,prost,1975.55
1983,5,serra,1731.65
1983,5,sullivan,1648.7
1983,5,surer,1770.27
1983,5,tambay,1890.02
1983,5,warwick,1469.84
1983,6,alboreto,1495.2
1983,6,angelis,1633.66
1983,6,arnoux,1565.01
1983,6,baldi,1457.42
1983,6,boesel,1592.02
1983,6,boutsen,1377.5
1983,6,cecotto,1604.55
1983,6,cesaris,1521.43
1983,6,cheever,1700.64
1983,6,corrado_fabi,1405.43
1983,6,giacomelli,1602.69
1983,6,guerrero,1375.33
1983,6,jarier,1409.07
1983,6,keke_rosberg,1914.86
1983,6,laffite,1822.95
1983,6,lauda,1536.84
1983,6,manfred_winkelhock,1413.13
1983,6,mansell,1468.66
1983,6,patrese,1404.09
1983,6,piquet,1863.18
1983,6,prost,2030.66
1983,6,sullivan,1650.65
1983,6,surer,1731.69
1983,6,tambay,1952.9
1983,6,warwick,1632.0
1983,6,watson,1511.4
1983,7,alboreto,1733.53
1983,7,angelis,1471.92
1983,7,arnoux,1535.27
1983,7,baldi,1559.51
1983,7,boesel,1658.28
1983,7,boutsen,1587.93
1983,7,cecotto,1586.56
1983,7,cesaris,1528.93
1983,7,cheever,1489.61
1983,7,corrado_fabi,1289.29
1983,7,ghinzani,1394.92
1983,7,giacomelli,1678.81
1983,7,guerrero,1482.9
1983,7,jarier,1422.02
1983,7,keke_rosberg,1973.47
1983,7,laffite,1864.18
1983,7,lauda,1584.69
1983,7,manfred_winkelhock,1406.92
1983,7,mansell,1652.22
1983,7,patrese,1368.66
1983,7,piquet,1905.19
1983,7,prost,1952.35
1983,7,sullivan,1562.81
1983,7,surer,1717.01
1983,7,tambay,1588.65
1983,7,warwick,1503.92
1983,7,watson,1715.05
1983,8,alboreto,1763.45
1983,8,angelis,1370.14
1983,8,arnoux,1755.63
1983,8,baldi,1638.8
1983,8,boesel,1565.6
1983,8,boutsen,1699.86
1983,8,cecotto,1478.24
1983,8,cesaris,1528.28
1983,8,cheever,1715.51
1983,8,corrado_fabi,1324.44
1983,8,giacomelli,1636.17
1983,8,guerrero,1458.42
1983,8,jarier,1307.41
1983,8,keke_rosberg,1977.76
1983,8,laffite,1688.68
1983,8,lauda,1447.76
1983,8,manfred_winkelhock,1573.15
1983,8,mansell,1607.41
1983,8,patrese,1503.25
1983,8,piquet,1627.93
1983,8,prost,1946.81
1983,8,sullivan,1624.95
1983,8,surer,1481.32
1983,8,tambay,1753.98
1983,8,warwick,1561.0
1983,8,watson,1783.74
1983,9,alboreto,1701.93
1983,9,angelis,1274.44
1983,9,arnoux,1821.88
1983,9,baldi,1725.08
1983,9,boesel,1503.59
1983,9,boutsen,1637.99
1983,9,cesaris,1650.75
1983,9,cheever,1496.5
1983,9,ghinzani,1391.89
1983,9,giacomelli,1441.05
1983,9,guerrero,1495.16
1983,9,jarier,1497.12
1983,9,johansson,1400.98
1983,9,keke_rosberg,1860.12
1983,9,laffite,1676.84
1983,9,lauda,1637.54
1983,9,manfred_winkelhock,1523.59
1983,9,mansell,1753.31
1983,9,patrese,1419.78
1983,9,piquet,1793.64
1983,9,prost,2010.27
1983,9,sullivan,1614.37
1983,9,surer,1490.97
1983,9,tambay,1851.64
1983,9,warwick,1467.33
1983,9,watson,1774.17
1983,10,alboreto,1487.98
1983,10,angelis,1260.84
1983,10,arnoux,1927.14
1983,10,baldi,1599.79
1983,10,boesel,1500.12
1983,10,boutsen,1695.3
1983,10,cecotto,1580.98
1983,10,cesaris,1808.41
1983,10,cheever,1530.24
1983,10,ghinzani,1454.41
1983,10,giacomelli,1433.69
1983,10,guerrero,1348.26
1983,10,jarier,1635.23
1983,10,johansson,1375.5
1983,10,keke_rosberg,1805.1
1983,10,laffite,1764.35
1983,10,lauda,1620.52
1983,10,mansell,1498.7
1983,10,patrese,1664.44
1983,10,piquet,1718.51
1983,10,prost,2006.47
1983,10,sullivan,1637.67
1983,10,surer,1647.84
1983,10,tambay,1598.74
1983,10,warwick,1431.28
1983,10,watson,1835.06
1983,11,alboreto,1422.77
1983,11,angelis,1228.92
1983,11,arnoux,1981.12
1983,11,baldi,1499.05
1983,11,boutsen,1658.17
1983,11,cesaris,1688.75
1983,11,cheever,1708.0
1983,11,corrado_fabi,1503.21
1983,11,ghinzani,1561.09
1983,11,giacomelli,1357.18
1983,11,guerrero,1389.68
1983,11,jarier,1719.84
1983,11,johansson,1499.65
1983,11,keke_rosberg,1802.06
1983,11,laffite,1599.98
1983,11,lauda,1726.84
1983,11,manfred_winkelhock,1551.07
1983,11,mansell,1674.86
1983,11,patrese,1580.47
1983,11,piquet,1830.76
1983,11,prost,2055.82
1983,11,sullivan,1416.61
1983,11,surer,1437.66
1983,11,tambay,1561.49
1983,11,warwick,1373.36
1983,11,watson,1805.09
1983,12,alboreto,1622.19
1983,12,angelis,1211.58
1983,12,arnoux,2038.38
1983,12,baldi,1678.7
1983,12,boesel,1599.87
1983,12,boutsen,1615.92
1983,12,cesaris,1462.47
1983,12,cheever,1570.7
1983,12,corrado_fabi,1585.52
1983,12,giacomelli,1472.61
1983,12,guerrero,1508.22
1983,12,jarier,1462.54
1983,12,johansson,1646.95
1983,12,keke_rosberg,1678.69
1983,12,laffite,1500.57
1983,12,lauda,1533.57
1983,12,manfred_winkelhock,1531.69
1983,12,mansell,1522.66
1983,12,patrese,1657.4
1983,12,piquet,1663.38
1983,12,prost,1788.37
1983,12,sullivan,1353.94
1983,12,surer,1598.13
1983,12,tambay,1757.26
1983,12,warwick,1627.41
1983,12,watson,1883.8
1983,13,alboreto,1538.34
1983,13,angelis,1520.39
1983,13,arnoux,2058.62
1983,13,baldi,1491.06
1983,13,boutsen,1566.69
1983,13,cecotto,1613.46
1983,13,cesaris,1331.35
1983,13,cheever,1745.85
1983,13,corrado_fabi,1584.34
1983,13,ghinzani,1448.5
1983,13,giacomelli,1634.52
1983,13,guerrero,1561.02
1983,13,jarier,1597.93
1983,13,johansson,1459.98
1983,13,keke_rosberg,1678.04
1983,13,lauda,1464.15
1983,13,manfred_winkelhock,1508.76
1983,13,mansell,1644.58
1983,13,patrese,1449.42
1983,13,piquet,1822.56
1983,13,prost,1607.2
1983,13,sullivan,1445.47
1983,13,surer,1651.6
1983,13,tambay,1833.69
1983,13,warwick,1729.5
1983,13,watson,1627.16
1983,14,alboreto,1514.65
1983,14,angelis,1374.53
1983,14,arnoux,1946.76
1983,14,baldi,1426.4
1983,14,boesel,1574.66
1983,14,boutsen,1620.84
1983,14,cesaris,1595.63
1983,14,cheever,1729.55
1983,14,ghinzani,1450.83
1983,14,giacomelli,1728.0
1983,14,guerrero,1602.65
1983,14,jarier,1398.08
1983,14,johansson,1518.53
1983,14,keke_rosberg,1537.35
1983,14,lauda,1361.18
1983,14,manfred_winkelhock,1631.14
1983,14,mansell,1779.06
1983,14,palmer,1555.67
1983,14,patrese,1615.76
1983,14,piquet,1917.26
1983,14,prost,1773.0
1983,14,sullivan,1368.26
1983,14,surer,1539.27
1983,14,tambay,1681.76
1983,14,warwick,1795.43
1983,14,watson,1479.99
1983,15,acheson,1565.92
1983,15,alboreto,1528.59
1983,15,angelis,1374.62
1983,15,arnoux,1645.41
1983,15,baldi,1356.22
1983,15,boesel,1575.37
1983,15,boutsen,1678.28
1983,15,cesaris,1768.11
1983,15,cheever,1785.33
1983,15,corrado_fabi,1505.56
1983,15,ghinzani,1318.94
1983,15,giacomelli,1607.65
1983,15,jarier,1544.47
1983,15,keke_rosberg,1695.57
1983,15,laffite,1364.23
1983,15,lauda,1506.97
1983,15,manfred_winkelhock,1448.49
1983,15,mansell,1697.34
1983,15,patrese,1794.38
1983,15,piquet,1950.21
1983,15,prost,1616.37
1983,15,sullivan,1574.57
1983,15,surer,1650.67
1983,15,tambay,1598.71
1983,15,warwick,1855.37
1983,15,watson,1416.95
1984,1,alboreto,1413.48
1984,1,alliot,1447.94
1984,1,angelis,1630.41
1984,1,arnoux,1572.06
1984,1,baldi,1299.93
1984,1,bellof,1364.07
1984,1,boutsen,1752.62
1984,1,brundle,1612.42
1984,1,cecotto,1490.18
1984,1,cesaris,1726.43
1984,1,cheever,1845.15
1984,1,fabi,1397.78
1984,1,ghinzani,1379.07
1984,1,hesnault,1464.29
1984,1,keke_rosberg,1823.88
1984,1,laffite,1339.37
1984,1,lauda,1560.92
1984,1,manfred_winkelhock,1301.96
1984,1,mansell,1643.71
1984,1,palmer,1657.16
1984,1,patrese,1726.45
1984,1,piquet,1770.21
1984,1,prost,1793.34
1984,1,senna,1347.27
1984,1,surer,1722.73
1984,1,tambay,1723.98
1984,1,warwick,1791.27
1984,2,alboreto,1538.79
1984,2,alliot,1370.1
1984,2,angelis,1716.93
1984,2,arnoux,1482.23
1984,2,baldi,1521.66
1984,2,bellof,1451.79
1984,2,boutsen,1701.67
1984,2,brundle,1613.47
1984,2,cecotto,1409.73
1984,2,cesaris,1801.87
1984,2,cheever,1521.66
1984,2,fabi,1308.73
1984,2,ghinzani,1265.04
1984,2,hesnault,1582.28
1984,2,keke_rosberg,1640.85
1984,2,laffite,1420.3
1984,2,lauda,1766.92
1984,2,manfred_winkelhock,1380.5
1984,2,mansell,1533.63
1984,2,palmer,1461.05
1984,2,patrese,1816.76
1984,2,piquet,1566.13
1984,2,prost,1886.13
1984,2,senna,1579.81
1984,2,surer,1734.12
1984,2,tambay,1656.07
1984,2,warwick,1869.86
1984,3,alboreto,1752.0
1984,3,angelis,1790.94
1984,3,arnoux,1693.34
1984,3,baldi,1578.66
1984,3,bellof,1557.84
1984,3,boutsen,1526.73
1984,3,brundle,1610.39
1984,3,cecotto,1292.3
1984,3,cesaris,1694.45
1984,3,cheever,1484.44
1984,3,fabi,1413.19
1984,3,ghinzani,1266.15
1984,3,hesnault,1482.26
1984,3,keke_rosberg,1763.55
1984,3,laffite,1412.51
1984,3,lauda,1625.18
1984,3,manfred_winkelhock,1438.22
1984,3,mansell,1407.41
1984,3,palmer,1579.21
1984,3,patrese,1520.97
1984,3,piquet,1650.39
1984,3,prost,1572.05
1984,3,senna,1701.48
1984,3,surer,1754.55
1984,3,tambay,1726.94
1984,3,warwick,1932.86
1984,4,alboreto,1581.5
1984,4,alliot,1495.95
1984,4,angelis,1861.21
1984,4,arnoux,1817.49
1984,4,baldi,1667.88
1984,4,bellof,1626.74
1984,4,boutsen,1685.7
1984,4,brundle,1638.55
1984,4,cecotto,1433.18
1984,4,cesaris,1760.49
1984,4,cheever,1634.11
1984,4,fabi,1470.26
1984,4,gartner,1500.0
1984,4,hesnault,1331.67
1984,4,keke_rosberg,1505.09
1984,4,laffite,1374.75
1984,4,lauda,1502.81
1984,4,manfred_winkelhock,1436.5
1984,4,mansell,1337.31
1984,4,palmer,1653.02
1984,4,patrese,1416.58
1984,4,piquet,1609.13
1984,4,prost,1764.12
1984,4,surer,1614.54
1984,4,tambay,1472.1
1984,4,warwick,1939.79
1984,5,alboreto,1488.41
1984,5,alliot,1342.64
1984,5,angelis,1875.28
1984,5,arnoux,1862.36
1984,5,baldi,1605.43
1984,5,bellof,1444.54
1984,5,boutsen,1677.64
1984,5,brundle,1605.4
1984,5,cecotto,1392.92
1984,5,cesaris,1732.99
1984,5,cheever,1545.24
1984,5,fabi,1594.15
1984,5,ghinzani,1434.2
1984,5,keke_rosberg,1658.05
1984,5,laffite,1559.07
1984,5,lauda,1729.47
1984,5,manfred_winkelhock,1326.92
1984,5,mansell,1608.87
1984,5,palmer,1627.8
1984,5,patrese,1365.8
1984,5,piquet,1451.59
1984,5,prost,1783.94
1984,5,senna,1563.9
1984,5,surer,1550.77
1984,5,tambay,1697.63
1984,5,warwick,1741.42
1984,6,alboreto,1599.91
1984,6,angelis,1865.88
1984,6,arnoux,1890.28
1984,6,bellof,1522.23
1984,6,cecotto,1350.75
1984,6,cesaris,1509.73
1984,6,corrado_fabi,1439.53
1984,6,ghinzani,1549.22
1984,6,hesnault,1345.71
1984,6,keke_rosberg,1736.01
1984,6,laffite,1609.51
1984,6,lauda,1662.79
1984,6,manfred_winkelhock,1395.28
1984,6,mansell,1554.61
1984,6,patrese,1454.59
1984,6,piquet,1441.85
1984,6,prost,1868.27
1984,6,senna,1706.91
1984,6,tambay,1504.6
1984,6,warwick,1546.92
1984,7,alboreto,1398.95
1984,7,alliot,1499.57
1984,7,angelis,1887.96
1984,7,arnoux,1889.05
1984,7,bellof,1502.64
1984,7,boutsen,1533.65
1984,7,brundle,1607.4
1984,7,cecotto,1520.85
1984,7,cesaris,1480.38
1984,7,cheever,1591.23
1984,7,corrado_fabi,1427.23
1984,7,ghinzani,1389.31
1984,7,hesnault,1242.59
1984,7,keke_rosberg,1531.92
1984,7,laffite,1453.23
1984,7,lauda,1788.96
1984,7,manfred_winkelhock,1561.57
1984,7,mansell,1675.01
1984,7,patrese,1403.87
1984,7,piquet,1679.83
1984,7,prost,1905.22
1984,7,rothengatter,1507.0
1984,7,senna,1743.66
1984,7,surer,1564.09
1984,7,thackwell,1307.3
1984,7,warwick,1546.76
1984,8,alboreto,1586.53
1984,8,alliot,1561.91
1984,8,angelis,1943.13
1984,8,arnoux,1587.75
1984,8,bellof,1595.01
1984,8,boutsen,1535.86
1984,8,brundle,1712.31
1984,8,cecotto,1496.88
1984,8,cesaris,1492.05
1984,8,cheever,1516.92
1984,8,fabi,1748.66
1984,8,ghinzani,1341.81
1984,8,hesnault,1267.58
1984,8,keke_rosberg,1640.99
1984,8,laffite,1645.99
1984,8,lauda,1698.86
1984,8,manfred_winkelhock,1389.21
1984,8,mansell,1623.27
1984,8,palmer,1438.76
1984,8,patrese,1386.73
1984,8,piquet,1825.13
1984,8,prost,1922.29
1984,8,senna,1578.91
1984,8,surer,1374.03
1984,8,tambay,1580.31
1984,8,warwick,1633.39
1984,9,alboreto,1591.7
1984,9,angelis,1957.99
1984,9,arnoux,1741.71
1984,9,bellof,1419.95
1984,9,boutsen,1580.13
1984,9,cecotto,1450.41
1984,9,cesaris,1431.34
1984,9,cheever,1362.56
1984,9,corrado_fabi,1579.83
1984,9,ghinzani,1562.82
1984,9,hesnault,1193.96
1984,9,keke_rosberg,1788.03
1984,9,laffite,1747.52
1984,9,lauda,1696.83
1984,9,manfred_winkelhock,1542.72
1984,9,mansell,1702.52
1984,9,palmer,1464.39
1984,9,patrese,1338.42
1984,9,piquet,1657.73
1984,9,prost,1820.67
1984,9,rothengatter,1422.86
1984,9,senna,1555.25
1984,9,surer,1460.4
1984,9,tambay,1510.46
1984,9,warwick,1455.43
1984,10,alboreto,1718.76
1984,10,alliot,1377.68
1984,10,angelis,1957.28
1984,10,arnoux,1786.17
1984,10,bellof,1507.74
1984,10,boutsen,1511.35
1984,10,cesaris,1562.84
1984,10,cheever,1286.98
1984,10,fabi,1548.83
1984,10,gartner,1329.46
1984,10,ghinzani,1645.67
1984,10,hesnault,1342.5
1984,10,johansson,1390.05
1984,10,keke_rosberg,1537.8
1984,10,laffite,1579.59
1984,10,lauda,1835.88
1984,10,manfred_winkelhock,1432.52
1984,10,mansell,1587.01
1984,10,palmer,1423.01
1984,10,patrese,1480.43
1984,10,piquet,1725.34
1984,10,prost,1663.85
1984,10,rothengatter,1492.85
1984,10,senna,1726.24
1984,10,surer,1561.9
1984,10,tambay,1634.17
1984,10,warwick,1688.57
1984,11,alboreto,1574.27
1984,11,alliot,1300.01
1984,11,angelis,1623.54
1984,11,arnoux,1810.27
1984,11,boutsen,1404.42
1984,11,cesaris,1671.67
1984,11,cheever,1439.59
1984,11,fabi,1565.5
1984,11,gartner,1385.0
1984,11,ghinzani,1569.42
1984,11,hesnault,1537.63
1984,11,johansson,1531.57
1984,11,keke_rosberg,1450.17
1984,11,laffite,1455.46
1984,11,lauda,1905.16
1984,11,manfred_winkelhock,1538.07
1984,11,mansell,1727.64
1984,11,palmer,1406.07
1984,11,patrese,1500.3
1984,11,piquet,1642.18
1984,11,prost,1813.6
1984,11,rothengatter,1602.54
1984,11,senna,1466.28
1984,11,surer,1368.7
1984,11,tambay,1738.4
1984,11,warwick,1799.28
1984,12,alboreto,1731.76
1984,12,alliot,1461.22
1984,12,angelis,1543.07
1984,12,arnoux,1802.81
1984,12,bellof,1339.29
1984,12,berger,1552.64
1984,12,boutsen,1611.3
1984,12,cesaris,1505.96
1984,12,cheever,1417.39
1984,12,fabi,1712.09
1984,12,gartner,1304.99
1984,12,ghinzani,1387.67
1984,12,hesnault,1636.67
1984,12,keke_rosberg,1376.9
1984,12,laffite,1362.54
1984,12,lauda,1967.71
1984,12,mansell,1624.82
1984,12,palmer,1552.18
1984,12,patrese,1585.66
1984,12,piquet,1784.41
1984,12,prost,1657.15
1984,12,rothengatter,1517.32
1984,12,senna,1505.75
1984,12,surer,1576.08
1984,12,tambay,1661.83
1984,12,warwick,1585.63
1984,13,alboreto,1440.0
1984,13,alliot,1576.3
1984,13,angelis,1705.53
1984,13,arnoux,1738.72
1984,13,bellof,1449.0
1984,13,boutsen,1556.74
1984,13,cesaris,1458.3
1984,13,cheever,1507.71
1984,13,fabi,1781.92
1984,13,gartner,1463.65
1984,13,ghinzani,1282.19
1984,13,hesnault,1712.01
1984,13,johansson,1532.6
1984,13,keke_rosberg,1563.47
1984,13,laffite,1365.71
1984,13,lauda,1997.39
1984,13,manfred_winkelhock,1425.44
1984,13,mansell,1763.6
1984,13,palmer,1637.49
1984,13,patrese,1513.26
1984,13,piquet,1497.9
1984,13,prost,1808.54
1984,13,rothengatter,1495.1
1984,13,senna,1393.08
1984,13,surer,1411.88
1984,13,tambay,1739.83
1984,13,warwick,1464.47
1984,14,alboreto,1682.02
1984,14,alliot,1427.41
1984,14,angelis,1585.99
1984,14,arnoux,1491.7
1984,14,berger,1679.05
1984,14,boutsen,1617.46
1984,14,cesaris,1398.26
1984,14,cheever,1608.02
1984,14,fabi,1707.21
1984,14,gartner,1648.76
1984,14,ghinzani,1520.43
1984,14,hesnault,1509.47
1984,14,johansson,1699.53
1984,14,keke_rosberg,1468.7
1984,14,laffite,1380.72
1984,14,lauda,2039.98
1984,14,manfred_winkelhock,1301.26
1984,14,mansell,1601.35
1984,14,palmer,1582.84
1984,14,patrese,1704.63
1984,14,piquet,1497.64
1984,14,prost,1512.15
1984,14,rothengatter,1617.13
1984,14,surer,1500.76
1984,14,tambay,1698.3
1984,14,warwick,1511.65
1984,15,alboreto,1805.12
1984,15,alliot,1449.97
1984,15,angelis,1482.22
1984,15,arnoux,1662.16
1984,15,baldi,1675.62
1984,15,berger,1446.43
1984,15,boutsen,1667.13
1984,15,cesaris,1584.68
1984,15,cheever,1558.38
1984,15,fabi,1652.5
1984,15,gartner,1637.0
1984,15,ghinzani,1351.2
1984,15,hesnault,1597.45
1984,15,johansson,1522.81
1984,15,keke_rosberg,1390.91
1984,15,laffite,1390.58
1984,15,lauda,2016.93
1984,15,mansell,1584.38
1984,15,palmer,1513.69
1984,15,patrese,1759.38
1984,15,piquet,1691.43
1984,15,prost,1727.19
1984,15,senna,1330.97
1984,15,surer,1373.18
1984,15,tambay,1618.16
1984,15,warwick,1583.04
1984,16,alboreto,1851.18
1984,16,alliot,1297.08
1984,16,angelis,1654.17
1984,16,arnoux,1692.74
1984,16,baldi,1603.69
1984,16,berger,1519.22
1984,16,boutsen,1456.72
1984,16,cesaris,1605.08
1984,16,cheever,1515.26
1984,16,gartner,1569.51
1984,16,ghinzani,1390.33
1984,16,hesnault,1437.9
1984,16,johansson,1588.64
1984,16,keke_rosberg,1347.48
1984,16,laffite,1473.54
1984,16,lauda,2036.38
1984,16,manfred_winkelhock,1487.32
1984,16,mansell,1495.62
1984,16,palmer,1365.28
1984,16,patrese,1761.0
1984,16,piquet,1752.11
1984,16,prost,1848.37
1984,16,senna,1601.81
1984,16,streiff,1422.31
1984,16,surer,1271.5
1984,16,tambay,1697.42
1984,16,warwick,1479.64
1985,1,alboreto,1920.56
1985,1,alliot,1491.91
1985,1,angelis,1782.7
1985,1,arnoux,1790.06
1985,1,baldi,1420.14
1985,1,berger,1534.63
1985,1,boutsen,1550.27
1985,1,brundle,1738.81
1985,1,cesaris,1503.78
1985,1,cheever,1500.96
1985,1,ghinzani,1496.51
1985,1,hesnault,1363.65
1985,1,johansson,1685.36
1985,1,keke_rosberg,1327.21
1985,1,laffite,1638.14
1985,1,lauda,1766.69
1985,1,manfred_winkelhock,1533.61
1985,1,mansell,1378.89
1985,1,martini,1476.4
1985,1,patrese,1569.94
1985,1,piquet,1481.0
1985,1,prost,1934.35
1985,1,senna,1562.65
1985,1,tambay,1777.76
1985,1,warwick,1579.02
1985,2,alboreto,1963.38
1985,2,alliot,1362.9
1985,2,angelis,1838.43
1985,2,baldi,1422.69
1985,2,bellof,1617.04
1985,2,berger,1434.83
1985,2,boutsen,1522.62
1985,2,brundle,1605.35
1985,2,cesaris,1530.21
1985,2,cheever,1556.79
1985,2,ghinzani,1598.61
1985,2,hesnault,1271.97
1985,2,johansson,1715.8
1985,2,keke_rosberg,1351.06
1985,2,laffite,1503.56
1985,2,lauda,1714.64
1985,2,manfred_winkelhock,1602.89
1985,2,mansell,1594.5
1985,2,martini,1387.42
1985,2,palmer,1254.74
1985,2,patrese,1420.3
1985,2,piquet,1502.13
1985,2,prost,1784.81
1985,2,senna,1749.97
1985,2,tambay,1850.5
1985,2,warwick,1672.06
1985,3,alboreto,1791.44
1985,3,alliot,1420.22
1985,3,angelis,1925.31
1985,3,baldi,1370.82
1985,3,bellof,1442.35
1985,3,berger,1326.56
1985,3,boutsen,1715.9
1985,3,brundle,1660.21
1985,3,cesaris,1447.59
1985,3,cheever,1589.67
1985,3,ghinzani,1596.78
1985,3,hesnault,1259.74
1985,3,johansson,1768.79
1985,3,keke_rosberg,1395.68
1985,3,laffite,1466.62
1985,3,lauda,1799.22
1985,3,manfred_winkelhock,1571.0
1985,3,mansell,1714.07
1985,3,martini,1383.68
1985,3,palmer,1177.33
1985,3,patrese,1300.69
1985,3,piquet,1618.52
1985,3,prost,1730.75
1985,3,senna,1773.87
1985,3,tambay,1900.46
1985,3,warwick,1681.94
1985,4,alboreto,1875.86
1985,4,angelis,1952.3
1985,4,berger,1283.9
1985,4,boutsen,1708.89
1985,4,brundle,1658.12
1985,4,cesaris,1624.73
1985,4,cheever,1494.91
1985,4,fabi,1566.2
1985,4,johansson,1586.8
1985,4,keke_rosberg,1522.79
1985,4,laffite,1603.51
1985,4,lauda,1708.58
1985,4,mansell,1742.34
1985,4,palmer,1311.44
1985,4,patrese,1369.48
1985,4,piquet,1562.27
1985,4,prost,1852.03
1985,4,senna,1623.54
1985,4,tambay,1633.02
1985,4,warwick,1756.4
1985,5,alboreto,1952.57
1985,5,alliot,1367.13
1985,5,angelis,1939.39
1985,5,bellof,1544.05
1985,5,berger,1417.75
1985,5,boutsen,1723.02
1985,5,brundle,1645.65
1985,5,cesaris,1594.42
1985,5,cheever,1475.11
1985,5,fabi,1400.32
1985,5,ghinzani,1481.26
1985,5,johansson,1756.69
1985,5,keke_rosberg,1692.16
1985,5,laffite,1679.89
1985,5,lauda,1555.52
1985,5,manfred_winkelhock,1419.34
1985,5,mansell,1788.74
1985,5,martini,1394.55
1985,5,patrese,1519.2
1985,5,piquet,1381.64
1985,5,prost,1903.59
1985,5,senna,1560.17
1985,5,surer,1375.68
1985,5,tambay,1711.41
1985,5,warwick,1531.95
1985,6,alboreto,1976.05
1985,6,alliot,1433.2
1985,6,angelis,1932.61
1985,6,bellof,1703.14
1985,6,berger,1524.87
1985,6,boutsen,1760.65
1985,6,brundle,1603.71
1985,6,cesaris,1638.72
1985,6,cheever,1588.49
1985,6,fabi,1324.0
1985,6,ghinzani,1336.04
1985,6,johansson,1858.59
1985,6,keke_rosberg,1833.5
1985,6,laffite,1653.66
1985,6,lauda,1429.52
1985,6,manfred_winkelhock,1317.51
1985,6,mansell,1649.67
1985,6,martini,1355.24
1985,6,patrese,1475.26
1985,6,piquet,1582.4
1985,6,prost,1701.84
1985,6,senna,1572.96
1985,6,surer,1548.45
1985,6,tambay,1545.31
1985,6,warwick,1465.78
1985,7,alboreto,1639.0
1985,7,alliot,1379.12
1985,7,angelis,1929.24
1985,7,bellof,1656.16
1985,7,berger,1463.24
1985,7,boutsen,1753.82
1985,7,brundle,1553.01
1985,7,cesaris,1440.92
1985,7,cheever,1643.76
1985,7,fabi,1433.4
1985,7,ghinzani,1422.96
1985,7,johansson,1894.77
1985,7,keke_rosberg,1910.05
1985,7,laffite,1432.94
1985,7,lauda,1443.88
1985,7,manfred_winkelhock,1461.68
1985,7,mansell,1415.3
1985,7,martini,1351.6
1985,7,palmer,1289.19
1985,7,patrese,1567.3
1985,7,piquet,1770.56
1985,7,prost,1811.72
1985,7,senna,1504.44
1985,7,surer,1651.36
1985,7,tambay,1681.2
1985,7,warwick,1622.01
1985,8,alboreto,1792.32
1985,8,alliot,1287.74
1985,8,angelis,1733.48
1985,8,bellof,1660.94
1985,8,berger,1604.63
1985,8,boutsen,1681.89
1985,8,brundle,1668.94
1985,8,cesaris,1500.21
1985,8,cheever,1513.84
1985,8,fabi,1367.5
1985,8,ghinzani,1296.06
1985,8,johansson,1594.54
1985,8,keke_rosberg,1689.19
1985,8,laffite,1661.43
1985,8,lauda,1532.29
1985,8,manfred_winkelhock,1464.68
1985,8,mansell,1408.45
1985,8,martini,1432.49
1985,8,palmer,1297.6
1985,8,patrese,1644.91
1985,8,piquet,1837.85
1985,8,prost,1912.9
1985,8,senna,1595.71
1985,8,surer,1737.9
1985,8,tambay,1468.39
1985,8,warwick,1736.76
1985,9,alboreto,1899.96
1985,9,alliot,1240.36
1985,9,angelis,1662.32
1985,9,bellof,1717.24
1985,9,berger,1702.39
1985,9,boutsen,1791.45
1985,9,brundle,1691.25
1985,9,cesaris,1331.42
1985,9,cheever,1564.59
1985,9,fabi,1438.24
1985,9,hesnault,1240.31
1985,9,johansson,1667.43
1985,9,keke_rosberg,1670.24
1985,9,laffite,1794.9
1985,9,lauda,1695.91
1985,9,manfred_winkelhock,1400.15
1985,9,mansell,1613.38
1985,9,martini,1551.72
1985,9,palmer,1228.15
1985,9,patrese,1477.35
1985,9,piquet,1638.39
1985,9,prost,1964.22
1985,9,rothengatter,1587.96
1985,9,senna,1544.37
1985,9,surer,1555.49
1985,9,tambay,1433.89
1985,9,warwick,1600.36
1985,10,acheson,1524.57
1985,10,alboreto,1938.65
1985,10,alliot,1243.22
1985,10,angelis,1760.79
1985,10,bellof,1760.97
1985,10,berger,1645.16
1985,10,boutsen,1789.07
1985,10,cesaris,1285.65
1985,10,cheever,1404.22
1985,10,fabi,1486.21
1985,10,ghinzani,1210.57
1985,10,johansson,1778.72
1985,10,keke_rosberg,1443.4
1985,10,laffite,1742.61
1985,10,lauda,1656.69
1985,10,mansell,1518.32
1985,10,martini,1594.89
1985,10,palmer,1253.59
1985,10,patrese,1428.35
1985,10,piquet,1547.06
1985,10,prost,2018.48
1985,10,rothengatter,1660.61
1985,10,senna,1737.29
1985,10,surer,1686.24
1985,10,tambay,1559.67
1985,10,warwick,1558.76
1985,11,alboreto,1955.63
1985,11,alliot,1396.85
1985,11,angelis,1825.9
1985,11,bellof,1680.83
1985,11,berger,1695.64
1985,11,boutsen,1730.19
1985,11,brundle,1753.33
1985,11,cesaris,1375.43
1985,11,cheever,1297.87
1985,11,fabi,1446.6
1985,11,ghinzani,1220.58
1985,11,johansson,1536.16
1985,11,keke_rosberg,1438.88
1985,11,laffite,1569.51
1985,11,lauda,1821.0
1985,11,mansell,1670.81
1985,11,martini,1423.54
1985,11,palmer,1269.48
1985,11,patrese,1294.72
1985,11,piquet,1656.38
1985,11,prost,2047.37
1985,11,rothengatter,1673.6
1985,11,senna,1840.88
1985,11,surer,1703.18
1985,11,tambay,1521.16
1985,11,warwick,1554.89
1985,12,acheson,1392.76
1985,12,alboreto,1816.47
1985,12,alliot,1401.05
1985,12,angelis,1852.44
1985,12,berger,1550.97
1985,12,boutsen,1748.23
1985,12,brundle,1776.72
1985,12,cheever,1271.37
1985,12,fabi,1541.43
1985,12,ghinzani,1161.9
1985,12,johansson,1698.57
1985,12,jones,1537.22
1985,12,keke_rosberg,1507.02
1985,12,laffite,1564.19
1985,12,lauda,1685.95
1985,12,mansell,1682.39
1985,12,martini,1316.53
1985,12,patrese,1370.13
1985,12,piquet,1812.34
1985,12,prost,2091.44
1985,12,rothengatter,1572.41
1985,12,senna,1910.71
1985,12,streiff,1558.93
1985,12,surer,1810.43
1985,12,tambay,1660.49
1985,12,warwick,1459.73
1985,13,alboreto,1532.93
1985,13,alliot,1346.66
1985,13,angelis,1640.52
1985,13,berger,1665.13
1985,13,boutsen,1733.41
1985,13,brundle,1699.43
1985,13,cheever,1344.9
1985,13,danner,1424.93
1985,13,fabi,1480.44
1985,13,ghinzani,1140.79
1985,13,johansson,1502.54
1985,13,keke_rosberg,1686.45
1985,13,laffite,1611.29
1985,13,mansell,1820.38
1985,13,martini,1443.72
1985,13,patrese,1428.77
1985,13,piquet,1855.33
1985,13,prost,2089.59
1985,13,rothengatter,1566.91
1985,13,senna,1987.07
1985,13,streiff,1639.31
1985,13,surer,1803.59
1985,13,tambay,1564.04
1985,13,warwick,1627.73
1985,14,alboreto,1404.99
1985,14,alliot,1350.71
1985,14,angelis,1754.5
1985,14,berger,1689.54
1985,14,boutsen,1793.48
1985,14,brundle,1579.12
1985,14,capelli,1488.43
1985,14,cheever,1494.95
1985,14,danner,1463.25
1985,14,fabi,1446.25
1985,14,ghinzani,1190.55
1985,14,johansson,1538.48
1985,14,jones,1423.79
1985,14,keke_rosberg,1809.29
1985,14,laffite,1581.28
1985,14,mansell,1923.64
1985,14,martini,1307.83
1985,14,patrese,1574.66
1985,14,piquet,1560.1
1985,14,prost,2070.53
1985,14,senna,2026.11
1985,14,streiff,1707.2
1985,14,surer,1718.82
1985,14,tambay,1601.47
1985,14,warwick,1425.23
1985,14,watson,1598.93
1985,15,alboreto,1455.79
1985,15,angelis,1759.42
1985,15,berger,1766.55
1985,15,boutsen,1818.34
1985,15,brundle,1664.36
1985,15,cheever,1392.73
1985,15,fabi,1429.15
1985,15,ghinzani,1264.75
1985,15,johansson,1685.81
1985,15,jones,1327.72
1985,15,keke_rosberg,1894.76
1985,15,lauda,1681.22
1985,15,mansell,1993.51
1985,15,martini,1453.71
1985,15,patrese,1460.51
1985,15,piquet,1538.53
1985,15,prost,2072.1
1985,15,rothengatter,1472.83
1985,15,senna,1874.09
1985,15,streiff,1678.29
1985,15,surer,1582.53
1985,16,alboreto,1575.46
1985,16,angelis,1546.68
1985,16,berger,1814.88
1985,16,boutsen,1660.78
1985,16,brundle,1642.6
1985,16,capelli,1685.37
1985,16,cheever,1308.61
1985,16,fabi,1462.78
1985,16,ghinzani,1325.78
1985,16,johansson,1782.59
1985,16,jones,1318.21
1985,16,keke_rosberg,1980.93
1985,16,laffite,1769.35
1985,16,lauda,1684.68
1985,16,mansell,1627.05
1985,16,martini,1604.29
1985,16,patrese,1498.13
1985,16,piquet,1412.66
1985,16,prost,1784.36
1985,16,rothengatter,1631.66
1985,16,senna,1830.3
1985,16,streiff,1810.49
1985,16,surer,1582.41
1985,16,tambay,1497.05
1985,16,warwick,1525.99
1986,1,alboreto,1601.76
1986,1,angelis,1649.59
1986,1,arnoux,1851.08
1986,1,berger,1834.79
1986,1,boutsen,1664.32
1986,1,brundle,1747.46
1986,1,cesaris,1339.69
1986,1,danner,1508.77
1986,1,dumfries,1607.3
1986,1,fabi,1569.86
1986,1,ghinzani,1289.77
1986,1,johansson,1668.6
1986,1,jones,1251.54
1986,1,keke_rosberg,1644.09
1986,1,laffite,1853.56
1986,1,mansell,1415.94
1986,1,nannini,1430.68
1986,1,palmer,1323.04
1986,1,patrese,1480.89
1986,1,piquet,1671.47
1986,1,prost,1701.99
1986,1,senna,1908.25
1986,1,streiff,1816.8
1986,1,surer,1492.54
1986,1,tambay,1496.97
1986,2,alboreto,1556.33
1986,2,angelis,1612.03
1986,2,arnoux,1708.83
1986,2,berger,1845.38
1986,2,boutsen,1728.95
1986,2,brundle,1728.19
1986,2,cesaris,1301.18
1986,2,danner,1473.9
1986,2,dumfries,1664.78
1986,2,fabi,1704.73
1986,2,ghinzani,1303.58
1986,2,johansson,1545.33
1986,2,jones,1203.11
1986,2,keke_rosberg,1762.83
1986,2,laffite,1775.48
1986,2,mansell,1661.2
1986,2,nannini,1303.64
1986,2,palmer,1271.61
1986,2,patrese,1406.66
1986,2,piquet,1639.49
1986,2,prost,1812.21
1986,2,senna,1978.69
1986,2,streiff,1657.74
1986,2,surer,1556.2
1986,2,tambay,1618.68
1986,3,alboreto,1634.52
1986,3,angelis,1513.82
1986,3,arnoux,1682.74
1986,3,berger,1908.37
1986,3,boutsen,1774.49
1986,3,brundle,1759.08
1986,3,cesaris,1353.78
1986,3,danner,1492.7
1986,3,dumfries,1482.41
1986,3,fabi,1649.95
1986,3,ghinzani,1473.14
1986,3,johansson,1719.64
1986,3,jones,1306.83
1986,3,keke_rosberg,1826.28
1986,3,laffite,1583.54
1986,3,mansell,1496.28
1986,3,nannini,1224.09
1986,3,palmer,1388.84
1986,3,patrese,1612.02
1986,3,piquet,1800.91
1986,3,prost,1918.87
1986,3,rothengatter,1449.49
1986,3,senna,1683.3
1986,3,streiff,1640.33
1986,3,surer,1650.33
1986,3,tambay,1426.63
1986,4,alboreto,1534.38
1986,4,angelis,1441.65
1986,4,arnoux,1760.5
1986,4,berger,1733.72
1986,4,boutsen,1769.03
1986,4,brundle,1675.45
1986,4,fabi,1508.8
1986,4,johansson,1702.79
1986,4,jones,1259.08
1986,4,keke_rosberg,1902.43
1986,4,laffite,1683.09
1986,4,mansell,1661.29
1986,4,palmer,1460.42
1986,4,patrese,1537.76
1986,4,piquet,1801.47
1986,4,prost,1983.27
1986,4,senna,1794.33
1986,4,streiff,1638.61
1986,4,surer,1677.04
1986,4,tambay,1451.68
1986,5,alboreto,1705.88
1986,5,arnoux,1604.19
1986,5,berger,1725.99
1986,5,boutsen,1579.01
1986,5,brundle,1592.44
1986,5,cesaris,1445.57
1986,5,danner,1365.98
1986,5,dumfries,1408.89
1986,5,fabi,1648.15
1986,5,ghinzani,1372.14
1986,5,johansson,1817.65
1986,5,jones,1436.01
1986,5,keke_rosberg,1619.87
1986,5,laffite,1774.45
1986,5,mansell,1823.05
1986,5,nannini,1309.61
1986,5,palmer,1525.74
1986,5,patrese,1648.26
1986,5,piquet,1611.5
1986,5,prost,1948.74
1986,5,rothengatter,1484.97
1986,5,senna,1888.6
1986,5,streiff,1640.09
1986,5,surer,1709.63
1986,5,tambay,1324.33
1986,6,alboreto,1737.45
1986,6,arnoux,1709.28
1986,6,berger,1601.04
1986,6,boutsen,1537.29
1986,6,brundle,1658.48
1986,6,cesaris,1479.29
1986,6,danner,1282.6
1986,6,dumfries,1395.47
1986,6,fabi,1460.62
1986,6,ghinzani,1453.11
1986,6,johansson,1636.44
1986,6,jones,1554.42
1986,6,keke_rosberg,1746.95
1986,6,laffite,1792.65
1986,6,mansell,1917.41
1986,6,nannini,1280.72
1986,6,palmer,1445.73
1986,6,patrese,1624.94
1986,6,piquet,1757.48
1986,6,prost,1989.49
1986,6,rothengatter,1550.82
1986,6,senna,1896.83
1986,6,streiff,1652.48
1986,6,tambay,1236.9
1986,6,warwick,1429.23
1986,7,alboreto,1823.35
1986,7,arnoux,1677.5
1986,7,berg,1436.9
1986,7,berger,1427.35
1986,7,boutsen,1569.02
1986,7,brundle,1504.52
1986,7,cesaris,1521.66
1986,7,cheever,1359.6
1986,7,danner,1455.75
1986,7,dumfries,1585.66
1986,7,fabi,1465.9
1986,7,ghinzani,1378.9
1986,7,johansson,1575.88
1986,7,jones,1482.3
1986,7,keke_rosberg,1518.12
1986,7,laffite,1887.16
1986,7,mansell,1923.16
1986,7,nannini,1222.97
1986,7,palmer,1597.55
1986,7,patrese,1729.1
1986,7,piquet,1656.06
1986,7,prost,2007.38
1986,7,rothengatter,1366.14
1986,7,senna,1973.31
1986,7,streiff,1695.81
1986,7,warwick,1557.75
1986,8,alboreto,1812.88
1986,8,arnoux,1769.48
1986,8,berg,1431.47
1986,8,berger,1409.03
1986,8,boutsen,1601.78
1986,8,brundle,1598.23
1986,8,cesaris,1362.86
1986,8,danner,1554.77
1986,8,dumfries,1577.23
1986,8,fabi,1414.01
1986,8,ghinzani,1316.6
1986,8,johansson,1457.73
1986,8,jones,1324.05
1986,8,keke_rosberg,1691.91
1986,8,laffite,1885.68
1986,8,mansell,1994.62
1986,8,nannini,1195.56
1986,8,palmer,1568.14
1986,8,patrese,1770.9
1986,8,piquet,1788.33
1986,8,prost,2040.69
1986,8,rothengatter,1407.34
1986,8,senna,1662.22
1986,8,streiff,1606.04
1986,8,tambay,1390.86
1986,8,warwick,1643.67
1986,9,alboreto,1739.25
1986,9,arnoux,1845.22
1986,9,berg,1294.43
1986,9,berger,1397.33
1986,9,boutsen,1651.28
1986,9,brundle,1727.07
1986,9,cesaris,1387.3
1986,9,danner,1398.91
1986,9,dumfries,1683.91
1986,9,fabi,1480.78
1986,9,ghinzani,1241.56
1986,9,johansson,1390.47
1986,9,jones,1328.55
1986,9,keke_rosberg,1501.17
1986,9,laffite,1592.09
1986,9,mansell,2048.6
1986,9,nannini,1362.98
1986,9,palmer,1648.02
1986,9,patrese,1663.43
1986,9,piquet,1886.89
1986,9,prost,2049.55
1986,9,rothengatter,1430.91
1986,9,senna,1588.15
1986,9,streiff,1716.02
1986,9,tambay,1515.93
1986,9,warwick,1706.3
1986,10,alboreto,1472.87
1986,10,alliot,1310.94
1986,10,arnoux,1890.22
1986,10,berg,1438.39
1986,10,berger,1531.92
1986,10,boutsen,1493.15
1986,10,brundle,1615.32
1986,10,cesaris,1398.2
1986,10,danner,1482.14
1986,10,dumfries,1525.82
1986,10,fabi,1320.05
1986,10,ghinzani,1222.56
1986,10,johansson,1511.44
1986,10,jones,1509.07
1986,10,keke_rosberg,1665.36
1986,10,mansell,2054.74
1986,10,nannini,1366.63
1986,10,palmer,1586.62
1986,10,patrese,1565.11
1986,10,piquet,1967.88
1986,10,prost,2002.24
1986,10,rothengatter,1483.53
1986,10,senna,1757.28
1986,10,streiff,1475.67
1986,10,tambay,1631.59
1986,10,warwick,1755.98
1986,11,alboreto,1445.37
1986,11,alliot,1494.39
1986,11,arnoux,1798.04
1986,11,berg,1296.19
1986,11,berger,1558.9
1986,11,boutsen,1521.98
1986,11,brundle,1713.14
1986,11,cesaris,1307.41
1986,11,danner,1388.68
1986,11,dumfries,1677.27
1986,11,fabi,1391.99
1986,11,ghinzani,1247.34
1986,11,johansson,1684.55
1986,11,jones,1562.19
1986,11,keke_rosberg,1599.53
1986,11,mansell,2059.76
1986,11,nannini,1402.21
1986,11,palmer,1633.09
1986,11,patrese,1417.05
1986,11,piquet,2027.33
1986,11,prost,1714.11
1986,11,rothengatter,1338.89
1986,11,senna,1861.87
1986,11,streiff,1604.37
1986,11,tambay,1707.3
1986,11,warwick,1581.78
1986,12,alboreto,1678.74
1986,12,alliot,1495.6
1986,12,arnoux,1754.34
1986,12,berg,1249.69
1986,12,berger,1666.63
1986,12,boutsen,1543.69
1986,12,brundle,1546.61
1986,12,cesaris,1353.94
1986,12,danner,1588.44
1986,12,dumfries,1496.81
1986,12,fabi,1455.45
1986,12,ghinzani,1428.34
1986,12,johansson,1800.87
1986,12,jones,1714.77
1986,12,keke_rosberg,1656.42
1986,12,mansell,1895.32
1986,12,nannini,1427.82
1986,12,palmer,1458.59
1986,12,patrese,1306.52
1986,12,piquet,1855.42
1986,12,prost,1851.23
1986,12,rothengatter,1528.7
1986,12,senna,1642.9
1986,12,streiff,1474.71
1986,12,tambay,1783.09
1986,12,warwick,1380.08
1986,13,alboreto,1652.05
1986,13,alliot,1467.26
1986,13,arnoux,1644.25
1986,13,berger,1770.87
1986,13,boutsen,1675.85
1986,13,brundle,1631.18
1986,13,caffi,1591.33
1986,13,capelli,1623.32
1986,13,cesaris,1465.03
1986,13,danner,1684.23
1986,13,dumfries,1451.41
1986,13,fabi,1551.9
1986,13,ghinzani,1362.39
1986,13,johansson,1878.88
1986,13,jones,1782.77
1986,13,keke_rosberg,1780.07
1986,13,mansell,1955.13
1986,13,nannini,1379.47
1986,13,palmer,1477.44
1986,13,patrese,1255.86
1986,13,piquet,1943.73
1986,13,prost,1664.22
1986,13,rothengatter,1366.96
1986,13,senna,1408.59
1986,13,streiff,1609.04
1986,13,tambay,1527.48
1986,13,warwick,1369.7
1986,14,alboreto,1757.22
1986,14,alliot,1407.89
1986,14,arnoux,1724.57
1986,14,berg,1412.96
1986,14,berger,1629.3
1986,14,boutsen,1694.5
1986,14,brundle,1461.03
1986,14,capelli,1391.71
1986,14,cesaris,1454.53
1986,14,danner,1684.15
1986,14,dumfries,1589.66
1986,14,fabi,1659.3
1986,14,ghinzani,1267.23
1986,14,johansson,1878.69
1986,14,jones,1522.52
1986,14,keke_rosberg,1602.57
1986,14,mansell,2015.26
1986,14,nannini,1438.22
1986,14,palmer,1559.34
1986,14,patrese,1398.83
1986,14,piquet,1973.5
1986,14,prost,1809.21
1986,14,rothengatter,1288.1
1986,14,senna,1638.1
1986,14,streiff,1465.36
1986,14,tambay,1534.31
1986,14,warwick,1370.69
1986,15,alboreto,1553.06
1986,15,alliot,1600.04
1986,15,arnoux,1635.08
1986,15,berg,1447.55
1986,15,berger,1796.76
1986,15,boutsen,1747.11
1986,15,brundle,1553.59
1986,15,cesaris,1596.12
1986,15,danner,1709.1
1986,15,dumfries,1529.34
1986,15,fabi,1449.93
1986,15,ghinzani,1254.21
1986,15,johansson,1775.2
1986,15,jones,1459.1
1986,15,keke_rosberg,1486.19
1986,15,mansell,1990.78
1986,15,nannini,1493.78
1986,15,palmer,1624.14
1986,15,patrese,1488.05
1986,15,piquet,1976.22
1986,15,prost,1894.69
1986,15,senna,1772.56
1986,15,streiff,1360.8
1986,15,tambay,1366.73
1986,15,warwick,1388.84
1986,16,alboreto,1365.64
1986,16,alliot,1678.11
1986,16,arnoux,1712.82
1986,16,berg,1486.26
1986,16,berger,1579.4
1986,16,boutsen,1598.59
1986,16,brundle,1715.11
1986,16,cesaris,1489.67
1986,16,danner,1593.09
1986,16,dumfries,1669.29
1986,16,fabi,1565.63
1986,16,ghinzani,1202.83
1986,16,johansson,1861.3
1986,16,jones,1366.84
1986,16,keke_rosberg,1523.86
1986,16,mansell,1847.73
1986,16,nannini,1369.05
1986,16,palmer,1676.15
1986,16,patrese,1541.07
1986,16,piquet,2015.06
1986,16,prost,1972.06
1986,16,rothengatter,1280.34
1986,16,senna,1597.47
1986,16,streiff,1591.03
1986,16,tambay,1502.38
1986,16,warwick,1436.24
1987,1,alboreto,1521.41
1987,1,berger,1708.12
1987,1,boutsen,1704.05
1987,1,brundle,1526.01
1987,1,caffi,1490.38
1987,1,campos,1372.43
1987,1,capelli,1288.95
1987,1,cesaris,1466.32
1987,1,cheever,1437.99
1987,1,danner,1638.0
1987,1,fabi,1426.75
1987,1,fabre,1538.24
1987,1,johansson,1905.79
1987,1,mansell,1845.88
1987,1,nannini,1342.77
1987,1,palmer,1670.99
1987,1,patrese,1512.18
1987,1,piquet,2038.01
1987,1,prost,2021.27
1987,1,satoru_nakajima,1617.11
1987,1,senna,1560.08
1987,1,streiff,1606.23
1987,1,warwick,1417.98
1987,2,alboreto,1719.99
1987,2,alliot,1699.45
1987,2,arnoux,1442.68
1987,2,berger,1498.94
1987,2,boutsen,1631.52
1987,2,brundle,1694.62
1987,2,caffi,1569.38
1987,2,campos,1392.52
1987,2,capelli,1288.77
1987,2,cesaris,1461.9
1987,2,cheever,1478.23
1987,2,danner,1724.42
1987,2,fabi,1503.32
1987,2,fabre,1578.42
1987,2,ghinzani,1180.44
1987,2,johansson,1932.9
1987,2,mansell,1942.88
1987,2,nannini,1340.41
1987,2,palmer,1582.62
1987,2,patrese,1627.65
1987,2,piquet,1633.22
1987,2,prost,1656.92
1987,2,satoru_nakajima,1728.19
1987,2,senna,1756.32
1987,2,streiff,1692.42
1987,2,tarquini,1445.64
1987,2,warwick,1546.97
1987,3,alboreto,1572.65
1987,3,alliot,1731.31
1987,3,arnoux,1626.73
1987,3,berger,1395.72
1987,3,boutsen,1618.85
1987,3,brundle,1666.9
1987,3,caffi,1511.24
1987,3,campos,1298.56
1987,3,capelli,1384.77
1987,3,cesaris,1682.45
1987,3,cheever,1675.54
1987,3,danner,1559.99
1987,3,fabi,1581.84
1987,3,fabre,1637.01
1987,3,ghinzani,1455.27
1987,3,johansson,1978.41
1987,3,mansell,1778.81
1987,3,nannini,1284.5
1987,3,palmer,1387.14
1987,3,patrese,1479.35
1987,3,piquet,1559.66
1987,3,prost,1817.65
1987,3,satoru_nakajima,1797.57
1987,3,senna,1656.51
1987,3,streiff,1712.67
1987,3,warwick,1453.96
1987,4,alboreto,1742.66
1987,4,alliot,1611.73
1987,4,arnoux,1649.4
1987,4,berger,1633.06
1987,4,boutsen,1443.51
1987,4,brundle,1727.75
1987,4,caffi,1467.78
1987,4,campos,1241.52
1987,4,capelli,1594.21
1987,4,cesaris,1538.56
1987,4,cheever,1627.53
1987,4,danner,1378.49
1987,4,fabi,1668.0
1987,4,fabre,1622.92
1987,4,ghinzani,1545.08
1987,4,johansson,1766.23
1987,4,mansell,1571.92
1987,4,nannini,1284.66
1987,4,palmer,1612.0
1987,4,patrese,1467.59
1987,4,piquet,1750.84
1987,4,prost,1781.88
1987,4,satoru_nakajima,1755.57
1987,4,senna,1818.74
1987,4,streiff,1505.49
1987,4,warwick,1497.95
1987,5,alboreto,1614.86
1987,5,alliot,1563.42
1987,5,arnoux,1677.26
1987,5,berger,1760.96
1987,5,boutsen,1523.81
1987,5,brundle,1574.3
1987,5,caffi,1376.3
1987,5,campos,1197.87
1987,5,capelli,1475.18
1987,5,cesaris,1397.57
1987,5,cheever,1727.81
1987,5,danner,1565.73
1987,5,fabi,1496.56
1987,5,fabre,1633.38
1987,5,ghinzani,1561.28
1987,5,johansson,1788.72
1987,5,mansell,1713.4
1987,5,nannini,1348.92
1987,5,palmer,1642.92
1987,5,patrese,1597.91
1987,5,piquet,1856.03
1987,5,prost,1859.89
1987,5,satoru_nakajima,1472.11
1987,5,senna,1912.84
1987,5,streiff,1524.6
1987,5,warwick,1441.45
1987,6,alboreto,1629.94
1987,6,alliot,1570.69
1987,6,arnoux,1579.72
1987,6,berger,1740.54
1987,6,boutsen,1484.02
1987,6,brundle,1428.75
1987,6,caffi,1300.85
1987,6,campos,1320.88
1987,6,capelli,1507.44
1987,6,cesaris,1295.66
1987,6,cheever,1455.88
1987,6,danner,1490.07
1987,6,fabi,1670.08
1987,6,fabre,1685.34
1987,6,ghinzani,1471.74
1987,6,johansson,1787.04
1987,6,mansell,1848.17
1987,6,nannini,1335.09
1987,6,palmer,1719.33
1987,6,patrese,1457.01
1987,6,piquet,1924.03
1987,6,prost,1911.16
1987,6,satoru_nakajima,1569.36
1987,6,senna,1931.33
1987,6,streiff,1669.89
1987,6,warwick,1521.05
1987,7,alboreto,1622.13
1987,7,alliot,1424.83
1987,7,arnoux,1413.46
1987,7,berger,1528.9
1987,7,boutsen,1630.56
1987,7,brundle,1540.99
1987,7,caffi,1386.15
1987,7,campos,1416.33
1987,7,capelli,1358.16
1987,7,cesaris,1298.01
1987,7,cheever,1511.85
1987,7,danner,1478.96
1987,7,fabi,1750.59
1987,7,fabre,1712.82
1987,7,ghinzani,1321.21
1987,7,johansson,1605.01
1987,7,mansell,1939.05
1987,7,nannini,1341.12
1987,7,palmer,1747.25
1987,7,patrese,1444.15
1987,7,piquet,1975.93
1987,7,prost,1797.87
1987,7,satoru_nakajima,1724.23
1987,7,senna,1965.05
1987,7,streiff,1689.1
1987,7,warwick,1681.36
1987,8,alboreto,1500.22
1987,8,alliot,1612.24
1987,8,arnoux,1304.98
1987,8,berger,1515.94
1987,8,boutsen,1648.04
1987,8,brundle,1648.08
1987,8,caffi,1405.28
1987,8,campos,1545.46
1987,8,capelli,1289.48
1987,8,cesaris,1333.81
1987,8,cheever,1410.75
1987,8,danner,1504.86
1987,8,fabi,1619.47
1987,8,fabre,1532.51
1987,8,ghinzani,1507.24
1987,8,johansson,1771.96
1987,8,mansell,1815.14
1987,8,nannini,1457.65
1987,8,palmer,1813.01
1987,8,patrese,1305.25
1987,8,piquet,2032.44
1987,8,prost,1811.28
1987,8,satoru_nakajima,1506.58
1987,8,senna,1990.04
1987,8,streiff,1793.25
1987,8,warwick,1630.1
1987,9,alboreto,1450.9
1987,9,alliot,1541.18
1987,9,arnoux,1387.42
1987,9,berger,1379.06
1987,9,boutsen,1768.26
1987,9,brundle,1544.84
1987,9,caffi,1463.23
1987,9,campos,1411.28
1987,9,capelli,1474.45
1987,9,cesaris,1339.26
1987,9,cheever,1573.9
1987,9,danner,1356.31
1987,9,fabi,1465.93
1987,9,fabre,1562.23
1987,9,ghinzani,1564.3
1987,9,johansson,1561.21
1987,9,mansell,1703.3
1987,9,nannini,1553.19
1987,9,palmer,1819.43
1987,9,patrese,1557.69
1987,9,piquet,2076.26
1987,9,prost,1884.81
1987,9,satoru_nakajima,1340.36
1987,9,senna,2026.62
1987,9,streiff,1774.5
1987,9,warwick,1725.17
1987,10,alboreto,1440.77
1987,10,alliot,1582.71
1987,10,arnoux,1530.86
1987,10,berger,1334.27
1987,10,boutsen,1837.52
1987,10,brundle,1538.6
1987,10,caffi,1330.94
1987,10,campos,1335.36
1987,10,capelli,1562.46
1987,10,cesaris,1359.57
1987,10,cheever,1458.07
1987,10,danner,1529.98
1987,10,fabi,1674.3
1987,10,fabre,1532.17
1987,10,ghinzani,1660.32
1987,10,johansson,1673.89
1987,10,mansell,1842.24
1987,10,nannini,1396.2
1987,10,palmer,1704.6
1987,10,patrese,1514.11
1987,10,piquet,2094.38
1987,10,prost,1883.78
1987,10,satoru_nakajima,1455.96
1987,10,senna,2001.6
1987,10,streiff,1478.02
1987,10,warwick,1552.39
1987,11,alboreto,1349.58
1987,11,alliot,1511.79
1987,11,arnoux,1606.86
1987,11,berger,1582.06
1987,11,boutsen,1866.77
1987,11,brundle,1503.95
1987,11,caffi,1302.07
1987,11,campos,1356.65
1987,11,capelli,1576.52
1987,11,cesaris,1267.57
1987,11,cheever,1410.67
1987,11,danner,1621.82
1987,11,fabi,1733.65
1987,11,forini,1417.14
1987,11,ghinzani,1710.41
1987,11,johansson,1748.54
1987,11,mansell,1903.96
1987,11,nannini,1441.7
1987,11,palmer,1639.23
1987,11,patrese,1339.22
1987,11,piquet,2127.57
1987,11,prost,1728.9
1987,11,satoru_nakajima,1549.91
1987,11,senna,2036.13
1987,11,streiff,1546.13
1987,11,warwick,1394.08
1987,12,alboreto,1412.27
1987,12,alliot,1454.4
1987,12,arnoux,1489.47
1987,12,berger,1756.58
1987,12,boutsen,1737.32
1987,12,brundle,1483.42
1987,12,caffi,1299.06
1987,12,campos,1299.58
1987,12,capelli,1652.08
1987,12,cesaris,1379.46
1987,12,cheever,1602.14
1987,12,danner,1399.32
1987,12,fabi,1820.09
1987,12,forini,1418.25
1987,12,ghinzani,1510.79
1987,12,johansson,1813.89
1987,12,mansell,1584.52
1987,12,nannini,1546.13
1987,12,palmer,1671.72
1987,12,patrese,1256.21
1987,12,piquet,2120.36
1987,12,prost,1862.51
1987,12,satoru_nakajima,1652.75
1987,12,senna,1975.63
1987,12,streiff,1588.05
1987,12,warwick,1486.9
1987,13,alboreto,1468.41
1987,13,alliot,1634.71
1987,13,arnoux,1451.32
1987,13,berger,1624.6
1987,13,boutsen,1628.92
1987,13,brundle,1574.61
1987,13,campos,1419.38
1987,13,capelli,1650.69
1987,13,cesaris,1322.75
1987,13,cheever,1686.16
1987,13,danner,1383.34
1987,13,fabi,1577.18
1987,13,fabre,1375.63
1987,13,ghinzani,1380.77
1987,13,johansson,1887.1
1987,13,larini,1341.13
1987,13,mansell,1774.97
1987,13,nannini,1448.12
1987,13,palmer,1564.08
1987,13,patrese,1410.26
1987,13,piquet,2095.36
1987,13,prost,1935.53
1987,13,satoru_nakajima,1699.09
1987,13,senna,1967.49
1987,13,streiff,1693.64
1987,13,warwick,1592.53
1987,14,alboreto,1407.32
1987,14,alliot,1736.59
1987,14,arnoux,1496.43
1987,14,berger,1538.75
1987,14,boutsen,1525.46
1987,14,brundle,1447.4
1987,14,caffi,1459.96
1987,14,campos,1495.56
1987,14,capelli,1670.67
1987,14,cesaris,1389.01
1987,14,cheever,1796.81
1987,14,dalmas,1618.04
1987,14,danner,1294.33
1987,14,fabi,1719.97
1987,14,ghinzani,1490.78
1987,14,johansson,1596.26
1987,14,mansell,1896.85
1987,14,nannini,1413.2
1987,14,palmer,1682.53
1987,14,patrese,1657.53
1987,14,piquet,2112.42
1987,14,prost,1574.39
1987,14,satoru_nakajima,1481.98
1987,14,senna,1873.8
1987,14,streiff,1738.5
1987,14,warwick,1555.52
1987,15,alboreto,1650.11
1987,15,alliot,1474.93
1987,15,arnoux,1522.22
1987,15,berger,1761.59
1987,15,boutsen,1696.28
1987,15,brundle,1428.81
1987,15,caffi,1486.48
1987,15,campos,1371.01
1987,15,capelli,1475.12
1987,15,cesaris,1378.6
1987,15,cheever,1780.93
1987,15,dalmas,1610.39
1987,15,danner,1286.57
1987,15,fabi,1532.54
1987,15,ghinzani,1561.99
1987,15,johansson,1764.8
1987,15,mansell,1540.6
1987,15,moreno,1490.86
1987,15,nannini,1427.26
1987,15,palmer,1732.45
1987,15,patrese,1675.43
1987,15,piquet,1886.27
1987,15,prost,1690.71
1987,15,satoru_nakajima,1658.37
1987,15,senna,1944.24
1987,15,streiff,1702.81
1987,15,warwick,1638.72
1987,16,alboreto,1803.35
1987,16,alliot,1467.32
1987,16,arnoux,1476.11
1987,16,berger,1883.84
1987,16,boutsen,1814.69
1987,16,brundle,1342.41
1987,16,campos,1425.54
1987,16,capelli,1560.18
1987,16,cesaris,1563.22
1987,16,cheever,1690.84
1987,16,dalmas,1737.65
1987,16,danner,1527.25
1987,16,fabi,1532.22
1987,16,ghinzani,1463.91
1987,16,johansson,1667.62
1987,16,modena,1447.62
1987,16,moreno,1657.97
1987,16,nannini,1307.73
1987,16,palmer,1820.64
1987,16,patrese,1707.03
1987,16,piquet,1798.46
1987,16,prost,1657.74
1987,16,satoru_nakajima,1497.21
1987,16,senna,1850.06
1987,16,streiff,1470.66
1987,16,warwick,1471.73
1988,1,alboreto,1845.91
1988,1,alliot,1539.87
1988,1,arnoux,1467.18
1988,1,berger,1945.81
1988,1,boutsen,1820.85
1988,1,campos,1337.58
1988,1,capelli,1429.2
1988,1,cesaris,1636.52
1988,1,cheever,1735.08
1988,1,dalmas,1633.27
1988,1,gugelmin,1362.49
1988,1,johansson,1707.5
1988,1,larrauri,1345.33
1988,1,mansell,1468.37
1988,1,modena,1434.4
1988,1,nannini,1315.51
1988,1,palmer,1761.47
1988,1,patrese,1520.0
1988,1,piquet,1875.09
1988,1,prost,1819.53
1988,1,sala,1573.76
1988,1,satoru_nakajima,1658.3
1988,1,senna,1679.22
1988,1,streiff,1508.67
1988,1,tarquini,1511.48
1988,1,warwick,1673.07
1988,2,alboreto,1660.8
1988,2,alliot,1515.42
1988,2,bailey,1448.37
1988,2,berger,1942.03
1988,2,boutsen,1875.21
1988,2,caffi,1391.59
1988,2,campos,1420.74
1988,2,capelli,1325.92
1988,2,cesaris,1418.94
1988,2,cheever,1776.85
1988,2,dalmas,1643.84
1988,2,ghinzani,1362.49
1988,2,gugelmin,1452.46
1988,2,larini,1239.51
1988,2,mansell,1414.89
1988,2,modena,1429.38
1988,2,nannini,1558.28
1988,2,palmer,1681.38
1988,2,patrese,1568.7
1988,2,piquet,1925.72
1988,2,prost,1904.64
1988,2,sala,1627.35
1988,2,satoru_nakajima,1718.69
1988,2,senna,1832.5
1988,2,streiff,1607.92
1988,2,tarquini,1421.46
1988,2,warwick,1711.89
1988,3,alboreto,1797.83
1988,3,alliot,1580.39
1988,3,arnoux,1441.17
1988,3,berger,1993.1
1988,3,boutsen,1847.88
1988,3,caffi,1304.45
1988,3,capelli,1504.78
1988,3,cesaris,1431.48
1988,3,cheever,1569.13
1988,3,dalmas,1727.21
1988,3,ghinzani,1463.84
1988,3,gugelmin,1530.42
1988,3,johansson,1518.39
1988,3,larini,1470.77
1988,3,larrauri,1355.68
1988,3,mansell,1446.04
1988,3,modena,1292.44
1988,3,nannini,1554.13
1988,3,palmer,1779.57
1988,3,patrese,1700.69
1988,3,piquet,1602.21
1988,3,prost,1982.76
1988,3,sala,1574.95
1988,3,senna,1769.98
1988,3,streiff,1404.56
1988,3,tarquini,1352.76
1988,3,warwick,1812.62
1988,4,alboreto,1861.51
1988,4,alliot,1386.1
1988,4,arnoux,1362.79
1988,4,berger,2011.38
1988,4,boutsen,1828.86
1988,4,caffi,1264.04
1988,4,capelli,1507.37
1988,4,cesaris,1436.45
1988,4,cheever,1697.14
1988,4,dalmas,1741.96
1988,4,ghinzani,1501.4
1988,4,gugelmin,1376.24
1988,4,johansson,1611.99
1988,4,larrauri,1474.82
1988,4,mansell,1413.46
1988,4,modena,1203.97
1988,4,nannini,1673.62
1988,4,patrese,1514.37
1988,4,piquet,1543.11
1988,4,prost,2037.52
1988,4,sala,1627.1
1988,4,satoru_nakajima,1572.12
1988,4,schneider,1426.11
1988,4,senna,1873.34
1988,4,streiff,1519.02
1988,4,tarquini,1456.19
1988,4,warwick,1855.56
1988,5,alboreto,1665.51
1988,5,alliot,1535.68
1988,5,arnoux,1407.23
1988,5,bailey,1314.27
1988,5,berger,1671.92
1988,5,boutsen,1902.99
1988,5,capelli,1678.46
1988,5,cesaris,1580.49
1988,5,cheever,1542.82
1988,5,ghinzani,1535.0
1988,5,gugelmin,1448.6
1988,5,johansson,1465.3
1988,5,larrauri,1346.9
1988,5,mansell,1373.9
1988,5,modena,1392.04
1988,5,nannini,1469.11
1988,5,palmer,1821.78
1988,5,patrese,1461.82
1988,5,piquet,1714.23
1988,5,prost,2067.53
1988,5,sala,1618.6
1988,5,satoru_nakajima,1622.36
1988,5,senna,1963.94
1988,5,streiff,1511.28
1988,5,tarquini,1607.63
1988,5,warwick,1853.97
1988,6,alboreto,1641.12
1988,6,alliot,1603.68
1988,6,arnoux,1488.45
1988,6,bailey,1513.63
1988,6,berger,1449.98
1988,6,boutsen,1950.49
1988,6,caffi,1501.76
1988,6,capelli,1420.96
1988,6,cesaris,1734.52
1988,6,cheever,1416.86
1988,6,dalmas,1783.27
1988,6,gugelmin,1494.39
1988,6,johansson,1327.33
1988,6,larini,1362.49
1988,6,larrauri,1390.98
1988,6,mansell,1375.37
1988,6,martini,1719.38
1988,6,modena,1510.83
1988,6,nannini,1394.53
1988,6,palmer,1863.69
1988,6,patrese,1485.22
1988,6,piquet,1602.0
1988,6,prost,2089.3
1988,6,sala,1663.36
1988,6,senna,2026.38
1988,6,streiff,1433.28
1988,6,warwick,1646.22
1988,7,alboreto,1788.84
1988,7,alliot,1484.1
1988,7,berger,1668.98
1988,7,boutsen,1620.55
1988,7,caffi,1574.43
1988,7,capelli,1577.72
1988,7,cesaris,1729.35
1988,7,cheever,1545.86
1988,7,dalmas,1708.33
1988,7,ghinzani,1357.42
1988,7,gugelmin,1632.21
1988,7,larini,1407.73
1988,7,larrauri,1441.25
1988,7,mansell,1380.31
1988,7,martini,1642.3
1988,7,modena,1550.1
1988,7,nannini,1609.16
1988,7,palmer,1603.31
1988,7,patrese,1394.16
1988,7,piquet,1735.74
1988,7,prost,2126.93
1988,7,sala,1598.46
1988,7,satoru_nakajima,1715.28
1988,7,schneider,1425.95
1988,7,senna,2059.99
1988,7,streiff,1335.4
1988,7,warwick,1429.63
1988,8,alboreto,1647.14
1988,8,alliot,1537.19
1988,8,arnoux,1477.44
1988,8,bailey,1521.22
1988,8,berger,1708.16
1988,8,boutsen,1511.79
1988,8,caffi,1629.7
1988,8,capelli,1474.24
1988,8,cesaris,1506.8
1988,8,cheever,1675.26
1988,8,dalmas,1668.1
1988,8,gugelmin,1766.3
1988,8,larini,1415.48
1988,8,mansell,1661.19
1988,8,martini,1602.59
1988,8,modena,1601.71
1988,8,nannini,1768.54
1988,8,palmer,1459.48
1988,8,patrese,1579.08
1988,8,piquet,1809.72
1988,8,prost,1769.99
1988,8,sala,1407.16
1988,8,satoru_nakajima,1718.36
1988,8,senna,2101.3
1988,8,streiff,1273.15
1988,8,warwick,1629.85
1988,9,alboreto,1772.02
1988,9,alliot,1381.11
1988,9,arnoux,1479.01
1988,9,berger,1821.31
1988,9,boutsen,1668.06
1988,9,caffi,1590.8
1988,9,capelli,1663.66
1988,9,cesaris,1560.32
1988,9,cheever,1696.73
1988,9,dalmas,1547.4
1988,9,ghinzani,1461.36
1988,9,gugelmin,1776.07
1988,9,larini,1363.08
1988,9,larrauri,1476.17
1988,9,mansell,1476.64
1988,9,modena,1430.92
1988,9,nannini,1613.83
1988,9,palmer,1568.12
1988,9,patrese,1468.32
1988,9,piquet,1503.46
1988,9,prost,1873.1
1988,9,satoru_nakajima,1734.63
1988,9,schneider,1533.37
1988,9,senna,2129.61
1988,9,streiff,1309.91
1988,9,warwick,1715.6
1988,10,alboreto,1635.62
1988,10,alliot,1503.61
1988,10,arnoux,1466.37
1988,10,berger,1876.41
1988,10,boutsen,1798.58
1988,10,caffi,1477.53
1988,10,capelli,1446.61
1988,10,cesaris,1493.31
1988,10,cheever,1610.37
1988,10,dalmas,1643.52
1988,10,gugelmin,1833.31
1988,10,johansson,1311.07
1988,10,mansell,1510.33
1988,10,martini,1449.53
1988,10,modena,1548.19
1988,10,nannini,1505.19
1988,10,palmer,1381.47
1988,10,patrese,1645.96
1988,10,piquet,1635.58
1988,10,prost,1942.35
1988,10,sala,1551.61
1988,10,satoru_nakajima,1777.19
1988,10,senna,2155.72
1988,10,streiff,1264.24
1988,10,tarquini,1609.7
1988,10,warwick,1651.96
1988,11,alboreto,1552.99
1988,11,alliot,1611.9
1988,11,arnoux,1323.59
1988,11,berger,1587.44
1988,11,boutsen,1689.2
1988,11,brundle,1555.99
1988,11,caffi,1613.74
1988,11,capelli,1672.68
1988,11,cesaris,1355.84
1988,11,cheever,1718.04
1988,11,dalmas,1450.38
1988,11,ghinzani,1417.19
1988,11,gugelmin,1628.83
1988,11,johansson,1471.71
1988,11,larini,1329.0
1988,11,nannini,1515.93
1988,11,palmer,1494.61
1988,11,patrese,1543.12
1988,11,piquet,1762.23
1988,11,prost,1992.79
1988,11,satoru_nakajima,1565.89
1988,11,schneider,1560.02
1988,11,senna,2179.98
1988,11,streiff,1461.53
1988,11,tarquini,1554.81
1988,11,warwick,1756.46
1988,12,alboreto,1737.93
1988,12,alliot,1579.96
1988,12,arnoux,1450.67
1988,12,bailey,1577.41
1988,12,berger,1772.5
1988,12,boutsen,1757.17
1988,12,caffi,1498.15
1988,12,capelli,1762.58
1988,12,cesaris,1390.82
1988,12,cheever,1818.66
1988,12,dalmas,1395.0
1988,12,ghinzani,1409.15
1988,12,gugelmin,1693.02
1988,12,larini,1238.25
1988,12,martini,1377.36
1988,12,nannini,1617.37
1988,12,patrese,1661.89
1988,12,piquet,1491.72
1988,12,prost,1814.63
1988,12,sala,1399.71
1988,12,satoru_nakajima,1423.45
1988,12,schlesser,1581.9
1988,12,schneider,1520.73
1988,12,senna,2029.65
1988,12,streiff,1484.33
1988,12,warwick,1827.15
1988,13,alboreto,1805.39
1988,13,alliot,1396.82
1988,13,arnoux,1567.34
1988,13,berger,1629.28
1988,13,boutsen,1847.03
1988,13,caffi,1641.69
1988,13,capelli,1865.77
1988,13,cesaris,1323.54
1988,13,cheever,1535.5
1988,13,dalmas,1361.16
1988,13,gugelmin,1649.86
1988,13,johansson,1321.75
1988,13,larini,1410.76
1988,13,mansell,1536.36
1988,13,martini,1368.44
1988,13,nannini,1561.47
1988,13,palmer,1511.86
1988,13,patrese,1538.85
1988,13,piquet,1465.0
1988,13,prost,1914.98
1988,13,sala,1570.91
1988,13,satoru_nakajima,1360.1
1988,13,senna,1983.53
1988,13,streiff,1601.83
1988,13,tarquini,1608.29
1988,13,warwick,1875.91
1988,14,alboreto,1582.18
1988,14,alliot,1473.98
1988,14,arnoux,1372.9
1988,14,berger,1724.96
1988,14,boutsen,1805.39
1988,14,caffi,1671.64
1988,14,capelli,1680.05
1988,14,cesaris,1351.86
1988,14,cheever,1516.1
1988,14,dalmas,1501.39
1988,14,gugelmin,1721.39
1988,14,johansson,1412.79
1988,14,larini,1320.01
1988,14,mansell,1731.36
1988,14,martini,1330.62
1988,14,modena,1573.17
1988,14,nannini,1730.23
1988,14,palmer,1359.85
1988,14,patrese,1689.67
1988,14,piquet,1604.0
1988,14,prost,1985.75
1988,14,sala,1600.92
1988,14,satoru_nakajima,1307.46
1988,14,senna,1983.55
1988,14,streiff,1490.92
1988,14,warwick,1671.19
1988,15,alboreto,1625.13
1988,15,alliot,1596.71
1988,15,arnoux,1413.82
1988,15,bailey,1572.58
1988,15,berger,1814.03
1988,15,boutsen,1878.91
1988,15,caffi,1474.82
1988,15,capelli,1463.84
1988,15,cesaris,1383.96
1988,15,cheever,1458.09
1988,15,gugelmin,1715.86
1988,15,larini,1330.23
1988,15,mansell,1520.66
1988,15,martini,1454.06
1988,15,nannini,1802.16
1988,15,palmer,1488.25
1988,15,patrese,1763.62
1988,15,piquet,1470.13
1988,15,prost,2020.17
1988,15,sala,1569.51
1988,15,satoru_nakajima,1535.96
1988,15,schneider,1350.12
1988,15,senna,2035.11
1988,15,streiff,1621.71
1988,15,suzuki,1500.65
1988,15,warwick,1444.0
1988,16,alboreto,1405.34
1988,16,alliot,1643.57
1988,16,arnoux,1343.5
1988,16,berger,1569.38
1988,16,boutsen,1895.04
1988,16,caffi,1408.78
1988,16,capelli,1636.45
1988,16,cesaris,1561.89
1988,16,cheever,1462.84
1988,16,ghinzani,1513.88
1988,16,gugelmin,1581.45
1988,16,johansson,1561.26
1988,16,larrauri,1343.87
1988,16,mansell,1556.99
1988,16,martini,1615.62
1988,16,modena,1555.58
1988,16,nannini,1694.03
1988,16,palmer,1367.59
1988,16,patrese,1835.29
1988,16,piquet,1680.44
1988,16,prost,2066.28
1988,16,sala,1474.66
1988,16,satoru_nakajima,1473.27
1988,16,senna,2060.91
1988,16,streiff,1642.0
1988,16,warwick,1471.88
1989,1,alboreto,1542.0
1989,1,alliot,1639.39
1989,1,berger,1397.68
1989,1,boutsen,1597.28
1989,1,brundle,1500.3
1989,1,capelli,1525.58
1989,1,cesaris,1581.98
1989,1,cheever,1485.61
1989,1,danner,1548.57
1989,1,grouillard,1607.87
1989,1,gugelmin,1743.71
1989,1,herbert,1684.75
1989,1,larini,1327.43
1989,1,mansell,1756.88
1989,1,martini,1437.29
1989,1,modena,1435.98
1989,1,nannini,1760.01
1989,1,palmer,1569.27
1989,1,patrese,1697.56
1989,1,piquet,1532.7
1989,1,prost,2085.15
1989,1,sala,1330.27
1989,1,satoru_nakajima,1609.52
1989,1,schneider,1405.45
1989,1,senna,1915.38
1989,1,warwick,1654.5
1989,2,alliot,1429.68
1989,2,berger,1333.52
1989,2,boutsen,1738.99
1989,2,brundle,1549.11
1989,2,caffi,1592.72
1989,2,capelli,1387.34
1989,2,cesaris,1638.86
1989,2,cheever,1603.51
1989,2,dalmas,1341.75
1989,2,grouillard,1463.61
1989,2,gugelmin,1628.16
1989,2,herbert,1678.45
1989,2,larini,1470.57
1989,2,mansell,1604.2
1989,2,martini,1389.88
1989,2,modena,1406.42
1989,2,nannini,1848.05
1989,2,palmer,1694.39
1989,2,patrese,1558.67
1989,2,piquet,1503.7
1989,2,prost,2097.44
1989,2,sala,1423.18
1989,2,satoru_nakajima,1590.37
1989,2,senna,1982.34
1989,2,tarquini,1683.8
1989,2,warwick,1755.84
1989,3,alboreto,1696.35
1989,3,alliot,1423.2
1989,3,arnoux,1484.38
1989,3,boutsen,1730.51
1989,3,brundle,1684.97
1989,3,caffi,1739.04
1989,3,capelli,1526.56
1989,3,cesaris,1627.13
1989,3,cheever,1699.14
1989,3,grouillard,1359.15
1989,3,gugelmin,1511.81
1989,3,herbert,1632.94
1989,3,mansell,1467.28
1989,3,martini,1298.36
1989,3,modena,1653.04
1989,3,moreno,1559.48
1989,3,nannini,1825.23
1989,3,palmer,1720.49
1989,3,patrese,1555.61
1989,3,piquet,1431.18
1989,3,prost,2111.25
1989,3,raphanel,1396.39
1989,3,sala,1466.9
1989,3,senna,2037.15
1989,3,tarquini,1587.78
1989,3,warwick,1476.47
1989,4,alboreto,1814.13
1989,4,alliot,1400.97
1989,4,arnoux,1534.28
1989,4,berger,1313.21
1989,4,boutsen,1497.16
1989,4,brundle,1718.59
1989,4,caffi,1685.07
1989,4,capelli,1360.67
1989,4,cesaris,1493.95
1989,4,cheever,1758.72
1989,4,danner,1598.6
1989,4,grouillard,1556.31
1989,4,herbert,1597.0
1989,4,johansson,1425.77
1989,4,mansell,1475.36
1989,4,martini,1394.05
1989,4,modena,1686.25
1989,4,nannini,1878.78
1989,4,palmer,1476.98
1989,4,patrese,1748.27
1989,4,piquet,1551.29
1989,4,prost,2069.73
1989,4,satoru_nakajima,1507.9
1989,4,senna,2082.27
1989,4,tarquini,1711.97
1989,4,warwick,1463.65
1989,5,alboreto,1557.77
1989,5,alliot,1288.76
1989,5,berger,1493.86
1989,5,boutsen,1659.86
1989,5,brundle,1623.92
1989,5,caffi,1682.98
1989,5,capelli,1346.47
1989,5,cesaris,1628.35
1989,5,cheever,1856.12
1989,5,danner,1746.7
1989,5,gugelmin,1415.65
1989,5,herbert,1730.51
1989,5,johansson,1511.55
1989,5,mansell,1464.44
1989,5,martini,1401.15
1989,5,modena,1591.77
1989,5,nannini,1578.2
1989,5,palmer,1603.18
1989,5,patrese,1864.96
1989,5,piquet,1595.74
1989,5,prost,2110.13
1989,5,sala,1517.68
1989,5,satoru_nakajima,1448.03
1989,5,senna,1863.54
1989,5,tarquini,1764.1
1989,5,warwick,1343.63
1989,6,alboreto,1376.05
1989,6,alliot,1415.06
1989,6,arnoux,1691.99
1989,6,berger,1465.65
1989,6,boutsen,1821.69
1989,6,caffi,1759.14
1989,6,capelli,1467.35
1989,6,cesaris,1774.68
1989,6,cheever,1626.26
1989,6,danner,1766.58
1989,6,gugelmin,1439.58
1989,6,johansson,1524.4
1989,6,larini,1553.61
1989,6,mansell,1392.79
1989,6,martini,1322.27
1989,6,modena,1444.28
1989,6,moreno,1649.22
1989,6,nannini,1403.26
1989,6,palmer,1639.85
1989,6,patrese,1935.72
1989,6,piquet,1741.16
1989,6,prost,1771.6
1989,6,sala,1511.58
1989,6,senna,1851.9
1989,6,tarquini,1590.89
1989,6,warwick,1514.36
1989,7,alesi,1678.4
1989,7,alliot,1367.6
1989,7,arnoux,1445.93
1989,7,berger,1361.97
1989,7,bernard,1575.59
1989,7,boutsen,1663.03
1989,7,caffi,1494.25
1989,7,capelli,1448.05
1989,7,cheever,1699.93
1989,7,donnelly,1559.85
1989,7,gachot,1544.04
1989,7,grouillard,1677.75
1989,7,gugelmin,1496.55
1989,7,johansson,1676.06
1989,7,mansell,1648.93
1989,7,martini,1331.77
1989,7,modena,1482.5
1989,7,nannini,1396.51
1989,7,palmer,1662.57
1989,7,patrese,1956.44
1989,7,piquet,1748.54
1989,7,pirro,1605.55
1989,7,prost,1877.9
1989,7,satoru_nakajima,1454.54
1989,7,senna,1512.37
1989,7,tarquini,1442.54
1989,8,alesi,1526.0
1989,8,alliot,1413.79
1989,8,berger,1444.07
1989,8,bernard,1539.21
1989,8,boutsen,1677.54
1989,8,brundle,1595.84
1989,8,capelli,1364.09
1989,8,cesaris,1512.78
1989,8,gachot,1587.06
1989,8,grouillard,1732.28
1989,8,gugelmin,1547.36
1989,8,larini,1448.85
1989,8,mansell,1794.77
1989,8,martini,1581.68
1989,8,modena,1443.84
1989,8,moreno,1419.31
1989,8,nannini,1645.69
1989,8,palmer,1549.75
1989,8,patrese,1643.83
1989,8,piquet,1820.28
1989,8,pirro,1633.25
1989,8,prost,1951.76
1989,8,sala,1660.2
1989,8,satoru_nakajima,1601.51
1989,8,senna,1366.75
1989,8,warwick,1616.48
1989,9,alboreto,1298.57
1989,9,alesi,1615.7
1989,9,alliot,1433.83
1989,9,arnoux,1559.82
1989,9,berger,1417.04
1989,9,boutsen,1486.97
1989,9,brundle,1680.34
1989,9,caffi,1381.15
1989,9,capelli,1454.75
1989,9,cesaris,1653.28
1989,9,cheever,1672.08
1989,9,grouillard,1463.91
1989,9,gugelmin,1533.05
1989,9,johansson,1516.23
1989,9,mansell,1864.43
1989,9,martini,1658.49
1989,9,modena,1528.85
1989,9,nannini,1486.68
1989,9,palmer,1486.97
1989,9,patrese,1762.75
1989,9,piquet,1849.75
1989,9,pirro,1559.84
1989,9,prost,1986.56
1989,9,satoru_nakajima,1591.88
1989,9,senna,1657.26
1989,9,warwick,1720.89
1989,9,weidler,1334.49
1989,10,alboreto,1275.96
1989,10,alesi,1677.75
1989,10,berger,1481.66
1989,10,boutsen,1695.08
1989,10,brundle,1666.73
1989,10,caffi,1583.72
1989,10,capelli,1389.29
1989,10,cesaris,1425.99
1989,10,cheever,1768.47
1989,10,gachot,1508.51
1989,10,ghinzani,1386.04
1989,10,gugelmin,1448.62
1989,10,johansson,1504.53
1989,10,mansell,1947.33
1989,10,martini,1444.21
1989,10,modena,1603.26
1989,10,nannini,1472.35
1989,10,palmer,1551.01
1989,10,patrese,1646.46
1989,10,piquet,1858.13
1989,10,pirro,1663.49
1989,10,prost,1983.4
1989,10,sala,1625.06
1989,10,satoru_nakajima,1495.15
1989,10,senna,1803.41
1989,10,warwick,1719.04
1989,11,alboreto,1309.34
1989,11,alliot,1467.44
1989,11,arnoux,1389.5
1989,11,berger,1381.02
1989,11,boutsen,1795.89
1989,11,brundle,1492.22
1989,11,caffi,1465.87
1989,11,capelli,1507.0
1989,11,cesaris,1543.63
1989,11,cheever,1625.91
1989,11,gachot,1476.64
1989,11,grouillard,1530.61
1989,11,gugelmin,1617.59
1989,11,herbert,1459.65
1989,11,johansson,1631.36
1989,11,mansell,1973.34
1989,11,martini,1583.81
1989,11,modena,1427.83
1989,11,nannini,1659.31
1989,11,palmer,1560.05
1989,11,patrese,1531.4
1989,11,pirro,1683.69
1989,11,prost,2016.24
1989,11,sala,1582.76
1989,11,senna,1905.1
1989,11,warwick,1778.46
1989,12,alboreto,1297.78
1989,12,alesi,1776.68
1989,12,alliot,1357.31
1989,12,arnoux,1563.17
1989,12,berger,1660.08
1989,12,boutsen,1877.91
1989,12,brundle,1662.39
1989,12,caffi,1571.74
1989,12,capelli,1506.29
1989,12,cesaris,1596.02
1989,12,gachot,1521.49
1989,12,grouillard,1502.26
1989,12,gugelmin,1451.47
1989,12,larini,1398.85
1989,12,mansell,1806.49
1989,12,martini,1695.14
1989,12,modena,1301.56
1989,12,nannini,1598.55
1989,12,palmer,1488.01
1989,12,patrese,1712.01
1989,12,piquet,1654.48
1989,12,pirro,1451.14
1989,12,prost,2065.69
1989,12,sala,1679.65
1989,12,satoru_nakajima,1602.64
1989,12,senna,1778.3
1989,12,warwick,1581.53
1989,13,alboreto,1471.89
1989,13,alliot,1540.43
1989,13,arnoux,1586.69
1989,13,berger,1821.91
1989,13,boutsen,1707.06
1989,13,brundle,1719.59
1989,13,caffi,1471.1
1989,13,capelli,1402.66
1989,13,cesaris,1417.13
1989,13,cheever,1448.39
1989,13,gugelmin,1575.81
1989,13,johansson,1778.78
1989,13,mansell,1637.77
1989,13,martini,1783.99
1989,13,modena,1425.5
1989,13,moreno,1302.98
1989,13,nannini,1745.9
1989,13,palmer,1657.46
1989,13,patrese,1630.56
1989,13,piquet,1528.86
1989,13,pirro,1389.47
1989,13,prost,2082.17
1989,13,sala,1662.2
1989,13,satoru_nakajima,1702.78
1989,13,senna,1637.3
1989,13,warwick,1507.57
1989,14,alesi,1844.1
1989,14,alliot,1681.65
1989,14,berger,1901.4
1989,14,boutsen,1596.15
1989,14,brundle,1648.51
1989,14,caffi,1534.15
1989,14,capelli,1389.39
1989,14,cesaris,1599.81
1989,14,cheever,1555.12
1989,14,ghinzani,1344.84
1989,14,grouillard,1475.48
1989,14,gugelmin,1558.86
1989,14,larini,1301.31
1989,14,lehto,1426.2
1989,14,martini,1604.92
1989,14,modena,1334.93
1989,14,nannini,1518.21
1989,14,palmer,1680.66
1989,14,patrese,1745.29
1989,14,piquet,1643.73
1989,14,pirro,1506.3
1989,14,prost,2076.33
1989,14,sala,1587.93
1989,14,satoru_nakajima,1446.19
1989,14,senna,1803.28
1989,14,warwick,1616.92
1989,15,alesi,1691.82
1989,15,alliot,1591.05
1989,15,barilla,1347.16
1989,15,berger,1693.77
1989,15,boutsen,1757.13
1989,15,brundle,1756.01
1989,15,caffi,1633.35
1989,15,capelli,1369.37
1989,15,cesaris,1652.52
1989,15,cheever,1660.03
1989,15,grouillard,1436.86
1989,15,gugelmin,1677.46
1989,15,larini,1295.16
1989,15,mansell,1614.17
1989,15,modena,1464.54
1989,15,nannini,1743.24
1989,15,palmer,1492.08
1989,15,patrese,1857.6
1989,15,piquet,1768.34
1989,15,pirro,1470.75
1989,15,prost,1910.51
1989,15,sala,1411.21
1989,15,satoru_nakajima,1496.55
1989,15,schneider,1326.62
1989,15,senna,1747.85
1989,15,warwick,1723.79
1989,16,alesi,1505.85
1989,16,alliot,1486.79
1989,16,arnoux,1437.26
1989,16,berger,1522.23
1989,16,boutsen,1887.32
1989,16,brundle,1599.57
1989,16,caffi,1586.54
1989,16,capelli,1428.08
1989,16,cesaris,1562.9
1989,16,cheever,1710.83
1989,16,ghinzani,1478.23
1989,16,grouillard,1562.15
1989,16,gugelmin,1751.44
1989,16,larini,1230.15
1989,16,lehto,1573.21
1989,16,mansell,1606.68
1989,16,martini,1728.53
1989,16,modena,1625.21
1989,16,nannini,1864.49
1989,16,patrese,1918.33
1989,16,piquet,1718.58
1989,16,pirro,1674.05
1989,16,prost,1584.44
1989,16,satoru_nakajima,1703.63
1989,16,senna,1659.45
1989,16,warwick,1568.56
1990,1,alboreto,1584.71
1990,1,alesi,1712.68
1990,1,alliot,1319.63
1990,1,barilla,1438.83
1990,1,berger,1486.26
1990,1,bernard,1647.93
1990,1,boutsen,1926.29
1990,1,capelli,1355.8
1990,1,cesaris,1459.32
1990,1,donnelly,1374.38
1990,1,foitek,1458.63
1990,1,grouillard,1474.7
1990,1,gugelmin,1668.28
1990,1,larini,1198.39
1990,1,mansell,1544.99
1990,1,martini,1765.24
1990,1,modena,1736.86
1990,1,moreno,1444.53
1990,1,nannini,1782.59
1990,1,patrese,1848.58
1990,1,piquet,1804.59
1990,1,prost,1454.47
1990,1,satoru_nakajima,1765.83
1990,1,schneider,1475.62
1990,1,senna,1814.43
1990,1,suzuki,1506.09
1990,1,warwick,1413.5
1990,2,alboreto,1444.12
1990,2,alesi,1753.89
1990,2,alliot,1457.5
1990,2,barilla,1432.92
1990,2,berger,1695.79
1990,2,bernard,1444.1
1990,2,boutsen,1919.56
1990,2,caffi,1560.66
1990,2,cesaris,1310.33
1990,2,dalmas,1359.15
1990,2,donnelly,1427.5
1990,2,foitek,1359.81
1990,2,grouillard,1336.15
1990,2,larini,1399.85
1990,2,mansell,1700.4
1990,2,martini,1754.53
1990,2,modena,1607.94
1990,2,morbidelli,1529.93
1990,2,nannini,1749.66
1990,2,patrese,1736.73
1990,2,piquet,1824.07
1990,2,prost,1693.18
1990,2,satoru_nakajima,1769.88
1990,2,senna,1877.18
1990,2,suzuki,1418.53
1990,2,warwick,1383.88
1990,3,alesi,1806.8
1990,3,alliot,1599.05
1990,3,barilla,1553.23
1990,3,berger,1832.74
1990,3,bernard,1527.68
1990,3,boutsen,1662.95
1990,3,capelli,1303.46
1990,3,cesaris,1371.06
1990,3,donnelly,1599.1
1990,3,foitek,1433.07
1990,3,grouillard,1451.5
1990,3,gugelmin,1544.49
1990,3,larini,1551.81
1990,3,lehto,1610.71
1990,3,mansell,1626.79
1990,3,martini,1462.99
1990,3,modena,1547.27
1990,3,moreno,1322.01
1990,3,nannini,1849.07
1990,3,patrese,1871.87
1990,3,piquet,1862.89
1990,3,pirro,1488.69
1990,3,prost,1801.6
1990,3,satoru_nakajima,1502.89
1990,3,senna,1606.79
1990,3,suzuki,1387.02
1990,3,warwick,1591.69
1990,4,alesi,1894.14
1990,4,alliot,1622.39
1990,4,barilla,1629.19
1990,4,berger,1895.42
1990,4,bernard,1677.4
1990,4,boutsen,1780.57
1990,4,brabham,1481.38
1990,4,caffi,1710.27
1990,4,capelli,1349.13
1990,4,cesaris,1470.87
1990,4,donnelly,1447.2
1990,4,foitek,1611.01
1990,4,larini,1473.98
1990,4,lehto,1643.63
1990,4,mansell,1682.73
1990,4,martini,1391.87
1990,4,modena,1404.19
1990,4,nannini,1676.89
1990,4,patrese,1754.44
1990,4,piquet,1530.67
1990,4,pirro,1355.8
1990,4,prost,1665.53
1990,4,satoru_nakajima,1526.62
1990,4,senna,1791.35
1990,4,suzuki,1365.8
1990,4,warwick,1679.43
1990,5,alboreto,1329.76
1990,5,alesi,1646.87
1990,5,alliot,1519.3
1990,5,berger,1917.68
1990,5,bernard,1708.95
1990,5,boutsen,1555.7
1990,5,caffi,1741.67
1990,5,capelli,1515.97
1990,5,cesaris,1485.74
1990,5,donnelly,1504.72
1990,5,foitek,1574.86
1990,5,grouillard,1523.58
1990,5,larini,1382.36
1990,5,lehto,1559.68
1990,5,mansell,1801.73
1990,5,martini,1280.83
1990,5,modena,1592.25
1990,5,nannini,1518.3
1990,5,patrese,1601.78
1990,5,piquet,1732.09
1990,5,pirro,1294.8
1990,5,prost,1763.84
1990,5,satoru_nakajima,1596.86
1990,5,senna,1898.4
1990,5,suzuki,1492.64
1990,5,warwick,1756.59
1990,6,alboreto,1394.59
1990,6,alesi,1721.45
1990,6,alliot,1481.81
1990,6,barilla,1603.3
1990,6,berger,1949.27
1990,6,bernard,1517.04
1990,6,boutsen,1701.12
1990,6,brabham,1353.45
1990,6,cesaris,1544.68
1990,6,donnelly,1630.85
1990,6,foitek,1560.4
1990,6,grouillard,1468.05
1990,6,larini,1442.18
1990,6,lehto,1457.79
1990,6,mansell,1887.29
1990,6,martini,1446.91
1990,6,modena,1633.04
1990,6,moreno,1224.11
1990,6,nannini,1696.12
1990,6,patrese,1666.71
1990,6,piquet,1783.54
1990,6,pirro,1225.26
1990,6,prost,1878.43
1990,6,satoru_nakajima,1429.53
1990,6,senna,1647.6
1990,6,suzuki,1392.14
1990,6,warwick,1735.23
1990,7,alboreto,1539.36
1990,7,alesi,1504.75
1990,7,alliot,1603.68
1990,7,berger,1941.34
1990,7,bernard,1638.55
1990,7,boutsen,1464.36
1990,7,brabham,1437.3
1990,7,caffi,1499.99
1990,7,capelli,1724.78
1990,7,cesaris,1480.68
1990,7,dalmas,1407.96
1990,7,donnelly,1636.37
1990,7,gugelmin,1447.0
1990,7,larini,1505.01
1990,7,mansell,1677.53
1990,7,martini,1377.08
1990,7,modena,1622.29
1990,7,nannini,1605.65
1990,7,patrese,1751.99
1990,7,piquet,1848.4
1990,7,pirro,1168.16
1990,7,prost,1959.03
1990,7,satoru_nakajima,1401.13
1990,7,senna,1783.27
1990,7,suzuki,1586.32
1990,7,warwick,1707.55
1990,8,alboreto,1467.08
1990,8,alesi,1633.15
1990,8,alliot,1605.53
1990,8,barilla,1620.63
1990,8,berger,1780.0
1990,8,bernard,1765.11
1990,8,boutsen,1697.93
1990,8,caffi,1646.37
1990,8,capelli,1626.04
1990,8,cesaris,1369.78
1990,8,donnelly,1565.24
1990,8,gugelmin,1314.84
1990,8,larini,1602.63
1990,8,mansell,1616.26
1990,8,martini,1290.82
1990,8,modena,1680.4
1990,8,nannini,1453.21
1990,8,patrese,1560.66
1990,8,piquet,1874.41
1990,8,pirro,1384.62
1990,8,prost,2017.12
1990,8,satoru_nakajima,1357.66
1990,8,senna,1864.79
1990,8,suzuki,1708.26
1990,8,tarquini,1430.93
1990,8,warwick,1586.62
1990,9,alboreto,1391.37
1990,9,alesi,1657.38
1990,9,alliot,1399.42
1990,9,berger,1862.26
1990,9,bernard,1696.64
1990,9,boutsen,1769.36
1990,9,brabham,1391.73
1990,9,caffi,1694.97
1990,9,capelli,1714.5
1990,9,donnelly,1427.91
1990,9,foitek,1509.62
1990,9,gugelmin,1335.39
1990,9,larini,1656.37
1990,9,lehto,1547.75
1990,9,mansell,1522.9
1990,9,martini,1371.16
1990,9,modena,1471.34
1990,9,nannini,1689.93
1990,9,patrese,1708.35
1990,9,piquet,1709.96
1990,9,pirro,1292.99
1990,9,prost,2008.76
1990,9,satoru_nakajima,1444.76
1990,9,senna,1950.24
1990,9,suzuki,1651.25
1990,9,warwick,1677.94
1990,10,alboreto,1506.76
1990,10,alesi,1497.87
1990,10,alliot,1477.79
1990,10,barilla,1581.95
1990,10,berger,1698.82
1990,10,bernard,1772.8
1990,10,boutsen,1891.59
1990,10,caffi,1722.0
1990,10,capelli,1570.82
1990,10,cesaris,1285.99
1990,10,donnelly,1607.56
1990,10,gugelmin,1537.73
1990,10,larini,1667.77
1990,10,mansell,1500.88
1990,10,martini,1305.21
1990,10,modena,1382.37
1990,10,nannini,1573.11
1990,10,patrese,1810.1
1990,10,piquet,1826.27
1990,10,pirro,1480.69
1990,10,prost,1705.39
1990,10,satoru_nakajima,1313.23
1990,10,senna,1997.25
1990,10,suzuki,1522.78
1990,10,tarquini,1512.41
1990,10,warwick,1777.35
1990,11,alboreto,1558.06
1990,11,alesi,1626.13
1990,11,barilla,1383.8
1990,11,berger,1815.31
1990,11,bernard,1763.38
1990,11,boutsen,1646.56
1990,11,brabham,1409.89
1990,11,caffi,1719.62
1990,11,capelli,1681.98
1990,11,cesaris,1326.95
1990,11,donnelly,1628.12
1990,11,grouillard,1487.78
1990,11,gugelmin,1679.25
1990,11,larini,1628.48
1990,11,mansell,1423.02
1990,11,martini,1409.33
1990,11,modena,1421.78
1990,11,nannini,1727.93
1990,11,patrese,1569.61
1990,11,piquet,1861.12
1990,11,pirro,1380.7
1990,11,prost,1834.42
1990,11,satoru_nakajima,1261.72
1990,11,senna,2046.6
1990,11,suzuki,1368.69
1990,11,warwick,1735.81
1990,12,alboreto,1599.15
1990,12,alesi,1409.22
1990,12,alliot,1540.38
1990,12,berger,1888.53
1990,12,bernard,1512.17
1990,12,boutsen,1515.69
1990,12,caffi,1734.69
1990,12,capelli,1615.9
1990,12,cesaris,1503.03
1990,12,dalmas,1485.51
1990,12,donnelly,1458.33
1990,12,grouillard,1480.54
1990,12,gugelmin,1565.14
1990,12,larini,1652.07
1990,12,mansell,1646.73
1990,12,martini,1308.36
1990,12,modena,1412.55
1990,12,nannini,1754.34
1990,12,patrese,1711.99
1990,12,piquet,1849.55
1990,12,pirro,1340.63
1990,12,prost,1916.32
1990,12,satoru_nakajima,1523.21
1990,12,senna,2086.29
1990,12,suzuki,1431.2
1990,12,warwick,1546.64
1990,13,alboreto,1664.46
1990,13,alesi,1574.82
1990,13,alliot,1521.96
1990,13,berger,1918.31
1990,13,bernard,1442.65
1990,13,boutsen,1460.74
1990,13,brabham,1434.25
1990,13,caffi,1676.48
1990,13,capelli,1529.62
1990,13,cesaris,1354.05
1990,13,dalmas,1361.28
1990,13,donnelly,1379.41
1990,13,gugelmin,1598.61
1990,13,larini,1678.79
1990,13,mansell,1805.56
1990,13,martini,1471.49
1990,13,modena,1370.68
1990,13,nannini,1800.88
1990,13,patrese,1760.49
1990,13,piquet,1876.41
1990,13,pirro,1427.21
1990,13,prost,1953.76
1990,13,satoru_nakajima,1348.28
1990,13,senna,2100.61
1990,13,suzuki,1495.89
1990,13,warwick,1410.78
1990,14,alboreto,1681.26
1990,14,alesi,1409.06
1990,14,alliot,1465.34
1990,14,berger,1784.71
1990,14,bernard,1404.59
1990,14,boutsen,1656.11
1990,14,capelli,1573.6
1990,14,cesaris,1419.2
1990,14,dalmas,1525.26
1990,14,donnelly,1263.89
1990,14,grouillard,1475.27
1990,14,gugelmin,1675.99
1990,14,larini,1738.02
1990,14,mansell,1898.47
1990,14,martini,1453.78
1990,14,modena,1310.51
1990,14,nannini,1879.44
1990,14,patrese,1820.24
1990,14,piquet,1729.17
1990,14,pirro,1310.26
1990,14,prost,2019.31
1990,14,satoru_nakajima,1331.41
1990,14,senna,1895.38
1990,14,suzuki,1647.12
1990,14,tarquini,1409.2
1990,14,warwick,1523.08
1990,15,alboreto,1642.23
1990,15,alesi,1289.05
1990,15,alliot,1574.46
1990,15,berger,1549.59
1990,15,bernard,1446.78
1990,15,boutsen,1757.93
1990,15,brabham,1381.78
1990,15,caffi,1704.92
1990,15,capelli,1505.41
1990,15,cesaris,1405.76
1990,15,gugelmin,1525.53
1990,15,herbert,1539.33
1990,15,larini,1772.09
1990,15,mansell,1751.13
1990,15,martini,1598.7
1990,15,modena,1245.62
1990,15,morbidelli,1498.48
1990,15,moreno,1555.12
1990,15,patrese,1871.59
1990,15,piquet,1864.93
1990,15,pirro,1408.97
1990,15,prost,1654.53
1990,15,satoru_nakajima,1559.91
1990,15,senna,1595.23
1990,15,suzuki,1782.28
1990,15,warwick,1589.71
1990,16,alesi,1498.98
1990,16,alliot,1610.58
1990,16,berger,1699.26
1990,16,bernard,1348.28
1990,16,boutsen,1803.91
1990,16,brabham,1277.13
1990,16,capelli,1445.22
1990,16,cesaris,1342.7
1990,16,grouillard,1525.01
1990,16,gugelmin,1424.1
1990,16,herbert,1494.4
1990,16,larini,1733.2
1990,16,mansell,1846.8
1990,16,martini,1652.07
1990,16,modena,1411.73
1990,16,morbidelli,1359.28
1990,16,moreno,1661.01
1990,16,patrese,1860.64
1990,16,piquet,1937.75
1990,16,pirro,1473.02
1990,16,prost,1773.51
1990,16,satoru_nakajima,1489.38
1990,16,senna,1555.59
1990,16,suzuki,1470.52
1990,16,tarquini,1441.38
1990,16,warwick,1472.91
1991,1,alboreto,1576.77
1991,1,alesi,1562.31
1991,1,berger,1559.92
1991,1,bernard,1252.43
1991,1,blundell,1411.36
1991,1,boutsen,1628.87
1991,1,brundle,1630.06
1991,1,capelli,1458.5
1991,1,gachot,1604.78
1991,1,gugelmin,1386.47
1991,1,hakkinen,1546.91
1991,1,larini,1764.8
1991,1,lehto,1384.68
1991,1,mansell,1622.1
1991,1,martini,1688.54
1991,1,modena,1637.12
1991,1,morbidelli,1295.11
1991,1,moreno,1601.4
1991,1,patrese,1724.62
1991,1,piquet,1962.82
1991,1,pirro,1379.59
1991,1,prost,1868.34
1991,1,satoru_nakajima,1663.19
1991,1,senna,1755.96
1991,1,suzuki,1637.5
1991,1,tarquini,1592.53
1991,2,alesi,1682.08
1991,2,berger,1720.78
1991,2,bernard,1318.36
1991,2,blundell,1431.19
1991,2,boutsen,1654.96
1991,2,brundle,1623.65
1991,2,capelli,1371.66
1991,2,cesaris,1338.56
1991,2,comas,1510.05
1991,2,gachot,1595.31
1991,2,gugelmin,1298.27
1991,2,hakkinen,1626.43
1991,2,lehto,1380.69
1991,2,mansell,1589.23
1991,2,martini,1592.64
1991,2,modena,1480.74
1991,2,morbidelli,1503.96
1991,2,moreno,1688.15
1991,2,patrese,1831.04
1991,2,piquet,1942.32
1991,2,pirro,1505.56
1991,2,prost,1891.75
1991,2,satoru_nakajima,1461.81
1991,2,senna,1865.73
1991,2,suzuki,1399.96
1991,2,tarquini,1392.93
1991,3,alesi,1490.63
1991,3,bailey,1691.58
1991,3,berger,1837.38
1991,3,bernard,1361.04
1991,3,blundell,1586.68
1991,3,boutsen,1720.83
1991,3,brundle,1640.3
1991,3,capelli,1409.93
1991,3,cesaris,1424.09
1991,3,comas,1596.66
1991,3,gachot,1544.43
1991,3,gugelmin,1449.31
1991,3,hakkinen,1735.77
1991,3,lehto,1633.2
1991,3,mansell,1398.31
1991,3,martini,1732.37
1991,3,modena,1518.85
1991,3,morbidelli,1416.36
1991,3,moreno,1641.4
1991,3,patrese,1617.36
1991,3,piquet,1597.47
1991,3,poele,1607.13
1991,3,prost,1537.05
1991,3,satoru_nakajima,1410.8
1991,3,senna,1945.61
1991,3,suzuki,1327.34
1991,4,alboreto,1482.7
1991,4,alesi,1677.97
1991,4,berger,1512.55
1991,4,bernard,1521.83
1991,4,blundell,1503.08
1991,4,boutsen,1743.55
1991,4,capelli,1326.95
1991,4,cesaris,1352.19
1991,4,comas,1629.04
1991,4,gachot,1633.65
1991,4,gugelmin,1479.73
1991,4,hakkinen,1658.96
1991,4,lehto,1633.26
1991,4,mansell,1644.27
1991,4,martini,1671.56
1991,4,modena,1499.51
1991,4,morbidelli,1478.76
1991,4,moreno,1744.84
1991,4,patrese,1533.59
1991,4,piquet,1377.14
1991,4,pirro,1641.95
1991,4,prost,1673.54
1991,4,satoru_nakajima,1380.1
1991,4,senna,1993.49
1991,4,suzuki,1314.23
1991,4,tarquini,1299.71
1991,5,alboreto,1334.56
1991,5,alesi,1605.33
1991,5,berger,1386.51
1991,5,bernard,1511.98
1991,5,boutsen,1592.54
1991,5,brundle,1498.94
1991,5,capelli,1438.07
1991,5,cesaris,1603.68
1991,5,comas,1689.57
1991,5,gachot,1735.8
1991,5,gugelmin,1566.79
1991,5,hakkinen,1523.43
1991,5,johansson,1690.38
1991,5,lehto,1628.92
1991,5,mansell,1726.74
1991,5,martini,1726.62
1991,5,modena,1712.28
1991,5,morbidelli,1400.5
1991,5,moreno,1517.83
1991,5,patrese,1714.85
1991,5,piquet,1663.47
1991,5,pirro,1681.46
1991,5,prost,1572.05
1991,5,satoru_nakajima,1530.64
1991,5,senna,1720.03
1991,5,suzuki,1251.47
1991,6,alboreto,1354.75
1991,6,alesi,1529.93
1991,6,berger,1283.37
1991,6,bernard,1651.0
1991,6,blundell,1540.37
1991,6,boutsen,1661.07
1991,6,brundle,1428.1
1991,6,capelli,1379.21
1991,6,cesaris,1728.74
1991,6,gachot,1643.27
1991,6,grouillard,1376.1
1991,6,gugelmin,1413.43
1991,6,hakkinen,1610.85
1991,6,herbert,1580.67
1991,6,lehto,1526.47
1991,6,mansell,1826.07
1991,6,martini,1442.21
1991,6,modena,1677.36
1991,6,morbidelli,1577.53
1991,6,moreno,1669.15
1991,6,patrese,1833.57
1991,6,piquet,1573.71
1991,6,prost,1431.95
1991,6,satoru_nakajima,1569.89
1991,6,senna,1807.59
1991,6,suzuki,1369.16
1991,7,alboreto,1347.67
1991,7,alesi,1687.03
1991,7,berger,1216.29
1991,7,bernard,1571.62
1991,7,blundell,1483.7
1991,7,boutsen,1638.24
1991,7,brundle,1372.33
1991,7,capelli,1294.45
1991,7,cesaris,1769.65
1991,7,comas,1668.15
1991,7,gachot,1400.48
1991,7,grouillard,1442.42
1991,7,gugelmin,1582.63
1991,7,herbert,1625.13
1991,7,lehto,1492.42
1991,7,mansell,1908.71
1991,7,martini,1567.43
1991,7,modena,1617.31
1991,7,morbidelli,1419.03
1991,7,moreno,1627.75
1991,7,patrese,1848.61
1991,7,piquet,1652.72
1991,7,prost,1661.87
1991,7,satoru_nakajima,1431.0
1991,7,senna,1863.76
1991,7,suzuki,1373.82
1991,8,alboreto,1329.22
1991,8,alesi,1576.6
1991,8,berger,1547.64
1991,8,bernard,1403.03
1991,8,blundell,1501.35
1991,8,boutsen,1519.15
1991,8,brundle,1361.72
1991,8,capelli,1227.72
1991,8,cesaris,1634.9
1991,8,gachot,1594.87
1991,8,gugelmin,1440.14
1991,8,hakkinen,1614.01
1991,8,herbert,1590.1
1991,8,lehto,1536.9
1991,8,mansell,1972.47
1991,8,martini,1637.44
1991,8,modena,1695.63
1991,8,morbidelli,1528.95
1991,8,moreno,1447.17
1991,8,patrese,1510.01
1991,8,piquet,1746.82
1991,8,pirro,1683.26
1991,8,prost,1780.31
1991,8,satoru_nakajima,1580.79
1991,8,senna,1889.98
1991,8,suzuki,1395.79
1991,9,alesi,1741.11
1991,9,berger,1710.58
1991,9,bernard,1303.28
1991,9,blundell,1566.23
1991,9,boutsen,1622.56
1991,9,brundle,1507.2
1991,9,capelli,1361.43
1991,9,cesaris,1742.4
1991,9,comas,1543.52
1991,9,gachot,1706.09
1991,9,gugelmin,1409.16
1991,9,hakkinen,1483.84
1991,9,larini,1475.89
1991,9,lehto,1522.5
1991,9,mansell,2022.91
1991,9,martini,1445.67
1991,9,modena,1651.14
1991,9,morbidelli,1406.56
1991,9,moreno,1600.57
1991,9,patrese,1720.5
1991,9,piquet,1614.41
1991,9,pirro,1692.99
1991,9,prost,1681.74
1991,9,satoru_nakajima,1514.96
1991,9,senna,1862.16
1991,9,suzuki,1350.2
1991,10,alesi,1804.65
1991,10,berger,1801.51
1991,10,bernard,1272.23
1991,10,blundell,1487.82
1991,10,boutsen,1549.15
1991,10,brundle,1440.85
1991,10,capelli,1579.46
1991,10,cesaris,1773.22
1991,10,comas,1620.16
1991,10,gachot,1722.32
1991,10,gugelmin,1532.1
1991,10,hakkinen,1524.89
1991,10,larini,1488.4
1991,10,lehto,1432.53
1991,10,mansell,2045.04
1991,10,martini,1440.2
1991,10,modena,1645.03
1991,10,morbidelli,1499.38
1991,10,moreno,1679.77
1991,10,patrese,1822.27
1991,10,piquet,1464.01
1991,10,pirro,1452.14
1991,10,prost,1431.26
1991,10,satoru_nakajima,1525.31
1991,10,senna,1942.57
1991,10,suzuki,1283.35
1991,11,alesi,1662.32
1991,11,berger,1890.94
1991,11,bernard,1290.36
1991,11,blundell,1649.08
1991,11,boutsen,1603.29
1991,11,brundle,1577.56
1991,11,capelli,1450.44
1991,11,cesaris,1692.4
1991,11,comas,1517.26
1991,11,grouillard,1562.34
1991,11,gugelmin,1375.31
1991,11,hakkinen,1483.92
1991,11,herbert,1688.96
1991,11,lehto,1480.81
1991,11,mansell,1742.55
1991,11,martini,1529.72
1991,11,michael_schumacher,1341.12
1991,11,modena,1608.29
1991,11,morbidelli,1486.71
1991,11,moreno,1783.86
1991,11,patrese,1855.51
1991,11,piquet,1678.09
1991,11,pirro,1599.59
1991,11,prost,1336.88
1991,11,satoru_nakajima,1405.88
1991,11,senna,2004.86
1991,12,alesi,1517.58
1991,12,berger,1913.48
1991,12,bernard,1264.34
1991,12,blundell,1639.42
1991,12,boutsen,1392.36
1991,12,brundle,1587.17
1991,12,capelli,1597.11
1991,12,cesaris,1742.04
1991,12,comas,1585.97
1991,12,grouillard,1514.21
1991,12,gugelmin,1447.63
1991,12,hakkinen,1523.03
1991,12,larini,1492.01
1991,12,lehto,1455.97
1991,12,mansell,1863.92
1991,12,martini,1385.24
1991,12,michael_schumacher,1581.66
1991,12,modena,1505.52
1991,12,morbidelli,1600.44
1991,12,moreno,1498.25
1991,12,patrese,1604.3
1991,12,piquet,1748.8
1991,12,pirro,1644.24
1991,12,prost,1608.09
1991,12,satoru_nakajima,1353.4
1991,12,senna,2031.29
1991,13,alboreto,1421.98
1991,13,alesi,1708.95
1991,13,berger,1619.4
1991,13,blundell,1428.12
1991,13,boutsen,1440.53
1991,13,brundle,1609.73
1991,13,capelli,1531.46
1991,13,cesaris,1754.43
1991,13,comas,1624.34
1991,13,gugelmin,1612.13
1991,13,hakkinen,1544.1
1991,13,herbert,1437.13
1991,13,lehto,1349.37
1991,13,mansell,1640.61
1991,13,martini,1622.69
1991,13,michael_schumacher,1698.01
1991,13,modena,1468.92
1991,13,morbidelli,1662.91
1991,13,moreno,1594.59
1991,13,patrese,1783.09
1991,13,piquet,1805.97
1991,13,pirro,1463.39
1991,13,prost,1473.79
1991,13,satoru_nakajima,1469.7
1991,13,senna,2052.23
1991,13,suzuki,1310.87
1991,14,alboreto,1372.59
1991,14,alesi,1791.63
1991,14,berger,1493.34
1991,14,bernard,1208.02
1991,14,blundell,1424.0
1991,14,boutsen,1299.2
1991,14,brundle,1645.95
1991,14,capelli,1384.43
1991,14,cesaris,1530.01
1991,14,comas,1511.2
1991,14,gugelmin,1695.2
1991,14,hakkinen,1407.44
1991,14,lehto,1536.6
1991,14,mansell,1796.69
1991,14,martini,1606.78
1991,14,michael_schumacher,1757.8
1991,14,modena,1479.38
1991,14,morbidelli,1612.9
1991,14,patrese,1852.17
1991,14,piquet,1739.86
1991,14,pirro,1492.78
1991,14,prost,1687.47
1991,14,satoru_nakajima,1463.37
1991,14,senna,2011.52
1991,14,tarquini,1446.68
1991,14,zanardi,1602.92
1991,15,alesi,1491.21
1991,15,berger,1723.32
1991,15,boutsen,1503.25
1991,15,brundle,1752.96
1991,15,caffi,1707.49
1991,15,cesaris,1424.81
1991,15,comas,1573.63
1991,15,gugelmin,1734.67
1991,15,hakkinen,1374.59
1991,15,herbert,1488.76
1991,15,lehto,1411.75
1991,15,mansell,1610.34
1991,15,martini,1607.89
1991,15,michael_schumacher,1672.43
1991,15,modena,1647.7
1991,15,morbidelli,1530.43
1991,15,patrese,1906.94
1991,15,piquet,1774.46
1991,15,pirro,1371.59
1991,15,prost,1791.19
1991,15,satoru_nakajima,1486.32
1991,15,senna,2036.93
1991,15,suzuki,1381.45
1991,15,tarquini,1555.34
1991,15,wendlinger,1358.43
1991,15,zanardi,1495.96
1991,16,alboreto,1469.14
1991,16,alesi,1376.12
1991,16,berger,1814.95
1991,16,blundell,1437.5
1991,16,boutsen,1349.06
1991,16,caffi,1616.4
1991,16,cesaris,1575.08
1991,16,comas,1499.83
1991,16,gugelmin,1645.74
1991,16,hakkinen,1377.23
1991,16,herbert,1563.92
1991,16,larini,1359.83
1991,16,lehto,1507.06
1991,16,mansell,1762.43
1991,16,martini,1467.09
1991,16,michael_schumacher,1484.6
1991,16,modena,1663.15
1991,16,morbidelli,1663.36
1991,16,moreno,1542.63
1991,16,patrese,1904.36
1991,16,piquet,1831.8
1991,16,pirro,1562.28
1991,16,satoru_nakajima,1323.16
1991,16,senna,2071.7
1991,16,wendlinger,1350.28
1991,16,zanardi,1597.34
1992,1,alboreto,1567.68
1992,1,alesi,1343.56
1992,1,berger,1844.04
1992,1,boutsen,1425.67
1992,1,brundle,1458.05
1992,1,capelli,1330.65
1992,1,cesaris,1466.43
1992,1,comas,1632.31
1992,1,fittipaldi,1443.69
1992,1,gachot,1457.14
1992,1,grouillard,1531.0
1992,1,gugelmin,1645.95
1992,1,hakkinen,1534.59
1992,1,herbert,1681.8
1992,1,katayama,1553.99
1992,1,lehto,1463.5
1992,1,mansell,1870.94
1992,1,martini,1473.26
1992,1,michael_schumacher,1666.85
1992,1,morbidelli,1559.36
1992,1,patrese,1953.56
1992,1,poele,1594.59
1992,1,senna,2065.97
1992,1,suzuki,1553.28
1992,1,tarquini,1405.71
1992,1,wendlinger,1276.22
1992,2,alboreto,1575.2
1992,2,alesi,1370.72
1992,2,berger,1882.2
1992,2,boutsen,1546.15
1992,2,brundle,1501.17
1992,2,capelli,1231.17
1992,2,cesaris,1643.04
1992,2,chiesa,1490.76
1992,2,comas,1673.39
1992,2,fittipaldi,1350.87
1992,2,gachot,1547.17
1992,2,grouillard,1426.83
1992,2,gugelmin,1441.43
1992,2,hakkinen,1665.07
1992,2,herbert,1732.58
1992,2,katayama,1583.29
1992,2,lehto,1597.0
1992,2,mansell,1949.25
1992,2,martini,1460.35
1992,2,michael_schumacher,1785.12
1992,2,modena,1510.81
1992,2,morbidelli,1472.36
1992,2,patrese,1993.43
1992,2,senna,1715.32
1992,2,tarquini,1456.03
1992,2,wendlinger,1214.38
1992,3,alboreto,1688.45
1992,3,alesi,1610.83
1992,3,berger,1565.25
1992,3,boutsen,1501.08
1992,3,brundle,1445.04
1992,3,capelli,1515.3
1992,3,cesaris,1469.03
1992,3,comas,1596.55
1992,3,fittipaldi,1458.28
1992,3,gachot,1435.92
1992,3,grouillard,1482.98
1992,3,gugelmin,1430.01
1992,3,hakkinen,1675.98
1992,3,herbert,1613.56
1992,3,katayama,1646.78
1992,3,lehto,1669.23
1992,3,mansell,2006.77
1992,3,martini,1407.0
1992,3,michael_schumacher,1861.69
1992,3,modena,1340.95
1992,3,morbidelli,1617.79
1992,3,patrese,2023.64
1992,3,senna,1490.72
1992,3,suzuki,1379.76
1992,3,tarquini,1549.89
1992,3,wendlinger,1395.13
1992,4,alboreto,1765.57
1992,4,alesi,1751.28
1992,4,belmondo,1553.21
1992,4,berger,1711.37
1992,4,boutsen,1369.94
1992,4,brundle,1322.51
1992,4,capelli,1592.3
1992,4,cesaris,1318.3
1992,4,chiesa,1408.98
1992,4,comas,1543.49
1992,4,fittipaldi,1547.31
1992,4,gachot,1445.22
1992,4,grouillard,1453.44
1992,4,gugelmin,1393.5
1992,4,hakkinen,1599.02
1992,4,herbert,1443.37
1992,4,lehto,1625.75
1992,4,mansell,2049.12
1992,4,martini,1598.98
1992,4,michael_schumacher,1923.74
1992,4,morbidelli,1506.1
1992,4,patrese,1684.87
1992,4,senna,1594.89
1992,4,suzuki,1568.53
1992,4,tarquini,1549.25
1992,4,wendlinger,1560.59
1992,5,alboreto,1811.07
1992,5,alesi,1624.58
1992,5,belmondo,1568.91
1992,5,berger,1588.88
1992,5,boutsen,1377.35
1992,5,brundle,1581.03
1992,5,capelli,1415.87
1992,5,cesaris,1426.12
1992,5,comas,1624.12
1992,5,fittipaldi,1376.81
1992,5,gachot,1436.49
1992,5,grouillard,1592.33
1992,5,gugelmin,1576.28
1992,5,herbert,1304.02
1992,5,katayama,1584.34
1992,5,lehto,1636.95
1992,5,mansell,2082.49
1992,5,martini,1701.17
1992,5,michael_schumacher,1604.25
1992,5,modena,1342.49
1992,5,morbidelli,1416.85
1992,5,patrese,1810.72
1992,5,senna,1744.36
1992,5,suzuki,1622.01
1992,5,tarquini,1422.83
1992,5,wendlinger,1588.04
1992,6,alboreto,1807.18
1992,6,alesi,1559.24
1992,6,berger,1571.1
1992,6,boutsen,1491.14
1992,6,brundle,1705.48
1992,6,capelli,1495.7
1992,6,cesaris,1389.91
1992,6,comas,1653.09
1992,6,fittipaldi,1550.79
1992,6,gachot,1612.14
1992,6,grouillard,1426.28
1992,6,gugelmin,1519.18
1992,6,hakkinen,1561.17
1992,6,herbert,1352.66
1992,6,lehto,1674.82
1992,6,mansell,2091.21
1992,6,martini,1432.51
1992,6,michael_schumacher,1733.22
1992,6,modena,1306.76
1992,6,morbidelli,1300.18
1992,6,moreno,1468.4
1992,6,patrese,1872.13
1992,6,senna,1858.1
1992,6,suzuki,1637.08
1992,6,tarquini,1370.93
1992,6,wendlinger,1408.35
1992,7,alboreto,1806.91
1992,7,alesi,1728.19
1992,7,belmondo,1560.97
1992,7,berger,1763.89
1992,7,boutsen,1585.48
1992,7,brundle,1601.09
1992,7,capelli,1399.04
1992,7,cesaris,1604.25
1992,7,comas,1731.76
1992,7,fittipaldi,1567.09
1992,7,gachot,1414.29
1992,7,grouillard,1517.34
1992,7,gugelmin,1382.69
1992,7,hakkinen,1467.37
1992,7,herbert,1335.65
1992,7,katayama,1553.49
1992,7,lehto,1698.29
1992,7,mansell,1716.01
1992,7,martini,1584.27
1992,7,michael_schumacher,1843.79
1992,7,modena,1342.18
1992,7,morbidelli,1463.21
1992,7,patrese,1678.63
1992,7,senna,1655.78
1992,7,tarquini,1264.4
1992,7,wendlinger,1630.44
1992,8,alboreto,1802.94
1992,8,alesi,1678.99
1992,8,berger,1554.82
1992,8,boutsen,1558.57
1992,8,brundle,1749.34
1992,8,capelli,1442.92
1992,8,cesaris,1599.35
1992,8,chiesa,1283.43
1992,8,comas,1791.18
1992,8,gachot,1322.47
1992,8,grouillard,1583.79
1992,8,gugelmin,1285.74
1992,8,hakkinen,1661.77
1992,8,herbert,1559.14
1992,8,katayama,1557.71
1992,8,lehto,1709.6
1992,8,mansell,1844.32
1992,8,martini,1634.29
1992,8,michael_schumacher,1611.37
1992,8,modena,1376.81
1992,8,morbidelli,1600.13
1992,8,patrese,1807.6
1992,8,senna,1467.12
1992,8,suzuki,1519.31
1992,8,tarquini,1262.87
1992,8,wendlinger,1548.93
1992,9,alboreto,1809.9
1992,9,alesi,1537.69
1992,9,berger,1702.82
1992,9,boutsen,1633.3
1992,9,brundle,1840.22
1992,9,capelli,1588.38
1992,9,cesaris,1513.33
1992,9,comas,1788.57
1992,9,damon_hill,1510.26
1992,9,gachot,1294.74
1992,9,grouillard,1631.11
1992,9,gugelmin,1290.05
1992,9,hakkinen,1745.16
1992,9,herbert,1409.07
1992,9,katayama,1375.91
1992,9,lehto,1665.06
1992,9,mansell,1929.55
1992,9,martini,1594.02
1992,9,michael_schumacher,1747.91
1992,9,modena,1363.73
1992,9,morbidelli,1545.6
1992,9,patrese,1890.64
1992,9,poele,1378.37
1992,9,senna,1461.44
1992,9,suzuki,1582.63
1992,9,tarquini,1408.51
1992,9,wendlinger,1387.7
1992,10,alboreto,1792.01
1992,10,alesi,1699.17
1992,10,belmondo,1597.59
1992,10,berger,1521.1
1992,10,boutsen,1722.18
1992,10,brundle,1887.5
1992,10,capelli,1493.36
1992,10,cesaris,1487.73
1992,10,comas,1824.22
1992,10,gachot,1434.38
1992,10,grouillard,1470.24
1992,10,gugelmin,1413.63
1992,10,hakkinen,1557.13
1992,10,herbert,1414.95
1992,10,katayama,1316.68
1992,10,lehto,1697.8
1992,10,mansell,1996.9
1992,10,martini,1645.64
1992,10,mccarthy,1336.69
1992,10,michael_schumacher,1845.66
1992,10,morbidelli,1605.14
1992,10,patrese,1855.37
1992,10,senna,1699.14
1992,10,suzuki,1412.38
1992,10,tarquini,1447.93
1992,10,wendlinger,1453.34
1992,10,zanardi,1403.77
1992,11,alboreto,1805.05
1992,11,alesi,1608.53
1992,11,belmondo,1662.06
1992,11,berger,1708.87
1992,11,boutsen,1501.33
1992,11,brundle,1898.84
1992,11,capelli,1649.7
1992,11,cesaris,1617.44
1992,11,comas,1540.0
1992,11,damon_hill,1582.46
1992,11,gachot,1451.12
1992,11,grouillard,1437.16
1992,11,gugelmin,1545.36
1992,11,hakkinen,1713.78
1992,11,herbert,1289.21
1992,11,katayama,1414.3
1992,11,mansell,2028.87
1992,11,martini,1613.0
1992,11,michael_schumacher,1754.0
1992,11,modena,1341.68
1992,11,patrese,1744.87
1992,11,poele,1332.64
1992,11,senna,1841.68
1992,11,suzuki,1421.62
1992,11,tarquini,1326.07
1992,11,wendlinger,1410.96
1992,12,alboreto,1565.6
1992,12,alesi,1450.56
1992,12,berger,1468.36
1992,12,boutsen,1457.82
1992,12,brundle,1926.84
1992,12,capelli,1518.18
1992,12,cesaris,1698.85
1992,12,comas,1352.06
1992,12,gachot,1447.66
1992,12,grouillard,1344.78
1992,12,gugelmin,1561.97
1992,12,hakkinen,1782.03
1992,12,herbert,1438.76
1992,12,katayama,1444.45
1992,12,lehto,1758.04
1992,12,mansell,2054.35
1992,12,martini,1405.27
1992,12,michael_schumacher,1877.92
1992,12,modena,1436.15
1992,12,morbidelli,1560.34
1992,12,naspetti,1571.27
1992,12,patrese,1843.49
1992,12,poele,1513.11
1992,12,senna,1874.03
1992,12,suzuki,1578.59
1992,12,tarquini,1328.77
1992,12,wendlinger,1539.76
1992,13,alboreto,1675.88
1992,13,alesi,1407.28
1992,13,berger,1663.71
1992,13,boutsen,1512.63
1992,13,brundle,1980.55
1992,13,capelli,1427.51
1992,13,cesaris,1767.62
1992,13,comas,1436.13
1992,13,gachot,1356.13
1992,13,grouillard,1396.64
1992,13,gugelmin,1596.61
1992,13,hakkinen,1517.18
1992,13,herbert,1433.29
1992,13,katayama,1577.2
1992,13,lehto,1720.66
1992,13,mansell,1878.49
1992,13,martini,1571.56
1992,13,michael_schumacher,1929.94
1992,13,morbidelli,1433.75
1992,13,naspetti,1488.53
1992,13,patrese,1873.26
1992,13,poele,1344.65
1992,13,senna,1959.21
1992,13,suzuki,1395.99
1992,13,tarquini,1404.78
1992,13,wendlinger,1613.67
1992,14,alboreto,1757.19
1992,14,alesi,1304.41
1992,14,berger,1808.4
1992,14,boutsen,1636.2
1992,14,brundle,1987.37
1992,14,capelli,1385.92
1992,14,cesaris,1765.67
1992,14,comas,1453.37
1992,14,fittipaldi,1604.16
1992,14,gachot,1307.59
1992,14,grouillard,1350.23
1992,14,gugelmin,1426.68
1992,14,hakkinen,1681.26
1992,14,herbert,1302.06
1992,14,katayama,1514.21
1992,14,lehto,1639.03
1992,14,mansell,1964.31
1992,14,martini,1482.03
1992,14,michael_schumacher,1900.62
1992,14,modena,1516.1
1992,14,morbidelli,1498.24
1992,14,naspetti,1576.76
1992,14,patrese,1659.56
1992,14,senna,1988.22
1992,14,suzuki,1540.97
1992,14,wendlinger,1566.1
1992,15,alboreto,1657.31
1992,15,alesi,1564.63
1992,15,berger,1903.84
1992,15,boutsen,1429.11
1992,15,brundle,2011.04
1992,15,cesaris,1847.04
1992,15,comas,1431.95
1992,15,fittipaldi,1719.47
1992,15,gachot,1362.78
1992,15,grouillard,1285.86
1992,15,gugelmin,1382.34
1992,15,hakkinen,1588.08
1992,15,herbert,1288.21
1992,15,katayama,1590.87
1992,15,lammers,1411.3
1992,15,larini,1487.64
1992,15,lehto,1691.18
1992,15,mansell,1764.72
1992,15,martini,1589.29
1992,15,michael_schumacher,1602.62
1992,15,modena,1654.65
1992,15,morbidelli,1533.3
1992,15,naspetti,1591.62
1992,15,patrese,1826.64
1992,15,senna,1603.5
1992,15,suzuki,1652.62
1992,16,alboreto,1460.46
1992,16,alesi,1726.23
1992,16,berger,1977.79
1992,16,boutsen,1636.39
1992,16,brundle,2022.4
1992,16,cesaris,1640.69
1992,16,comas,1356.44
1992,16,fittipaldi,1734.04
1992,16,gachot,1426.83
1992,16,grouillard,1212.34
1992,16,gugelmin,1344.85
1992,16,hakkinen,1692.54
1992,16,herbert,1430.27
1992,16,katayama,1521.33
1992,16,lammers,1520.19
1992,16,larini,1578.59
1992,16,lehto,1635.72
1992,16,mansell,1581.91
1992,16,martini,1409.71
1992,16,michael_schumacher,1774.66
1992,16,modena,1743.95
1992,16,morbidelli,1618.97
1992,16,naspetti,1568.45
1992,16,patrese,1660.46
1992,16,senna,1484.09
1992,16,suzuki,1712.28
1993,1,alboreto,1591.77
1993,1,alesi,1622.18
1993,1,alliot,1547.57
1993,1,andretti,1393.2
1993,1,badoer,1443.52
1993,1,barbazza,1474.6
1993,1,barrichello,1520.27
1993,1,berger,1941.77
1993,1,blundell,1661.21
1993,1,brundle,1940.01
1993,1,capelli,1311.08
1993,1,cesaris,1415.06
1993,1,comas,1518.61
1993,1,damon_hill,1470.17
1993,1,fittipaldi,1812.56
1993,1,herbert,1514.76
1993,1,katayama,1369.9
1993,1,lehto,1740.69
1993,1,michael_schumacher,1712.94
1993,1,patrese,1665.14
1993,1,prost,1897.55
1993,1,senna,1701.79
1993,1,suzuki,1567.93
1993,1,warwick,1625.8
1993,1,wendlinger,1570.42
1993,1,zanardi,1356.79
1993,2,alboreto,1629.41
1993,2,alesi,1692.23
1993,2,alliot,1668.05
1993,2,andretti,1343.84
1993,2,badoer,1534.42
1993,2,barbazza,1345.8
1993,2,barrichello,1449.99
1993,2,berger,1622.89
1993,2,blundell,1761.82
1993,2,brundle,1607.2
1993,2,cesaris,1470.96
1993,2,comas,1606.78
1993,2,damon_hill,1703.43
1993,2,fittipaldi,1652.07
1993,2,herbert,1697.86
1993,2,katayama,1381.33
1993,2,lehto,1659.45
1993,2,michael_schumacher,1822.45
1993,2,patrese,1508.88
1993,2,prost,1715.26
1993,2,senna,1847.83
1993,2,suzuki,1509.77
1993,2,warwick,1678.88
1993,2,wendlinger,1585.74
1993,2,zanardi,1579.86
1993,3,alboreto,1650.13
1993,3,alesi,1620.44
1993,3,alliot,1576.33
1993,3,andretti,1263.45
1993,3,barbazza,1575.1
1993,3,barrichello,1571.46
1993,3,berger,1509.41
1993,3,blundell,1595.16
1993,3,boutsen,1623.71
1993,3,brundle,1451.45
1993,3,cesaris,1520.94
1993,3,comas,1670.27
1993,3,damon_hill,1830.1
1993,3,fittipaldi,1724.61
1993,3,herbert,1797.74
1993,3,katayama,1341.1
1993,3,lehto,1512.18
1993,3,michael_schumacher,1641.52
1993,3,patrese,1681.49
1993,3,prost,1822.15
1993,3,senna,1933.04
1993,3,suzuki,1510.29
1993,3,warwick,1660.73
1993,3,wendlinger,1423.81
1993,3,zanardi,1671.54
1993,4,alesi,1615.04
1993,4,alliot,1711.71
1993,4,andretti,1380.17
1993,4,badoer,1658.98
1993,4,barbazza,1695.84
1993,4,barrichello,1461.98
1993,4,berger,1411.99
1993,4,blundell,1424.7
1993,4,boutsen,1455.67
1993,4,brundle,1676.07
1993,4,cesaris,1451.84
1993,4,comas,1545.35
1993,4,damon_hill,1643.5
1993,4,fittipaldi,1654.0
1993,4,herbert,1787.53
1993,4,katayama,1395.57
1993,4,lehto,1692.91
1993,4,michael_schumacher,1794.21
1993,4,patrese,1452.67
1993,4,prost,1917.25
1993,4,senna,1804.7
1993,4,suzuki,1617.23
1993,4,warwick,1587.56
1993,4,wendlinger,1539.61
1993,4,zanardi,1686.38
1993,5,alesi,1497.51
1993,5,alliot,1515.52
1993,5,andretti,1610.4
1993,5,badoer,1584.19
1993,5,barbazza,1522.72
1993,5,barrichello,1543.25
1993,5,berger,1611.02
1993,5,blundell,1601.36
1993,5,boutsen,1556.47
1993,5,brundle,1482.33
1993,5,cesaris,1444.03
1993,5,comas,1634.27
1993,5,damon_hill,1527.53
1993,5,fittipaldi,1706.23
1993,5,herbert,1505.11
1993,5,katayama,1313.54
1993,5,lehto,1616.61
1993,5,michael_schumacher,1868.81
1993,5,patrese,1665.61
1993,5,prost,1981.3
1993,5,senna,1890.29
1993,5,suzuki,1656.17
1993,5,warwick,1592.44
1993,5,wendlinger,1507.62
1993,5,zanardi,1628.12
1993,6,alboreto,1485.47
1993,6,alesi,1697.94
1993,6,alliot,1573.51
1993,6,andretti,1686.01
1993,6,barbazza,1593.19
1993,6,barrichello,1636.01
1993,6,berger,1590.79
1993,6,blundell,1411.82
1993,6,boutsen,1405.01
1993,6,brundle,1649.23
1993,6,cesaris,1567.95
1993,6,comas,1555.94
1993,6,damon_hill,1728.95
1993,6,fittipaldi,1783.6
1993,6,herbert,1520.34
1993,6,katayama,1312.61
1993,6,lehto,1452.63
1993,6,michael_schumacher,1632.34
1993,6,patrese,1587.09
1993,6,prost,1976.72
1993,6,senna,1962.24
1993,6,suzuki,1551.73
1993,6,warwick,1503.81
1993,6,wendlinger,1553.28
1993,6,zanardi,1710.19
1993,7,alesi,1512.22
1993,7,alliot,1398.27
1993,7,andretti,1633.41
1993,7,badoer,1565.34
1993,7,barbazza,1474.36
1993,7,barrichello,1447.19
1993,7,berger,1737.59
1993,7,blundell,1340.54
1993,7,boutsen,1515.76
1993,7,brundle,1754.48
1993,7,cesaris,1477.44
1993,7,comas,1657.52
1993,7,damon_hill,1830.07
1993,7,fittipaldi,1766.33
1993,7,herbert,1609.58
1993,7,katayama,1377.56
1993,7,lehto,1618.16
1993,7,michael_schumacher,1789.39
1993,7,patrese,1503.65
1993,7,prost,2028.01
1993,7,senna,1722.31
1993,7,suzuki,1578.93
1993,7,warwick,1506.81
1993,7,wendlinger,1687.78
1993,7,zanardi,1694.43
1993,8,alesi,1493.27
1993,8,alliot,1556.45
1993,8,andretti,1732.13
1993,8,badoer,1505.54
1993,8,barbazza,1373.35
1993,8,barrichello,1614.27
1993,8,berger,1660.98
1993,8,blundell,1326.66
1993,8,boutsen,1589.3
1993,8,brundle,1816.33
1993,8,cesaris,1505.96
1993,8,comas,1586.36
1993,8,damon_hill,1909.32
1993,8,fittipaldi,1775.53
1993,8,herbert,1463.74
1993,8,katayama,1297.22
1993,8,lehto,1502.32
1993,8,michael_schumacher,1867.99
1993,8,patrese,1598.73
1993,8,prost,2068.39
1993,8,senna,1812.22
1993,8,suzuki,1607.52
1993,8,warwick,1552.82
1993,8,wendlinger,1554.11
1993,8,zanardi,1456.61
1993,9,alesi,1606.12
1993,9,alliot,1609.33
1993,9,andretti,1495.1
1993,9,badoer,1458.08
1993,9,barrichello,1655.84
1993,9,berger,1489.96
1993,9,blundell,1545.15
1993,9,boutsen,1519.24
1993,9,brundle,1704.38
1993,9,cesaris,1521.05
1993,9,comas,1403.69
1993,9,damon_hill,1727.46
1993,9,fittipaldi,1714.02
1993,9,herbert,1667.21
1993,9,katayama,1431.88
1993,9,lehto,1626.94
1993,9,martini,1386.36
1993,9,michael_schumacher,1939.04
1993,9,patrese,1757.63
1993,9,prost,2104.88
1993,9,senna,1852.59
1993,9,suzuki,1446.29
1993,9,warwick,1687.28
1993,9,wendlinger,1449.99
1993,9,zanardi,1464.01
1993,10,alboreto,1501.05
1993,10,alesi,1702.17
1993,10,alliot,1629.53
1993,10,andretti,1392.93
1993,10,badoer,1355.12
1993,10,barrichello,1560.03
1993,10,berger,1654.12
1993,10,blundell,1725.98
1993,10,boutsen,1566.41
1993,10,brundle,1741.77
1993,10,cesaris,1372.9
1993,10,comas,1288.45
1993,10,damon_hill,1643.97
1993,10,fittipaldi,1700.64
1993,10,herbert,1689.8
1993,10,katayama,1424.69
1993,10,lehto,1512.75
1993,10,martini,1476.85
1993,10,michael_schumacher,1988.07
1993,10,patrese,1819.87
1993,10,prost,2134.69
1993,10,senna,1894.9
1993,10,suzuki,1382.81
1993,10,warwick,1591.33
1993,10,wendlinger,1588.11
1993,10,zanardi,1410.01
1993,11,alboreto,1491.29
1993,11,alesi,1520.26
1993,11,alliot,1706.34
1993,11,andretti,1304.11
1993,11,badoer,1375.81
1993,11,barrichello,1382.1
1993,11,berger,1795.61
1993,11,blundell,1775.09
1993,11,boutsen,1656.77
1993,11,brundle,1815.48
1993,11,cesaris,1517.11
1993,11,comas,1419.61
1993,11,damon_hill,1818.98
1993,11,fittipaldi,1534.75
1993,11,herbert,1574.98
1993,11,katayama,1563.34
1993,11,lehto,1405.17
1993,11,martini,1546.83
1993,11,michael_schumacher,1710.13
1993,11,patrese,1911.58
1993,11,prost,1959.31
1993,11,senna,1589.59
1993,11,suzuki,1441.81
1993,11,warwick,1744.75
1993,11,wendlinger,1713.39
1993,11,zanardi,1474.79
1993,12,alboreto,1536.97
1993,12,alesi,1390.27
1993,12,alliot,1685.14
1993,12,andretti,1522.27
1993,12,badoer,1488.77
1993,12,barrichello,1328.48
1993,12,berger,1764.66
1993,12,blundell,1738.08
1993,12,boutsen,1445.65
1993,12,brundle,1827.02
1993,12,cesaris,1473.06
1993,12,comas,1464.86
1993,12,damon_hill,1922.71
1993,12,fittipaldi,1466.14
1993,12,herbert,1717.34
1993,12,katayama,1559.77
1993,12,lehto,1563.98
1993,12,martini,1456.25
1993,12,michael_schumacher,1839.2
1993,12,patrese,1902.8
1993,12,prost,1986.2
1993,12,senna,1740.85
1993,12,suzuki,1381.51
1993,12,warwick,1623.14
1993,12,wendlinger,1591.71
1993,12,zanardi,1332.14
1993,13,alboreto,1548.85
1993,13,alesi,1667.82
1993,13,alliot,1719.0
1993,13,andretti,1723.38
1993,13,apicella,1355.97
1993,13,badoer,1600.12
1993,13,barrichello,1269.19
1993,13,berger,1622.25
1993,13,blundell,1623.23
1993,13,brundle,1624.93
1993,13,cesaris,1547.22
1993,13,comas,1649.9
1993,13,damon_hill,1997.54
1993,13,fittipaldi,1618.42
1993,13,herbert,1583.07
1993,13,katayama,1576.62
1993,13,lamy,1589.98
1993,13,lehto,1426.39
1993,13,martini,1629.24
1993,13,michael_schumacher,1692.27
1993,13,patrese,1915.19
1993,13,prost,1849.21
1993,13,senna,1565.85
1993,13,suzuki,1356.57
1993,13,warwick,1473.3
1993,13,wendlinger,1745.63
1993,14,alboreto,1482.67
1993,14,alesi,1791.65
1993,14,alliot,1727.89
1993,14,badoer,1602.15
1993,14,barrichello,1432.46
1993,14,berger,1504.42
1993,14,blundell,1537.11
1993,14,brundle,1739.73
1993,14,cesaris,1608.47
1993,14,comas,1676.92
1993,14,damon_hill,2014.34
1993,14,fittipaldi,1689.82
1993,14,hakkinen,1524.2
1993,14,herbert,1532.39
1993,14,katayama,1414.62
1993,14,lamy,1551.83
1993,14,lehto,1618.39
1993,14,martini,1710.49
1993,14,michael_schumacher,1846.12
1993,14,naspetti,1393.61
1993,14,patrese,1738.22
1993,14,prost,1927.32
1993,14,senna,1425.59
1993,14,suzuki,1322.45
1993,14,warwick,1519.49
1993,14,wendlinger,1820.44
1993,15,alesi,1539.3
1993,15,barrichello,1632.45
1993,15,berger,1499.86
1993,15,blundell,1657.83
1993,15,brundle,1739.23
1993,15,cesaris,1427.37
1993,15,comas,1508.47
1993,15,damon_hill,2005.87
1993,15,gounon,1462.08
1993,15,hakkinen,1711.24
1993,15,herbert,1595.53
1993,15,irvine,1653.49
1993,15,katayama,1395.34
1993,15,lamy,1573.28
1993,15,lehto,1686.55
1993,15,martini,1707.61
1993,15,michael_schumacher,1583.91
1993,15,patrese,1641.06
1993,15,prost,1975.94
1993,15,senna,1684.94
1993,15,suzuki,1373.57
1993,15,toshio_suzuki,1561.56
1993,15,warwick,1539.46
1993,15,wendlinger,1600.7
1993,16,alesi,1704.73
1993,16,barrichello,1647.28
1993,16,berger,1667.59
1993,16,blundell,1692.22
1993,16,brundle,1785.83
1993,16,cesaris,1503.13
1993,16,comas,1565.03
1993,16,damon_hill,2015.09
1993,16,gounon,1458.31
1993,16,hakkinen,1576.11
1993,16,herbert,1449.51
1993,16,irvine,1496.13
1993,16,katayama,1368.99
1993,16,lamy,1405.48
1993,16,lehto,1595.37
1993,16,martini,1492.42
1993,16,michael_schumacher,1493.31
1993,16,patrese,1698.09
1993,16,prost,2008.89
1993,16,senna,1827.48
1993,16,suzuki,1566.98
1993,16,toshio_suzuki,1560.36
1993,16,warwick,1612.99
1993,16,wendlinger,1565.33
1994,1,alboreto,1384.46
1994,1,alesi,1800.17
1994,1,barrichello,1752.1
1994,1,beretta,1346.04
1994,1,berger,1446.46
1994,1,bernard,1303.83
1994,1,blundell,1553.07
1994,1,brabham,1426.82
1994,1,brundle,1669.54
1994,1,comas,1629.36
1994,1,damon_hill,2032.21
1994,1,fittipaldi,1537.14
1994,1,frentzen,1425.77
1994,1,gachot,1289.0
1994,1,hakkinen,1448.46
1994,1,herbert,1600.0
1994,1,irvine,1503.04
1994,1,katayama,1587.71
1994,1,lamy,1530.78
1994,1,martini,1606.84
1994,1,michael_schumacher,1707.89
1994,1,morbidelli,1437.64
1994,1,panis,1564.17
1994,1,senna,1708.44
1994,1,verstappen,1489.07
1994,1,wendlinger,1675.97
1994,2,alboreto,1459.98
1994,2,barrichello,1826.83
1994,2,beretta,1312.38
1994,2,berger,1672.23
1994,2,bernard,1478.77
1994,2,blundell,1359.4
1994,2,brabham,1340.91
1994,2,brundle,1589.63
1994,2,comas,1709.83
1994,2,damon_hill,1756.04
1994,2,fittipaldi,1691.76
1994,2,frentzen,1618.79
1994,2,hakkinen,1387.91
1994,2,herbert,1679.7
1994,2,katayama,1475.28
1994,2,lamy,1629.21
1994,2,larini,1388.4
1994,2,martini,1543.35
1994,2,michael_schumacher,1831.22
1994,2,morbidelli,1518.69
1994,2,panis,1631.23
1994,2,ratzenberger,1566.38
1994,2,senna,1467.42
1994,2,suzuki,1480.61
1994,2,verstappen,1468.91
1994,2,wendlinger,1624.48
1994,3,alboreto,1496.5
1994,3,barrichello,1482.11
1994,3,beretta,1332.53
1994,3,berger,1499.85
1994,3,bernard,1551.32
1994,3,blundell,1534.61
1994,3,brabham,1385.01
1994,3,brundle,1665.97
1994,3,cesaris,1533.84
1994,3,comas,1486.66
1994,3,damon_hill,1784.35
1994,3,fittipaldi,1641.45
1994,3,frentzen,1695.39
1994,3,gachot,1336.86
1994,3,hakkinen,1635.27
1994,3,herbert,1680.6
1994,3,katayama,1650.5
1994,3,lamy,1417.68
1994,3,larini,1651.18
1994,3,lehto,1417.01
1994,3,martini,1506.0
1994,3,michael_schumacher,1913.02
1994,3,morbidelli,1509.61
1994,3,panis,1641.49
1994,3,ratzenberger,1371.92
1994,3,senna,1384.65
1994,3,wendlinger,1741.93
1994,4,alboreto,1653.5
1994,4,alesi,1833.05
1994,4,barrichello,1426.05
1994,4,belmondo,1628.11
1994,4,beretta,1535.41
1994,4,berger,1697.98
1994,4,bernard,1477.48
1994,4,blundell,1499.91
1994,4,brabham,1438.49
1994,4,brundle,1801.51
1994,4,cesaris,1700.47
1994,4,comas,1585.68
1994,4,damon_hill,1545.86
1994,4,fittipaldi,1585.49
1994,4,frentzen,1453.33
1994,4,gachot,1444.17
1994,4,hakkinen,1486.62
1994,4,herbert,1652.22
1994,4,katayama,1541.86
1994,4,lamy,1534.13
1994,4,lehto,1596.98
1994,4,martini,1375.3
1994,4,michael_schumacher,1973.73
1994,4,morbidelli,1394.02
1994,4,panis,1679.37
1994,4,wendlinger,1461.06
1994,5,alboreto,1448.36
1994,5,alesi,1866.36
1994,5,barrichello,1479.16
1994,5,belmondo,1421.16
1994,5,beretta,1360.55
1994,5,berger,1549.82
1994,5,bernard,1609.28
1994,5,blundell,1691.25
1994,5,brabham,1557.96
1994,5,brundle,1731.28
1994,5,comas,1447.08
1994,5,coulthard,1485.16
1994,5,damon_hill,1741.15
1994,5,fittipaldi,1542.08
1994,5,frentzen,1397.77
1994,5,gachot,1441.09
1994,5,hakkinen,1539.46
1994,5,herbert,1605.84
1994,5,irvine,1650.23
1994,5,katayama,1410.21
1994,5,lehto,1608.66
1994,5,martini,1601.14
1994,5,michael_schumacher,1999.81
1994,5,montermini,1326.14
1994,5,morbidelli,1383.59
1994,5,panis,1727.12
1994,5,zanardi,1519.6
1994,6,alboreto,1550.86
1994,6,alesi,1910.68
1994,6,barrichello,1625.97
1994,6,beretta,1392.62
1994,6,berger,1708.54
1994,6,bernard,1604.83
1994,6,blundell,1693.01
1994,6,brabham,1563.37
1994,6,brundle,1453.44
1994,6,cesaris,1470.71
1994,6,comas,1389.44
1994,6,coulthard,1658.98
1994,6,damon_hill,1845.07
1994,6,fittipaldi,1523.72
1994,6,frentzen,1295.44
1994,6,gachot,1403.25
1994,6,hakkinen,1506.55
1994,6,herbert,1677.3
1994,6,irvine,1460.79
1994,6,katayama,1351.55
1994,6,lehto,1709.5
1994,6,martini,1659.96
1994,6,michael_schumacher,2041.43
1994,6,morbidelli,1388.31
1994,6,panis,1681.17
1994,6,zanardi,1527.99
1994,7,alboreto,1374.66
1994,7,alesi,1733.53
1994,7,barrichello,1559.23
1994,7,beretta,1405.55
1994,7,berger,1808.35
1994,7,bernard,1533.29
1994,7,blundell,1687.97
1994,7,brabham,1430.94
1994,7,brundle,1421.86
1994,7,cesaris,1628.32
1994,7,comas,1511.04
1994,7,damon_hill,1911.93
1994,7,fittipaldi,1627.55
1994,7,frentzen,1562.38
1994,7,gounon,1577.55
1994,7,hakkinen,1540.26
1994,7,herbert,1726.2
1994,7,irvine,1343.77
1994,7,katayama,1473.55
1994,7,mansell,1564.02
1994,7,martini,1747.29
1994,7,michael_schumacher,2076.19
1994,7,morbidelli,1368.93
1994,7,panis,1505.96
1994,7,verstappen,1365.2
1994,7,zanardi,1346.38
1994,8,alboreto,1395.68
1994,8,alesi,1842.99
1994,8,barrichello,1710.46
1994,8,beretta,1475.09
1994,8,berger,1611.67
1994,8,bernard,1560.47
1994,8,blundell,1533.43
1994,8,brabham,1472.51
1994,8,brundle,1307.69
1994,8,cesaris,1471.08
1994,8,comas,1426.02
1994,8,coulthard,1751.44
1994,8,damon_hill,1978.69
1994,8,fittipaldi,1669.93
1994,8,frentzen,1666.55
1994,8,gounon,1534.61
1994,8,hakkinen,1715.17
1994,8,herbert,1695.04
1994,8,irvine,1242.26
1994,8,katayama,1633.67
1994,8,martini,1721.78
1994,8,michael_schumacher,1813.92
1994,8,morbidelli,1312.22
1994,8,panis,1561.71
1994,8,verstappen,1542.61
1994,8,zanardi,1280.15
1994,9,alboreto,1278.49
1994,9,alesi,1680.31
1994,9,barrichello,1528.85
1994,9,beretta,1620.69
1994,9,berger,1788.26
1994,9,bernard,1729.62
1994,9,blundell,1502.66
1994,9,brabham,1575.74
1994,9,brundle,1452.72
1994,9,cesaris,1373.98
1994,9,comas,1610.39
1994,9,coulthard,1676.46
1994,9,damon_hill,1901.57
1994,9,fittipaldi,1774.81
1994,9,frentzen,1540.35
1994,9,gounon,1624.47
1994,9,hakkinen,1580.17
1994,9,herbert,1505.98
1994,9,irvine,1282.74
1994,9,katayama,1583.29
1994,9,martini,1487.0
1994,9,michael_schumacher,1744.58
1994,9,morbidelli,1563.47
1994,9,panis,1745.52
1994,9,verstappen,1551.89
1994,9,zanardi,1222.83
1994,10,alboreto,1514.83
1994,10,alesi,1596.55
1994,10,alliot,1522.05
1994,10,barrichello,1354.51
1994,10,beretta,1671.07
1994,10,berger,1716.55
1994,10,bernard,1714.72
1994,10,blundell,1669.71
1994,10,brabham,1618.34
1994,10,brundle,1658.51
1994,10,cesaris,1367.33
1994,10,comas,1680.63
1994,10,coulthard,1609.51
1994,10,damon_hill,1952.17
1994,10,fittipaldi,1676.08
1994,10,frentzen,1492.79
1994,10,gounon,1454.9
1994,10,herbert,1458.38
1994,10,irvine,1225.24
1994,10,katayama,1418.03
1994,10,martini,1481.0
1994,10,michael_schumacher,1865.06
1994,10,morbidelli,1454.46
1994,10,panis,1787.48
1994,10,verstappen,1727.53
1994,10,zanardi,1387.16
1994,11,adams,1418.85
1994,11,alboreto,1617.01
1994,11,alesi,1389.05
1994,11,alliot,1399.12
1994,11,barrichello,1372.01
1994,11,berger,1513.47
1994,11,bernard,1707.76
1994,11,blundell,1760.65
1994,11,brabham,1563.03
1994,11,brundle,1550.82
1994,11,cesaris,1412.67
1994,11,comas,1446.83
1994,11,coulthard,1742.21
1994,11,damon_hill,2005.96
1994,11,fittipaldi,1607.67
1994,11,frentzen,1366.76
1994,11,gounon,1555.6
1994,11,hakkinen,1754.88
1994,11,herbert,1541.24
1994,11,irvine,1388.67
1994,11,katayama,1391.11
1994,11,martini,1614.8
1994,11,michael_schumacher,1725.85
1994,11,morbidelli,1629.51
1994,11,panis,1796.84
1994,11,verstappen,1824.17
1994,12,alboreto,1548.14
1994,12,alesi,1342.43
1994,12,barrichello,1612.3
1994,12,berger,1718.41
1994,12,bernard,1750.86
1994,12,blundell,1653.11
1994,12,brabham,1613.86
1994,12,brundle,1693.59
1994,12,cesaris,1406.51
1994,12,comas,1595.21
1994,12,coulthard,1785.43
1994,12,dalmas,1434.55
1994,12,damon_hill,2048.76
1994,12,fittipaldi,1604.85
1994,12,frentzen,1397.65
1994,12,gounon,1466.46
1994,12,hakkinen,1841.54
1994,12,herbert,1408.89
1994,12,irvine,1472.72
1994,12,katayama,1506.13
1994,12,lehto,1720.37
1994,12,martini,1562.32
1994,12,morbidelli,1406.15
1994,12,panis,1755.15
1994,12,verstappen,1537.36
1994,12,zanardi,1291.88
1994,13,adams,1456.86
1994,13,alboreto,1574.63
1994,13,alesi,1332.86
1994,13,barrichello,1746.7
1994,13,berger,1450.98
1994,13,bernard,1729.91
1994,13,blundell,1549.22
1994,13,brabham,1464.3
1994,13,brundle,1761.53
1994,13,cesaris,1388.6
1994,13,comas,1421.49
1994,13,coulthard,1877.68
1994,13,dalmas,1498.64
1994,13,damon_hill,2083.93
1994,13,fittipaldi,1681.92
1994,13,frentzen,1331.66
1994,13,gounon,1499.29
1994,13,hakkinen,1898.78
1994,13,herbert,1532.11
1994,13,irvine,1627.11
1994,13,katayama,1358.72
1994,13,lehto,1568.73
1994,13,martini,1597.45
1994,13,morbidelli,1560.67
1994,13,panis,1616.95
1994,13,verstappen,1690.88
1994,14,alboreto,1565.57
1994,14,alesi,1497.03
1994,14,barrichello,1687.96
1994,14,berger,1640.52
1994,14,bernard,1583.09
1994,14,blundell,1567.84
1994,14,brabham,1398.16
1994,14,brundle,1467.33
1994,14,cesaris,1338.68
1994,14,comas,1339.75
1994,14,damon_hill,2094.68
1994,14,fittipaldi,1572.74
1994,14,frentzen,1559.43
1994,14,hakkinen,1935.93
1994,14,herbert,1634.77
1994,14,irvine,1751.29
1994,14,katayama,1557.8
1994,14,mansell,1466.54
1994,14,martini,1562.03
1994,14,michael_schumacher,1850.67
1994,14,morbidelli,1602.79
1994,14,noda,1350.24
1994,14,panis,1664.81
1994,14,schiattarella,1449.63
1994,14,verstappen,1463.41
1994,14,zanardi,1379.45
1994,15,alboreto,1454.23
1994,15,alesi,1691.79
1994,15,barrichello,1611.09
1994,15,berger,1539.86
1994,15,blundell,1563.8
1994,15,brabham,1507.56
1994,15,brundle,1481.7
1994,15,comas,1521.94
1994,15,damon_hill,2122.95
1994,15,fittipaldi,1661.79
1994,15,frentzen,1681.7
1994,15,hakkinen,1893.71
1994,15,herbert,1473.59
1994,15,inoue,1372.23
1994,15,irvine,1805.08
1994,15,katayama,1418.91
1994,15,lagorce,1452.35
1994,15,lehto,1391.55
1994,15,mansell,1660.36
1994,15,martini,1468.28
1994,15,michael_schumacher,1918.88
1994,15,morbidelli,1535.79
1994,15,noda,1251.68
1994,15,panis,1663.05
1994,15,salo,1591.67
1994,15,zanardi,1480.49
1994,16,alboreto,1526.13
1994,16,alesi,1760.02
1994,16,barrichello,1744.75
1994,16,berger,1736.47
1994,16,blundell,1567.88
1994,16,brabham,1490.94
1994,16,brundle,1689.29
1994,16,damon_hill,1815.33
1994,16,deletraz,1518.68
1994,16,fittipaldi,1713.73
1994,16,frentzen,1739.5
1994,16,hakkinen,1781.48
1994,16,herbert,1329.02
1994,16,irvine,1515.72
1994,16,katayama,1365.77
1994,16,lagorce,1554.22
1994,16,lehto,1537.45
1994,16,mansell,1819.74
1994,16,martini,1595.61
1994,16,michael_schumacher,1664.25
1994,16,morbidelli,1394.54
1994,16,noda,1240.89
1994,16,panis,1758.74
1994,16,salo,1550.41
1994,16,schiattarella,1400.87
1994,16,zanardi,1460.09
1995,1,alesi,1809.62
1995,1,badoer,1591.13
1995,1,barrichello,1568.98
1995,1,berger,1825.22
1995,1,blundell,1686.17
1995,1,coulthard,1932.0
1995,1,damon_hill,1657.42
1995,1,diniz,1586.54
1995,1,frentzen,1482.56
1995,1,gachot,1406.91
1995,1,hakkinen,1837.72
1995,1,herbert,1382.03
1995,1,inoue,1485.18
1995,1,irvine,1402.04
1995,1,katayama,1336.95
1995,1,martini,1380.61
1995,1,michael_schumacher,1810.81
1995,1,montermini,1508.34
1995,1,morbidelli,1514.1
1995,1,moreno,1505.82
1995,1,panis,1477.62
1995,1,salo,1661.56
1995,1,schiattarella,1322.82
1995,1,suzuki,1608.89
1995,1,verstappen,1408.54
1995,1,wendlinger,1485.75
1995,2,alesi,1886.48
1995,2,badoer,1379.88
1995,2,barrichello,1510.13
1995,2,berger,1830.96
1995,2,blundell,1524.7
1995,2,coulthard,1674.82
1995,2,damon_hill,1806.64
1995,2,diniz,1628.43
1995,2,frentzen,1650.86
1995,2,gachot,1315.8
1995,2,hakkinen,1554.56
1995,2,herbert,1612.56
1995,2,inoue,1482.98
1995,2,irvine,1361.53
1995,2,katayama,1528.54
1995,2,martini,1459.57
1995,2,michael_schumacher,1871.84
1995,2,montermini,1401.85
1995,2,morbidelli,1513.83
1995,2,moreno,1571.02
1995,2,panis,1620.16
1995,2,salo,1637.3
1995,2,schiattarella,1503.86
1995,2,suzuki,1594.8
1995,2,verstappen,1410.27
1995,2,wendlinger,1341.95
1995,3,alesi,1941.62
1995,3,badoer,1464.14
1995,3,barrichello,1436.56
1995,3,berger,1888.63
1995,3,coulthard,1778.09
1995,3,damon_hill,1903.12
1995,3,diniz,1580.85
1995,3,frentzen,1733.78
1995,3,gachot,1360.49
1995,3,hakkinen,1695.62
1995,3,herbert,1697.67
1995,3,inoue,1338.8
1995,3,irvine,1545.27
1995,3,katayama,1429.98
1995,3,mansell,1767.07
1995,3,martini,1540.42
1995,3,michael_schumacher,1524.02
1995,3,montermini,1328.25
1995,3,morbidelli,1553.43
1995,3,moreno,1535.77
1995,3,panis,1669.81
1995,3,salo,1470.07
1995,3,schiattarella,1449.54
1995,3,suzuki,1627.85
1995,3,verstappen,1315.45
1995,3,wendlinger,1394.05
1995,4,alesi,1635.9
1995,4,badoer,1366.44
1995,4,barrichello,1603.91
1995,4,berger,1929.25
1995,4,brundle,1711.88
1995,4,coulthard,1626.8
1995,4,damon_hill,1923.45
1995,4,diniz,1397.54
1995,4,frentzen,1751.85
1995,4,gachot,1354.29
1995,4,hakkinen,1568.18
1995,4,herbert,1822.15
1995,4,inoue,1359.17
1995,4,irvine,1693.46
1995,4,katayama,1458.14
1995,4,mansell,1507.59
1995,4,martini,1550.24
1995,4,michael_schumacher,1736.59
1995,4,montermini,1235.83
1995,4,morbidelli,1607.15
1995,4,moreno,1434.64
1995,4,panis,1747.41
1995,4,salo,1578.29
1995,4,schiattarella,1485.52
1995,4,verstappen,1458.93
1995,4,wendlinger,1487.19
1995,5,alesi,1569.32
1995,5,badoer,1501.18
1995,5,barrichello,1585.1
1995,5,berger,1957.6
1995,5,blundell,1680.44
1995,5,boullion,1622.59
1995,5,brundle,1594.28
1995,5,coulthard,1467.1
1995,5,damon_hill,1969.47
1995,5,diniz,1535.43
1995,5,frentzen,1794.37
1995,5,gachot,1432.59
1995,5,hakkinen,1403.77
1995,5,herbert,1869.6
1995,5,inoue,1388.02
1995,5,irvine,1516.62
1995,5,katayama,1427.26
1995,5,martini,1665.47
1995,5,michael_schumacher,1859.24
1995,5,montermini,1274.74
1995,5,morbidelli,1665.37
1995,5,moreno,1348.06
1995,5,panis,1693.29
1995,5,salo,1586.88
1995,5,schiattarella,1325.75
1995,5,verstappen,1328.15
1995,6,alesi,1762.21
1995,6,badoer,1617.05
1995,6,barrichello,1755.73
1995,6,berger,1838.39
1995,6,blundell,1608.5
1995,6,boullion,1494.85
1995,6,brundle,1635.98
1995,6,coulthard,1371.78
1995,6,damon_hill,1794.82
1995,6,diniz,1463.35
1995,6,frentzen,1620.54
1995,6,gachot,1435.56
1995,6,hakkinen,1300.09
1995,6,herbert,1577.11
1995,6,inoue,1534.62
1995,6,irvine,1700.35
1995,6,katayama,1449.88
1995,6,martini,1646.8
1995,6,michael_schumacher,1875.99
1995,6,montermini,1265.58
1995,6,morbidelli,1741.61
1995,6,moreno,1448.14
1995,6,panis,1787.46
1995,6,salo,1681.4
1995,7,alesi,1812.41
1995,7,badoer,1605.24
1995,7,barrichello,1793.27
1995,7,berger,1745.62
1995,7,blundell,1630.06
1995,7,boullion,1455.03
1995,7,brundle,1752.67
1995,7,coulthard,1614.3
1995,7,damon_hill,1882.19
1995,7,diniz,1334.49
1995,7,frentzen,1652.42
1995,7,gachot,1402.98
1995,7,hakkinen,1510.54
1995,7,herbert,1451.25
1995,7,inoue,1410.87
1995,7,irvine,1712.86
1995,7,katayama,1344.17
1995,7,martini,1505.33
1995,7,michael_schumacher,1951.86
1995,7,montermini,1329.08
1995,7,morbidelli,1658.57
1995,7,moreno,1463.46
1995,7,panis,1778.99
1995,7,salo,1610.14
1995,8,alesi,1892.18
1995,8,badoer,1640.64
1995,8,barrichello,1731.87
1995,8,berger,1555.65
1995,8,blundell,1734.56
1995,8,boullion,1572.5
1995,8,brundle,1544.2
1995,8,coulthard,1755.33
1995,8,damon_hill,1720.1
1995,8,diniz,1269.3
1995,8,frentzen,1731.89
1995,8,gachot,1495.59
1995,8,hakkinen,1443.85
1995,8,herbert,1690.43
1995,8,inoue,1337.01
1995,8,irvine,1471.08
1995,8,katayama,1379.73
1995,8,martini,1632.91
1995,8,michael_schumacher,1779.4
1995,8,montermini,1351.63
1995,8,moreno,1513.82
1995,8,panis,1838.65
1995,8,papis,1490.99
1995,8,salo,1675.9
1995,9,alesi,1674.83
1995,9,badoer,1629.11
1995,9,barrichello,1629.58
1995,9,berger,1727.02
1995,9,blundell,1615.92
1995,9,boullion,1706.04
1995,9,coulthard,1857.61
1995,9,damon_hill,1511.57
1995,9,diniz,1263.42
1995,9,frentzen,1694.38
1995,9,hakkinen,1551.73
1995,9,herbert,1787.62
1995,9,inoue,1329.02
1995,9,irvine,1583.84
1995,9,katayama,1565.72
1995,9,lavaggi,1536.67
1995,9,martini,1518.61
1995,9,michael_schumacher,1887.78
1995,9,montermini,1531.59
1995,9,moreno,1527.71
1995,9,panis,1658.63
1995,9,papis,1355.05
1995,9,salo,1472.77
1995,9,suzuki,1721.09
1995,10,alesi,1534.2
1995,10,badoer,1684.8
1995,10,barrichello,1700.34
1995,10,berger,1816.44
1995,10,blundell,1552.58
1995,10,boullion,1696.24
1995,10,brundle,1546.43
1995,10,coulthard,1915.89
1995,10,damon_hill,1719.31
1995,10,diniz,1272.38
1995,10,frentzen,1767.49
1995,10,hakkinen,1381.09
1995,10,herbert,1838.73
1995,10,inoue,1298.38
1995,10,irvine,1584.2
1995,10,katayama,1509.36
1995,10,lamy,1616.69
1995,10,lavaggi,1389.56
1995,10,michael_schumacher,1788.55
1995,10,montermini,1571.51
1995,10,moreno,1401.45
1995,10,panis,1731.88
1995,10,papis,1368.72
1995,10,salo,1489.73
1995,11,alesi,1390.89
1995,11,badoer,1568.37
1995,11,barrichello,1758.9
1995,11,berger,1626.1
1995,11,blundell,1689.33
1995,11,boullion,1678.9
1995,11,brundle,1715.87
1995,11,coulthard,1616.29
1995,11,damon_hill,1833.73
1995,11,diniz,1395.84
1995,11,frentzen,1831.2
1995,11,hakkinen,1281.34
1995,11,herbert,1827.3
1995,11,inoue,1431.04
1995,11,irvine,1483.47
1995,11,katayama,1505.24
1995,11,lamy,1649.97
1995,11,lavaggi,1418.03
1995,11,michael_schumacher,1892.77
1995,11,montermini,1442.13
1995,11,moreno,1459.33
1995,11,panis,1730.55
1995,11,papis,1340.5
1995,11,salo,1608.83
1995,12,alesi,1500.11
1995,12,badoer,1536.35
1995,12,barrichello,1689.15
1995,12,berger,1583.26
1995,12,blundell,1782.22
1995,12,boullion,1745.01
1995,12,brundle,1541.2
1995,12,coulthard,1504.11
1995,12,damon_hill,1652.87
1995,12,diniz,1536.08
1995,12,frentzen,1885.84
1995,12,hakkinen,1576.33
1995,12,herbert,1917.31
1995,12,inoue,1572.89
1995,12,irvine,1521.56
1995,12,katayama,1581.06
1995,12,lamy,1473.07
1995,12,lavaggi,1361.21
1995,12,michael_schumacher,1703.02
1995,12,montermini,1341.38
1995,12,moreno,1333.65
1995,12,panis,1580.48
1995,12,papis,1537.45
1995,12,salo,1720.31
1995,13,alesi,1656.4
1995,13,badoer,1546.22
1995,13,barrichello,1673.18
1995,13,berger,1717.95
1995,13,blundell,1757.21
1995,13,boullion,1689.06
1995,13,brundle,1637.96
1995,13,coulthard,1717.35
1995,13,damon_hill,1772.59
1995,13,deletraz,1435.01
1995,13,diniz,1513.7
1995,13,frentzen,1868.87
1995,13,hakkinen,1483.07
1995,13,herbert,1874.72
1995,13,inoue,1549.86
1995,13,irvine,1597.67
1995,13,katayama,1418.69
1995,13,lamy,1375.41
1995,13,michael_schumacher,1817.28
1995,13,montermini,1363.48
1995,13,moreno,1376.92
1995,13,panis,1452.17
1995,13,papis,1378.05
1995,13,salo,1660.59
1995,14,alesi,1796.2
1995,14,badoer,1595.6
1995,14,barrichello,1775.76
1995,14,berger,1556.33
1995,14,blundell,1512.22
1995,14,boullion,1556.21
1995,14,brundle,1710.97
1995,14,coulthard,1817.03
1995,14,damon_hill,1634.82
1995,14,deletraz,1465.49
1995,14,diniz,1544.04
1995,14,frentzen,1606.14
1995,14,hakkinen,1608.89
1995,14,herbert,1884.25
1995,14,inoue,1385.79
1995,14,irvine,1703.94
1995,14,lamy,1530.07
1995,14,michael_schumacher,1911.1
1995,14,montermini,1390.44
1995,14,moreno,1349.36
1995,14,panis,1362.54
1995,14,papis,1483.16
1995,14,salo,1673.99
1995,14,tarquini,1465.13
1995,15,alesi,1832.95
1995,15,badoer,1557.45
1995,15,barrichello,1605.64
1995,15,berger,1706.44
1995,15,blundell,1606.63
1995,15,boullion,1404.6
1995,15,coulthard,1895.06
1995,15,damon_hill,1767.1
1995,15,diniz,1495.38
1995,15,frentzen,1692.14
1995,15,gachot,1353.35
1995,15,herbert,1874.39
1995,15,inoue,1356.0
1995,15,irvine,1681.34
1995,15,katayama,1474.75
1995,15,lamy,1554.74
1995,15,magnussen,1583.64
1995,15,michael_schumacher,1975.89
1995,15,montermini,1340.73
1995,15,morbidelli,1526.97
1995,15,moreno,1399.12
1995,15,panis,1536.99
1995,15,salo,1649.45
1995,15,suzuki,1509.03
1995,16,alesi,1676.86
1995,16,badoer,1633.53
1995,16,barrichello,1502.53
1995,16,berger,1572.91
1995,16,blundell,1691.81
1995,16,coulthard,1746.75
1995,16,damon_hill,1685.42
1995,16,diniz,1504.63
1995,16,frentzen,1725.27
1995,16,gachot,1319.06
1995,16,hakkinen,1768.47
1995,16,herbert,1920.15
1995,16,inoue,1467.27
1995,16,irvine,1782.18
1995,16,katayama,1412.08
1995,16,lamy,1599.6
1995,16,michael_schumacher,2027.27
1995,16,montermini,1379.25
1995,16,morbidelli,1388.84
1995,16,moreno,1330.09
1995,16,panis,1682.84
1995,16,salo,1731.8
1995,16,suzuki,1361.38
1995,16,wendlinger,1577.64
1995,17,alesi,1599.86
1995,17,badoer,1457.47
1995,17,barrichello,1469.59
1995,17,berger,1587.18
1995,17,blundell,1793.98
1995,17,brundle,1646.48
1995,17,coulthard,1586.19
1995,17,damon_hill,1838.36
1995,17,diniz,1642.34
1995,17,frentzen,1686.1
1995,17,gachot,1516.36
1995,17,hakkinen,1513.0
1995,17,herbert,1832.98
1995,17,inoue,1416.3
1995,17,irvine,1733.37
1995,17,katayama,1555.05
1995,17,lamy,1711.37
1995,17,michael_schumacher,1821.3
1995,17,montermini,1326.41
1995,17,morbidelli,1636.4
1995,17,moreno,1381.57
1995,17,panis,1821.47
1995,17,salo,1802.12
1995,17,wendlinger,1461.98
1996,1,alesi,1488.26
1996,1,barrichello,1461.54
1996,1,berger,1711.68
1996,1,brundle,1498.91
1996,1,coulthard,1516.05
1996,1,damon_hill,1919.83
1996,1,diniz,1649.18
1996,1,fisichella,1498.74
1996,1,frentzen,1708.62
1996,1,hakkinen,1650.29
1996,1,herbert,1591.92
1996,1,irvine,1817.3
1996,1,katayama,1580.65
1996,1,lamy,1656.85
1996,1,michael_schumacher,1707.19
1996,1,panis,1807.88
1996,1,rosset,1580.48
1996,1,salo,1811.08
1996,1,verstappen,1328.27
1996,1,villeneuve,1690.17
1996,2,alesi,1686.64
1996,2,badoer,1532.35
1996,2,barrichello,1500.54
1996,2,berger,1564.12
1996,2,brundle,1540.19
1996,2,coulthard,1500.69
1996,2,damon_hill,1979.0
1996,2,diniz,1693.11
1996,2,frentzen,1627.66
1996,2,hakkinen,1752.57
1996,2,herbert,1528.13
1996,2,irvine,1809.76
1996,2,katayama,1637.41
1996,2,lamy,1665.5
1996,2,marques,1371.39
1996,2,michael_schumacher,1802.78
1996,2,montermini,1312.36
1996,2,panis,1819.19
1996,2,rosset,1455.04
1996,2,salo,1836.71
1996,2,verstappen,1277.13
1996,2,villeneuve,1567.76
1996,3,alesi,1793.58
1996,3,badoer,1409.5
1996,3,barrichello,1666.73
1996,3,berger,1590.22
1996,3,brundle,1515.6
1996,3,coulthard,1618.35
1996,3,damon_hill,2026.8
1996,3,diniz,1551.73
1996,3,frentzen,1530.9
1996,3,hakkinen,1517.63
1996,3,herbert,1603.86
1996,3,irvine,1838.32
1996,3,katayama,1504.36
1996,3,lamy,1617.84
1996,3,marques,1394.85
1996,3,michael_schumacher,1714.03
1996,3,montermini,1454.42
1996,3,panis,1792.68
1996,3,rosset,1380.52
1996,3,salo,1702.92
1996,3,verstappen,1497.64
1996,3,villeneuve,1737.57
1996,4,alesi,1568.95
1996,4,barrichello,1746.17
1996,4,berger,1634.15
1996,4,brundle,1639.46
1996,4,coulthard,1746.07
1996,4,damon_hill,2008.04
1996,4,diniz,1594.65
1996,4,fisichella,1510.76
1996,4,frentzen,1479.33
1996,4,hakkinen,1607.57
1996,4,herbert,1675.6
1996,4,irvine,1611.28
1996,4,katayama,1480.65
1996,4,lamy,1598.96
1996,4,michael_schumacher,1820.89
1996,4,panis,1599.47
1996,4,rosset,1469.95
1996,4,salo,1615.22
1996,4,verstappen,1441.13
1996,4,villeneuve,1851.73
1996,5,alesi,1671.68
1996,5,badoer,1511.23
1996,5,barrichello,1793.94
1996,5,berger,1756.75
1996,5,brundle,1532.92
1996,5,coulthard,1645.62
1996,5,damon_hill,2046.57
1996,5,diniz,1670.76
1996,5,fisichella,1422.79
1996,5,frentzen,1421.19
1996,5,hakkinen,1662.38
1996,5,herbert,1502.23
1996,5,irvine,1727.29
1996,5,katayama,1506.93
1996,5,lamy,1641.37
1996,5,michael_schumacher,1891.56
1996,5,panis,1593.87
1996,5,rosset,1467.55
1996,5,salo,1451.2
1996,5,verstappen,1431.7
1996,5,villeneuve,1759.98
1996,6,alesi,1687.36
1996,6,badoer,1579.56
1996,6,barrichello,1614.32
1996,6,berger,1674.04
1996,6,brundle,1562.68
1996,6,coulthard,1784.11
1996,6,damon_hill,1897.84
1996,6,diniz,1609.62
1996,6,fisichella,1366.22
1996,6,frentzen,1619.37
1996,6,hakkinen,1727.41
1996,6,herbert,1683.82
1996,6,irvine,1750.54
1996,6,katayama,1482.45
1996,6,lamy,1513.5
1996,6,michael_schumacher,1687.26
1996,6,montermini,1349.72
1996,6,panis,1768.88
1996,6,rosset,1476.35
1996,6,salo,1620.43
1996,6,verstappen,1353.54
1996,6,villeneuve,1754.91
1996,7,alesi,1804.7
1996,7,barrichello,1663.2
1996,7,berger,1682.42
1996,7,brundle,1583.89
1996,7,coulthard,1598.94
1996,7,damon_hill,1753.39
1996,7,diniz,1694.92
1996,7,fisichella,1356.91
1996,7,frentzen,1732.34
1996,7,hakkinen,1781.75
1996,7,herbert,1672.19
1996,7,irvine,1629.53
1996,7,katayama,1485.89
1996,7,lamy,1402.86
1996,7,michael_schumacher,1820.42
1996,7,panis,1624.49
1996,7,rosset,1397.09
1996,7,salo,1601.54
1996,7,verstappen,1517.07
1996,7,villeneuve,1831.09
1996,8,alesi,1867.82
1996,8,badoer,1619.18
1996,8,barrichello,1572.8
1996,8,berger,1662.17
1996,8,brundle,1688.39
1996,8,coulthard,1727.47
1996,8,damon_hill,1865.5
1996,8,diniz,1606.45
1996,8,fisichella,1519.7
1996,8,frentzen,1577.32
1996,8,hakkinen,1821.25
1996,8,herbert,1723.82
1996,8,irvine,1450.56
1996,8,katayama,1383.65
1996,8,lamy,1531.01
1996,8,michael_schumacher,1727.45
1996,8,montermini,1366.22
1996,8,panis,1598.97
1996,8,rosset,1345.34
1996,8,salo,1569.73
1996,8,verstappen,1438.5
1996,8,villeneuve,1900.62
1996,9,alesi,1911.82
1996,9,badoer,1543.94
1996,9,barrichello,1633.7
1996,9,berger,1763.82
1996,9,brundle,1717.82
1996,9,coulthard,1773.41
1996,9,damon_hill,1942.01
1996,9,diniz,1520.3
1996,9,fisichella,1417.15
1996,9,frentzen,1553.96
1996,9,hakkinen,1848.1
1996,9,herbert,1654.83
1996,9,irvine,1392.34
1996,9,katayama,1418.53
1996,9,lamy,1558.43
1996,9,michael_schumacher,1501.92
1996,9,montermini,1301.64
1996,9,panis,1680.55
1996,9,rosset,1460.58
1996,9,salo,1615.64
1996,9,verstappen,1402.62
1996,9,villeneuve,1950.85
1996,10,alesi,1784.98
1996,10,barrichello,1740.84
1996,10,berger,1857.79
1996,10,brundle,1762.83
1996,10,coulthard,1815.13
1996,10,damon_hill,1753.68
1996,10,diniz,1505.31
1996,10,fisichella,1486.5
1996,10,frentzen,1626.07
1996,10,hakkinen,1899.14
1996,10,herbert,1672.81
1996,10,irvine,1333.56
1996,10,katayama,1370.32
1996,10,lamy,1497.69
1996,10,michael_schumacher,1389.17
1996,10,panis,1621.78
1996,10,rosset,1416.95
1996,10,salo,1681.66
1996,10,verstappen,1494.66
1996,10,villeneuve,2007.45
1996,11,alesi,1870.71
1996,11,barrichello,1775.44
1996,11,berger,1730.55
1996,11,brundle,1721.98
1996,11,coulthard,1841.13
1996,11,damon_hill,1865.83
1996,11,diniz,1453.16
1996,11,frentzen,1667.69
1996,11,hakkinen,1667.68
1996,11,herbert,1577.87
1996,11,irvine,1368.53
1996,11,katayama,1341.16
1996,11,lamy,1516.77
1996,11,michael_schumacher,1575.73
1996,11,panis,1681.78
1996,11,rosset,1480.2
1996,11,salo,1686.54
1996,11,verstappen,1393.79
1996,11,villeneuve,2015.32
1996,12,alesi,1914.21
1996,12,barrichello,1799.31
1996,12,berger,1682.47
1996,12,brundle,1557.36
1996,12,coulthard,1665.61
1996,12,damon_hill,1927.12
1996,12,diniz,1372.9
1996,12,frentzen,1627.18
1996,12,hakkinen,1762.23
1996,12,herbert,1555.16
1996,12,irvine,1402.03
1996,12,katayama,1503.09
1996,12,lamy,1481.5
1996,12,lavaggi,1464.59
1996,12,michael_schumacher,1620.59
1996,12,panis,1754.99
1996,12,rosset,1577.18
1996,12,salo,1501.38
1996,12,verstappen,1367.65
1996,12,villeneuve,2056.5
1996,13,alesi,1925.57
1996,13,barrichello,1670.59
1996,13,berger,1734.76
1996,13,brundle,1552.45
1996,13,coulthard,1637.66
1996,13,damon_hill,1918.39
1996,13,diniz,1377.59
1996,13,frentzen,1508.66
1996,13,hakkinen,1834.25
1996,13,herbert,1445.98
1996,13,irvine,1432.46
1996,13,katayama,1585.43
1996,13,lamy,1537.16
1996,13,michael_schumacher,1769.69
1996,13,panis,1553.94
1996,13,rosset,1615.93
1996,13,salo,1601.59
1996,13,verstappen,1355.0
1996,13,villeneuve,2071.37
1996,14,alesi,1970.25
1996,14,barrichello,1744.54
1996,14,berger,1564.88
1996,14,brundle,1686.14
1996,14,coulthard,1472.69
1996,14,damon_hill,1715.35
1996,14,diniz,1543.3
1996,14,frentzen,1476.22
1996,14,hakkinen,1887.29
1996,14,herbert,1538.15
1996,14,irvine,1479.19
1996,14,katayama,1608.1
1996,14,lamy,1527.64
1996,14,lavaggi,1416.16
1996,14,michael_schumacher,1874.29
1996,14,panis,1438.86
1996,14,rosset,1610.39
1996,14,salo,1550.3
1996,14,verstappen,1496.8
1996,14,villeneuve,1992.53
1996,15,alesi,1968.04
1996,15,barrichello,1535.26
1996,15,berger,1662.5
1996,15,brundle,1687.19
1996,15,coulthard,1488.99
1996,15,damon_hill,1820.03
1996,15,diniz,1431.16
1996,15,frentzen,1591.16
1996,15,hakkinen,1675.51
1996,15,herbert,1612.56
1996,15,irvine,1626.12
1996,15,katayama,1588.82
1996,15,lamy,1471.14
1996,15,lavaggi,1418.22
1996,15,michael_schumacher,1913.82
1996,15,panis,1518.38
1996,15,rosset,1556.26
1996,15,salo,1570.32
1996,15,verstappen,1419.8
1996,15,villeneuve,2037.78
1996,16,alesi,1693.2
1996,16,barrichello,1591.0
1996,16,berger,1754.42
1996,16,brundle,1754.0
1996,16,coulthard,1578.98
1996,16,damon_hill,1908.17
1996,16,diniz,1369.58
1996,16,frentzen,1677.2
1996,16,hakkinen,1778.98
1996,16,herbert,1622.25
1996,16,irvine,1560.95
1996,16,katayama,1521.11
1996,16,lamy,1498.14
1996,16,michael_schumacher,1959.76
1996,16,panis,1614.82
1996,16,rosset,1534.7
1996,16,salo,1478.52
1996,16,verstappen,1482.41
1996,16,villeneuve,1796.66
1997,1,alesi,1619.13
1997,1,barrichello,1611.11
1997,1,berger,1820.2
1997,1,coulthard,1758.26
1997,1,damon_hill,1608.36
1997,1,diniz,1498.4
1997,1,fisichella,1469.14
1997,1,frentzen,1710.1
1997,1,hakkinen,1851.05
1997,1,herbert,1463.01
1997,1,irvine,1445.3
1997,1,katayama,1506.45
1997,1,larini,1727.34
1997,1,magnussen,1573.8
1997,1,michael_schumacher,1992.48
1997,1,nakano,1625.16
1997,1,panis,1721.95
1997,1,ralf_schumacher,1442.17
1997,1,salo,1530.47
1997,1,trulli,1593.56
1997,1,verstappen,1449.26
1997,1,villeneuve,1592.6
1997,2,alesi,1707.06
1997,2,barrichello,1473.16
1997,2,berger,1891.68
1997,2,coulthard,1724.19
1997,2,damon_hill,1522.96
1997,2,diniz,1390.52
1997,2,fisichella,1586.57
1997,2,frentzen,1710.96
1997,2,hakkinen,1880.49
1997,2,herbert,1599.59
1997,2,irvine,1444.25
1997,2,katayama,1447.29
1997,2,larini,1690.66
1997,2,magnussen,1417.67
1997,2,michael_schumacher,1965.35
1997,2,nakano,1583.59
1997,2,panis,1812.06
1997,2,ralf_schumacher,1390.49
1997,2,salo,1545.72
1997,2,trulli,1598.35
1997,2,verstappen,1464.33
1997,2,villeneuve,1762.38
1997,3,alesi,1745.28
1997,3,barrichello,1425.58
1997,3,berger,1877.31
1997,3,coulthard,1506.91
1997,3,damon_hill,1488.88
1997,3,diniz,1478.71
1997,3,fisichella,1508.32
1997,3,frentzen,1529.15
1997,3,hakkinen,1885.53
1997,3,herbert,1725.43
1997,3,irvine,1667.81
1997,3,katayama,1461.62
1997,3,larini,1669.44
1997,3,magnussen,1528.62
1997,3,michael_schumacher,1663.06
1997,3,nakano,1575.06
1997,3,panis,1601.81
1997,3,ralf_schumacher,1619.16
1997,3,salo,1636.3
1997,3,trulli,1650.17
1997,3,verstappen,1489.42
1997,3,villeneuve,1875.76
1997,4,alesi,1795.02
1997,4,barrichello,1451.16
1997,4,berger,1625.0
1997,4,coulthard,1517.17
1997,4,damon_hill,1422.6
1997,4,diniz,1531.8
1997,4,fisichella,1673.18
1997,4,frentzen,1730.58
1997,4,hakkinen,1869.16
1997,4,herbert,1605.13
1997,4,irvine,1780.68
1997,4,katayama,1538.96
1997,4,larini,1721.29
1997,4,magnussen,1413.94
1997,4,michael_schumacher,1793.22
1997,4,nakano,1489.71
1997,4,panis,1667.53
1997,4,ralf_schumacher,1530.8
1997,4,salo,1671.13
1997,4,trulli,1465.69
1997,4,verstappen,1572.18
1997,4,villeneuve,1743.38
1997,5,alesi,1679.01
1997,5,barrichello,1671.33
1997,5,berger,1662.52
1997,5,coulthard,1440.22
1997,5,damon_hill,1348.89
1997,5,diniz,1398.36
1997,5,fisichella,1739.1
1997,5,frentzen,1690.08
1997,5,hakkinen,1621.4
1997,5,herbert,1525.13
1997,5,irvine,1850.42
1997,5,katayama,1597.93
1997,5,larini,1652.26
1997,5,magnussen,1573.41
1997,5,michael_schumacher,1891.35
1997,5,nakano,1537.99
1997,5,panis,1766.67
1997,5,ralf_schumacher,1499.78
1997,5,salo,1753.34
1997,5,trulli,1427.02
1997,5,verstappen,1648.64
1997,5,villeneuve,1634.48
1997,6,alesi,1788.33
1997,6,barrichello,1542.76
1997,6,berger,1669.41
1997,6,coulthard,1602.74
1997,6,damon_hill,1296.08
1997,6,diniz,1416.32
1997,6,fisichella,1728.82
1997,6,frentzen,1715.7
1997,6,hakkinen,1691.8
1997,6,herbert,1669.4
1997,6,irvine,1747.55
1997,6,katayama,1434.05
1997,6,magnussen,1573.16
1997,6,michael_schumacher,1907.88
1997,6,morbidelli,1592.44
1997,6,nakano,1435.14
1997,6,panis,1857.49
1997,6,ralf_schumacher,1461.44
1997,6,salo,1572.51
1997,6,trulli,1452.71
1997,6,verstappen,1645.85
1997,6,villeneuve,1791.85
1997,7,alesi,1872.23
1997,7,barrichello,1515.02
1997,7,coulthard,1679.93
1997,7,damon_hill,1461.06
1997,7,diniz,1554.42
1997,7,fisichella,1818.77
1997,7,frentzen,1795.18
1997,7,hakkinen,1515.11
1997,7,herbert,1751.8
1997,7,irvine,1530.46
1997,7,katayama,1397.98
1997,7,magnussen,1416.69
1997,7,michael_schumacher,1970.5
1997,7,morbidelli,1622.65
1997,7,nakano,1598.37
1997,7,panis,1764.24
1997,7,ralf_schumacher,1432.51
1997,7,salo,1581.26
1997,7,trulli,1444.85
1997,7,verstappen,1606.89
1997,7,villeneuve,1587.04
1997,7,wurz,1507.09
1997,8,alesi,1870.76
1997,8,barrichello,1454.41
1997,8,coulthard,1712.24
1997,8,damon_hill,1505.27
1997,8,diniz,1510.43
1997,8,fisichella,1768.18
1997,8,fontana,1462.48
1997,8,frentzen,1867.87
1997,8,hakkinen,1419.97
1997,8,herbert,1741.11
1997,8,irvine,1684.04
1997,8,katayama,1484.57
1997,8,magnussen,1378.44
1997,8,marques,1296.12
1997,8,michael_schumacher,2013.62
1997,8,nakano,1434.8
1997,8,ralf_schumacher,1581.52
1997,8,salo,1558.53
1997,8,trulli,1529.77
1997,8,verstappen,1455.89
1997,8,villeneuve,1702.37
1997,8,wurz,1499.61
1997,9,alesi,1924.82
1997,9,barrichello,1387.82
1997,9,coulthard,1785.16
1997,9,damon_hill,1628.99
1997,9,diniz,1403.71
1997,9,fisichella,1770.92
1997,9,fontana,1557.11
1997,9,frentzen,1592.4
1997,9,hakkinen,1479.74
1997,9,herbert,1582.07
1997,9,irvine,1581.38
1997,9,katayama,1356.46
1997,9,magnussen,1436.9
1997,9,marques,1437.23
1997,9,michael_schumacher,1740.18
1997,9,nakano,1505.8
1997,9,ralf_schumacher,1689.9
1997,9,salo,1493.86
1997,9,trulli,1612.85
1997,9,verstappen,1466.33
1997,9,villeneuve,1826.44
1997,9,wurz,1671.93
1997,10,alesi,1889.76
1997,10,barrichello,1464.22
1997,10,berger,1802.05
1997,10,coulthard,1575.78
1997,10,damon_hill,1669.34
1997,10,diniz,1372.43
1997,10,fisichella,1703.73
1997,10,fontana,1612.13
1997,10,frentzen,1451.85
1997,10,hakkinen,1657.84
1997,10,herbert,1494.99
1997,10,irvine,1429.04
1997,10,katayama,1377.12
1997,10,magnussen,1445.4
1997,10,marques,1326.36
1997,10,michael_schumacher,1831.35
1997,10,nakano,1614.01
1997,10,ralf_schumacher,1751.17
1997,10,salo,1510.56
1997,10,trulli,1720.48
1997,10,verstappen,1543.16
1997,10,villeneuve,1686.73
1997,11,alesi,1780.1
1997,11,barrichello,1392.33
1997,11,berger,1775.26
1997,11,coulthard,1541.86
1997,11,damon_hill,1787.21
1997,11,diniz,1386.25
1997,11,fisichella,1564.05
1997,11,frentzen,1402.37
1997,11,hakkinen,1487.32
1997,11,herbert,1665.91
1997,11,irvine,1538.07
1997,11,katayama,1489.03
1997,11,magnussen,1330.4
1997,11,marques,1424.78
1997,11,michael_schumacher,1858.92
1997,11,morbidelli,1451.44
1997,11,nakano,1692.28
1997,11,ralf_schumacher,1791.08
1997,11,salo,1520.58
1997,11,trulli,1740.29
1997,11,verstappen,1506.69
1997,11,villeneuve,1813.78
1997,12,alesi,1760.46
1997,12,barrichello,1314.34
1997,12,berger,1790.89
1997,12,coulthard,1440.7
1997,12,damon_hill,1679.13
1997,12,diniz,1542.21
1997,12,fisichella,1724.46
1997,12,frentzen,1611.42
1997,12,hakkinen,1457.66
1997,12,herbert,1753.32
1997,12,irvine,1584.36
1997,12,katayama,1490.59
1997,12,magnussen,1425.57
1997,12,marques,1353.22
1997,12,michael_schumacher,1930.61
1997,12,morbidelli,1550.21
1997,12,nakano,1473.04
1997,12,ralf_schumacher,1597.96
1997,12,salo,1557.89
1997,12,trulli,1618.56
1997,12,verstappen,1451.96
1997,12,villeneuve,1831.45
1997,13,alesi,1843.41
1997,13,barrichello,1399.25
1997,13,berger,1785.17
1997,13,coulthard,1660.9
1997,13,damon_hill,1582.1
1997,13,diniz,1387.35
1997,13,fisichella,1788.01
1997,13,frentzen,1733.65
1997,13,hakkinen,1554.96
1997,13,herbert,1592.79
1997,13,irvine,1645.49
1997,13,katayama,1374.19
1997,13,magnussen,1369.93
1997,13,marques,1406.36
1997,13,michael_schumacher,1895.26
1997,13,morbidelli,1560.27
1997,13,nakano,1531.77
1997,13,ralf_schumacher,1520.08
1997,13,salo,1465.96
1997,13,trulli,1632.56
1997,13,verstappen,1368.41
1997,13,villeneuve,1842.14
1997,14,alesi,1593.34
1997,14,barrichello,1434.08
1997,14,berger,1732.72
1997,14,coulthard,1783.13
1997,14,damon_hill,1659.28
1997,14,diniz,1444.27
1997,14,fisichella,1833.16
1997,14,frentzen,1813.59
1997,14,hakkinen,1411.99
1997,14,herbert,1649.64
1997,14,irvine,1494.53
1997,14,katayama,1471.37
1997,14,magnussen,1381.8
1997,14,marques,1304.17
1997,14,michael_schumacher,1872.18
1997,14,morbidelli,1614.46
1997,14,nakano,1462.92
1997,14,ralf_schumacher,1651.99
1997,14,salo,1406.9
1997,14,trulli,1555.29
1997,14,verstappen,1450.04
1997,14,villeneuve,1919.14
1997,15,alesi,1747.2
1997,15,barrichello,1475.69
1997,15,berger,1803.11
1997,15,coulthard,1664.6
1997,15,damon_hill,1693.61
1997,15,diniz,1611.49
1997,15,fisichella,1573.62
1997,15,frentzen,1871.47
1997,15,hakkinen,1479.52
1997,15,herbert,1703.69
1997,15,irvine,1462.35
1997,15,katayama,1380.66
1997,15,magnussen,1410.54
1997,15,marques,1290.17
1997,15,michael_schumacher,1649.49
1997,15,morbidelli,1651.23
1997,15,nakano,1426.09
1997,15,panis,1789.63
1997,15,ralf_schumacher,1454.38
1997,15,salo,1510.93
1997,15,verstappen,1520.08
1997,15,villeneuve,1979.41
1997,16,alesi,1791.92
1997,16,barrichello,1386.49
1997,16,berger,1778.72
1997,16,coulthard,1661.72
1997,16,damon_hill,1663.03
1997,16,diniz,1599.62
1997,16,fisichella,1655.82
1997,16,frentzen,1926.19
1997,16,hakkinen,1645.48
1997,16,herbert,1749.28
1997,16,irvine,1651.58
1997,16,katayama,1344.18
1997,16,magnussen,1327.54
1997,16,marques,1352.62
1997,16,michael_schumacher,1795.28
1997,16,morbidelli,1453.91
1997,16,nakano,1391.69
1997,16,panis,1620.42
1997,16,ralf_schumacher,1554.37
1997,16,salo,1476.07
1997,16,verstappen,1530.19
1997,16,villeneuve,1792.85
1997,17,alesi,1691.23
1997,17,barrichello,1314.7
1997,17,berger,1832.38
1997,17,coulthard,1790.03
1997,17,damon_hill,1515.7
1997,17,diniz,1427.84
1997,17,fisichella,1644.49
1997,17,fontana,1571.21
1997,17,frentzen,1898.19
1997,17,hakkinen,1795.8
1997,17,herbert,1751.35
1997,17,irvine,1738.58
1997,17,katayama,1354.5
1997,17,magnussen,1479.74
1997,17,marques,1395.76
1997,17,michael_schumacher,1606.78
1997,17,nakano,1503.29
1997,17,panis,1690.53
1997,17,ralf_schumacher,1436.76
1997,17,salo,1522.45
1997,17,verstappen,1488.79
1997,17,villeneuve,1857.09
1998,1,alesi,1668.23
1998,1,barrichello,1245.92
1998,1,coulthard,1870.81
1998,1,damon_hill,1611.57
1998,1,diniz,1394.19
1998,1,fisichella,1656.51
1998,1,frentzen,1929.17
1998,1,hakkinen,1890.47
1998,1,herbert,1784.68
1998,1,irvine,1807.03
1998,1,magnussen,1391.1
1998,1,michael_schumacher,1518.91
1998,1,nakano,1474.7
1998,1,panis,1699.37
1998,1,ralf_schumacher,1381.96
1998,1,rosset,1544.1
1998,1,salo,1520.13
1998,1,takagi,1386.0
1998,1,trulli,1572.79
1998,1,tuero,1489.77
1998,1,villeneuve,1868.33
1998,1,wurz,1720.71
1998,2,alesi,1688.93
1998,2,barrichello,1336.48
1998,2,coulthard,1932.72
1998,2,damon_hill,1605.69
1998,2,diniz,1385.66
1998,2,fisichella,1727.32
1998,2,frentzen,1922.57
1998,2,hakkinen,1963.08
1998,2,herbert,1726.54
1998,2,irvine,1791.19
1998,2,magnussen,1500.61
1998,2,michael_schumacher,1686.68
1998,2,nakano,1367.37
1998,2,panis,1642.2
1998,2,ralf_schumacher,1289.19
1998,2,rosset,1514.32
1998,2,salo,1429.66
1998,2,takagi,1362.22
1998,2,trulli,1444.5
1998,2,tuero,1464.06
1998,2,villeneuve,1847.15
1998,2,wurz,1798.35
1998,3,alesi,1765.81
1998,3,barrichello,1464.36
1998,3,coulthard,1911.65
1998,3,damon_hill,1666.96
1998,3,diniz,1290.91
1998,3,fisichella,1759.37
1998,3,frentzen,1853.35
1998,3,hakkinen,2002.35
1998,3,herbert,1571.7
1998,3,irvine,1864.61
1998,3,magnussen,1382.84
1998,3,michael_schumacher,1826.39
1998,3,nakano,1432.15
1998,3,panis,1569.93
1998,3,ralf_schumacher,1278.57
1998,3,rosset,1508.5
1998,3,salo,1355.53
1998,3,takagi,1446.52
1998,3,trulli,1517.24
1998,3,tuero,1444.08
1998,3,villeneuve,1660.48
1998,3,wurz,1853.18
1998,4,alesi,1801.23
1998,4,barrichello,1345.56
1998,4,coulthard,1983.12
1998,4,damon_hill,1668.6
1998,4,diniz,1329.82
1998,4,fisichella,1588.81
1998,4,frentzen,1875.11
1998,4,hakkinen,1759.41
1998,4,herbert,1446.83
1998,4,irvine,1916.43
1998,4,magnussen,1310.86
1998,4,michael_schumacher,1906.39
1998,4,nakano,1440.66
1998,4,panis,1593.1
1998,4,ralf_schumacher,1475.54
1998,4,rosset,1539.02
1998,4,salo,1491.66
1998,4,takagi,1483.78
1998,4,trulli,1510.26
1998,4,tuero,1565.32
1998,4,villeneuve,1765.19
1998,4,wurz,1629.77
1998,5,alesi,1747.75
1998,5,barrichello,1540.92
1998,5,coulthard,2014.9
1998,5,damon_hill,1543.74
1998,5,diniz,1261.8
1998,5,fisichella,1465.19
1998,5,frentzen,1830.65
1998,5,hakkinen,1869.61
1998,5,herbert,1573.91
1998,5,irvine,1680.92
1998,5,magnussen,1404.15
1998,5,michael_schumacher,1940.86
1998,5,nakano,1454.52
1998,5,panis,1514.81
1998,5,ralf_schumacher,1529.35
1998,5,salo,1388.38
1998,5,takagi,1499.04
1998,5,trulli,1582.58
1998,5,tuero,1514.66
1998,5,villeneuve,1791.43
1998,5,wurz,1738.27
1998,6,alesi,1676.57
1998,6,barrichello,1439.45
1998,6,coulthard,1746.05
1998,6,damon_hill,1618.48
1998,6,diniz,1474.56
1998,6,fisichella,1668.38
1998,6,frentzen,1592.73
1998,6,hakkinen,1946.89
1998,6,herbert,1652.94
1998,6,irvine,1785.8
1998,6,magnussen,1385.98
1998,6,michael_schumacher,1836.64
1998,6,nakano,1547.89
1998,6,panis,1505.19
1998,6,ralf_schumacher,1496.82
1998,6,salo,1589.13
1998,6,takagi,1544.24
1998,6,trulli,1562.21
1998,6,tuero,1390.9
1998,6,villeneuve,1823.33
1998,6,wurz,1603.27
1998,7,alesi,1510.31
1998,7,barrichello,1617.23
1998,7,coulthard,1628.06
1998,7,damon_hill,1605.19
1998,7,diniz,1571.63
1998,7,fisichella,1795.29
1998,7,frentzen,1558.04
1998,7,hakkinen,1700.13
1998,7,herbert,1560.56
1998,7,irvine,1852.9
1998,7,magnussen,1568.75
1998,7,michael_schumacher,1918.81
1998,7,nakano,1645.79
1998,7,panis,1525.22
1998,7,ralf_schumacher,1425.9
1998,7,rosset,1624.72
1998,7,salo,1509.14
1998,7,takagi,1402.79
1998,7,trulli,1430.35
1998,7,tuero,1490.94
1998,7,villeneuve,1757.5
1998,7,wurz,1727.22
1998,8,alesi,1622.97
1998,8,barrichello,1638.53
1998,8,coulthard,1707.12
1998,8,damon_hill,1446.31
1998,8,diniz,1546.55
1998,8,fisichella,1758.51
1998,8,frentzen,1522.46
1998,8,hakkinen,1795.45
1998,8,herbert,1635.97
1998,8,irvine,1911.1
1998,8,michael_schumacher,1974.81
1998,8,nakano,1538.24
1998,8,panis,1569.83
1998,8,ralf_schumacher,1427.26
1998,8,rosset,1440.87
1998,8,salo,1527.14
1998,8,takagi,1378.59
1998,8,trulli,1377.87
1998,8,tuero,1397.15
1998,8,verstappen,1532.03
1998,8,villeneuve,1815.98
1998,8,wurz,1781.75
1998,9,alesi,1638.94
1998,9,barrichello,1599.46
1998,9,coulthard,1606.94
1998,9,damon_hill,1332.91
1998,9,diniz,1577.81
1998,9,fisichella,1804.46
1998,9,frentzen,1396.94
1998,9,hakkinen,1875.61
1998,9,herbert,1496.55
1998,9,irvine,1940.62
1998,9,michael_schumacher,2022.34
1998,9,nakano,1622.11
1998,9,panis,1575.29
1998,9,ralf_schumacher,1585.65
1998,9,rosset,1416.07
1998,9,salo,1416.84
1998,9,takagi,1508.51
1998,9,trulli,1394.14
1998,9,tuero,1370.71
1998,9,verstappen,1521.09
1998,9,villeneuve,1808.17
1998,9,wurz,1835.34
1998,10,alesi,1549.24
1998,10,barrichello,1492.22
1998,10,coulthard,1753.09
1998,10,damon_hill,1510.54
1998,10,diniz,1463.16
1998,10,fisichella,1663.66
1998,10,frentzen,1387.16
1998,10,hakkinen,1951.19
1998,10,herbert,1594.54
1998,10,irvine,1948.37
1998,10,michael_schumacher,2027.42
1998,10,nakano,1622.05
1998,10,panis,1427.17
1998,10,ralf_schumacher,1696.63
1998,10,rosset,1481.89
1998,10,salo,1348.51
1998,10,takagi,1370.62
1998,10,trulli,1501.22
1998,10,tuero,1419.2
1998,10,verstappen,1528.51
1998,10,villeneuve,1822.08
1998,10,wurz,1788.03
1998,11,alesi,1588.67
1998,11,barrichello,1400.7
1998,11,coulthard,1847.04
1998,11,damon_hill,1656.32
1998,11,diniz,1347.47
1998,11,fisichella,1708.22
1998,11,frentzen,1503.44
1998,11,hakkinen,2007.78
1998,11,herbert,1496.75
1998,11,irvine,1883.29
1998,11,michael_schumacher,1995.43
1998,11,nakano,1496.91
1998,11,panis,1427.62
1998,11,ralf_schumacher,1745.52
1998,11,salo,1393.94
1998,11,takagi,1426.78
1998,11,trulli,1527.5
1998,11,tuero,1404.77
1998,11,verstappen,1405.9
1998,11,villeneuve,1878.64
1998,11,wurz,1721.94
1998,12,alesi,1662.31
1998,12,barrichello,1375.46
1998,12,coulthard,1915.69
1998,12,damon_hill,1753.24
1998,12,diniz,1443.86
1998,12,fisichella,1722.22
1998,12,frentzen,1638.34
1998,12,hakkinen,1964.07
1998,12,herbert,1557.42
1998,12,irvine,1622.28
1998,12,michael_schumacher,2044.0
1998,12,nakano,1470.0
1998,12,panis,1478.59
1998,12,ralf_schumacher,1730.09
1998,12,salo,1335.63
1998,12,takagi,1442.92
1998,12,trulli,1438.51
1998,12,tuero,1309.5
1998,12,verstappen,1447.04
1998,12,villeneuve,1921.77
1998,12,wurz,1591.65
1998,13,alesi,1777.1
1998,13,barrichello,1340.67
1998,13,coulthard,1877.45
1998,13,damon_hill,1869.38
1998,13,diniz,1607.92
1998,13,fisichella,1715.58
1998,13,frentzen,1745.68
1998,13,hakkinen,1753.45
1998,13,herbert,1472.47
1998,13,irvine,1624.99
1998,13,michael_schumacher,1918.48
1998,13,nakano,1577.0
1998,13,panis,1389.11
1998,13,ralf_schumacher,1837.55
1998,13,rosset,1355.0
1998,13,salo,1277.15
1998,13,takagi,1467.2
1998,13,trulli,1587.87
1998,13,tuero,1412.64
1998,13,verstappen,1452.4
1998,13,villeneuve,1777.88
1998,13,wurz,1509.52
1998,14,alesi,1819.94
1998,14,barrichello,1468.71
1998,14,coulthard,1658.27
1998,14,damon_hill,1864.71
1998,14,diniz,1430.35
1998,14,fisichella,1734.36
1998,14,frentzen,1768.92
1998,14,hakkinen,1820.63
1998,14,herbert,1366.01
1998,14,irvine,1769.78
1998,14,michael_schumacher,1983.11
1998,14,nakano,1446.52
1998,14,panis,1347.58
1998,14,ralf_schumacher,1892.26
1998,14,rosset,1442.82
1998,14,salo,1322.54
1998,14,takagi,1566.47
1998,14,trulli,1570.01
1998,14,tuero,1497.42
1998,14,verstappen,1471.01
1998,14,villeneuve,1649.64
1998,14,wurz,1455.44
1998,15,alesi,1764.84
1998,15,barrichello,1533.53
1998,15,coulthard,1774.84
1998,15,damon_hill,1809.68
1998,15,diniz,1320.8
1998,15,fisichella,1776.08
1998,15,frentzen,1814.34
1998,15,hakkinen,1913.54
1998,15,herbert,1331.73
1998,15,irvine,1830.97
1998,15,michael_schumacher,2015.13
1998,15,nakano,1449.69
1998,15,panis,1439.06
1998,15,ralf_schumacher,1668.07
1998,15,rosset,1363.59
1998,15,salo,1387.24
1998,15,takagi,1505.96
1998,15,trulli,1424.18
1998,15,tuero,1447.46
1998,15,verstappen,1500.16
1998,15,villeneuve,1689.62
1998,15,wurz,1586.01
1998,16,alesi,1778.9
1998,16,barrichello,1464.33
1998,16,coulthard,1850.54
1998,16,damon_hill,1857.75
1998,16,diniz,1252.52
1998,16,fisichella,1770.03
1998,16,frentzen,1844.62
1998,16,hakkinen,1981.02
1998,16,herbert,1451.51
1998,16,irvine,1905.37
1998,16,michael_schumacher,1823.05
1998,16,nakano,1477.01
1998,16,panis,1505.02
1998,16,ralf_schumacher,1494.34
1998,16,salo,1334.33
1998,16,takagi,1481.77
1998,16,trulli,1477.93
1998,16,tuero,1426.89
1998,16,verstappen,1426.07
1998,16,villeneuve,1746.55
1998,16,wurz,1633.36
1999,1,alesi,1559.54
1999,1,badoer,1603.94
1999,1,barrichello,1637.89
1999,1,coulthard,1648.19
1999,1,damon_hill,1620.73
1999,1,diniz,1384.6
1999,1,fisichella,1839.37
1999,1,frentzen,1921.94
1999,1,gene,1526.61
1999,1,hakkinen,1765.15
1999,1,herbert,1351.4
1999,1,irvine,1980.35
1999,1,michael_schumacher,1804.17
1999,1,panis,1495.11
1999,1,ralf_schumacher,1687.05
1999,1,rosa,1642.54
1999,1,takagi,1614.92
1999,1,trulli,1496.17
1999,1,villeneuve,1571.84
1999,1,wurz,1639.71
1999,1,zanardi,1436.7
1999,1,zonta,1594.72
1999,2,alesi,1486.21
1999,2,barrichello,1599.17
1999,2,coulthard,1521.86
1999,2,damon_hill,1453.05
1999,2,diniz,1426.4
1999,2,fisichella,1685.84
1999,2,frentzen,1948.63
1999,2,gene,1599.15
1999,2,hakkinen,1871.5
1999,2,herbert,1299.62
1999,2,irvine,1957.69
1999,2,michael_schumacher,1881.92
1999,2,panis,1628.19
1999,2,ralf_schumacher,1775.2
1999,2,rosa,1652.22
1999,2,sarrazin,1467.26
1999,2,takagi,1668.58
1999,2,trulli,1413.8
1999,2,villeneuve,1593.91
1999,2,wurz,1699.52
1999,2,zanardi,1494.28
1999,3,alesi,1631.04
1999,3,badoer,1664.97
1999,3,barrichello,1745.02
1999,3,coulthard,1715.58
1999,3,damon_hill,1643.14
1999,3,diniz,1493.73
1999,3,fisichella,1763.67
1999,3,frentzen,1757.52
1999,3,gene,1646.22
1999,3,hakkinen,1659.81
1999,3,herbert,1448.53
1999,3,irvine,1779.37
1999,3,michael_schumacher,1958.67
1999,3,panis,1593.98
1999,3,ralf_schumacher,1618.57
1999,3,rosa,1519.16
1999,3,salo,1521.72
1999,3,takagi,1573.87
1999,3,trulli,1326.17
1999,3,villeneuve,1453.74
1999,3,wurz,1529.27
1999,3,zanardi,1551.22
1999,4,alesi,1634.01
1999,4,badoer,1486.54
1999,4,barrichello,1730.72
1999,4,coulthard,1632.78
1999,4,damon_hill,1458.24
1999,4,diniz,1539.67
1999,4,fisichella,1808.76
1999,4,frentzen,1820.19
1999,4,gene,1492.29
1999,4,hakkinen,1776.16
1999,4,herbert,1412.28
1999,4,irvine,1865.4
1999,4,michael_schumacher,2007.26
1999,4,panis,1580.35
1999,4,ralf_schumacher,1642.72
1999,4,rosa,1436.99
1999,4,salo,1507.63
1999,4,takagi,1520.67
1999,4,trulli,1517.78
1999,4,villeneuve,1433.33
1999,4,wurz,1656.25
1999,4,zanardi,1634.96
1999,5,alesi,1518.69
1999,5,badoer,1517.32
1999,5,barrichello,1506.07
1999,5,coulthard,1773.81
1999,5,damon_hill,1597.28
1999,5,diniz,1513.8
1999,5,fisichella,1771.07
1999,5,frentzen,1640.34
1999,5,gene,1387.05
1999,5,hakkinen,1880.23
1999,5,herbert,1420.53
1999,5,irvine,1893.04
1999,5,michael_schumacher,2012.82
1999,5,panis,1455.76
1999,5,ralf_schumacher,1737.16
1999,5,rosa,1521.77
1999,5,salo,1609.57
1999,5,takagi,1554.02
1999,5,trulli,1648.49
1999,5,villeneuve,1468.22
1999,5,wurz,1664.9
1999,5,zanardi,1503.05
1999,6,alesi,1419.27
1999,6,badoer,1581.06
1999,6,barrichello,1445.76
1999,6,coulthard,1782.69
1999,6,damon_hill,1515.03
1999,6,diniz,1643.43
1999,6,fisichella,1862.14
1999,6,frentzen,1635.75
1999,6,gene,1537.86
1999,6,hakkinen,1953.49
1999,6,herbert,1605.16
1999,6,irvine,1929.62
1999,6,michael_schumacher,1800.86
1999,6,panis,1561.8
1999,6,ralf_schumacher,1809.79
1999,6,rosa,1488.44
1999,6,takagi,1553.7
1999,6,trulli,1476.62
1999,6,villeneuve,1487.22
1999,6,wurz,1469.6
1999,6,zanardi,1540.88
1999,6,zonta,1479.96
1999,7,alesi,1391.28
1999,7,badoer,1619.49
1999,7,barrichello,1646.39
1999,7,coulthard,1585.05
1999,7,damon_hill,1534.6
1999,7,diniz,1490.74
1999,7,fisichella,1753.98
1999,7,frentzen,1789.43
1999,7,gene,1479.95
1999,7,hakkinen,1989.82
1999,7,herbert,1452.81
1999,7,irvine,1903.75
1999,7,michael_schumacher,1832.27
1999,7,panis,1641.07
1999,7,ralf_schumacher,1853.87
1999,7,rosa,1549.65
1999,7,takagi,1406.44
1999,7,trulli,1607.74
1999,7,villeneuve,1484.74
1999,7,wurz,1456.95
1999,7,zanardi,1532.88
1999,7,zonta,1577.26
1999,8,alesi,1442.35
1999,8,badoer,1477.41
1999,8,barrichello,1692.06
1999,8,coulthard,1761.17
1999,8,damon_hill,1673.98
1999,8,diniz,1632.0
1999,8,fisichella,1771.72
1999,8,frentzen,1844.0
1999,8,gene,1478.95
1999,8,hakkinen,1730.72
1999,8,herbert,1513.71
1999,8,irvine,1953.83
1999,8,michael_schumacher,1564.13
1999,8,panis,1606.04
1999,8,ralf_schumacher,1902.64
1999,8,rosa,1420.68
1999,8,takagi,1416.41
1999,8,trulli,1653.92
1999,8,villeneuve,1416.2
1999,8,wurz,1549.88
1999,8,zanardi,1577.6
1999,8,zonta,1500.74
1999,9,alesi,1424.81
1999,9,badoer,1513.79
1999,9,barrichello,1587.45
1999,9,coulthard,1857.16
1999,9,damon_hill,1708.93
1999,9,diniz,1715.6
1999,9,fisichella,1700.96
1999,9,frentzen,1879.67
1999,9,gene,1546.59
1999,9,hakkinen,1822.16
1999,9,herbert,1518.4
1999,9,irvine,2007.42
1999,9,panis,1637.54
1999,9,ralf_schumacher,1604.51
1999,9,rosa,1393.15
1999,9,salo,1655.58
1999,9,takagi,1336.83
1999,9,trulli,1712.8
1999,9,villeneuve,1355.02
1999,9,wurz,1683.02
1999,9,zanardi,1470.54
1999,9,zonta,1493.65
1999,10,alesi,1562.36
1999,10,badoer,1582.5
1999,10,barrichello,1460.23
1999,10,coulthard,1873.21
1999,10,damon_hill,1577.12
1999,10,diniz,1498.01
1999,10,fisichella,1541.06
1999,10,frentzen,1921.77
1999,10,gene,1618.32
1999,10,hakkinen,1713.0
1999,10,herbert,1568.5
1999,10,irvine,2050.66
1999,10,panis,1720.47
1999,10,ralf_schumacher,1730.68
1999,10,rosa,1475.15
1999,10,salo,1791.38
1999,10,takagi,1370.22
1999,10,trulli,1563.59
1999,10,villeneuve,1297.36
1999,10,wurz,1731.78
1999,10,zanardi,1490.79
1999,10,zonta,1487.41
1999,11,alesi,1512.2
1999,11,badoer,1557.84
1999,11,barrichello,1625.21
1999,11,coulthard,1932.94
1999,11,damon_hill,1679.89
1999,11,diniz,1386.25
1999,11,fisichella,1447.86
1999,11,frentzen,1935.86
1999,11,gene,1528.41
1999,11,hakkinen,1839.46
1999,11,herbert,1597.6
1999,11,irvine,2050.38
1999,11,panis,1703.64
1999,11,ralf_schumacher,1725.43
1999,11,rosa,1476.81
1999,11,salo,1714.28
1999,11,takagi,1322.21
1999,11,trulli,1640.83
1999,11,villeneuve,1307.96
1999,11,wurz,1758.48
1999,11,zanardi,1364.2
1999,11,zonta,1517.88
1999,12,alesi,1593.14
1999,12,badoer,1472.31
1999,12,barrichello,1645.83
1999,12,coulthard,1997.5
1999,12,damon_hill,1746.04
1999,12,diniz,1312.78
1999,12,fisichella,1520.58
1999,12,frentzen,1965.9
1999,12,gene,1488.76
1999,12,hakkinen,1913.17
1999,12,herbert,1462.11
1999,12,irvine,2035.95
1999,12,panis,1643.73
1999,12,ralf_schumacher,1790.92
1999,12,rosa,1439.92
1999,12,salo,1751.73
1999,12,takagi,1249.98
1999,12,trulli,1621.81
1999,12,villeneuve,1364.3
1999,12,wurz,1661.16
1999,12,zanardi,1516.82
1999,12,zonta,1431.14
1999,13,alesi,1642.45
1999,13,badoer,1419.01
1999,13,barrichello,1754.22
1999,13,coulthard,1979.59
1999,13,damon_hill,1721.62
1999,13,diniz,1278.83
1999,13,fisichella,1396.91
1999,13,frentzen,2026.29
1999,13,gene,1359.76
1999,13,hakkinen,1740.97
1999,13,herbert,1513.81
1999,13,irvine,1991.77
1999,13,panis,1642.09
1999,13,ralf_schumacher,1882.93
1999,13,rosa,1464.1
1999,13,salo,1839.93
1999,13,takagi,1355.23
1999,13,trulli,1544.77
1999,13,villeneuve,1515.16
1999,13,wurz,1516.62
1999,13,zanardi,1629.03
1999,13,zonta,1410.5
1999,14,alesi,1541.79
1999,14,badoer,1505.38
1999,14,barrichello,1842.06
1999,14,coulthard,1765.79
1999,14,damon_hill,1541.34
1999,14,diniz,1224.87
1999,14,fisichella,1456.48
1999,14,frentzen,1764.04
1999,14,gene,1548.7
1999,14,hakkinen,1802.03
1999,14,herbert,1721.43
1999,14,irvine,1938.3
1999,14,panis,1674.61
1999,14,ralf_schumacher,1913.15
1999,14,rosa,1516.07
1999,14,salo,1708.9
1999,14,takagi,1396.42
1999,14,trulli,1724.44
1999,14,villeneuve,1581.7
1999,14,wurz,1404.16
1999,14,zanardi,1504.01
1999,14,zonta,1549.87
1999,15,alesi,1647.63
1999,15,badoer,1489.99
1999,15,barrichello,1861.79
1999,15,coulthard,1624.23
1999,15,damon_hill,1413.86
1999,15,diniz,1342.62
1999,15,fisichella,1529.81
1999,15,frentzen,1796.12
1999,15,gene,1617.93
1999,15,hakkinen,1867.46
1999,15,herbert,1800.14
1999,15,irvine,1996.63
1999,15,michael_schumacher,1734.42
1999,15,panis,1506.88
1999,15,ralf_schumacher,1698.37
1999,15,rosa,1513.25
1999,15,takagi,1375.72
1999,15,trulli,1501.68
1999,15,villeneuve,1586.8
1999,15,wurz,1548.26
1999,15,zanardi,1575.12
1999,15,zonta,1452.08
1999,16,alesi,1721.04
1999,16,badoer,1463.59
1999,16,barrichello,1824.75
1999,16,coulthard,1525.95
1999,16,damon_hill,1366.43
1999,16,diniz,1457.53
1999,16,fisichella,1522.08
1999,16,frentzen,1846.44
1999,16,gene,1506.13
1999,16,hakkinen,1943.28
1999,16,herbert,1800.37
1999,16,irvine,2005.37
1999,16,michael_schumacher,1836.17
1999,16,panis,1406.37
1999,16,ralf_schumacher,1768.04
1999,16,rosa,1528.9
1999,16,takagi,1410.02
1999,16,trulli,1385.89
1999,16,villeneuve,1640.1
1999,16,wurz,1601.11
1999,16,zanardi,1412.38
1999,16,zonta,1508.89
2000,1,alesi,1609.9
2000,1,barrichello,1909.74
2000,1,button,1566.61
2000,1,coulthard,1449.78
2000,1,diniz,1523.94
2000,1,fisichella,1677.78
2000,1,frentzen,1717.02
2000,1,gene,1619.21
2000,1,hakkinen,1726.62
2000,1,heidfeld,1598.78
2000,1,herbert,1557.81
2000,1,irvine,1696.17
2000,1,mazzacane,1532.1
2000,1,michael_schumacher,1933.3
2000,1,ralf_schumacher,1857.37
2000,1,rosa,1434.0
2000,1,salo,1703.82
2000,1,trulli,1428.99
2000,1,verstappen,1405.94
2000,1,villeneuve,1763.58
2000,1,wurz,1691.11
2000,1,zonta,1653.44
2000,2,alesi,1518.92
2000,2,barrichello,1737.03
2000,2,button,1687.17
2000,2,coulthard,1536.56
2000,2,diniz,1419.27
2000,2,fisichella,1812.57
2000,2,frentzen,1820.71
2000,2,gene,1600.11
2000,2,hakkinen,1644.34
2000,2,heidfeld,1495.96
2000,2,herbert,1581.98
2000,2,irvine,1597.93
2000,2,mazzacane,1601.29
2000,2,michael_schumacher,1995.46
2000,2,ralf_schumacher,1875.47
2000,2,rosa,1576.8
2000,2,salo,1503.88
2000,2,trulli,1638.07
2000,2,verstappen,1577.42
2000,2,villeneuve,1619.75
2000,2,wurz,1530.59
2000,2,zonta,1685.69
2000,3,alesi,1466.67
2000,3,barrichello,1814.88
2000,3,button,1526.39
2000,3,coulthard,1715.0
2000,3,diniz,1569.01
2000,3,fisichella,1743.94
2000,3,frentzen,1566.85
2000,3,gene,1461.97
2000,3,hakkinen,1791.91
2000,3,heidfeld,1435.32
2000,3,herbert,1628.72
2000,3,irvine,1687.34
2000,3,mazzacane,1593.78
2000,3,michael_schumacher,2041.13
2000,3,ralf_schumacher,1682.48
2000,3,rosa,1531.12
2000,3,salo,1650.78
2000,3,trulli,1581.36
2000,3,verstappen,1564.18
2000,3,villeneuve,1731.75
2000,3,wurz,1616.31
2000,3,zonta,1656.13
2000,4,alesi,1565.05
2000,4,barrichello,1596.68
2000,4,button,1677.95
2000,4,coulthard,1845.63
2000,4,diniz,1607.37
2000,4,fisichella,1771.24
2000,4,frentzen,1508.93
2000,4,gene,1496.65
2000,4,hakkinen,1878.88
2000,4,heidfeld,1412.55
2000,4,herbert,1624.76
2000,4,irvine,1641.7
2000,4,mazzacane,1556.14
2000,4,michael_schumacher,2041.24
2000,4,ralf_schumacher,1783.26
2000,4,rosa,1421.47
2000,4,salo,1702.28
2000,4,trulli,1693.27
2000,4,verstappen,1423.41
2000,4,villeneuve,1616.88
2000,4,wurz,1667.18
2000,4,zonta,1524.49
2000,5,alesi,1454.86
2000,5,barrichello,1744.77
2000,5,button,1570.56
2000,5,coulthard,1917.43
2000,5,diniz,1444.29
2000,5,fisichella,1756.76
2000,5,frentzen,1649.71
2000,5,gene,1516.77
2000,5,hakkinen,1956.51
2000,5,heidfeld,1429.73
2000,5,herbert,1608.29
2000,5,irvine,1649.48
2000,5,mazzacane,1535.03
2000,5,michael_schumacher,2008.28
2000,5,ralf_schumacher,1843.73
2000,5,rosa,1348.18
2000,5,salo,1747.82
2000,5,trulli,1663.39
2000,5,verstappen,1402.22
2000,5,villeneuve,1501.67
2000,5,wurz,1679.97
2000,5,zonta,1627.53
2000,6,alesi,1562.28
2000,6,barrichello,1823.09
2000,6,button,1615.52
2000,6,coulthard,1955.09
2000,6,diniz,1589.77
2000,6,fisichella,1814.91
2000,6,frentzen,1497.43
2000,6,gene,1518.0
2000,6,hakkinen,1999.98
2000,6,herbert,1621.55
2000,6,irvine,1562.59
2000,6,mazzacane,1628.18
2000,6,michael_schumacher,2056.17
2000,6,ralf_schumacher,1643.44
2000,6,rosa,1546.27
2000,6,salo,1570.68
2000,6,trulli,1488.77
2000,6,verstappen,1393.46
2000,6,villeneuve,1491.4
2000,6,wurz,1647.93
2000,6,zonta,1600.77
2000,7,alesi,1502.05
2000,7,barrichello,1904.44
2000,7,button,1466.18
2000,7,coulthard,2016.37
2000,7,diniz,1534.51
2000,7,fisichella,1882.85
2000,7,frentzen,1576.77
2000,7,gene,1442.65
2000,7,hakkinen,1962.24
2000,7,heidfeld,1568.9
2000,7,herbert,1665.21
2000,7,irvine,1708.74
2000,7,mazzacane,1523.38
2000,7,michael_schumacher,1894.59
2000,7,ralf_schumacher,1598.65
2000,7,rosa,1408.98
2000,7,salo,1697.77
2000,7,trulli,1492.27
2000,7,verstappen,1496.93
2000,7,villeneuve,1622.31
2000,7,wurz,1501.06
2000,7,zonta,1590.14
2000,8,alesi,1430.98
2000,8,barrichello,1962.37
2000,8,button,1542.39
2000,8,coulthard,1957.55
2000,8,diniz,1599.67
2000,8,fisichella,1930.57
2000,8,frentzen,1441.13
2000,8,gene,1446.12
2000,8,hakkinen,1971.14
2000,8,heidfeld,1453.47
2000,8,herbert,1475.41
2000,8,irvine,1651.97
2000,8,mazzacane,1559.58
2000,8,michael_schumacher,1971.76
2000,8,ralf_schumacher,1571.96
2000,8,rosa,1406.85
2000,8,salo,1561.36
2000,8,trulli,1636.27
2000,8,verstappen,1655.36
2000,8,villeneuve,1569.48
2000,8,wurz,1596.41
2000,8,zonta,1665.2
2000,9,alesi,1471.06
2000,9,barrichello,1990.67
2000,9,button,1633.81
2000,9,coulthard,2020.67
2000,9,diniz,1621.69
2000,9,fisichella,1861.21
2000,9,frentzen,1589.75
2000,9,gene,1462.79
2000,9,hakkinen,2014.0
2000,9,heidfeld,1518.22
2000,9,herbert,1380.86
2000,9,irvine,1618.97
2000,9,mazzacane,1465.54
2000,9,michael_schumacher,1764.7
2000,9,ralf_schumacher,1699.97
2000,9,rosa,1405.99
2000,9,salo,1615.34
2000,9,trulli,1722.99
2000,9,verstappen,1504.46
2000,9,villeneuve,1714.41
2000,9,wurz,1503.84
2000,9,zonta,1476.04
2000,10,alesi,1459.24
2000,10,barrichello,2010.55
2000,10,burti,1560.27
2000,10,button,1738.15
2000,10,coulthard,2050.63
2000,10,diniz,1664.52
2000,10,fisichella,1586.28
2000,10,frentzen,1476.71
2000,10,gene,1587.34
2000,10,hakkinen,2062.61
2000,10,heidfeld,1504.52
2000,10,herbert,1554.8
2000,10,mazzacane,1522.83
2000,10,michael_schumacher,1561.06
2000,10,ralf_schumacher,1626.12
2000,10,rosa,1401.15
2000,10,salo,1711.27
2000,10,trulli,1521.35
2000,10,verstappen,1443.83
2000,10,villeneuve,1803.57
2000,10,wurz,1579.28
2000,10,zonta,1511.93
2000,11,alesi,1401.72
2000,11,barrichello,2059.79
2000,11,button,1815.19
2000,11,coulthard,2056.97
2000,11,diniz,1539.06
2000,11,fisichella,1426.27
2000,11,frentzen,1513.1
2000,11,gene,1527.18
2000,11,hakkinen,2084.06
2000,11,heidfeld,1546.5
2000,11,herbert,1441.75
2000,11,irvine,1646.22
2000,11,mazzacane,1573.86
2000,11,michael_schumacher,1428.46
2000,11,ralf_schumacher,1696.95
2000,11,rosa,1578.87
2000,11,salo,1782.32
2000,11,trulli,1604.93
2000,11,verstappen,1475.99
2000,11,villeneuve,1791.72
2000,11,wurz,1506.12
2000,11,zonta,1499.71
2000,12,alesi,1310.47
2000,12,barrichello,2048.37
2000,12,button,1783.29
2000,12,coulthard,2063.59
2000,12,diniz,1449.7
2000,12,fisichella,1362.28
2000,12,frentzen,1642.87
2000,12,gene,1510.28
2000,12,hakkinen,2122.42
2000,12,heidfeld,1419.14
2000,12,herbert,1407.39
2000,12,irvine,1692.18
2000,12,mazzacane,1504.85
2000,12,michael_schumacher,1647.75
2000,12,ralf_schumacher,1772.77
2000,12,rosa,1524.33
2000,12,salo,1746.31
2000,12,trulli,1682.74
2000,12,verstappen,1513.27
2000,12,villeneuve,1719.18
2000,12,wurz,1562.9
2000,12,zonta,1510.65
2000,13,alesi,1300.79
2000,13,barrichello,1783.93
2000,13,button,1833.59
2000,13,coulthard,2052.96
2000,13,diniz,1528.6
2000,13,fisichella,1299.91
2000,13,frentzen,1727.71
2000,13,gene,1515.7
2000,13,hakkinen,2155.63
2000,13,heidfeld,1356.64
2000,13,herbert,1549.38
2000,13,irvine,1693.42
2000,13,mazzacane,1461.21
2000,13,michael_schumacher,1790.87
2000,13,ralf_schumacher,1857.21
2000,13,rosa,1490.25
2000,13,salo,1742.86
2000,13,trulli,1482.12
2000,13,verstappen,1500.51
2000,13,villeneuve,1759.57
2000,13,wurz,1564.48
2000,13,zonta,1549.4
2000,14,alesi,1414.69
2000,14,barrichello,1627.55
2000,14,button,1691.04
2000,14,coulthard,1786.09
2000,14,diniz,1628.55
2000,14,fisichella,1432.66
2000,14,frentzen,1547.23
2000,14,gene,1604.1
2000,14,hakkinen,2163.96
2000,14,heidfeld,1433.61
2000,14,herbert,1505.92
2000,14,irvine,1493.53
2000,14,mazzacane,1554.09
2000,14,michael_schumacher,1903.62
2000,14,ralf_schumacher,1918.3
2000,14,rosa,1390.5
2000,14,salo,1774.75
2000,14,trulli,1419.25
2000,14,verstappen,1675.47
2000,14,villeneuve,1661.24
2000,14,wurz,1698.04
2000,14,zonta,1672.52
2000,15,alesi,1478.67
2000,15,barrichello,1782.89
2000,15,button,1513.22
2000,15,coulthard,1832.27
2000,15,diniz,1688.55
2000,15,fisichella,1422.4
2000,15,frentzen,1718.92
2000,15,gene,1608.49
2000,15,hakkinen,1847.2
2000,15,heidfeld,1556.86
2000,15,herbert,1567.94
2000,15,irvine,1625.82
2000,15,mazzacane,1545.38
2000,15,michael_schumacher,1979.27
2000,15,ralf_schumacher,1744.42
2000,15,rosa,1413.49
2000,15,salo,1576.18
2000,15,trulli,1332.39
2000,15,verstappen,1548.51
2000,15,villeneuve,1770.96
2000,15,wurz,1695.71
2000,15,zonta,1747.19
2000,16,alesi,1385.51
2000,16,barrichello,1846.09
2000,16,button,1668.2
2000,16,coulthard,1893.5
2000,16,diniz,1676.54
2000,16,fisichella,1466.91
2000,16,frentzen,1542.1
2000,16,gene,1544.0
2000,16,hakkinen,1919.17
2000,16,heidfeld,1482.13
2000,16,herbert,1669.73
2000,16,irvine,1687.48
2000,16,mazzacane,1524.08
2000,16,michael_schumacher,2030.02
2000,16,ralf_schumacher,1605.32
2000,16,rosa,1497.56
2000,16,salo,1627.7
2000,16,trulli,1426.46
2000,16,verstappen,1410.31
2000,16,villeneuve,1805.97
2000,16,wurz,1544.96
2000,16,zonta,1742.98
2000,17,alesi,1491.19
2000,17,barrichello,1903.99
2000,17,button,1544.39
2000,17,coulthard,1953.2
2000,17,diniz,1480.73
2000,17,fisichella,1576.15
2000,17,frentzen,1454.9
2000,17,gene,1488.99
2000,17,hakkinen,1938.69
2000,17,heidfeld,1383.62
2000,17,herbert,1609.86
2000,17,irvine,1756.04
2000,17,mazzacane,1541.01
2000,17,michael_schumacher,2072.55
2000,17,ralf_schumacher,1541.34
2000,17,rosa,1410.82
2000,17,salo,1687.85
2000,17,trulli,1499.15
2000,17,verstappen,1524.36
2000,17,villeneuve,1846.11
2000,17,wurz,1654.81
2000,17,zonta,1636.98
2001,1,alesi,1573.38
2001,1,alonso,1531.61
2001,1,barrichello,1941.01
2001,1,bernoldi,1385.6
2001,1,burti,1630.08
2001,1,button,1524.92
2001,1,coulthard,1994.78
2001,1,fisichella,1559.49
2001,1,frentzen,1616.94
2001,1,hakkinen,1714.35
2001,1,heidfeld,1590.94
2001,1,irvine,1699.58
2001,1,marques,1339.02
2001,1,mazzacane,1392.48
2001,1,michael_schumacher,2107.03
2001,1,montoya,1482.56
2001,1,panis,1555.44
2001,1,raikkonen,1627.43
2001,1,ralf_schumacher,1459.44
2001,1,trulli,1465.19
2001,1,verstappen,1576.52
2001,1,villeneuve,1621.31
2001,2,alesi,1624.19
2001,2,alonso,1534.66
2001,2,barrichello,1981.88
2001,2,bernoldi,1362.71
2001,2,burti,1641.55
2001,2,button,1564.64
2001,2,coulthard,2006.55
2001,2,fisichella,1516.39
2001,2,frentzen,1729.59
2001,2,hakkinen,1757.41
2001,2,heidfeld,1502.3
2001,2,irvine,1513.09
2001,2,marques,1400.64
2001,2,mazzacane,1469.04
2001,2,michael_schumacher,2134.11
2001,2,montoya,1404.63
2001,2,panis,1414.74
2001,2,raikkonen,1439.32
2001,2,ralf_schumacher,1620.18
2001,2,trulli,1577.27
2001,2,verstappen,1658.51
2001,2,villeneuve,1535.72
2001,3,alesi,1669.93
2001,3,alonso,1437.63
2001,3,barrichello,1670.85
2001,3,bernoldi,1314.43
2001,3,burti,1514.8
2001,3,button,1602.17
2001,3,coulthard,2053.18
2001,3,fisichella,1639.01
2001,3,frentzen,1683.42
2001,3,hakkinen,1515.97
2001,3,heidfeld,1679.2
2001,3,irvine,1491.46
2001,3,marques,1523.09
2001,3,mazzacane,1482.78
2001,3,michael_schumacher,2141.04
2001,3,montoya,1409.45
2001,3,panis,1611.33
2001,3,raikkonen,1498.2
2001,3,ralf_schumacher,1586.13
2001,3,trulli,1690.55
2001,3,verstappen,1540.32
2001,3,villeneuve,1634.16
2001,4,alesi,1684.03
2001,4,alonso,1332.2
2001,4,barrichello,1778.54
2001,4,bernoldi,1454.99
2001,4,burti,1560.45
2001,4,button,1594.52
2001,4,coulthard,2069.88
2001,4,fisichella,1548.29
2001,4,frentzen,1738.86
2001,4,hakkinen,1670.14
2001,4,heidfeld,1720.91
2001,4,irvine,1480.0
2001,4,marques,1532.85
2001,4,mazzacane,1425.75
2001,4,michael_schumacher,1823.95
2001,4,montoya,1447.86
2001,4,panis,1665.44
2001,4,raikkonen,1404.69
2001,4,ralf_schumacher,1755.19
2001,4,trulli,1758.63
2001,4,verstappen,1412.31
2001,4,villeneuve,1529.61
2001,5,alesi,1677.62
2001,5,alonso,1416.7
2001,5,barrichello,1613.87
2001,5,bernoldi,1377.84
2001,5,burti,1590.4
2001,5,button,1541.41
2001,5,coulthard,2025.41
2001,5,fisichella,1531.32
2001,5,frentzen,1506.48
2001,5,hakkinen,1685.1
2001,5,heidfeld,1764.41
2001,5,irvine,1426.22
2001,5,marques,1489.45
2001,5,michael_schumacher,1911.33
2001,5,montoya,1660.7
2001,5,panis,1715.5
2001,5,raikkonen,1545.41
2001,5,ralf_schumacher,1567.34
2001,5,rosa,1331.77
2001,5,trulli,1817.11
2001,5,verstappen,1485.7
2001,5,villeneuve,1693.08
2001,6,alesi,1672.63
2001,6,alonso,1436.99
2001,6,barrichello,1745.73
2001,6,bernoldi,1377.01
2001,6,burti,1606.48
2001,6,button,1562.05
2001,6,coulthard,2062.33
2001,6,fisichella,1421.68
2001,6,frentzen,1373.67
2001,6,hakkinen,1492.65
2001,6,heidfeld,1740.0
2001,6,irvine,1571.15
2001,6,marques,1463.6
2001,6,michael_schumacher,1957.44
2001,6,montoya,1596.17
2001,6,panis,1775.76
2001,6,raikkonen,1689.11
2001,6,ralf_schumacher,1459.48
2001,6,rosa,1416.74
2001,6,trulli,1618.12
2001,6,verstappen,1623.19
2001,6,villeneuve,1712.18
2001,7,alesi,1735.7
2001,7,alonso,1481.86
2001,7,barrichello,1842.74
2001,7,bernoldi,1511.88
2001,7,burti,1512.72
2001,7,button,1654.42
2001,7,coulthard,2021.17
2001,7,fisichella,1437.07
2001,7,frentzen,1424.94
2001,7,hakkinen,1412.21
2001,7,heidfeld,1505.61
2001,7,irvine,1718.23
2001,7,marques,1515.05
2001,7,michael_schumacher,2009.87
2001,7,montoya,1440.46
2001,7,panis,1558.42
2001,7,raikkonen,1679.78
2001,7,ralf_schumacher,1529.64
2001,7,rosa,1383.61
2001,7,trulli,1535.51
2001,7,verstappen,1674.35
2001,7,villeneuve,1788.92
2001,8,alesi,1790.9
2001,8,alonso,1417.37
2001,8,barrichello,1657.25
2001,8,bernoldi,1501.0
2001,8,burti,1610.06
2001,8,button,1533.66
2001,8,coulthard,1862.24
2001,8,fisichella,1337.62
2001,8,hakkinen,1628.85
2001,8,heidfeld,1414.0
2001,8,irvine,1518.28
2001,8,marques,1595.01
2001,8,michael_schumacher,2035.06
2001,8,montoya,1440.83
2001,8,panis,1559.16
2001,8,raikkonen,1771.86
2001,8,ralf_schumacher,1727.4
2001,8,rosa,1565.58
2001,8,trulli,1575.24
2001,8,verstappen,1670.93
2001,8,villeneuve,1675.82
2001,8,zonta,1698.09
2001,9,alesi,1653.71
2001,9,alonso,1453.21
2001,9,barrichello,1738.34
2001,9,bernoldi,1403.24
2001,9,burti,1599.13
2001,9,button,1539.23
2001,9,coulthard,1902.06
2001,9,fisichella,1453.64
2001,9,frentzen,1391.42
2001,9,hakkinen,1705.91
2001,9,heidfeld,1402.56
2001,9,irvine,1625.52
2001,9,marques,1423.77
2001,9,michael_schumacher,2068.71
2001,9,montoya,1653.78
2001,9,panis,1420.08
2001,9,raikkonen,1727.24
2001,9,ralf_schumacher,1796.86
2001,9,rosa,1636.9
2001,9,trulli,1463.38
2001,9,verstappen,1569.12
2001,9,villeneuve,1685.26
2001,10,alesi,1621.49
2001,10,alonso,1422.9
2001,10,barrichello,1821.21
2001,10,bernoldi,1341.6
2001,10,burti,1622.78
2001,10,button,1490.38
2001,10,coulthard,1916.58
2001,10,fisichella,1522.09
2001,10,frentzen,1534.84
2001,10,hakkinen,1485.14
2001,10,heidfeld,1573.12
2001,10,irvine,1505.65
2001,10,marques,1439.5
2001,10,michael_schumacher,2098.23
2001,10,montoya,1505.58
2001,10,panis,1534.87
2001,10,raikkonen,1749.32
2001,10,ralf_schumacher,1875.72
2001,10,rosa,1579.77
2001,10,trulli,1625.84
2001,10,verstappen,1557.08
2001,10,villeneuve,1489.35
2001,11,alesi,1615.5
2001,11,alonso,1411.67
2001,11,barrichello,1874.48
2001,11,bernoldi,1394.84
2001,11,burti,1499.39
2001,11,button,1470.71
2001,11,coulthard,1659.54
2001,11,fisichella,1524.88
2001,11,frentzen,1630.71
2001,11,hakkinen,1690.15
2001,11,heidfeld,1669.41
2001,11,irvine,1580.33
2001,11,michael_schumacher,2105.13
2001,11,montoya,1659.91
2001,11,panis,1400.55
2001,11,raikkonen,1793.09
2001,11,ralf_schumacher,1666.02
2001,11,rosa,1575.11
2001,11,trulli,1470.72
2001,11,verstappen,1594.04
2001,11,villeneuve,1587.37
2001,12,alesi,1699.61
2001,12,alonso,1517.03
2001,12,barrichello,1929.21
2001,12,bernoldi,1540.21
2001,12,burti,1473.05
2001,12,button,1633.45
2001,12,coulthard,1624.19
2001,12,fisichella,1680.34
2001,12,hakkinen,1531.79
2001,12,heidfeld,1488.79
2001,12,irvine,1487.36
2001,12,marques,1483.62
2001,12,michael_schumacher,1866.59
2001,12,montoya,1591.49
2001,12,panis,1560.89
2001,12,raikkonen,1621.9
2001,12,ralf_schumacher,1807.24
2001,12,rosa,1420.06
2001,12,trulli,1534.25
2001,12,verstappen,1637.27
2001,12,villeneuve,1731.69
2001,12,zonta,1520.4
2001,13,alesi,1686.69
2001,13,alonso,1452.2
2001,13,barrichello,1966.78
2001,13,bernoldi,1432.28
2001,13,burti,1374.87
2001,13,button,1501.61
2001,13,coulthard,1751.49
2001,13,fisichella,1627.13
2001,13,frentzen,1583.71
2001,13,hakkinen,1668.38
2001,13,heidfeld,1627.47
2001,13,irvine,1365.73
2001,13,marques,1483.41
2001,13,michael_schumacher,1937.42
2001,13,montoya,1655.09
2001,13,panis,1511.19
2001,13,raikkonen,1688.08
2001,13,ralf_schumacher,1849.2
2001,13,rosa,1509.77
2001,13,trulli,1479.22
2001,13,verstappen,1618.44
2001,13,villeneuve,1720.59
2001,14,alesi,1744.95
2001,14,alonso,1339.44
2001,14,barrichello,1946.69
2001,14,bernoldi,1498.47
2001,14,burti,1307.35
2001,14,button,1489.37
2001,14,coulthard,1847.58
2001,14,fisichella,1753.37
2001,14,frentzen,1638.48
2001,14,hakkinen,1763.04
2001,14,heidfeld,1513.44
2001,14,irvine,1319.83
2001,14,marques,1512.56
2001,14,michael_schumacher,1994.02
2001,14,montoya,1562.47
2001,14,panis,1563.42
2001,14,raikkonen,1531.96
2001,14,ralf_schumacher,1831.72
2001,14,rosa,1461.36
2001,14,trulli,1492.95
2001,14,verstappen,1642.86
2001,14,villeneuve,1735.43
2001,15,alesi,1752.72
2001,15,alonso,1424.54
2001,15,barrichello,1987.75
2001,15,bernoldi,1506.95
2001,15,button,1385.74
2001,15,coulthard,1609.91
2001,15,enge,1543.03
2001,15,fisichella,1725.35
2001,15,frentzen,1555.06
2001,15,hakkinen,1594.56
2001,15,heidfeld,1567.92
2001,15,irvine,1308.04
2001,15,michael_schumacher,1989.42
2001,15,montoya,1747.99
2001,15,panis,1628.79
2001,15,raikkonen,1641.27
2001,15,ralf_schumacher,1889.86
2001,15,rosa,1630.07
2001,15,trulli,1370.14
2001,15,verstappen,1541.42
2001,15,villeneuve,1779.55
2001,15,yoong,1490.75
2001,16,alesi,1770.15
2001,16,alonso,1350.38
2001,16,barrichello,1785.22
2001,16,bernoldi,1529.41
2001,16,button,1522.15
2001,16,coulthard,1752.13
2001,16,enge,1533.43
2001,16,fisichella,1737.99
2001,16,frentzen,1605.47
2001,16,hakkinen,1771.94
2001,16,heidfeld,1676.12
2001,16,irvine,1536.83
2001,16,michael_schumacher,2020.71
2001,16,montoya,1587.78
2001,16,panis,1631.54
2001,16,raikkonen,1461.93
2001,16,ralf_schumacher,1637.1
2001,16,rosa,1616.32
2001,16,trulli,1593.39
2001,16,verstappen,1487.46
2001,16,villeneuve,1638.65
2001,16,yoong,1424.72
2001,17,alesi,1528.79
2001,17,alonso,1469.31
2001,17,barrichello,1823.35
2001,17,bernoldi,1528.68
2001,17,button,1637.38
2001,17,coulthard,1833.17
2001,17,enge,1447.31
2001,17,fisichella,1595.13
2001,17,frentzen,1604.25
2001,17,hakkinen,1830.3
2001,17,heidfeld,1693.73
2001,17,irvine,1432.07
2001,17,michael_schumacher,2057.84
2001,17,montoya,1749.13
2001,17,panis,1602.97
2001,17,raikkonen,1369.36
2001,17,ralf_schumacher,1719.37
2001,17,rosa,1511.37
2001,17,trulli,1662.13
2001,17,verstappen,1487.08
2001,17,villeneuve,1656.81
2001,17,yoong,1431.33
2002,1,barrichello,1676.56
2002,1,bernoldi,1557.63
2002,1,button,1490.64
2002,1,coulthard,1782.18
2002,1,fisichella,1516.64
2002,1,frentzen,1616.16
2002,1,heidfeld,1537.62
2002,1,irvine,1627.48
2002,1,massa,1445.62
2002,1,mcnish,1378.5
2002,1,michael_schumacher,2089.1
2002,1,montoya,1847.4
2002,1,panis,1455.09
2002,1,raikkonen,1607.57
2002,1,ralf_schumacher,1601.32
2002,1,rosa,1608.86
2002,1,salo,1742.65
2002,1,sato,1524.61
2002,1,trulli,1599.24
2002,1,villeneuve,1661.39
2002,1,webber,1650.09
2002,1,yoong,1579.56
2002,2,barrichello,1608.14
2002,2,bernoldi,1461.33
2002,2,button,1663.97
2002,2,coulthard,1569.5
2002,2,fisichella,1535.24
2002,2,frentzen,1621.61
2002,2,heidfeld,1674.48
2002,2,irvine,1549.54
2002,2,massa,1606.01
2002,2,mcnish,1549.48
2002,2,michael_schumacher,2078.01
2002,2,montoya,1909.23
2002,2,panis,1368.02
2002,2,raikkonen,1505.85
2002,2,ralf_schumacher,1768.11
2002,2,rosa,1633.23
2002,2,salo,1677.78
2002,2,sato,1602.09
2002,2,trulli,1434.89
2002,2,villeneuve,1694.77
2002,2,webber,1577.86
2002,2,yoong,1506.77
2002,3,barrichello,1452.55
2002,3,bernoldi,1383.54
2002,3,button,1759.83
2002,3,coulthard,1719.2
2002,3,fisichella,1393.71
2002,3,frentzen,1494.19
2002,3,heidfeld,1608.53
2002,3,irvine,1649.03
2002,3,massa,1536.56
2002,3,mcnish,1487.92
2002,3,michael_schumacher,2105.71
2002,3,montoya,1903.87
2002,3,panis,1358.86
2002,3,raikkonen,1545.46
2002,3,ralf_schumacher,1856.86
2002,3,rosa,1681.46
2002,3,salo,1739.14
2002,3,sato,1647.96
2002,3,trulli,1453.39
2002,3,villeneuve,1685.69
2002,3,webber,1603.25
2002,3,yoong,1529.2
2002,4,barrichello,1656.18
2002,4,bernoldi,1457.01
2002,4,button,1804.3
2002,4,coulthard,1762.47
2002,4,fisichella,1343.92
2002,4,frentzen,1426.63
2002,4,heidfeld,1628.81
2002,4,irvine,1602.65
2002,4,massa,1619.04
2002,4,mcnish,1370.13
2002,4,michael_schumacher,2131.64
2002,4,montoya,1919.06
2002,4,panis,1389.13
2002,4,raikkonen,1524.58
2002,4,ralf_schumacher,1901.66
2002,4,rosa,1570.64
2002,4,salo,1588.93
2002,4,sato,1483.47
2002,4,trulli,1551.27
2002,4,villeneuve,1725.76
2002,4,webber,1609.44
2002,5,barrichello,1494.54
2002,5,bernoldi,1463.74
2002,5,button,1719.75
2002,5,coulthard,1842.5
2002,5,fisichella,1356.31
2002,5,frentzen,1588.15
2002,5,heidfeld,1741.78
2002,5,irvine,1566.5
2002,5,massa,1720.05
2002,5,mcnish,1521.73
2002,5,michael_schumacher,2155.99
2002,5,montoya,1968.37
2002,5,panis,1455.42
2002,5,raikkonen,1451.57
2002,5,ralf_schumacher,1798.38
2002,5,rosa,1461.72
2002,5,salo,1636.61
2002,5,sato,1462.45
2002,5,trulli,1598.34
2002,5,villeneuve,1752.67
2002,5,webber,1451.51
2002,5,yoong,1387.8
2002,6,barrichello,1685.82
2002,6,bernoldi,1364.35
2002,6,button,1749.12
2002,6,coulthard,1845.06
2002,6,fisichella,1557.12
2002,6,frentzen,1606.12
2002,6,heidfeld,1612.66
2002,6,irvine,1526.21
2002,6,massa,1548.99
2002,6,mcnish,1597.61
2002,6,michael_schumacher,2178.02
2002,6,montoya,1988.05
2002,6,panis,1410.35
2002,6,raikkonen,1374.6
2002,6,ralf_schumacher,1849.4
2002,6,rosa,1345.24
2002,6,salo,1682.31
2002,6,sato,1432.22
2002,6,trulli,1578.82
2002,6,villeneuve,1720.63
2002,6,webber,1508.18
2002,6,yoong,1435.03
2002,7,barrichello,1730.04
2002,7,bernoldi,1450.9
2002,7,button,1615.08
2002,7,coulthard,1932.06
2002,7,fisichella,1683.61
2002,7,frentzen,1697.26
2002,7,heidfeld,1669.84
2002,7,irvine,1602.06
2002,7,massa,1531.37
2002,7,mcnish,1427.54
2002,7,michael_schumacher,2179.61
2002,7,montoya,1751.99
2002,7,panis,1430.17
2002,7,raikkonen,1343.48
2002,7,ralf_schumacher,1903.91
2002,7,rosa,1473.19
2002,7,salo,1625.88
2002,7,sato,1344.65
2002,7,trulli,1712.92
2002,7,villeneuve,1568.88
2002,7,webber,1556.91
2002,7,yoong,1364.54
2002,8,barrichello,1821.43
2002,8,bernoldi,1356.33
2002,8,button,1553.99
2002,8,coulthard,1978.97
2002,8,fisichella,1758.01
2002,8,frentzen,1636.05
2002,8,heidfeld,1635.48
2002,8,irvine,1497.47
2002,8,massa,1603.64
2002,8,mcnish,1410.31
2002,8,michael_schumacher,2198.94
2002,8,montoya,1618.4
2002,8,panis,1559.37
2002,8,raikkonen,1565.72
2002,8,ralf_schumacher,1871.47
2002,8,rosa,1387.94
2002,8,salo,1494.89
2002,8,sato,1472.32
2002,8,trulli,1760.72
2002,8,villeneuve,1409.98
2002,8,webber,1584.73
2002,8,yoong,1419.75
2002,9,barrichello,1914.68
2002,9,bernoldi,1466.31
2002,9,button,1682.19
2002,9,coulthard,1671.4
2002,9,fisichella,1519.58
2002,9,frentzen,1599.38
2002,9,heidfeld,1699.29
2002,9,irvine,1415.76
2002,9,massa,1696.0
2002,9,mcnish,1449.0
2002,9,michael_schumacher,2198.11
2002,9,montoya,1469.38
2002,9,panis,1623.59
2002,9,raikkonen,1719.02
2002,9,ralf_schumacher,1901.41
2002,9,rosa,1504.0
2002,9,salo,1449.3
2002,9,sato,1453.04
2002,9,trulli,1760.42
2002,9,villeneuve,1482.24
2002,9,webber,1535.87
2002,9,yoong,1385.9
2002,10,barrichello,1963.86
2002,10,bernoldi,1446.7
2002,10,button,1641.14
2002,10,coulthard,1667.62
2002,10,fisichella,1621.44
2002,10,frentzen,1492.17
2002,10,heidfeld,1747.47
2002,10,irvine,1396.32
2002,10,massa,1698.37
2002,10,mcnish,1347.04
2002,10,michael_schumacher,2214.89
2002,10,montoya,1654.2
2002,10,panis,1716.07
2002,10,raikkonen,1629.77
2002,10,ralf_schumacher,1848.35
2002,10,rosa,1550.97
2002,10,salo,1382.96
2002,10,sato,1486.83
2002,10,trulli,1638.97
2002,10,villeneuve,1645.58
2002,10,webber,1419.27
2002,11,barrichello,1692.92
2002,11,button,1711.74
2002,11,coulthard,1775.62
2002,11,fisichella,1463.2
2002,11,heidfeld,1762.8
2002,11,irvine,1454.1
2002,11,massa,1609.18
2002,11,mcnish,1439.19
2002,11,michael_schumacher,2230.22
2002,11,montoya,1750.9
2002,11,panis,1568.75
2002,11,raikkonen,1767.55
2002,11,ralf_schumacher,1863.22
2002,11,rosa,1606.32
2002,11,salo,1394.1
2002,11,sato,1411.45
2002,11,trulli,1589.25
2002,11,villeneuve,1542.46
2002,11,webber,1540.37
2002,11,yoong,1483.7
2002,12,barrichello,1776.02
2002,12,bernoldi,1478.89
2002,12,button,1570.96
2002,12,coulthard,1813.88
2002,12,fisichella,1538.36
2002,12,frentzen,1388.78
2002,12,heidfeld,1789.72
2002,12,irvine,1500.86
2002,12,massa,1678.12
2002,12,mcnish,1390.6
2002,12,michael_schumacher,2243.16
2002,12,montoya,1844.88
2002,12,panis,1536.02
2002,12,raikkonen,1706.82
2002,12,ralf_schumacher,1906.77
2002,12,rosa,1440.32
2002,12,salo,1512.58
2002,12,sato,1540.93
2002,12,trulli,1531.72
2002,12,villeneuve,1487.23
2002,12,webber,1435.58
2002,13,barrichello,1877.28
2002,13,button,1463.47
2002,13,coulthard,1840.28
2002,13,davidson,1436.09
2002,13,fisichella,1643.75
2002,13,heidfeld,1755.74
2002,13,irvine,1401.94
2002,13,massa,1716.59
2002,13,mcnish,1417.51
2002,13,michael_schumacher,2237.07
2002,13,montoya,1758.7
2002,13,panis,1547.09
2002,13,raikkonen,1784.03
2002,13,ralf_schumacher,1940.62
2002,13,rosa,1468.58
2002,13,salo,1479.43
2002,13,sato,1581.6
2002,13,trulli,1607.36
2002,13,villeneuve,1375.37
2002,13,webber,1412.02
2002,14,barrichello,1938.65
2002,14,button,1378.67
2002,14,coulthard,1878.03
2002,14,davidson,1378.73
2002,14,fisichella,1593.34
2002,14,heidfeld,1715.42
2002,14,irvine,1557.12
2002,14,massa,1604.91
2002,14,mcnish,1515.11
2002,14,michael_schumacher,2251.92
2002,14,montoya,1837.37
2002,14,panis,1549.34
2002,14,raikkonen,1631.34
2002,14,ralf_schumacher,1934.34
2002,14,rosa,1466.07
2002,14,salo,1590.25
2002,14,sato,1587.84
2002,14,trulli,1505.22
2002,14,villeneuve,1504.95
2002,14,webber,1325.91
2002,15,barrichello,2002.27
2002,15,button,1560.78
2002,15,coulthard,1851.3
2002,15,fisichella,1648.5
2002,15,heidfeld,1691.28
2002,15,irvine,1707.72
2002,15,massa,1505.37
2002,15,mcnish,1414.57
2002,15,michael_schumacher,2247.13
2002,15,montoya,1701.3
2002,15,panis,1651.85
2002,15,raikkonen,1556.85
2002,15,ralf_schumacher,1658.65
2002,15,rosa,1401.08
2002,15,salo,1597.41
2002,15,sato,1579.3
2002,15,trulli,1658.54
2002,15,villeneuve,1576.95
2002,15,webber,1340.98
2002,15,yoong,1497.66
2002,16,barrichello,2048.82
2002,16,button,1625.67
2002,16,coulthard,1899.5
2002,16,fisichella,1697.18
2002,16,frentzen,1432.83
2002,16,heidfeld,1691.26
2002,16,irvine,1685.62
2002,16,mcnish,1415.21
2002,16,michael_schumacher,2241.29
2002,16,montoya,1780.17
2002,16,panis,1617.79
2002,16,raikkonen,1473.16
2002,16,ralf_schumacher,1552.62
2002,16,rosa,1316.83
2002,16,salo,1549.6
2002,16,sato,1589.33
2002,16,trulli,1736.37
2002,16,villeneuve,1668.3
2002,16,webber,1293.15
2002,16,yoong,1418.21
2002,17,barrichello,2073.31
2002,17,button,1701.76
2002,17,coulthard,1671.53
2002,17,fisichella,1626.9
2002,17,heidfeld,1727.29
2002,17,irvine,1690.34
2002,17,massa,1408.62
2002,17,mcnish,1330.42
2002,17,michael_schumacher,2256.96
2002,17,montoya,1836.2
2002,17,panis,1511.02
2002,17,raikkonen,1652.65
2002,17,ralf_schumacher,1572.06
2002,17,rosa,1398.7
2002,17,salo,1621.42
2002,17,sato,1695.14
2002,17,trulli,1635.27
2002,17,villeneuve,1576.82
2002,17,webber,1417.76
2002,17,yoong,1401.27
2003,1,alonso,1584.79
2003,1,barrichello,1753.65
2003,1,button,1678.84
2003,1,coulthard,1804.72
2003,1,firman,1401.47
2003,1,fisichella,1599.48
2003,1,frentzen,1578.99
2003,1,heidfeld,1609.71
2003,1,matta,1419.21
2003,1,michael_schumacher,2212.19
2003,1,montoya,1902.84
2003,1,panis,1494.92
2003,1,pizzonia,1505.37
2003,1,raikkonen,1761.51
2003,1,ralf_schumacher,1631.55
2003,1,trulli,1721.43
2003,1,verstappen,1530.76
2003,1,villeneuve,1618.08
2003,1,webber,1384.17
2003,1,wilson,1455.06
2003,2,alonso,1720.12
2003,2,barrichello,1845.43
2003,2,button,1718.39
2003,2,coulthard,1606.57
2003,2,firman,1495.11
2003,2,fisichella,1466.43
2003,2,frentzen,1624.18
2003,2,heidfeld,1659.47
2003,2,matta,1488.82
2003,2,michael_schumacher,2130.7
2003,2,montoya,1776.84
2003,2,panis,1434.25
2003,2,pizzonia,1494.66
2003,2,raikkonen,1866.88
2003,2,ralf_schumacher,1733.36
2003,2,trulli,1774.58
2003,2,verstappen,1527.79
2003,2,villeneuve,1460.73
2003,2,webber,1379.51
2003,2,wilson,1444.92
2003,3,alonso,1809.58
2003,3,barrichello,1754.97
2003,3,button,1658.91
2003,3,coulthard,1721.07
2003,3,firman,1423.23
2003,3,fisichella,1678.78
2003,3,frentzen,1715.8
2003,3,heidfeld,1488.85
2003,3,matta,1549.6
2003,3,michael_schumacher,1909.07
2003,3,montoya,1647.76
2003,3,panis,1401.5
2003,3,pizzonia,1459.12
2003,3,raikkonen,1926.01
2003,3,ralf_schumacher,1750.81
2003,3,trulli,1761.22
2003,3,verstappen,1526.39
2003,3,villeneuve,1597.18
2003,3,webber,1496.75
2003,3,wilson,1372.14
2003,4,alonso,1820.03
2003,4,barrichello,1832.63
2003,4,button,1691.94
2003,4,coulthard,1778.71
2003,4,firman,1390.34
2003,4,fisichella,1585.96
2003,4,frentzen,1675.4
2003,4,heidfeld,1551.31
2003,4,matta,1556.8
2003,4,michael_schumacher,1971.58
2003,4,montoya,1701.25
2003,4,panis,1512.03
2003,4,pizzonia,1466.4
2003,4,raikkonen,1967.6
2003,4,ralf_schumacher,1813.89
2003,4,trulli,1670.08
2003,4,verstappen,1439.71
2003,4,villeneuve,1447.83
2003,4,webber,1456.69
2003,4,wilson,1318.58
2003,5,alonso,1896.2
2003,5,barrichello,1888.58
2003,5,button,1694.65
2003,5,coulthard,1626.89
2003,5,firman,1521.35
2003,5,fisichella,1559.37
2003,5,frentzen,1579.95
2003,5,heidfeld,1591.07
2003,5,matta,1662.4
2003,5,michael_schumacher,2023.12
2003,5,montoya,1785.16
2003,5,panis,1496.41
2003,5,pizzonia,1383.0
2003,5,raikkonen,1677.64
2003,5,ralf_schumacher,1842.76
2003,5,trulli,1526.61
2003,5,verstappen,1484.62
2003,5,villeneuve,1405.65
2003,5,webber,1582.12
2003,5,wilson,1421.21
2003,6,alonso,1700.22
2003,6,barrichello,1924.79
2003,6,button,1777.42
2003,6,coulthard,1718.47
2003,6,firman,1554.95
2003,6,fisichella,1525.55
2003,6,frentzen,1438.75
2003,6,heidfeld,1528.03
2003,6,matta,1657.9
2003,6,michael_schumacher,2062.11
2003,6,montoya,1614.39
2003,6,panis,1422.15
2003,6,pizzonia,1499.97
2003,6,raikkonen,1797.27
2003,6,ralf_schumacher,1841.96
2003,6,trulli,1608.91
2003,6,verstappen,1396.62
2003,6,villeneuve,1463.65
2003,6,webber,1659.84
2003,6,wilson,1455.82
2003,7,alonso,1764.69
2003,7,barrichello,1864.87
2003,7,button,1555.4
2003,7,coulthard,1743.56
2003,7,firman,1560.79
2003,7,fisichella,1576.49
2003,7,frentzen,1362.83
2003,7,heidfeld,1561.0
2003,7,matta,1675.1
2003,7,michael_schumacher,2057.5
2003,7,montoya,1769.43
2003,7,panis,1458.56
2003,7,pizzonia,1420.83
2003,7,raikkonen,1875.25
2003,7,ralf_schumacher,1875.02
2003,7,trulli,1690.73
2003,7,verstappen,1387.38
2003,7,villeneuve,1467.83
2003,7,webber,1536.58
2003,7,wilson,1444.93
2003,8,alonso,1823.8
2003,8,barrichello,1876.24
2003,8,button,1538.88
2003,8,coulthard,1639.39
2003,8,firman,1459.6
2003,8,fisichella,1486.47
2003,8,frentzen,1292.47
2003,8,heidfeld,1509.91
2003,8,matta,1647.8
2003,8,michael_schumacher,2091.74
2003,8,montoya,1843.29
2003,8,panis,1563.37
2003,8,pizzonia,1503.57
2003,8,raikkonen,1867.18
2003,8,ralf_schumacher,1933.9
2003,8,trulli,1573.26
2003,8,verstappen,1499.23
2003,8,villeneuve,1382.69
2003,8,webber,1630.18
2003,8,wilson,1485.79
2003,9,alonso,1865.71
2003,9,barrichello,1919.6
2003,9,button,1631.87
2003,9,coulthard,1555.76
2003,9,firman,1512.12
2003,9,fisichella,1511.9
2003,9,frentzen,1435.44
2003,9,heidfeld,1596.76
2003,9,matta,1544.47
2003,9,michael_schumacher,2049.67
2003,9,montoya,1912.48
2003,9,panis,1440.17
2003,9,pizzonia,1557.36
2003,9,raikkonen,1611.76
2003,9,ralf_schumacher,1996.53
2003,9,trulli,1463.43
2003,9,verstappen,1485.28
2003,9,villeneuve,1358.04
2003,9,webber,1706.28
2003,9,wilson,1494.12
2003,10,alonso,1645.5
2003,10,barrichello,1881.46
2003,10,button,1466.13
2003,10,coulthard,1670.16
2003,10,firman,1476.78
2003,10,fisichella,1409.09
2003,10,frentzen,1479.31
2003,10,heidfeld,1563.52
2003,10,matta,1565.34
2003,10,michael_schumacher,2052.53
2003,10,montoya,1963.21
2003,10,panis,1551.08
2003,10,pizzonia,1590.05
2003,10,raikkonen,1722.36
2003,10,ralf_schumacher,2045.47
2003,10,trulli,1410.75
2003,10,verstappen,1442.43
2003,10,villeneuve,1479.8
2003,10,webber,1751.03
2003,10,wilson,1482.76
2003,11,alonso,1509.01
2003,11,barrichello,1956.63
2003,11,button,1563.68
2003,11,coulthard,1744.14
2003,11,firman,1488.7
2003,11,fisichella,1341.65
2003,11,frentzen,1507.64
2003,11,heidfeld,1475.31
2003,11,matta,1642.99
2003,11,michael_schumacher,2036.68
2003,11,montoya,2001.97
2003,11,panis,1569.72
2003,11,pizzonia,1440.02
2003,11,raikkonen,1809.74
2003,11,ralf_schumacher,1938.42
2003,11,trulli,1561.57
2003,11,verstappen,1433.59
2003,11,villeneuve,1541.8
2003,11,webber,1643.62
2003,11,wilson,1441.85
2003,12,alonso,1660.29
2003,12,barrichello,1708.47
2003,12,button,1632.14
2003,12,coulthard,1845.63
2003,12,firman,1383.56
2003,12,fisichella,1402.76
2003,12,frentzen,1443.73
2003,12,heidfeld,1543.01
2003,12,kiesa,1525.1
2003,12,matta,1711.75
2003,12,michael_schumacher,1968.33
2003,12,montoya,2051.25
2003,12,panis,1681.93
2003,12,raikkonen,1597.39
2003,12,ralf_schumacher,1730.65
2003,12,trulli,1710.12
2003,12,verstappen,1446.41
2003,12,villeneuve,1601.79
2003,12,webber,1630.63
2003,12,wilson,1433.79
2003,13,alonso,1802.37
2003,13,barrichello,1535.76
2003,13,baumgartner,1460.16
2003,13,button,1645.68
2003,13,coulthard,1861.7
2003,13,fisichella,1361.05
2003,13,frentzen,1459.77
2003,13,heidfeld,1607.64
2003,13,kiesa,1529.58
2003,13,matta,1677.93
2003,13,michael_schumacher,1897.08
2003,13,montoya,2048.9
2003,13,panis,1554.64
2003,13,raikkonen,1746.22
2003,13,ralf_schumacher,1801.36
2003,13,trulli,1740.79
2003,13,verstappen,1496.95
2003,13,villeneuve,1455.06
2003,13,webber,1707.5
2003,13,wilson,1435.07
2003,14,alonso,1777.25
2003,14,barrichello,1690.36
2003,14,baumgartner,1513.58
2003,14,button,1526.15
2003,14,coulthard,1710.51
2003,14,fisichella,1467.26
2003,14,frentzen,1478.7
2003,14,gene,1629.9
2003,14,heidfeld,1639.16
2003,14,kiesa,1539.41
2003,14,matta,1528.99
2003,14,michael_schumacher,1962.99
2003,14,montoya,2064.39
2003,14,panis,1505.61
2003,14,raikkonen,1808.15
2003,14,trulli,1532.04
2003,14,verstappen,1452.7
2003,14,villeneuve,1591.82
2003,14,webber,1732.05
2003,14,wilson,1361.79
2003,15,alonso,1639.78
2003,15,barrichello,1504.54
2003,15,button,1471.82
2003,15,coulthard,1614.73
2003,15,firman,1430.33
2003,15,fisichella,1587.74
2003,15,frentzen,1656.83
2003,15,heidfeld,1722.78
2003,15,kiesa,1562.6
2003,15,matta,1590.6
2003,15,michael_schumacher,2014.83
2003,15,montoya,2004.08
2003,15,panis,1441.61
2003,15,raikkonen,1884.16
2003,15,ralf_schumacher,1586.95
2003,15,trulli,1673.01
2003,15,verstappen,1526.43
2003,15,villeneuve,1577.55
2003,15,webber,1560.95
2003,15,wilson,1502.93
2003,16,alonso,1509.65
2003,16,barrichello,1704.5
2003,16,button,1638.8
2003,16,coulthard,1741.89
2003,16,firman,1450.62
2003,16,fisichella,1495.71
2003,16,frentzen,1503.06
2003,16,heidfeld,1713.6
2003,16,kiesa,1497.74
2003,16,matta,1663.4
2003,16,michael_schumacher,1927.38
2003,16,montoya,1701.81
2003,16,panis,1527.35
2003,16,raikkonen,1936.42
2003,16,ralf_schumacher,1581.9
2003,16,sato,1742.68
2003,16,trulli,1744.78
2003,16,verstappen,1493.14
2003,16,webber,1583.13
2003,16,wilson,1514.26
2004,1,alonso,1678.75
2004,1,barrichello,1814.72
2004,1,baumgartner,1416.52
2004,1,bruni,1443.14
2004,1,button,1709.18
2004,1,coulthard,1740.54
2004,1,fisichella,1560.83
2004,1,heidfeld,1587.59
2004,1,klien,1546.14
2004,1,massa,1418.38
2004,1,matta,1627.23
2004,1,michael_schumacher,1983.46
2004,1,montoya,1763.49
2004,1,panis,1529.5
2004,1,pantano,1495.22
2004,1,raikkonen,1654.28
2004,1,ralf_schumacher,1706.3
2004,1,sato,1725.34
2004,1,trulli,1758.01
2004,1,webber,1476.58
2004,2,alonso,1719.8
2004,2,barrichello,1853.5
2004,2,baumgartner,1404.03
2004,2,bruni,1455.77
2004,2,button,1800.52
2004,2,coulthard,1773.87
2004,2,fisichella,1581.24
2004,2,heidfeld,1477.9
2004,2,klien,1589.1
2004,2,massa,1542.42
2004,2,matta,1654.73
2004,2,michael_schumacher,2026.19
2004,2,montoya,1851.59
2004,2,panis,1545.16
2004,2,pantano,1506.64
2004,2,raikkonen,1534.48
2004,2,ralf_schumacher,1531.83
2004,2,sato,1611.0
2004,2,trulli,1800.68
2004,2,webber,1374.73
2004,3,alonso,1761.03
2004,3,barrichello,1915.92
2004,3,baumgartner,1341.93
2004,3,bruni,1410.93
2004,3,button,1862.84
2004,3,coulthard,1589.18
2004,3,fisichella,1590.68
2004,3,heidfeld,1460.76
2004,3,klien,1547.2
2004,3,massa,1550.04
2004,3,matta,1652.09
2004,3,michael_schumacher,2063.61
2004,3,montoya,1724.99
2004,3,panis,1601.08
2004,3,pantano,1461.37
2004,3,raikkonen,1409.23
2004,3,ralf_schumacher,1627.39
2004,3,sato,1708.53
2004,3,trulli,1846.86
2004,3,webber,1509.54
2004,4,alonso,1819.84
2004,4,barrichello,1894.58
2004,4,baumgartner,1365.59
2004,4,bruni,1343.47
2004,4,button,1923.83
2004,4,coulthard,1579.07
2004,4,fisichella,1629.97
2004,4,heidfeld,1411.73
2004,4,klien,1518.82
2004,4,massa,1587.84
2004,4,matta,1514.46
2004,4,michael_schumacher,2096.19
2004,4,montoya,1811.87
2004,4,panis,1603.06
2004,4,pantano,1359.02
2004,4,raikkonen,1531.01
2004,4,ralf_schumacher,1687.21
2004,4,sato,1583.16
2004,4,trulli,1862.23
2004,4,webber,1512.26
2004,5,alonso,1863.14
2004,5,barrichello,1950.07
2004,5,baumgartner,1290.04
2004,5,bruni,1293.03
2004,5,button,1867.09
2004,5,coulthard,1606.08
2004,5,fisichella,1686.4
2004,5,heidfeld,1359.72
2004,5,klien,1465.48
2004,5,massa,1628.37
2004,5,matta,1513.49
2004,5,michael_schumacher,2126.11
2004,5,montoya,1666.58
2004,5,panis,1501.71
2004,5,pantano,1391.83
2004,5,raikkonen,1558.49
2004,5,ralf_schumacher,1739.98
2004,5,sato,1688.55
2004,5,trulli,1909.73
2004,5,webber,1529.31
2004,6,alonso,1755.67
2004,6,barrichello,1977.07
2004,6,baumgartner,1427.32
2004,6,bruni,1347.17
2004,6,button,1932.58
2004,6,coulthard,1486.21
2004,6,fisichella,1519.31
2004,6,heidfeld,1510.65
2004,6,klien,1362.2
2004,6,massa,1720.45
2004,6,matta,1629.3
2004,6,michael_schumacher,1965.0
2004,6,montoya,1762.04
2004,6,panis,1586.75
2004,6,pantano,1398.29
2004,6,raikkonen,1543.89
2004,6,ralf_schumacher,1704.89
2004,6,sato,1554.29
2004,6,trulli,1980.99
2004,6,webber,1471.13
2004,7,alonso,1803.69
2004,7,barrichello,2012.76
2004,7,baumgartner,1420.11
2004,7,bruni,1384.14
2004,7,button,1961.88
2004,7,coulthard,1423.67
2004,7,fisichella,1632.41
2004,7,heidfeld,1562.45
2004,7,klien,1431.09
2004,7,massa,1712.64
2004,7,matta,1463.13
2004,7,michael_schumacher,2020.63
2004,7,montoya,1756.18
2004,7,panis,1593.82
2004,7,pantano,1437.26
2004,7,raikkonen,1442.97
2004,7,ralf_schumacher,1526.26
2004,7,sato,1484.23
2004,7,trulli,1981.38
2004,7,webber,1584.52
2004,8,alonso,1694.36
2004,8,barrichello,2043.37
2004,8,baumgartner,1501.63
2004,8,bruni,1411.91
2004,8,button,1986.68
2004,8,coulthard,1571.99
2004,8,fisichella,1739.04
2004,8,glock,1603.44
2004,8,heidfeld,1626.06
2004,8,klien,1526.23
2004,8,massa,1669.32
2004,8,matta,1381.0
2004,8,michael_schumacher,2067.11
2004,8,montoya,1579.61
2004,8,panis,1445.79
2004,8,raikkonen,1601.52
2004,8,ralf_schumacher,1454.86
2004,8,sato,1509.63
2004,8,trulli,1762.42
2004,8,webber,1522.0
2004,9,alonso,1572.18
2004,9,barrichello,2064.28
2004,9,baumgartner,1584.64
2004,9,bruni,1325.81
2004,9,button,1818.27
2004,9,coulthard,1645.05
2004,9,fisichella,1717.48
2004,9,heidfeld,1596.47
2004,9,klien,1452.76
2004,9,massa,1523.3
2004,9,matta,1410.44
2004,9,michael_schumacher,2101.68
2004,9,montoya,1584.33
2004,9,panis,1598.52
2004,9,pantano,1361.34
2004,9,raikkonen,1679.83
2004,9,ralf_schumacher,1441.11
2004,9,sato,1670.25
2004,9,trulli,1818.59
2004,9,webber,1565.44
2004,10,alonso,1726.73
2004,10,barrichello,2062.69
2004,10,baumgartner,1454.72
2004,10,bruni,1300.81
2004,10,button,1843.35
2004,10,coulthard,1713.83
2004,10,fisichella,1659.18
2004,10,gene,1638.83
2004,10,heidfeld,1516.23
2004,10,klien,1510.78
2004,10,massa,1522.66
2004,10,matta,1431.8
2004,10,michael_schumacher,2130.68
2004,10,montoya,1643.72
2004,10,panis,1534.29
2004,10,pantano,1345.26
2004,10,raikkonen,1719.71
2004,10,sato,1490.15
2004,10,trulli,1859.74
2004,10,webber,1615.37
2004,11,alonso,1700.11
2004,11,barrichello,2063.96
2004,11,baumgartner,1371.15
2004,11,bruni,1316.5
2004,11,button,1880.19
2004,11,coulthard,1742.29
2004,11,fisichella,1723.15
2004,11,gene,1610.77
2004,11,heidfeld,1481.48
2004,11,klien,1495.36
2004,11,massa,1587.18
2004,11,matta,1461.45
2004,11,michael_schumacher,2157.36
2004,11,montoya,1729.48
2004,11,panis,1405.19
2004,11,pantano,1329.71
2004,11,raikkonen,1825.66
2004,11,sato,1533.59
2004,11,trulli,1643.12
2004,11,webber,1662.87
2004,12,alonso,1797.25
2004,12,barrichello,1898.55
2004,12,baumgartner,1363.65
2004,12,bruni,1306.16
2004,12,button,1940.95
2004,12,coulthard,1809.39
2004,12,fisichella,1711.41
2004,12,heidfeld,1401.27
2004,12,klien,1548.18
2004,12,massa,1559.99
2004,12,matta,1370.23
2004,12,michael_schumacher,2181.23
2004,12,montoya,1784.29
2004,12,panis,1423.93
2004,12,pantano,1353.02
2004,12,pizzonia,1561.49
2004,12,raikkonen,1583.58
2004,12,sato,1605.57
2004,12,trulli,1625.93
2004,12,webber,1723.73
2004,13,alonso,1864.67
2004,13,barrichello,1954.45
2004,13,baumgartner,1376.98
2004,13,bruni,1354.87
2004,13,button,1934.44
2004,13,coulthard,1772.55
2004,13,fisichella,1724.13
2004,13,heidfeld,1456.77
2004,13,klien,1535.64
2004,13,massa,1436.59
2004,13,michael_schumacher,2201.17
2004,13,montoya,1839.19
2004,13,panis,1489.88
2004,13,pantano,1351.01
2004,13,pizzonia,1643.33
2004,13,raikkonen,1434.31
2004,13,sato,1688.65
2004,13,trulli,1512.62
2004,13,webber,1700.14
2004,13,zonta,1428.62
2004,14,alonso,1685.08
2004,14,barrichello,1980.96
2004,14,baumgartner,1390.4
2004,14,bruni,1306.66
2004,14,button,1767.49
2004,14,coulthard,1780.4
2004,14,fisichella,1781.99
2004,14,heidfeld,1508.06
2004,14,klien,1643.04
2004,14,massa,1611.44
2004,14,michael_schumacher,2201.07
2004,14,montoya,1736.22
2004,14,panis,1581.6
2004,14,pantano,1284.77
2004,14,pizzonia,1594.07
2004,14,raikkonen,1654.52
2004,14,sato,1541.17
2004,14,trulli,1578.98
2004,14,webber,1564.71
2004,14,zonta,1507.35
2004,15,alonso,1569.96
2004,15,barrichello,2031.53
2004,15,baumgartner,1399.36
2004,15,bruni,1284.81
2004,15,button,1842.03
2004,15,coulthard,1800.91
2004,15,fisichella,1768.79
2004,15,heidfeld,1495.18
2004,15,klien,1596.38
2004,15,massa,1593.38
2004,15,michael_schumacher,2199.0
2004,15,montoya,1787.65
2004,15,panis,1435.26
2004,15,pantano,1287.71
2004,15,pizzonia,1665.16
2004,15,raikkonen,1497.05
2004,15,sato,1678.5
2004,15,trulli,1607.2
2004,15,webber,1615.03
2004,15,zonta,1545.07
2004,16,alonso,1695.6
2004,16,barrichello,2075.62
2004,16,baumgartner,1390.51
2004,16,bruni,1289.09
2004,16,button,1913.05
2004,16,coulthard,1765.03
2004,16,fisichella,1777.11
2004,16,glock,1540.7
2004,16,heidfeld,1507.26
2004,16,klien,1446.6
2004,16,massa,1648.0
2004,16,michael_schumacher,2008.16
2004,16,montoya,1822.81
2004,16,panis,1450.1
2004,16,raikkonen,1665.12
2004,16,ralf_schumacher,1381.56
2004,16,sato,1734.09
2004,16,villeneuve,1589.93
2004,16,webber,1630.04
2004,16,zonta,1431.62
2004,17,alonso,1768.79
2004,17,barrichello,1777.51
2004,17,baumgartner,1367.4
2004,17,bruni,1313.05
2004,17,button,1949.89
2004,17,coulthard,1587.93
2004,17,fisichella,1772.87
2004,17,glock,1503.74
2004,17,heidfeld,1517.88
2004,17,klien,1496.1
2004,17,massa,1674.87
2004,17,michael_schumacher,2057.62
2004,17,montoya,1818.99
2004,17,panis,1462.84
2004,17,raikkonen,1732.9
2004,17,ralf_schumacher,1612.08
2004,17,sato,1810.18
2004,17,trulli,1615.89
2004,17,villeneuve,1621.92
2004,17,webber,1475.15
2004,18,alonso,1831.94
2004,18,barrichello,1853.95
2004,18,baumgartner,1370.6
2004,18,bruni,1312.11
2004,18,button,1669.9
2004,18,coulthard,1605.03
2004,18,fisichella,1754.25
2004,18,glock,1481.44
2004,18,heidfeld,1417.47
2004,18,klien,1494.15
2004,18,massa,1708.7
2004,18,michael_schumacher,1985.38
2004,18,montoya,1915.13
2004,18,raikkonen,1840.58
2004,18,ralf_schumacher,1714.55
2004,18,sato,1825.81
2004,18,trulli,1605.69
2004,18,villeneuve,1643.23
2004,18,webber,1407.32
2004,18,zonta,1469.16
2005,1,albers,1401.45
2005,1,alonso,1895.86
2005,1,barrichello,1926.9
2005,1,button,1660.27
2005,1,coulthard,1734.35
2005,1,fisichella,1876.24
2005,1,friesacher,1453.22
2005,1,heidfeld,1363.63
2005,1,karthikeyan,1489.22
2005,1,klien,1615.25
2005,1,massa,1700.32
2005,1,michael_schumacher,1736.58
2005,1,monteiro,1471.25
2005,1,montoya,1900.04
2005,1,raikkonen,1816.15
2005,1,ralf_schumacher,1671.07
2005,1,sato,1705.85
2005,1,trulli,1653.51
2005,1,villeneuve,1611.35
2005,1,webber,1590.57
2005,2,albers,1448.73
2005,2,alonso,1968.97
2005,2,barrichello,1762.86
2005,2,button,1531.97
2005,2,coulthard,1776.24
2005,2,davidson,1330.93
2005,2,fisichella,1714.24
2005,2,friesacher,1364.22
2005,2,heidfeld,1586.46
2005,2,karthikeyan,1542.54
2005,2,klien,1669.74
2005,2,massa,1690.53
2005,2,michael_schumacher,1761.53
2005,2,monteiro,1513.24
2005,2,montoya,1919.27
2005,2,raikkonen,1778.86
2005,2,ralf_schumacher,1752.48
2005,2,trulli,1790.42
2005,2,villeneuve,1519.18
2005,2,webber,1523.54
2005,3,albers,1479.67
2005,3,alonso,2017.53
2005,3,barrichello,1741.17
2005,3,button,1514.37
2005,3,coulthard,1765.23
2005,3,fisichella,1558.0
2005,3,friesacher,1441.91
2005,3,heidfeld,1514.4
2005,3,karthikeyan,1438.4
2005,3,klien,1497.83
2005,3,massa,1728.02
2005,3,michael_schumacher,1601.98
2005,3,monteiro,1573.58
2005,3,raikkonen,1850.56
2005,3,ralf_schumacher,1817.73
2005,3,rosa,1581.33
2005,3,sato,1602.02
2005,3,trulli,1874.02
2005,3,villeneuve,1560.01
2005,3,webber,1642.52
2005,4,albers,1484.81
2005,4,alonso,2057.55
2005,4,barrichello,1626.1
2005,4,button,1422.01
2005,4,coulthard,1709.53
2005,4,fisichella,1467.01
2005,4,friesacher,1410.74
2005,4,heidfeld,1637.26
2005,4,karthikeyan,1493.26
2005,4,liuzzi,1595.52
2005,4,massa,1702.59
2005,4,michael_schumacher,1753.76
2005,4,monteiro,1560.3
2005,4,raikkonen,1676.77
2005,4,ralf_schumacher,1774.34
2005,4,sato,1458.62
2005,4,trulli,1880.41
2005,4,villeneuve,1695.93
2005,4,webber,1698.87
2005,4,wurz,1770.54
2005,5,albers,1439.16
2005,5,alonso,2073.3
2005,5,barrichello,1652.63
2005,5,coulthard,1722.76
2005,5,fisichella,1612.66
2005,5,friesacher,1367.5
2005,5,heidfeld,1642.84
2005,5,karthikeyan,1496.81
2005,5,liuzzi,1476.36
2005,5,massa,1667.69
2005,5,michael_schumacher,1630.9
2005,5,monteiro,1559.42
2005,5,montoya,1879.29
2005,5,raikkonen,1812.18
2005,5,ralf_schumacher,1831.25
2005,5,trulli,1920.98
2005,5,villeneuve,1611.05
2005,5,webber,1747.24
2005,6,albers,1440.63
2005,6,alonso,2051.15
2005,6,barrichello,1686.64
2005,6,coulthard,1574.78
2005,6,fisichella,1594.39
2005,6,friesacher,1350.43
2005,6,heidfeld,1774.97
2005,6,karthikeyan,1408.31
2005,6,liuzzi,1448.43
2005,6,massa,1679.58
2005,6,michael_schumacher,1689.36
2005,6,monteiro,1541.75
2005,6,montoya,1888.1
2005,6,raikkonen,1907.17
2005,6,ralf_schumacher,1838.44
2005,6,trulli,1830.78
2005,6,villeneuve,1610.63
2005,6,webber,1828.49
2005,7,albers,1405.78
2005,7,alonso,2090.66
2005,7,barrichello,1798.11
2005,7,button,1513.84
2005,7,coulthard,1709.92
2005,7,fisichella,1689.65
2005,7,friesacher,1323.88
2005,7,heidfeld,1872.46
2005,7,karthikeyan,1402.16
2005,7,liuzzi,1549.26
2005,7,massa,1610.71
2005,7,michael_schumacher,1766.36
2005,7,monteiro,1508.23
2005,7,montoya,1863.28
2005,7,raikkonen,1806.38
2005,7,ralf_schumacher,1618.46
2005,7,sato,1505.39
2005,7,trulli,1808.8
2005,7,villeneuve,1584.96
2005,7,webber,1596.35
2005,8,albers,1486.16
2005,8,alonso,1824.52
2005,8,barrichello,1870.56
2005,8,button,1523.41
2005,8,coulthard,1746.81
2005,8,fisichella,1549.11
2005,8,friesacher,1342.31
2005,8,heidfeld,1727.65
2005,8,karthikeyan,1347.31
2005,8,klien,1598.41
2005,8,massa,1734.95
2005,8,michael_schumacher,1865.75
2005,8,monteiro,1570.79
2005,8,montoya,1618.54
2005,8,raikkonen,1908.65
2005,8,ralf_schumacher,1706.53
2005,8,sato,1485.32
2005,8,trulli,1721.22
2005,8,villeneuve,1635.82
2005,8,webber,1709.4
2005,9,albers,1634.01
2005,9,alonso,1742.6
2005,9,barrichello,1929.4
2005,9,button,1592.64
2005,9,coulthard,1543.41
2005,9,fisichella,1591.29
2005,9,friesacher,1525.17
2005,9,heidfeld,1548.33
2005,9,karthikeyan,1563.72
2005,9,klien,1488.81
2005,9,massa,1637.65
2005,9,michael_schumacher,1942.18
2005,9,monteiro,1720.28
2005,9,montoya,1552.39
2005,9,raikkonen,1849.59
2005,9,sato,1520.27
2005,9,trulli,1743.22
2005,9,villeneuve,1545.92
2005,9,webber,1638.37
2005,9,zonta,1426.64
2005,10,albers,1532.42
2005,10,alonso,1857.39
2005,10,barrichello,1850.73
2005,10,button,1719.0
2005,10,coulthard,1595.7
2005,10,fisichella,1687.05
2005,10,friesacher,1449.02
2005,10,heidfeld,1532.37
2005,10,karthikeyan,1524.53
2005,10,klien,1390.6
2005,10,massa,1500.15
2005,10,michael_schumacher,1963.66
2005,10,monteiro,1651.28
2005,10,montoya,1500.33
2005,10,raikkonen,1913.68
2005,10,ralf_schumacher,1740.8
2005,10,sato,1564.47
2005,10,trulli,1795.84
2005,10,villeneuve,1627.88
2005,10,webber,1618.86
2005,11,albers,1451.77
2005,11,alonso,1921.11
2005,11,barrichello,1835.55
2005,11,button,1780.91
2005,11,coulthard,1577.33
2005,11,fisichella,1776.6
2005,11,friesacher,1379.16
2005,11,heidfeld,1555.12
2005,11,karthikeyan,1410.62
2005,11,klien,1410.24
2005,11,massa,1568.58
2005,11,michael_schumacher,1929.8
2005,11,monteiro,1542.08
2005,11,montoya,1703.22
2005,11,raikkonen,1944.89
2005,11,ralf_schumacher,1749.22
2005,11,sato,1506.03
2005,11,trulli,1767.88
2005,11,villeneuve,1580.21
2005,11,webber,1625.43
2005,12,albers,1486.41
2005,12,alonso,1989.11
2005,12,barrichello,1777.16
2005,12,button,1858.88
2005,12,coulthard,1667.83
2005,12,doornbos,1430.69
2005,12,fisichella,1839.95
2005,12,heidfeld,1587.46
2005,12,karthikeyan,1407.15
2005,12,klien,1526.83
2005,12,massa,1645.61
2005,12,michael_schumacher,1927.32
2005,12,monteiro,1475.36
2005,12,montoya,1824.37
2005,12,raikkonen,1669.88
2005,12,ralf_schumacher,1791.37
2005,12,sato,1539.27
2005,12,trulli,1665.37
2005,12,villeneuve,1534.88
2005,12,webber,1491.68
2005,13,albers,1475.99
2005,13,alonso,1863.33
2005,13,barrichello,1739.86
2005,13,button,1877.6
2005,13,coulthard,1520.31
2005,13,doornbos,1386.98
2005,13,fisichella,1795.67
2005,13,heidfeld,1688.26
2005,13,karthikeyan,1476.04
2005,13,klien,1415.6
2005,13,massa,1592.8
2005,13,michael_schumacher,1976.04
2005,13,monteiro,1503.38
2005,13,montoya,1649.06
2005,13,raikkonen,1817.31
2005,13,ralf_schumacher,1865.62
2005,13,sato,1624.06
2005,13,trulli,1768.24
2005,13,villeneuve,1489.36
2005,13,webber,1611.05
2005,14,albers,1449.59
2005,14,alonso,1931.56
2005,14,barrichello,1716.94
2005,14,button,1891.21
2005,14,coulthard,1631.87
2005,14,doornbos,1443.98
2005,14,fisichella,1852.69
2005,14,heidfeld,1549.98
2005,14,karthikeyan,1485.39
2005,14,klien,1546.82
2005,14,massa,1475.03
2005,14,michael_schumacher,1744.18
2005,14,monteiro,1485.23
2005,14,montoya,1774.63
2005,14,raikkonen,1916.19
2005,14,ralf_schumacher,1761.83
2005,14,sato,1661.96
2005,14,trulli,1803.51
2005,14,villeneuve,1545.08
2005,14,webber,1468.95
2005,15,albers,1380.63
2005,15,alonso,1979.85
2005,15,barrichello,1672.81
2005,15,button,1851.62
2005,15,coulthard,1568.64
2005,15,doornbos,1395.25
2005,15,fisichella,1908.0
2005,15,karthikeyan,1386.47
2005,15,klien,1550.22
2005,15,massa,1569.94
2005,15,michael_schumacher,1723.33
2005,15,monteiro,1441.27
2005,15,montoya,1886.72
2005,15,pizzonia,1722.75
2005,15,raikkonen,1935.83
2005,15,ralf_schumacher,1800.3
2005,15,sato,1570.41
2005,15,trulli,1843.41
2005,15,villeneuve,1582.29
2005,15,webber,1482.03
2005,16,albers,1454.92
2005,16,alonso,2020.58
2005,16,barrichello,1761.82
2005,16,button,1912.83
2005,16,coulthard,1494.57
2005,16,doornbos,1446.39
2005,16,fisichella,1650.87
2005,16,karthikeyan,1477.43
2005,16,klien,1618.42
2005,16,massa,1613.69
2005,16,michael_schumacher,1571.92
2005,16,monteiro,1566.27
2005,16,montoya,1739.67
2005,16,pizzonia,1620.98
2005,16,raikkonen,2004.7
2005,16,ralf_schumacher,1809.71
2005,16,sato,1461.79
2005,16,trulli,1679.16
2005,16,villeneuve,1688.34
2005,16,webber,1657.71
2005,17,albers,1473.82
2005,17,alonso,2030.31
2005,17,barrichello,1796.63
2005,17,button,1881.31
2005,17,coulthard,1393.88
2005,17,doornbos,1397.37
2005,17,fisichella,1742.13
2005,17,karthikeyan,1470.59
2005,17,klien,1661.03
2005,17,massa,1623.92
2005,17,michael_schumacher,1708.79
2005,17,monteiro,1509.63
2005,17,montoya,1860.86
2005,17,pizzonia,1491.35
2005,17,raikkonen,2035.01
2005,17,ralf_schumacher,1796.52
2005,17,sato,1545.43
2005,17,trulli,1631.31
2005,17,villeneuve,1653.15
2005,17,webber,1548.72
2005,18,albers,1448.44
2005,18,alonso,2040.47
2005,18,barrichello,1737.76
2005,18,button,1896.17
2005,18,coulthard,1562.92
2005,18,doornbos,1433.36
2005,18,fisichella,1850.51
2005,18,karthikeyan,1464.35
2005,18,klien,1685.78
2005,18,massa,1646.22
2005,18,michael_schumacher,1747.58
2005,18,monteiro,1525.84
2005,18,montoya,1636.61
2005,18,pizzonia,1441.92
2005,18,raikkonen,2079.47
2005,18,ralf_schumacher,1787.78
2005,18,sato,1426.57
2005,18,trulli,1512.63
2005,18,villeneuve,1632.41
2005,18,webber,1694.97
2005,19,albers,1429.9
2005,19,alonso,2084.33
2005,19,barrichello,1683.55
2005,19,button,1855.48
2005,19,coulthard,1624.53
2005,19,doornbos,1455.64
2005,19,fisichella,1892.11
2005,19,karthikeyan,1403.99
2005,19,klien,1766.03
2005,19,massa,1724.34
2005,19,michael_schumacher,1547.59
2005,19,monteiro,1567.54
2005,19,montoya,1496.32
2005,19,pizzonia,1479.48
2005,19,raikkonen,2098.27
2005,19,ralf_schumacher,1865.27
2005,19,sato,1396.8
2005,19,trulli,1489.93
2005,19,villeneuve,1651.54
2005,19,webber,1739.14
2006,1,albers,1341.53
2006,1,alonso,2124.37
2006,1,barrichello,1614.56
2006,1,button,1903.13
2006,1,coulthard,1661.49
2006,1,fisichella,1633.3
2006,1,heidfeld,1584.42
2006,1,ide,1436.59
2006,1,klien,1777.86
2006,1,liuzzi,1600.7
2006,1,massa,1736.67
2006,1,michael_schumacher,1737.04
2006,1,monteiro,1513.06
2006,1,montoya,1662.84
2006,1,raikkonen,2099.28
2006,1,ralf_schumacher,1738.44
2006,1,rosberg,1633.64
2006,1,sato,1388.37
2006,1,speed,1537.49
2006,1,trulli,1483.49
2006,1,villeneuve,1509.43
2006,1,webber,1794.2
2006,2,albers,1456.32
2006,2,alonso,2138.7
2006,2,barrichello,1658.36
2006,2,button,1953.12
2006,2,coulthard,1516.44
2006,2,fisichella,1807.56
2006,2,heidfeld,1554.31
2006,2,ide,1430.02
2006,2,klien,1614.2
2006,2,liuzzi,1633.97
2006,2,massa,1811.87
2006,2,michael_schumacher,1796.43
2006,2,monteiro,1547.26
2006,2,montoya,1782.71
2006,2,raikkonen,1750.38
2006,2,ralf_schumacher,1764.36
2006,2,rosberg,1483.91
2006,2,sato,1451.52
2006,2,speed,1509.74
2006,2,trulli,1597.54
2006,2,villeneuve,1645.17
2006,2,webber,1608.04
2006,3,albers,1547.99
2006,3,alonso,2165.88
2006,3,barrichello,1730.21
2006,3,button,1862.67
2006,3,coulthard,1631.44
2006,3,fisichella,1852.27
2006,3,heidfeld,1715.14
2006,3,ide,1496.35
2006,3,klien,1508.62
2006,3,liuzzi,1568.18
2006,3,massa,1568.92
2006,3,michael_schumacher,1644.73
2006,3,monteiro,1534.83
2006,3,montoya,1686.15
2006,3,raikkonen,1864.25
2006,3,ralf_schumacher,1857.5
2006,3,rosberg,1396.32
2006,3,sato,1527.47
2006,3,speed,1610.74
2006,3,trulli,1482.16
2006,3,villeneuve,1738.24
2006,3,webber,1521.84
2006,4,albers,1416.25
2006,4,alonso,2170.33
2006,4,barrichello,1725.7
2006,4,button,1853.22
2006,4,coulthard,1552.95
2006,4,fisichella,1830.92
2006,4,heidfeld,1667.77
2006,4,ide,1420.16
2006,4,klien,1445.56
2006,4,liuzzi,1566.28
2006,4,massa,1719.25
2006,4,michael_schumacher,1809.28
2006,4,monteiro,1512.94
2006,4,montoya,1806.23
2006,4,raikkonen,1887.58
2006,4,ralf_schumacher,1818.75
2006,4,rosberg,1508.44
2006,4,sato,1474.67
2006,4,speed,1574.6
2006,4,trulli,1393.25
2006,4,villeneuve,1696.85
2006,4,webber,1660.94
2006,5,albers,1485.89
2006,5,alonso,2175.94
2006,5,barrichello,1805.38
2006,5,button,1663.91
2006,5,coulthard,1438.3
2006,5,fisichella,1855.64
2006,5,heidfeld,1688.75
2006,5,klien,1405.52
2006,5,liuzzi,1428.9
2006,5,massa,1831.85
2006,5,michael_schumacher,1919.49
2006,5,montagny,1473.03
2006,5,monteiro,1563.61
2006,5,montoya,1687.34
2006,5,raikkonen,1925.36
2006,5,ralf_schumacher,1710.33
2006,5,rosberg,1643.02
2006,5,sato,1474.92
2006,5,speed,1617.4
2006,5,trulli,1538.49
2006,5,villeneuve,1739.88
2006,5,webber,1518.81
2006,6,albers,1442.81
2006,6,alonso,2200.33
2006,6,barrichello,1823.13
2006,6,button,1750.71
2006,6,coulthard,1482.99
2006,6,fisichella,1920.19
2006,6,heidfeld,1735.02
2006,6,klien,1479.75
2006,6,liuzzi,1459.1
2006,6,massa,1888.13
2006,6,michael_schumacher,1981.16
2006,6,montagny,1367.44
2006,6,monteiro,1525.2
2006,6,montoya,1513.67
2006,6,raikkonen,1935.81
2006,6,ralf_schumacher,1543.12
2006,6,rosberg,1657.62
2006,6,sato,1453.6
2006,6,speed,1505.25
2006,6,trulli,1611.25
2006,6,villeneuve,1699.51
2006,6,webber,1615.98
2006,7,albers,1519.98
2006,7,alonso,2224.23
2006,7,barrichello,1881.49
2006,7,button,1722.59
2006,7,coulthard,1681.21
2006,7,fisichella,1916.18
2006,7,heidfeld,1778.49
2006,7,klien,1440.18
2006,7,liuzzi,1562.83
2006,7,massa,1843.41
2006,7,michael_schumacher,1976.11
2006,7,montagny,1401.96
2006,7,monteiro,1520.7
2006,7,montoya,1716.64
2006,7,raikkonen,1679.86
2006,7,ralf_schumacher,1645.24
2006,7,rosberg,1529.93
2006,7,sato,1356.92
2006,7,speed,1541.39
2006,7,trulli,1536.95
2006,7,villeneuve,1640.74
2006,7,webber,1474.74
2006,8,albers,1516.23
2006,8,alonso,2244.03
2006,8,barrichello,1821.29
2006,8,button,1566.64
2006,8,coulthard,1664.21
2006,8,fisichella,1946.18
2006,8,heidfeld,1805.33
2006,8,klien,1483.57
2006,8,liuzzi,1576.95
2006,8,massa,1879.96
2006,8,michael_schumacher,2024.1
2006,8,montagny,1387.35
2006,8,monteiro,1499.48
2006,8,montoya,1782.13
2006,8,raikkonen,1804.22
2006,8,ralf_schumacher,1487.79
2006,8,rosberg,1620.25
2006,8,sato,1375.29
2006,8,speed,1442.55
2006,8,trulli,1593.67
2006,8,villeneuve,1704.11
2006,8,webber,1366.41
2006,9,albers,1392.01
2006,9,alonso,2263.63
2006,9,barrichello,1626.21
2006,9,button,1643.24
2006,9,coulthard,1719.46
2006,9,fisichella,1971.31
2006,9,heidfeld,1824.72
2006,9,klien,1557.81
2006,9,liuzzi,1580.32
2006,9,massa,1908.21
2006,9,michael_schumacher,2063.97
2006,9,montagny,1343.23
2006,9,monteiro,1516.04
2006,9,montoya,1618.29
2006,9,raikkonen,1888.32
2006,9,ralf_schumacher,1457.58
2006,9,rosberg,1472.41
2006,9,sato,1418.75
2006,9,speed,1549.27
2006,9,trulli,1706.86
2006,9,villeneuve,1605.06
2006,9,webber,1465.06
2006,10,albers,1497.04
2006,10,alonso,2206.77
2006,10,barrichello,1726.13
2006,10,button,1584.52
2006,10,coulthard,1768.89
2006,10,fisichella,2007.44
2006,10,heidfeld,1663.86
2006,10,klien,1435.52
2006,10,liuzzi,1666.09
2006,10,massa,1977.51
2006,10,michael_schumacher,2114.26
2006,10,montagny,1276.39
2006,10,monteiro,1541.73
2006,10,montoya,1523.9
2006,10,raikkonen,1719.78
2006,10,ralf_schumacher,1556.37
2006,10,rosberg,1582.76
2006,10,sato,1463.28
2006,10,speed,1447.58
2006,10,trulli,1806.79
2006,10,villeneuve,1612.61
2006,10,webber,1412.54
2006,11,albers,1499.89
2006,11,alonso,2215.01
2006,11,barrichello,1552.23
2006,11,button,1517.6
2006,11,coulthard,1767.55
2006,11,fisichella,1982.98
2006,11,heidfeld,1717.61
2006,11,klien,1511.1
2006,11,liuzzi,1635.87
2006,11,massa,2013.78
2006,11,michael_schumacher,2155.75
2006,11,montagny,1333.56
2006,11,monteiro,1425.46
2006,11,raikkonen,1799.73
2006,11,ralf_schumacher,1712.25
2006,11,rosa,1682.8
2006,11,rosberg,1569.31
2006,11,sato,1358.12
2006,11,speed,1552.46
2006,11,trulli,1616.43
2006,11,villeneuve,1637.4
2006,11,webber,1392.31
2006,12,albers,1401.83
2006,12,alonso,2166.79
2006,12,barrichello,1518.13
2006,12,button,1687.31
2006,12,coulthard,1734.81
2006,12,fisichella,1966.85
2006,12,heidfeld,1600.9
2006,12,klien,1624.64
2006,12,liuzzi,1669.45
2006,12,massa,2059.67
2006,12,michael_schumacher,2191.85
2006,12,monteiro,1335.27
2006,12,raikkonen,1885.93
2006,12,ralf_schumacher,1732.54
2006,12,rosa,1564.12
2006,12,rosberg,1462.19
2006,12,sato,1428.0
2006,12,speed,1587.35
2006,12,trulli,1706.0
2006,12,villeneuve,1586.06
2006,12,webber,1469.1
2006,12,yamamoto,1436.82
2006,13,albers,1524.12
2006,13,alonso,1957.34
2006,13,barrichello,1689.77
2006,13,button,1846.71
2006,13,coulthard,1810.16
2006,13,fisichella,1743.36
2006,13,heidfeld,1758.16
2006,13,klien,1519.84
2006,13,kubica,1389.09
2006,13,liuzzi,1595.27
2006,13,massa,2004.06
2006,13,michael_schumacher,2090.85
2006,13,monteiro,1497.75
2006,13,raikkonen,1743.02
2006,13,ralf_schumacher,1792.6
2006,13,rosa,1751.3
2006,13,rosberg,1450.75
2006,13,sato,1491.22
2006,13,speed,1623.49
2006,13,trulli,1679.25
2006,13,webber,1405.59
2006,13,yamamoto,1365.86
2006,14,albers,1506.28
2006,14,alonso,2011.88
2006,14,barrichello,1739.97
2006,14,button,1903.59
2006,14,coulthard,1694.38
2006,14,fisichella,1804.7
2006,14,heidfeld,1678.87
2006,14,klien,1585.54
2006,14,kubica,1484.28
2006,14,liuzzi,1478.59
2006,14,massa,2063.23
2006,14,michael_schumacher,2095.96
2006,14,monteiro,1384.76
2006,14,raikkonen,1549.29
2006,14,ralf_schumacher,1819.82
2006,14,rosa,1825.69
2006,14,rosberg,1424.27
2006,14,sato,1468.14
2006,14,speed,1614.24
2006,14,trulli,1717.43
2006,14,webber,1530.07
2006,14,yamamoto,1348.58
2006,15,albers,1478.59
2006,15,alonso,1750.88
2006,15,barrichello,1801.52
2006,15,button,1924.54
2006,15,coulthard,1676.95
2006,15,fisichella,1874.33
2006,15,heidfeld,1731.63
2006,15,klien,1627.91
2006,15,kubica,1687.83
2006,15,liuzzi,1511.78
2006,15,massa,1968.47
2006,15,michael_schumacher,2138.62
2006,15,monteiro,1380.26
2006,15,raikkonen,1745.45
2006,15,ralf_schumacher,1701.32
2006,15,rosa,1619.88
2006,15,rosberg,1338.75
2006,15,sato,1472.0
2006,15,speed,1612.58
2006,15,trulli,1771.42
2006,15,webber,1610.74
2006,15,yamamoto,1304.11
2006,16,albers,1490.47
2006,16,alonso,1870.19
2006,16,barrichello,1839.53
2006,16,button,1954.25
2006,16,coulthard,1714.13
2006,16,doornbos,1526.12
2006,16,fisichella,1935.83
2006,16,heidfeld,1780.12
2006,16,kubica,1650.87
2006,16,liuzzi,1597.15
2006,16,massa,1735.46
2006,16,michael_schumacher,2169.5
2006,16,monteiro,1341.24
2006,16,raikkonen,1550.36
2006,16,ralf_schumacher,1589.35
2006,16,rosa,1742.99
2006,16,rosberg,1466.7
2006,16,sato,1368.14
2006,16,speed,1589.71
2006,16,trulli,1600.07
2006,16,webber,1690.47
2006,16,yamamoto,1354.64
2006,17,albers,1382.31
2006,17,alonso,1965.84
2006,17,barrichello,1761.63
2006,17,button,1975.26
2006,17,coulthard,1534.26
2006,17,doornbos,1557.75
2006,17,fisichella,1978.51
2006,17,heidfeld,1791.64
2006,17,kubica,1697.21
2006,17,liuzzi,1583.74
2006,17,massa,1859.94
2006,17,michael_schumacher,1839.82
2006,17,monteiro,1383.77
2006,17,raikkonen,1700.44
2006,17,ralf_schumacher,1691.48
2006,17,rosa,1718.76
2006,17,rosberg,1568.26
2006,17,sato,1421.09
2006,17,speed,1507.11
2006,17,trulli,1714.4
2006,17,webber,1549.73
2006,17,yamamoto,1374.35
2006,18,albers,1446.59
2006,18,alonso,2014.42
2006,18,barrichello,1798.36
2006,18,button,2004.84
2006,18,coulthard,1473.97
2006,18,doornbos,1591.67
2006,18,fisichella,1956.4
2006,18,heidfeld,1643.04
2006,18,kubica,1727.03
2006,18,liuzzi,1590.67
2006,18,massa,1955.69
2006,18,michael_schumacher,1895.38
2006,18,monteiro,1429.26
2006,18,raikkonen,1790.46
2006,18,ralf_schumacher,1534.81
2006,18,rosa,1756.08
2006,18,rosberg,1427.74
2006,18,sato,1540.62
2006,18,speed,1577.54
2006,18,trulli,1564.34
2006,18,webber,1433.84
2006,18,yamamoto,1404.53
2007,1,albers,1345.85
2007,1,alonso,2048.53
2007,1,barrichello,1742.25
2007,1,button,1807.58
2007,1,coulthard,1414.62
2007,1,davidson,1372.17
2007,1,fisichella,1951.87
2007,1,hamilton,1686.52
2007,1,heidfeld,1758.94
2007,1,kovalainen,1577.95
2007,1,kubica,1547.72
2007,1,liuzzi,1566.79
2007,1,massa,1934.9
2007,1,raikkonen,1903.02
2007,1,ralf_schumacher,1631.88
2007,1,rosberg,1583.11
2007,1,sato,1571.13
2007,1,speed,1444.41
2007,1,sutil,1463.7
2007,1,trulli,1633.28
2007,1,webber,1488.83
2007,1,wurz,1606.79
2007,2,albers,1291.08
2007,2,alonso,2090.83
2007,2,barrichello,1708.96
2007,2,button,1733.4
2007,2,coulthard,1356.64
2007,2,davidson,1397.93
2007,2,fisichella,1931.55
2007,2,hamilton,1816.23
2007,2,heidfeld,1832.47
2007,2,kovalainen,1658.52
2007,2,kubica,1475.29
2007,2,liuzzi,1503.74
2007,2,massa,1935.8
2007,2,raikkonen,1946.57
2007,2,ralf_schumacher,1577.27
2007,2,rosberg,1479.69
2007,2,sato,1574.93
2007,2,speed,1479.54
2007,2,sutil,1351.84
2007,2,trulli,1708.62
2007,2,webber,1571.09
2007,2,wurz,1659.86
2007,3,albers,1374.76
2007,3,alonso,2056.39
2007,3,barrichello,1657.88
2007,3,button,1530.99
2007,3,coulthard,1348.13
2007,3,davidson,1411.03
2007,3,fisichella,1886.22
2007,3,hamilton,1906.07
2007,3,heidfeld,1885.24
2007,3,kovalainen,1693.56
2007,3,kubica,1624.63
2007,3,liuzzi,1409.22
2007,3,massa,2007.93
2007,3,raikkonen,1981.88
2007,3,ralf_schumacher,1593.74
2007,3,rosberg,1565.62
2007,3,sato,1470.22
2007,3,speed,1360.5
2007,3,sutil,1398.34
2007,3,trulli,1755.71
2007,3,webber,1503.01
2007,3,wurz,1660.79
2007,4,albers,1430.21
2007,4,alonso,2067.64
2007,4,barrichello,1674.55
2007,4,button,1563.33
2007,4,coulthard,1560.98
2007,4,davidson,1506.03
2007,4,fisichella,1836.21
2007,4,hamilton,1972.4
2007,4,heidfeld,1728.43
2007,4,kovalainen,1744.98
2007,4,kubica,1752.34
2007,4,liuzzi,1403.24
2007,4,massa,2064.97
2007,4,raikkonen,1720.45
2007,4,ralf_schumacher,1534.42
2007,4,rosberg,1681.13
2007,4,sato,1590.07
2007,4,speed,1352.65
2007,4,sutil,1463.46
2007,4,trulli,1563.71
2007,4,webber,1396.57
2007,4,wurz,1474.08
2007,5,albers,1382.92
2007,5,alonso,2108.21
2007,5,barrichello,1681.15
2007,5,button,1597.36
2007,5,coulthard,1548.83
2007,5,davidson,1448.41
2007,5,fisichella,1885.43
2007,5,hamilton,2016.16
2007,5,heidfeld,1781.88
2007,5,kovalainen,1675.57
2007,5,kubica,1813.26
2007,5,liuzzi,1310.65
2007,5,massa,2070.88
2007,5,raikkonen,1743.54
2007,5,ralf_schumacher,1499.4
2007,5,rosberg,1652.55
2007,5,sato,1516.15
2007,5,speed,1497.57
2007,5,sutil,1386.35
2007,5,trulli,1533.87
2007,5,webber,1324.64
2007,5,wurz,1607.07
2007,6,albers,1419.99
2007,6,alonso,2034.27
2007,6,barrichello,1655.19
2007,6,button,1467.48
2007,6,coulthard,1506.13
2007,6,davidson,1530.84
2007,6,fisichella,1607.43
2007,6,hamilton,2071.87
2007,6,heidfeld,1885.83
2007,6,kovalainen,1783.61
2007,6,kubica,1647.39
2007,6,liuzzi,1389.77
2007,6,massa,1744.88
2007,6,raikkonen,1810.79
2007,6,ralf_schumacher,1613.39
2007,6,rosberg,1671.73
2007,6,sato,1653.49
2007,6,speed,1424.55
2007,6,sutil,1371.47
2007,6,trulli,1550.55
2007,6,webber,1484.48
2007,6,wurz,1756.73
2007,7,albers,1442.44
2007,7,alonso,2061.23
2007,7,barrichello,1483.81
2007,7,button,1524.82
2007,7,coulthard,1413.29
2007,7,davidson,1579.63
2007,7,fisichella,1655.98
2007,7,hamilton,2108.81
2007,7,heidfeld,1669.8
2007,7,kovalainen,1831.43
2007,7,liuzzi,1389.14
2007,7,massa,1837.6
2007,7,raikkonen,1865.19
2007,7,ralf_schumacher,1443.28
2007,7,rosberg,1575.43
2007,7,sato,1516.52
2007,7,speed,1481.07
2007,7,sutil,1429.46
2007,7,trulli,1671.63
2007,7,vettel,1608.28
2007,7,webber,1615.55
2007,7,wurz,1730.05
2007,8,albers,1390.32
2007,8,alonso,1993.45
2007,8,barrichello,1549.39
2007,8,button,1624.2
2007,8,coulthard,1472.42
2007,8,davidson,1456.76
2007,8,fisichella,1733.1
2007,8,hamilton,2104.23
2007,8,heidfeld,1757.52
2007,8,kovalainen,1692.37
2007,8,kubica,1759.36
2007,8,liuzzi,1303.48
2007,8,massa,1914.97
2007,8,raikkonen,1951.05
2007,8,ralf_schumacher,1541.5
2007,8,rosberg,1638.38
2007,8,sato,1489.06
2007,8,speed,1432.29
2007,8,sutil,1417.58
2007,8,trulli,1493.89
2007,8,webber,1611.89
2007,8,wurz,1646.37
2007,9,albers,1422.99
2007,9,alonso,2031.64
2007,9,barrichello,1621.72
2007,9,button,1651.45
2007,9,coulthard,1541.54
2007,9,davidson,1412.23
2007,9,fisichella,1752.0
2007,9,hamilton,2101.91
2007,9,heidfeld,1799.92
2007,9,kovalainen,1742.1
2007,9,kubica,1832.3
2007,9,liuzzi,1345.88
2007,9,massa,1923.16
2007,9,raikkonen,2016.26
2007,9,ralf_schumacher,1429.71
2007,9,rosberg,1626.79
2007,9,sato,1503.31
2007,9,speed,1378.87
2007,9,sutil,1334.15
2007,9,trulli,1452.89
2007,9,webber,1437.23
2007,9,wurz,1615.55
2007,10,alonso,2084.09
2007,10,barrichello,1636.96
2007,10,button,1536.81
2007,10,coulthard,1676.67
2007,10,davidson,1488.35
2007,10,fisichella,1734.25
2007,10,hamilton,1992.83
2007,10,heidfeld,1828.0
2007,10,kovalainen,1758.03
2007,10,kubica,1833.48
2007,10,liuzzi,1270.26
2007,10,markus_winkelhock,1460.87
2007,10,massa,1984.93
2007,10,raikkonen,1838.55
2007,10,ralf_schumacher,1433.38
2007,10,rosberg,1486.94
2007,10,sato,1497.98
2007,10,speed,1311.95
2007,10,sutil,1316.42
2007,10,trulli,1497.13
2007,10,webber,1642.16
2007,10,wurz,1740.54
2007,11,alonso,2070.91
2007,11,barrichello,1533.62
2007,11,button,1418.85
2007,11,coulthard,1672.5
2007,11,davidson,1405.82
2007,11,fisichella,1691.74
2007,11,hamilton,2053.16
2007,11,heidfeld,1901.74
2007,11,kovalainen,1773.44
2007,11,kubica,1874.46
2007,11,liuzzi,1273.21
2007,11,massa,1836.3
2007,11,raikkonen,1925.25
2007,11,ralf_schumacher,1602.1
2007,11,rosberg,1619.43
2007,11,sato,1500.4
2007,11,sutil,1343.38
2007,11,trulli,1577.87
2007,11,vettel,1551.59
2007,11,webber,1684.82
2007,11,wurz,1665.28
2007,11,yamamoto,1314.68
2007,12,alonso,2079.38
2007,12,barrichello,1482.98
2007,12,button,1479.65
2007,12,coulthard,1690.45
2007,12,davidson,1453.18
2007,12,fisichella,1718.82
2007,12,hamilton,2031.1
2007,12,heidfeld,1937.65
2007,12,kovalainen,1819.62
2007,12,kubica,1852.75
2007,12,liuzzi,1342.53
2007,12,massa,1939.78
2007,12,raikkonen,1986.7
2007,12,ralf_schumacher,1613.85
2007,12,rosberg,1704.22
2007,12,sato,1444.64
2007,12,sutil,1285.5
2007,12,trulli,1527.63
2007,12,vettel,1459.65
2007,12,webber,1486.99
2007,12,wurz,1669.62
2007,12,yamamoto,1283.87
2007,13,alonso,2125.08
2007,13,barrichello,1567.45
2007,13,button,1599.45
2007,13,coulthard,1490.74
2007,13,davidson,1482.66
2007,13,fisichella,1682.64
2007,13,hamilton,2070.23
2007,13,heidfeld,1967.38
2007,13,kovalainen,1835.44
2007,13,kubica,1891.38
2007,13,liuzzi,1356.27
2007,13,massa,1660.61
2007,13,raikkonen,2019.85
2007,13,ralf_schumacher,1566.8
2007,13,rosberg,1775.77
2007,13,sato,1443.04
2007,13,sutil,1278.88
2007,13,trulli,1578.94
2007,13,vettel,1416.66
2007,13,webber,1587.12
2007,13,wurz,1635.56
2007,13,yamamoto,1258.61
2007,14,alonso,2126.19
2007,14,barrichello,1571.54
2007,14,button,1502.25
2007,14,coulthard,1400.79
2007,14,davidson,1464.89
2007,14,fisichella,1484.14
2007,14,hamilton,2065.28
2007,14,heidfeld,1970.81
2007,14,kovalainen,1826.79
2007,14,kubica,1848.31
2007,14,liuzzi,1452.36
2007,14,massa,1803.46
2007,14,raikkonen,2078.94
2007,14,ralf_schumacher,1622.47
2007,14,rosberg,1820.55
2007,14,sato,1456.86
2007,14,sutil,1363.44
2007,14,trulli,1613.49
2007,14,vettel,1334.69
2007,14,webber,1681.21
2007,14,wurz,1507.81
2007,14,yamamoto,1294.3
2007,15,alonso,1791.62
2007,15,barrichello,1622.1
2007,15,button,1562.45
2007,15,coulthard,1611.82
2007,15,davidson,1439.55
2007,15,fisichella,1648.05
2007,15,hamilton,2117.11
2007,15,heidfeld,1809.06
2007,15,kovalainen,1922.93
2007,15,kubica,1852.4
2007,15,liuzzi,1564.54
2007,15,massa,1838.52
2007,15,raikkonen,2092.17
2007,15,ralf_schumacher,1553.32
2007,15,rosberg,1640.12
2007,15,sato,1468.43
2007,15,sutil,1524.92
2007,15,trulli,1595.96
2007,15,vettel,1319.6
2007,15,webber,1520.7
2007,15,wurz,1385.34
2007,15,yamamoto,1409.87
2007,16,alonso,1892.95
2007,16,barrichello,1571.82
2007,16,button,1697.79
2007,16,coulthard,1680.69
2007,16,davidson,1345.17
2007,16,fisichella,1655.36
2007,16,hamilton,1818.21
2007,16,heidfeld,1819.28
2007,16,kovalainen,1861.59
2007,16,kubica,1657.62
2007,16,liuzzi,1682.79
2007,16,massa,1908.52
2007,16,raikkonen,2131.83
2007,16,ralf_schumacher,1452.23
2007,16,rosberg,1566.06
2007,16,sato,1496.4
2007,16,sutil,1417.47
2007,16,trulli,1590.24
2007,16,vettel,1562.53
2007,16,webber,1595.5
2007,16,wurz,1477.86
2007,16,yamamoto,1408.67
2007,17,alonso,1942.46
2007,17,barrichello,1525.24
2007,17,button,1550.51
2007,17,coulthard,1709.25
2007,17,davidson,1418.56
2007,17,fisichella,1474.65
2007,17,hamilton,1826.17
2007,17,heidfeld,1842.56
2007,17,kovalainen,1679.61
2007,17,kubica,1757.04
2007,17,liuzzi,1642.62
2007,17,massa,1969.7
2007,17,nakajima,1585.4
2007,17,raikkonen,2160.26
2007,17,ralf_schumacher,1538.95
2007,17,rosberg,1717.33
2007,17,sato,1548.82
2007,17,sutil,1447.96
2007,17,trulli,1671.46
2007,17,vettel,1488.37
2007,17,webber,1474.92
2007,17,yamamoto,1340.85
2008,1,alonso,1960.2
2008,1,barrichello,1395.58
2008,1,bourdais,1626.12
2008,1,button,1481.83
2008,1,coulthard,1643.46
2008,1,davidson,1381.27
2008,1,fisichella,1381.66
2008,1,glock,1570.37
2008,1,hamilton,1927.9
2008,1,heidfeld,1923.0
2008,1,kovalainen,1768.82
2008,1,kubica,1754.11
2008,1,massa,1822.09
2008,1,nakajima,1694.64
2008,1,piquet_jr,1548.38
2008,1,raikkonen,2055.06
2008,1,rosberg,1823.13
2008,1,sato,1594.77
2008,1,sutil,1453.29
2008,1,trulli,1605.23
2008,1,vettel,1408.15
2008,1,webber,1452.65
2008,2,alonso,1905.98
2008,2,barrichello,1465.88
2008,2,bourdais,1456.98
2008,2,button,1572.55
2008,2,coulthard,1687.81
2008,2,davidson,1423.32
2008,2,fisichella,1474.74
2008,2,glock,1440.79
2008,2,hamilton,1934.5
2008,2,heidfeld,1914.89
2008,2,kovalainen,1860.49
2008,2,kubica,1866.93
2008,2,massa,1623.14
2008,2,nakajima,1581.97
2008,2,piquet_jr,1596.55
2008,2,raikkonen,2099.33
2008,2,rosberg,1710.22
2008,2,sato,1539.23
2008,2,sutil,1385.7
2008,2,trulli,1739.99
2008,2,vettel,1389.87
2008,2,webber,1600.89
2008,3,alonso,1833.62
2008,3,barrichello,1544.42
2008,3,bourdais,1473.51
2008,3,button,1441.65
2008,3,coulthard,1561.74
2008,3,davidson,1434.11
2008,3,fisichella,1532.8
2008,3,glock,1559.9
2008,3,hamilton,1800.02
2008,3,heidfeld,1942.68
2008,3,kovalainen,1888.95
2008,3,kubica,1925.5
2008,3,massa,1793.71
2008,3,nakajima,1567.76
2008,3,piquet_jr,1473.01
2008,3,raikkonen,2116.34
2008,3,rosberg,1742.69
2008,3,sato,1489.58
2008,3,sutil,1357.38
2008,3,trulli,1794.15
2008,3,vettel,1306.97
2008,3,webber,1691.23
2008,4,alonso,1701.87
2008,4,barrichello,1511.25
2008,4,bourdais,1416.4
2008,4,button,1606.56
2008,4,coulthard,1586.46
2008,4,davidson,1408.64
2008,4,fisichella,1602.06
2008,4,glock,1602.07
2008,4,hamilton,1882.48
2008,4,heidfeld,1876.77
2008,4,kovalainen,1702.58
2008,4,kubica,1952.1
2008,4,massa,1894.49
2008,4,nakajima,1669.47
2008,4,piquet_jr,1398.19
2008,4,raikkonen,2149.95
2008,4,rosberg,1662.35
2008,4,sato,1524.6
2008,4,sutil,1301.65
2008,4,trulli,1794.94
2008,4,vettel,1246.12
2008,4,webber,1780.73
2008,5,alonso,1766.26
2008,5,barrichello,1508.17
2008,5,bourdais,1368.19
2008,5,button,1621.8
2008,5,coulthard,1641.48
2008,5,fisichella,1458.42
2008,5,glock,1585.34
2008,5,hamilton,1951.82
2008,5,heidfeld,1900.02
2008,5,kovalainen,1666.68
2008,5,kubica,1969.98
2008,5,massa,1977.16
2008,5,nakajima,1518.55
2008,5,piquet_jr,1412.03
2008,5,raikkonen,2141.0
2008,5,rosberg,1707.84
2008,5,sutil,1322.22
2008,5,trulli,1759.9
2008,5,vettel,1259.94
2008,5,webber,1801.68
2008,6,alonso,1739.75
2008,6,barrichello,1634.6
2008,6,bourdais,1301.35
2008,6,button,1628.93
2008,6,coulthard,1503.97
2008,6,fisichella,1401.23
2008,6,glock,1588.15
2008,6,hamilton,2023.86
2008,6,heidfeld,1759.34
2008,6,kovalainen,1705.08
2008,6,kubica,2020.44
2008,6,massa,2008.83
2008,6,nakajima,1624.25
2008,6,piquet_jr,1387.35
2008,6,raikkonen,2023.47
2008,6,rosberg,1599.8
2008,6,sutil,1357.87
2008,6,trulli,1684.06
2008,6,vettel,1479.26
2008,6,webber,1866.9
2008,7,alonso,1617.6
2008,7,barrichello,1706.85
2008,7,bourdais,1379.66
2008,7,button,1635.09
2008,7,coulthard,1686.7
2008,7,fisichella,1433.35
2008,7,glock,1724.46
2008,7,hamilton,1750.43
2008,7,heidfeld,1871.03
2008,7,kovalainen,1717.13
2008,7,kubica,2075.44
2008,7,massa,1994.02
2008,7,nakajima,1562.57
2008,7,piquet_jr,1370.94
2008,7,raikkonen,1766.43
2008,7,rosberg,1633.64
2008,7,sutil,1298.96
2008,7,trulli,1755.22
2008,7,vettel,1589.09
2008,7,webber,1769.89
2008,8,alonso,1677.83
2008,8,barrichello,1635.93
2008,8,bourdais,1368.85
2008,8,button,1483.86
2008,8,coulthard,1704.65
2008,8,fisichella,1388.36
2008,8,glock,1695.77
2008,8,hamilton,1728.22
2008,8,heidfeld,1754.24
2008,8,kovalainen,1805.35
2008,8,kubica,2040.25
2008,8,massa,2047.98
2008,8,nakajima,1528.75
2008,8,piquet_jr,1532.21
2008,8,raikkonen,1869.79
2008,8,rosberg,1556.36
2008,8,sutil,1270.26
2008,8,trulli,1846.24
2008,8,vettel,1594.56
2008,8,webber,1809.04
2008,9,alonso,1750.87
2008,9,barrichello,1771.42
2008,9,bourdais,1463.6
2008,9,button,1478.86
2008,9,coulthard,1529.51
2008,9,fisichella,1375.44
2008,9,glock,1660.74
2008,9,hamilton,1864.08
2008,9,heidfeld,1864.82
2008,9,kovalainen,1849.18
2008,9,kubica,1852.77
2008,9,massa,1874.63
2008,9,nakajima,1623.17
2008,9,piquet_jr,1493.17
2008,9,raikkonen,1908.52
2008,9,rosberg,1623.75
2008,9,sutil,1266.69
2008,9,trulli,1842.67
2008,9,vettel,1477.98
2008,9,webber,1766.62
2008,10,alonso,1715.7
2008,10,barrichello,1602.45
2008,10,bourdais,1516.01
2008,10,button,1435.39
2008,10,coulthard,1541.69
2008,10,fisichella,1382.03
2008,10,glock,1501.98
2008,10,hamilton,1954.05
2008,10,heidfeld,1903.97
2008,10,kovalainen,1877.36
2008,10,kubica,1847.91
2008,10,massa,1926.83
2008,10,nakajima,1583.97
2008,10,piquet_jr,1693.39
2008,10,raikkonen,1901.07
2008,10,rosberg,1653.06
2008,10,sutil,1319.76
2008,10,trulli,1807.03
2008,10,vettel,1591.64
2008,10,webber,1583.19
2008,11,alonso,1804.62
2008,11,barrichello,1534.28
2008,11,bourdais,1446.17
2008,11,button,1495.4
2008,11,coulthard,1583.53
2008,11,fisichella,1405.4
2008,11,glock,1697.49
2008,11,hamilton,1948.87
2008,11,heidfeld,1829.19
2008,11,kovalainen,1963.27
2008,11,kubica,1826.23
2008,11,massa,1718.91
2008,11,nakajima,1575.13
2008,11,piquet_jr,1759.16
2008,11,raikkonen,1945.23
2008,11,rosberg,1601.38
2008,11,sutil,1288.24
2008,11,trulli,1815.78
2008,11,vettel,1458.18
2008,11,webber,1642.03
2008,12,alonso,1588.72
2008,12,barrichello,1490.33
2008,12,bourdais,1536.6
2008,12,button,1518.67
2008,12,coulthard,1504.16
2008,12,fisichella,1439.57
2008,12,glock,1746.91
2008,12,hamilton,1997.28
2008,12,heidfeld,1796.83
2008,12,kovalainen,1974.14
2008,12,kubica,1895.38
2008,12,massa,1855.65
2008,12,nakajima,1533.98
2008,12,piquet_jr,1718.22
2008,12,raikkonen,1711.55
2008,12,rosberg,1669.76
2008,12,sutil,1263.96
2008,12,trulli,1856.98
2008,12,vettel,1610.6
2008,12,webber,1629.2
2008,13,alonso,1725.14
2008,13,barrichello,1410.7
2008,13,bourdais,1644.13
2008,13,button,1497.92
2008,13,coulthard,1559.44
2008,13,fisichella,1411.49
2008,13,glock,1742.61
2008,13,hamilton,2015.64
2008,13,heidfeld,1890.32
2008,13,kovalainen,1875.23
2008,13,kubica,1890.33
2008,13,massa,1946.88
2008,13,nakajima,1525.47
2008,13,piquet_jr,1536.39
2008,13,raikkonen,1567.13
2008,13,rosberg,1646.36
2008,13,sutil,1354.76
2008,13,trulli,1690.64
2008,13,vettel,1722.35
2008,13,webber,1685.57
2008,14,alonso,1809.36
2008,14,barrichello,1389.47
2008,14,bourdais,1525.28
2008,14,button,1484.88
2008,14,coulthard,1507.39
2008,14,fisichella,1335.03
2008,14,glock,1708.09
2008,14,hamilton,1959.85
2008,14,heidfeld,1903.61
2008,14,kovalainen,1942.95
2008,14,kubica,1937.17
2008,14,massa,1926.81
2008,14,nakajima,1553.76
2008,14,piquet_jr,1594.09
2008,14,raikkonen,1631.12
2008,14,rosberg,1597.33
2008,14,sutil,1312.8
2008,14,trulli,1641.58
2008,14,vettel,1854.56
2008,14,webber,1723.36
2008,15,alonso,1918.53
2008,15,barrichello,1338.61
2008,15,bourdais,1554.31
2008,15,button,1574.78
2008,15,coulthard,1624.3
2008,15,fisichella,1388.62
2008,15,glock,1801.75
2008,15,hamilton,1990.04
2008,15,heidfeld,1899.36
2008,15,kovalainen,1854.83
2008,15,kubica,1834.72
2008,15,massa,1793.3
2008,15,nakajima,1637.33
2008,15,piquet_jr,1459.25
2008,15,raikkonen,1571.35
2008,15,rosberg,1760.6
2008,15,sutil,1317.83
2008,15,trulli,1560.85
2008,15,vettel,1882.33
2008,15,webber,1575.8
2008,16,alonso,1994.22
2008,16,barrichello,1411.27
2008,16,bourdais,1607.07
2008,16,button,1553.7
2008,16,coulthard,1481.15
2008,16,fisichella,1393.51
2008,16,glock,1605.96
2008,16,hamilton,1851.86
2008,16,heidfeld,1841.92
2008,16,kovalainen,1673.76
2008,16,kubica,1919.48
2008,16,massa,1806.52
2008,16,nakajima,1575.63
2008,16,piquet_jr,1641.78
2008,16,raikkonen,1731.71
2008,16,rosberg,1719.05
2008,16,sutil,1305.52
2008,16,trulli,1690.39
2008,16,vettel,1881.31
2008,16,webber,1652.7
2008,17,alonso,1994.4
2008,17,barrichello,1495.71
2008,17,bourdais,1588.94
2008,17,button,1504.86
2008,17,coulthard,1560.87
2008,17,fisichella,1378.62
2008,17,glock,1689.69
2008,17,hamilton,1943.05
2008,17,heidfeld,1871.61
2008,17,kovalainen,1544.05
2008,17,kubica,1907.89
2008,17,massa,1895.81
2008,17,nakajima,1586.24
2008,17,piquet_jr,1695.54
2008,17,raikkonen,1830.23
2008,17,rosberg,1624.55
2008,17,sutil,1276.67
2008,17,trulli,1518.33
2008,17,vettel,1831.02
2008,17,webber,1600.41
2008,18,alonso,2032.2
2008,18,barrichello,1482.82
2008,18,bourdais,1560.7
2008,18,button,1523.84
2008,18,coulthard,1435.84
2008,18,fisichella,1346.88
2008,18,glock,1757.57
2008,18,hamilton,1943.44
2008,18,heidfeld,1806.57
2008,18,kovalainen,1647.15
2008,18,kubica,1814.51
2008,18,massa,1976.29
2008,18,nakajima,1504.86
2008,18,piquet_jr,1537.48
2008,18,raikkonen,1898.05
2008,18,rosberg,1617.94
2008,18,sutil,1307.66
2008,18,trulli,1613.32
2008,18,vettel,1882.2
2008,18,webber,1649.18
2009,1,alonso,2007.65
2009,1,barrichello,1692.7
2009,1,bourdais,1645.14
2009,1,buemi,1624.29
2009,1,button,1735.93
2009,1,fisichella,1452.27
2009,1,glock,1833.22
2009,1,hamilton,1678.76
2009,1,heidfeld,1762.07
2009,1,kovalainen,1515.9
2009,1,kubica,1699.34
2009,1,massa,1771.08
2009,1,nakajima,1444.28
2009,1,piquet_jr,1483.62
2009,1,raikkonen,1735.89
2009,1,rosberg,1715.05
2009,1,sutil,1459.17
2009,1,trulli,1758.15
2009,1,vettel,1758.18
2009,1,webber,1629.96
2009,2,alonso,1877.45
2009,2,barrichello,1774.61
2009,2,bourdais,1665.58
2009,2,buemi,1554.43
2009,2,button,1863.48
2009,2,fisichella,1407.78
2009,2,glock,1894.57
2009,2,hamilton,1733.51
2009,2,heidfeld,1864.3
2009,2,kovalainen,1415.0
2009,2,kubica,1545.79
2009,2,massa,1757.32
2009,2,nakajima,1507.66
2009,2,piquet_jr,1515.64
2009,2,raikkonen,1653.49
2009,2,rosberg,1739.32
2009,2,sutil,1431.08
2009,2,trulli,1830.82
2009,2,vettel,1650.58
2009,2,webber,1720.26
2009,3,alonso,1825.1
2009,3,barrichello,1843.15
2009,3,bourdais,1662.42
2009,3,buemi,1642.6
2009,3,button,1916.79
2009,3,fisichella,1447.8
2009,3,glock,1869.89
2009,3,hamilton,1783.39
2009,3,heidfeld,1766.71
2009,3,kovalainen,1600.93
2009,3,kubica,1557.04
2009,3,massa,1578.77
2009,3,nakajima,1443.36
2009,3,piquet_jr,1485.25
2009,3,raikkonen,1671.69
2009,3,rosberg,1638.94
2009,3,sutil,1410.36
2009,3,trulli,1606.05
2009,3,vettel,1812.44
2009,3,webber,1839.96
2009,4,alonso,1809.89
2009,4,barrichello,1869.79
2009,4,bourdais,1627.02
2009,4,buemi,1544.29
2009,4,button,1986.8
2009,4,fisichella,1456.02
2009,4,glock,1854.46
2009,4,hamilton,1846.89
2009,4,heidfeld,1584.34
2009,4,kovalainen,1606.25
2009,4,kubica,1473.95
2009,4,massa,1558.8
2009,4,nakajima,1363.95
2009,4,piquet_jr,1565.5
2009,4,raikkonen,1745.54
2009,4,rosberg,1679.13
2009,4,sutil,1411.65
2009,4,trulli,1751.17
2009,4,vettel,1898.94
2009,4,webber,1768.28
2009,5,alonso,1851.34
2009,5,barrichello,1940.07
2009,5,bourdais,1499.54
2009,5,buemi,1464.93
2009,5,button,2041.22
2009,5,fisichella,1474.48
2009,5,glock,1796.19
2009,5,hamilton,1807.23
2009,5,heidfeld,1674.54
2009,5,kovalainen,1537.62
2009,5,kubica,1540.26
2009,5,massa,1675.19
2009,5,nakajima,1429.26
2009,5,piquet_jr,1581.8
2009,5,raikkonen,1639.6
2009,5,rosberg,1717.42
2009,5,sutil,1339.66
2009,5,trulli,1609.48
2009,5,vettel,1927.2
2009,5,webber,1855.61
2009,6,alonso,1845.53
2009,6,barrichello,1992.34
2009,6,bourdais,1604.26
2009,6,buemi,1375.98
2009,6,button,2085.82
2009,6,fisichella,1570.38
2009,6,glock,1757.47
2009,6,hamilton,1731.45
2009,6,heidfeld,1665.07
2009,6,kovalainen,1492.65
2009,6,kubica,1476.7
2009,6,massa,1779.42
2009,6,nakajima,1438.72
2009,6,piquet_jr,1470.69
2009,6,raikkonen,1772.96
2009,6,rosberg,1774.87
2009,6,sutil,1393.98
2009,6,trulli,1592.4
2009,6,vettel,1700.43
2009,6,webber,1881.53
2009,7,alonso,1790.47
2009,7,barrichello,1724.89
2009,7,bourdais,1498.94
2009,7,buemi,1401.94
2009,7,button,2122.28
2009,7,fisichella,1445.55
2009,7,glock,1766.5
2009,7,hamilton,1667.35
2009,7,heidfeld,1660.99
2009,7,kovalainen,1500.21
2009,7,kubica,1604.42
2009,7,massa,1814.76
2009,7,nakajima,1498.36
2009,7,piquet_jr,1448.95
2009,7,raikkonen,1760.15
2009,7,rosberg,1828.01
2009,7,sutil,1377.63
2009,7,trulli,1727.14
2009,7,vettel,1813.18
2009,7,webber,1950.95
2009,8,alonso,1686.01
2009,8,barrichello,1826.48
2009,8,bourdais,1413.91
2009,8,buemi,1365.53
2009,8,button,2060.71
2009,8,fisichella,1535.03
2009,8,glock,1758.91
2009,8,hamilton,1576.26
2009,8,heidfeld,1589.07
2009,8,kovalainen,1396.66
2009,8,kubica,1586.08
2009,8,massa,1869.9
2009,8,nakajima,1552.65
2009,8,piquet_jr,1501.88
2009,8,raikkonen,1771.11
2009,8,rosberg,1862.57
2009,8,sutil,1366.93
2009,8,trulli,1766.27
2009,8,vettel,1917.44
2009,8,webber,1999.26
2009,9,alonso,1740.72
2009,9,barrichello,1849.75
2009,9,bourdais,1336.45
2009,9,buemi,1371.3
2009,9,button,2033.36
2009,9,fisichella,1575.1
2009,9,glock,1753.25
2009,9,hamilton,1479.4
2009,9,heidfeld,1627.27
2009,9,kovalainen,1532.62
2009,9,kubica,1555.99
2009,9,massa,1927.65
2009,9,nakajima,1569.29
2009,9,piquet_jr,1518.7
2009,9,raikkonen,1584.77
2009,9,rosberg,1906.0
2009,9,sutil,1391.07
2009,9,trulli,1615.75
2009,9,vettel,1978.2
2009,9,webber,2056.01
2009,10,alguersuari,1489.59
2009,10,alonso,1589.11
2009,10,barrichello,1796.2
2009,10,buemi,1382.77
2009,10,button,1976.69
2009,10,fisichella,1555.31
2009,10,glock,1799.48
2009,10,hamilton,1702.65
2009,10,heidfeld,1639.96
2009,10,kovalainen,1675.42
2009,10,kubica,1560.65
2009,10,massa,1669.67
2009,10,nakajima,1635.7
2009,10,piquet_jr,1554.39
2009,10,raikkonen,1753.65
2009,10,rosberg,1937.11
2009,10,sutil,1345.3
2009,10,trulli,1681.76
2009,10,vettel,1755.31
2009,10,webber,2065.45
2009,11,alguersuari,1462.78
2009,11,alonso,1691.08
2009,11,badoer,1427.24
2009,11,barrichello,1904.76
2009,11,buemi,1334.86
2009,11,button,1929.05
2009,11,fisichella,1572.85
2009,11,glock,1690.87
2009,11,grosjean,1487.61
2009,11,hamilton,1826.23
2009,11,heidfeld,1642.88
2009,11,kovalainen,1776.56
2009,11,kubica,1642.17
2009,11,nakajima,1520.01
2009,11,raikkonen,1843.39
2009,11,rosberg,1935.18
2009,11,sutil,1466.73
2009,11,trulli,1634.73
2009,11,vettel,1557.28
2009,11,webber,1959.46
2009,12,alguersuari,1377.0
2009,12,alonso,1605.58
2009,12,badoer,1455.08
2009,12,barrichello,1877.4
2009,12,buemi,1426.46
2009,12,button,1718.72
2009,12,fisichella,1746.4
2009,12,glock,1694.82
2009,12,grosjean,1428.35
2009,12,hamilton,1620.5
2009,12,heidfeld,1740.68
2009,12,kovalainen,1808.98
2009,12,kubica,1756.74
2009,12,nakajima,1534.62
2009,12,raikkonen,1939.22
2009,12,rosberg,1882.06
2009,12,sutil,1536.34
2009,12,trulli,1554.47
2009,12,vettel,1719.66
2009,12,webber,1882.65
2009,13,alguersuari,1354.32
2009,13,alonso,1724.13
2009,13,barrichello,1961.66
2009,13,buemi,1478.34
2009,13,button,1841.77
2009,13,fisichella,1746.39
2009,13,glock,1681.58
2009,13,grosjean,1443.23
2009,13,hamilton,1620.21
2009,13,heidfeld,1775.15
2009,13,kovalainen,1833.5
2009,13,kubica,1579.64
2009,13,liuzzi,1547.29
2009,13,nakajima,1600.68
2009,13,raikkonen,1971.69
2009,13,rosberg,1706.9
2009,13,sutil,1698.05
2009,13,trulli,1543.94
2009,13,vettel,1746.27
2009,13,webber,1638.52
2009,14,alguersuari,1392.14
2009,14,alonso,1825.93
2009,14,barrichello,1934.7
2009,14,buemi,1460.47
2009,14,button,1869.24
2009,14,fisichella,1680.44
2009,14,glock,1815.25
2009,14,grosjean,1366.76
2009,14,hamilton,1793.08
2009,14,heidfeld,1592.75
2009,14,kovalainen,1833.15
2009,14,kubica,1660.8
2009,14,liuzzi,1542.29
2009,14,nakajima,1656.85
2009,14,raikkonen,1872.95
2009,14,rosberg,1690.6
2009,14,sutil,1563.52
2009,14,trulli,1573.85
2009,14,vettel,1823.91
2009,14,webber,1544.59
2009,15,alguersuari,1363.65
2009,15,alonso,1779.65
2009,15,barrichello,1899.4
2009,15,buemi,1393.16
2009,15,button,1840.09
2009,15,fisichella,1659.07
2009,15,glock,1597.52
2009,15,grosjean,1382.34
2009,15,hamilton,1871.83
2009,15,heidfeld,1698.15
2009,15,kovalainen,1768.27
2009,15,kubica,1694.38
2009,15,liuzzi,1538.38
2009,15,nakajima,1592.75
2009,15,raikkonen,1908.54
2009,15,rosberg,1775.64
2009,15,sutil,1569.56
2009,15,trulli,1748.92
2009,15,vettel,1925.64
2009,15,webber,1486.32
2009,16,alguersuari,1412.78
2009,16,alonso,1575.83
2009,16,barrichello,1859.27
2009,16,buemi,1554.21
2009,16,button,1870.43
2009,16,fisichella,1658.5
2009,16,grosjean,1444.89
2009,16,hamilton,1923.39
2009,16,heidfeld,1577.57
2009,16,kobayashi,1576.28
2009,16,kovalainen,1759.59
2009,16,kubica,1822.67
2009,16,liuzzi,1566.66
2009,16,nakajima,1546.14
2009,16,raikkonen,1900.09
2009,16,rosberg,1640.57
2009,16,sutil,1481.77
2009,16,trulli,1573.82
2009,16,vettel,1944.51
2009,16,webber,1706.8
2009,17,alguersuari,1343.21
2009,17,alonso,1556.15
2009,17,barrichello,1899.16
2009,17,buemi,1639.01
2009,17,button,1922.82
2009,17,fisichella,1572.24
2009,17,grosjean,1400.35
2009,17,hamilton,1679.56
2009,17,heidfeld,1703.96
2009,17,kobayashi,1686.43
2009,17,kovalainen,1716.75
2009,17,kubica,1771.8
2009,17,liuzzi,1533.07
2009,17,nakajima,1554.95
2009,17,raikkonen,1788.89
2009,17,rosberg,1675.59
2009,17,sutil,1443.72
2009,17,trulli,1668.12
2009,17,vettel,2008.96
2009,17,webber,1831.01
2010,1,alguersuari,1466.46
2010,1,alonso,1772.73
2010,1,barrichello,1839.55
2010,1,bruno_senna,1465.8
2010,1,buemi,1592.68
2010,1,button,1903.07
2010,1,chandhok,1379.44
2010,1,glock,1504.89
2010,1,grassi,1397.32
2010,1,hamilton,1814.11
2010,1,hulkenberg,1545.85
2010,1,kobayashi,1519.73
2010,1,kovalainen,1650.99
2010,1,kubica,1749.89
2010,1,liuzzi,1645.35
2010,1,massa,1823.7
2010,1,michael_schumacher,1900.73
2010,1,petrov,1431.38
2010,1,rosa,1624.67
2010,1,rosberg,1783.31
2010,1,sutil,1547.62
2010,1,trulli,1592.63
2010,1,vettel,2011.32
2010,1,webber,1830.79
2010,2,alguersuari,1574.01
2010,2,alonso,1859.95
2010,2,barrichello,1837.44
2010,2,bruno_senna,1423.49
2010,2,buemi,1481.63
2010,2,button,1991.33
2010,2,chandhok,1470.73
2010,2,glock,1530.78
2010,2,grassi,1447.16
2010,2,hamilton,1854.07
2010,2,hulkenberg,1437.52
2010,2,kobayashi,1404.67
2010,2,kovalainen,1649.49
2010,2,kubica,1876.78
2010,2,liuzzi,1738.31
2010,2,massa,1907.23
2010,2,michael_schumacher,1843.84
2010,2,petrov,1419.78
2010,2,rosa,1650.48
2010,2,rosberg,1850.82
2010,2,sutil,1507.79
2010,2,trulli,1430.19
2010,2,vettel,1789.69
2010,2,webber,1816.82
2010,3,alguersuari,1668.7
2010,3,alonso,1769.7
2010,3,barrichello,1771.79
2010,3,bruno_senna,1463.75
2010,3,buemi,1580.09
2010,3,button,1937.79
2010,3,chandhok,1510.42
2010,3,glock,1411.05
2010,3,grassi,1513.36
2010,3,hamilton,1880.27
2010,3,hulkenberg,1570.3
2010,3,kobayashi,1350.32
2010,3,kovalainen,1562.58
2010,3,kubica,1928.2
2010,3,liuzzi,1578.31
2010,3,massa,1898.32
2010,3,michael_schumacher,1621.49
2010,3,petrov,1409.5
2010,3,rosa,1463.0
2010,3,rosberg,1927.21
2010,3,sutil,1686.76
2010,3,trulli,1450.19
2010,3,vettel,1919.72
2010,3,webber,1921.19
2010,4,alguersuari,1658.42
2010,4,alonso,1858.85
2010,4,barrichello,1734.53
2010,4,bruno_senna,1487.44
2010,4,buemi,1470.93
2010,4,button,2018.14
2010,4,chandhok,1498.7
2010,4,glock,1314.07
2010,4,grassi,1465.89
2010,4,hamilton,1962.33
2010,4,hulkenberg,1568.28
2010,4,kobayashi,1309.12
2010,4,kovalainen,1580.18
2010,4,kubica,1945.96
2010,4,liuzzi,1434.72
2010,4,massa,1860.84
2010,4,michael_schumacher,1677.2
2010,4,petrov,1592.34
2010,4,rosa,1417.74
2010,4,rosberg,1978.17
2010,4,sutil,1700.0
2010,4,trulli,1444.54
2010,4,vettel,1924.43
2010,4,webber,1891.18
2010,5,alguersuari,1700.41
2010,5,alonso,1952.94
2010,5,barrichello,1763.02
2010,5,bruno_senna,1377.0
2010,5,buemi,1419.47
2010,5,button,2012.32
2010,5,chandhok,1419.37
2010,5,glock,1351.84
2010,5,grassi,1433.75
2010,5,hamilton,1819.99
2010,5,hulkenberg,1549.5
2010,5,kobayashi,1447.71
2010,5,kovalainen,1416.21
2010,5,kubica,1912.33
2010,5,liuzzi,1483.79
2010,5,massa,1890.0
2010,5,michael_schumacher,1803.56
2010,5,petrov,1643.92
2010,5,rosa,1350.4
2010,5,rosberg,1845.81
2010,5,sutil,1772.38
2010,5,trulli,1456.09
2010,5,vettel,1981.05
2010,5,webber,1991.16
2010,6,alguersuari,1709.08
2010,6,alonso,1953.93
2010,6,barrichello,1626.31
2010,6,bruno_senna,1408.21
2010,6,buemi,1551.09
2010,6,button,1685.86
2010,6,chandhok,1488.07
2010,6,glock,1322.23
2010,6,grassi,1394.17
2010,6,hamilton,1882.77
2010,6,hulkenberg,1397.91
2010,6,kobayashi,1420.69
2010,6,kovalainen,1451.35
2010,6,kubica,1976.02
2010,6,liuzzi,1608.84
2010,6,massa,1944.8
2010,6,michael_schumacher,1755.96
2010,6,petrov,1643.23
2010,6,rosa,1302.74
2010,6,rosberg,1867.82
2010,6,sutil,1805.33
2010,6,trulli,1494.02
2010,6,vettel,2039.94
2010,6,webber,2063.63
2010,7,alguersuari,1698.01
2010,7,alonso,1921.11
2010,7,barrichello,1615.09
2010,7,bruno_senna,1359.07
2010,7,buemi,1536.97
2010,7,button,1840.57
2010,7,chandhok,1427.38
2010,7,glock,1355.36
2010,7,grassi,1385.26
2010,7,hamilton,1987.85
2010,7,hulkenberg,1423.93
2010,7,kobayashi,1553.66
2010,7,kovalainen,1354.84
2010,7,kubica,1968.47
2010,7,liuzzi,1620.89
2010,7,massa,1931.12
2010,7,michael_schumacher,1855.3
2010,7,petrov,1608.94
2010,7,rosa,1458.73
2010,7,rosberg,1911.92
2010,7,sutil,1809.82
2010,7,trulli,1364.06
2010,7,vettel,1722.87
2010,7,webber,2082.8
2010,8,alguersuari,1692.69
2010,8,alonso,1980.9
2010,8,barrichello,1608.09
2010,8,bruno_senna,1289.81
2010,8,buemi,1655.14
2010,8,button,1942.55
2010,8,chandhok,1425.42
2010,8,glock,1341.74
2010,8,grassi,1379.99
2010,8,hamilton,2061.54
2010,8,hulkenberg,1505.25
2010,8,kobayashi,1397.13
2010,8,kovalainen,1411.68
2010,8,kubica,1947.66
2010,8,liuzzi,1691.6
2010,8,massa,1784.22
2010,8,michael_schumacher,1805.69
2010,8,petrov,1555.48
2010,8,rosa,1373.61
2010,8,rosberg,1925.86
2010,8,sutil,1793.22
2010,8,trulli,1329.35
2010,8,vettel,1833.29
2010,8,webber,2062.1
2010,9,alguersuari,1673.29
2010,9,alonso,1939.02
2010,9,barrichello,1764.19
2010,9,bruno_senna,1295.62
2010,9,buemi,1715.12
2010,9,button,1999.65
2010,9,chandhok,1424.48
2010,9,glock,1350.57
2010,9,grassi,1412.39
2010,9,hamilton,2101.55
2010,9,hulkenberg,1402.47
2010,9,kobayashi,1581.36
2010,9,kovalainen,1324.76
2010,9,kubica,1968.76
2010,9,liuzzi,1623.59
2010,9,massa,1763.73
2010,9,michael_schumacher,1707.96
2010,9,petrov,1572.78
2010,9,rosa,1489.19
2010,9,rosberg,1868.79
2010,9,sutil,1851.14
2010,9,trulli,1304.79
2010,9,vettel,1957.09
2010,9,webber,1701.69
2010,10,alguersuari,1523.08
2010,10,alonso,1805.81
2010,10,barrichello,1848.06
2010,10,buemi,1703.33
2010,10,button,2019.83
2010,10,chandhok,1406.5
2010,10,glock,1375.38
2010,10,grassi,1313.38
2010,10,hamilton,2129.45
2010,10,hulkenberg,1542.63
2010,10,kobayashi,1717.81
2010,10,kovalainen,1376.02
2010,10,kubica,1661.34
2010,10,liuzzi,1664.55
2010,10,massa,1684.36
2010,10,michael_schumacher,1750.05
2010,10,petrov,1601.26
2010,10,rosa,1395.53
2010,10,rosberg,1946.48
2010,10,sutil,1854.25
2010,10,trulli,1380.6
2010,10,vettel,1938.87
2010,10,webber,1868.26
2010,10,yamamoto,1332.41
2010,11,alguersuari,1535.28
2010,11,alonso,1933.65
2010,11,barrichello,1784.68
2010,11,bruno_senna,1317.45
2010,11,buemi,1485.59
2010,11,button,2015.84
2010,11,glock,1391.07
2010,11,grassi,1293.13
2010,11,hamilton,2114.59
2010,11,hulkenberg,1582.31
2010,11,kobayashi,1721.33
2010,11,kovalainen,1354.83
2010,11,kubica,1750.23
2010,11,liuzzi,1604.98
2010,11,massa,1838.38
2010,11,michael_schumacher,1774.29
2010,11,petrov,1666.25
2010,11,rosa,1470.43
2010,11,rosberg,1914.66
2010,11,sutil,1701.5
2010,11,trulli,1302.62
2010,11,vettel,1990.56
2010,11,webber,1896.83
2010,11,yamamoto,1287.89
2010,12,alguersuari,1392.03
2010,12,alonso,2008.41
2010,12,barrichello,1779.0
2010,12,bruno_senna,1366.66
2010,12,buemi,1564.59
2010,12,button,1961.16
2010,12,glock,1434.09
2010,12,grassi,1331.26
2010,12,hamilton,1807.91
2010,12,hulkenberg,1718.48
2010,12,kobayashi,1756.36
2010,12,kovalainen,1446.44
2010,12,kubica,1566.2
2010,12,liuzzi,1621.0
2010,12,massa,1912.77
2010,12,michael_schumacher,1756.64
2010,12,petrov,1787.33
2010,12,rosa,1631.42
2010,12,rosberg,1646.53
2010,12,sutil,1507.13
2010,12,trulli,1392.81
2010,12,vettel,2031.9
2010,12,webber,1999.36
2010,12,yamamoto,1308.87
2010,13,alguersuari,1490.26
2010,13,alonso,1717.3
2010,13,barrichello,1534.86
2010,13,bruno_senna,1304.08
2010,13,buemi,1613.82
2010,13,button,1672.91
2010,13,glock,1433.61
2010,13,grassi,1383.71
2010,13,hamilton,1936.33
2010,13,hulkenberg,1668.73
2010,13,kobayashi,1791.02
2010,13,kovalainen,1477.66
2010,13,kubica,1756.08
2010,13,liuzzi,1679.83
2010,13,massa,1956.3
2010,13,michael_schumacher,1807.06
2010,13,petrov,1793.73
2010,13,rosa,1669.57
2010,13,rosberg,1757.05
2010,13,sutil,1689.25
2010,13,trulli,1388.81
2010,13,vettel,1842.82
2010,13,webber,2050.53
2010,13,yamamoto,1313.05
2010,14,alguersuari,1523.23
2010,14,alonso,1873.75
2010,14,barrichello,1630.6
2010,14,bruno_senna,1274.42
2010,14,buemi,1660.62
2010,14,button,1831.06
2010,14,glock,1454.03
2010,14,grassi,1366.85
2010,14,hamilton,1635.79
2010,14,hulkenberg,1755.93
2010,14,kobayashi,1539.11
2010,14,kovalainen,1464.11
2010,14,kubica,1791.12
2010,14,liuzzi,1682.43
2010,14,massa,1996.03
2010,14,michael_schumacher,1805.52
2010,14,petrov,1731.59
2010,14,rosa,1645.36
2010,14,rosberg,1837.11
2010,14,sutil,1622.86
2010,14,trulli,1351.87
2010,14,vettel,1905.29
2010,14,webber,2012.86
2010,14,yamamoto,1336.82
2010,15,alguersuari,1595.92
2010,15,alonso,1976.52
2010,15,barrichello,1751.3
2010,15,bruno_senna,1258.64
2010,15,buemi,1645.31
2010,15,button,1903.24
2010,15,glock,1468.89
2010,15,grassi,1447.58
2010,15,hamilton,1545.17
2010,15,heidfeld,1600.16
2010,15,hulkenberg,1764.07
2010,15,klien,1524.07
2010,15,kobayashi,1454.81
2010,15,kovalainen,1492.96
2010,15,kubica,1831.05
2010,15,liuzzi,1483.61
2010,15,massa,1944.63
2010,15,michael_schumacher,1743.98
2010,15,petrov,1734.29
2010,15,rosberg,1891.47
2010,15,sutil,1702.28
2010,15,trulli,1295.76
2010,15,vettel,1981.82
2010,15,webber,2040.52
2010,16,alguersuari,1649.96
2010,16,alonso,2019.44
2010,16,barrichello,1773.6
2010,16,bruno_senna,1365.79
2010,16,buemi,1695.14
2010,16,button,1953.58
2010,16,glock,1521.94
2010,16,grassi,1344.05
2010,16,hamilton,1715.89
2010,16,heidfeld,1700.02
2010,16,hulkenberg,1594.35
2010,16,kobayashi,1629.06
2010,16,kovalainen,1572.15
2010,16,kubica,1648.09
2010,16,liuzzi,1385.08
2010,16,massa,1682.92
2010,16,michael_schumacher,1819.6
2010,16,petrov,1547.54
2010,16,rosberg,1715.75
2010,16,sutil,1590.38
2010,16,trulli,1428.02
2010,16,vettel,2055.48
2010,16,webber,2081.89
2010,16,yamamoto,1401.09
2010,17,alguersuari,1679.55
2010,17,alonso,2081.47
2010,17,barrichello,1815.33
2010,17,bruno_senna,1463.08
2010,17,buemi,1558.27
2010,17,button,1843.32
2010,17,glock,1476.83
2010,17,grassi,1328.68
2010,17,hamilton,1861.38
2010,17,heidfeld,1740.28
2010,17,hulkenberg,1663.97
2010,17,kobayashi,1715.3
2010,17,kovalainen,1605.64
2010,17,kubica,1774.67
2010,17,liuzzi,1601.76
2010,17,massa,1825.69
2010,17,michael_schumacher,1893.84
2010,17,petrov,1509.06
2010,17,rosberg,1503.66
2010,17,sutil,1563.55
2010,17,trulli,1366.18
2010,17,vettel,1821.08
2010,17,webber,1730.49
2010,17,yamamoto,1467.71
2010,18,alguersuari,1699.48
2010,18,alonso,2087.6
2010,18,barrichello,1727.15
2010,18,bruno_senna,1407.44
2010,18,buemi,1597.22
2010,18,button,1890.46
2010,18,glock,1433.93
2010,18,grassi,1280.82
2010,18,hamilton,1917.29
2010,18,heidfeld,1637.3
2010,18,hulkenberg,1736.73
2010,18,klien,1427.32
2010,18,kobayashi,1735.53
2010,18,kovalainen,1546.01
2010,18,kubica,1785.25
2010,18,liuzzi,1437.02
2010,18,massa,1717.83
2010,18,michael_schumacher,1889.13
2010,18,petrov,1521.82
2010,18,rosberg,1672.71
2010,18,sutil,1616.86
2010,18,trulli,1380.09
2010,18,vettel,1937.25
2010,18,webber,1864.91
2010,19,alguersuari,1744.35
2010,19,alonso,2025.1
2010,19,barrichello,1712.39
2010,19,bruno_senna,1402.77
2010,19,buemi,1588.86
2010,19,button,1956.42
2010,19,glock,1365.52
2010,19,grassi,1333.64
2010,19,hamilton,1990.33
2010,19,heidfeld,1676.18
2010,19,hulkenberg,1652.79
2010,19,klien,1397.7
2010,19,kobayashi,1684.76
2010,19,kovalainen,1526.12
2010,19,kubica,1856.96
2010,19,liuzzi,1334.11
2010,19,massa,1739.25
2010,19,michael_schumacher,1613.76
2010,19,petrov,1682.1
2010,19,rosberg,1804.22
2010,19,sutil,1632.37
2010,19,trulli,1348.07
2010,19,vettel,2020.17
2010,19,webber,1859.19
2011,1,alguersuari,1727.01
2011,1,alonso,2030.11
2011,1,ambrosio,1527.75
2011,1,barrichello,1621.04
2011,1,buemi,1682.64
2011,1,button,1947.82
2011,1,glock,1421.49
2011,1,hamilton,2039.02
2011,1,heidfeld,1670.02
2011,1,kobayashi,1520.76
2011,1,kovalainen,1476.94
2011,1,maldonado,1425.73
2011,1,massa,1790.96
2011,1,michael_schumacher,1513.26
2011,1,perez,1391.09
2011,1,petrov,1814.44
2011,1,resta,1594.79
2011,1,rosberg,1659.49
2011,1,sutil,1692.76
2011,1,trulli,1445.7
2011,1,vettel,2078.06
2011,1,webber,1898.27
2011,2,alguersuari,1672.26
2011,2,alonso,2002.4
2011,2,ambrosio,1471.42
2011,2,barrichello,1473.72
2011,2,buemi,1661.98
2011,2,button,2011.72
2011,2,glock,1456.35
2011,2,hamilton,1973.86
2011,2,heidfeld,1809.16
2011,2,karthikeyan,1324.13
2011,2,kobayashi,1658.63
2011,2,kovalainen,1508.2
2011,2,liuzzi,1365.93
2011,2,maldonado,1320.07
2011,2,massa,1855.61
2011,2,michael_schumacher,1624.39
2011,2,perez,1350.63
2011,2,petrov,1672.41
2011,2,resta,1657.3
2011,2,rosberg,1664.21
2011,2,sutil,1699.84
2011,2,trulli,1403.74
2011,2,vettel,2126.29
2011,2,webber,1943.0
2011,3,alguersuari,1464.23
2011,3,alonso,1968.8
2011,3,ambrosio,1415.07
2011,3,barrichello,1536.09
2011,3,buemi,1634.14
2011,3,button,2027.12
2011,3,glock,1388.09
2011,3,hamilton,2049.1
2011,3,heidfeld,1756.56
2011,3,karthikeyan,1264.0
2011,3,kobayashi,1696.72
2011,3,kovalainen,1509.24
2011,3,liuzzi,1311.19
2011,3,maldonado,1351.63
2011,3,massa,1884.97
2011,3,michael_schumacher,1707.76
2011,3,perez,1390.7
2011,3,petrov,1721.26
2011,3,resta,1679.81
2011,3,rosberg,1777.48
2011,3,sutil,1640.65
2011,3,trulli,1389.49
2011,3,vettel,2148.87
2011,3,webber,1994.28
2011,4,alguersuari,1477.15
2011,4,alonso,2016.36
2011,4,ambrosio,1375.42
2011,4,barrichello,1539.28
2011,4,buemi,1696.99
2011,4,button,2007.72
2011,4,glock,1286.42
2011,4,hamilton,2058.44
2011,4,heidfeld,1807.62
2011,4,karthikeyan,1253.86
2011,4,kobayashi,1720.16
2011,4,kovalainen,1452.63
2011,4,liuzzi,1268.59
2011,4,maldonado,1386.12
2011,4,massa,1823.88
2011,4,michael_schumacher,1695.91
2011,4,perez,1463.58
2011,4,petrov,1768.64
2011,4,resta,1484.35
2011,4,rosberg,1852.35
2011,4,sutil,1638.22
2011,4,trulli,1393.43
2011,4,vettel,2188.38
2011,4,webber,2051.78
2011,5,alguersuari,1482.34
2011,5,alonso,2021.44
2011,5,ambrosio,1345.82
2011,5,barrichello,1504.52
2011,5,buemi,1654.15
2011,5,button,2048.65
2011,5,glock,1303.05
2011,5,hamilton,2103.74
2011,5,heidfeld,1826.46
2011,5,karthikeyan,1242.95
2011,5,kobayashi,1735.34
2011,5,kovalainen,1344.8
2011,5,liuzzi,1200.88
2011,5,maldonado,1440.65
2011,5,massa,1588.16
2011,5,michael_schumacher,1785.1
2011,5,perez,1587.06
2011,5,petrov,1750.11
2011,5,resta,1553.15
2011,5,rosberg,1872.67
2011,5,sutil,1633.81
2011,5,trulli,1394.05
2011,5,vettel,2224.0
2011,5,webber,2064.38
2011,6,alguersuari,1413.11
2011,6,alonso,2078.22
2011,6,ambrosio,1412.44
2011,6,barrichello,1614.2
2011,6,buemi,1692.88
2011,6,button,2081.59
2011,6,glock,1244.85
2011,6,hamilton,2070.52
2011,6,heidfeld,1839.03
2011,6,karthikeyan,1304.68
2011,6,kobayashi,1826.31
2011,6,kovalainen,1429.64
2011,6,liuzzi,1293.2
2011,6,maldonado,1419.3
2011,6,massa,1461.47
2011,6,michael_schumacher,1564.38
2011,6,perez,1410.22
2011,6,petrov,1594.04
2011,6,resta,1598.01
2011,6,rosberg,1818.05
2011,6,sutil,1728.75
2011,6,trulli,1479.7
2011,6,vettel,2256.36
2011,6,webber,2076.3
2011,7,alguersuari,1580.29
2011,7,alonso,1753.85
2011,7,ambrosio,1482.57
2011,7,barrichello,1687.69
2011,7,buemi,1719.67
2011,7,button,2143.53
2011,7,glock,1351.98
2011,7,hamilton,1713.45
2011,7,heidfeld,1632.87
2011,7,karthikeyan,1357.58
2011,7,kobayashi,1855.93
2011,7,kovalainen,1342.17
2011,7,liuzzi,1422.18
2011,7,maldonado,1398.33
2011,7,massa,1642.09
2011,7,michael_schumacher,1739.15
2011,7,petrov,1741.3
2011,7,resta,1524.08
2011,7,rosa,1659.54
2011,7,rosberg,1781.8
2011,7,sutil,1551.41
2011,7,trulli,1488.4
2011,7,vettel,2267.05
2011,7,webber,2105.5
2011,8,alguersuari,1677.6
2011,8,alonso,1875.78
2011,8,ambrosio,1388.31
2011,8,barrichello,1675.76
2011,8,buemi,1679.03
2011,8,button,2092.55
2011,8,glock,1321.86
2011,8,hamilton,1819.78
2011,8,heidfeld,1676.59
2011,8,karthikeyan,1271.23
2011,8,kobayashi,1712.25
2011,8,kovalainen,1351.19
2011,8,liuzzi,1332.42
2011,8,maldonado,1406.65
2011,8,massa,1759.2
2011,8,michael_schumacher,1627.34
2011,8,perez,1524.36
2011,8,petrov,1659.0
2011,8,resta,1547.09
2011,8,rosberg,1817.38
2011,8,sutil,1643.8
2011,8,trulli,1427.62
2011,8,vettel,2289.37
2011,8,webber,2116.93
2011,9,alguersuari,1709.49
2011,9,alonso,1979.31
2011,9,ambrosio,1416.42
2011,9,barrichello,1660.25
2011,9,buemi,1526.11
2011,9,button,1795.59
2011,9,glock,1390.38
2011,9,hamilton,1895.61
2011,9,heidfeld,1741.06
2011,9,kobayashi,1529.01
2011,9,kovalainen,1272.16
2011,9,liuzzi,1361.09
2011,9,maldonado,1481.07
2011,9,massa,1840.42
2011,9,michael_schumacher,1695.38
2011,9,perez,1664.91
2011,9,petrov,1666.35
2011,9,resta,1550.42
2011,9,ricciardo,1450.72
2011,9,rosberg,1861.88
2011,9,sutil,1673.37
2011,9,trulli,1341.96
2011,9,vettel,2290.56
2011,9,webber,2128.33
2011,10,alguersuari,1698.47
2011,10,alonso,2038.37
2011,10,ambrosio,1418.15
2011,10,barrichello,1478.49
2011,10,buemi,1539.57
2011,10,button,1572.02
2011,10,chandhok,1376.19
2011,10,glock,1419.32
2011,10,hamilton,1993.82
2011,10,heidfeld,1508.52
2011,10,kobayashi,1638.1
2011,10,kovalainen,1357.82
2011,10,liuzzi,1328.12
2011,10,maldonado,1529.25
2011,10,massa,1894.64
2011,10,michael_schumacher,1755.08
2011,10,perez,1687.79
2011,10,petrov,1704.61
2011,10,resta,1587.99
2011,10,ricciardo,1422.07
2011,10,rosberg,1875.91
2011,10,sutil,1772.14
2011,10,vettel,2253.59
2011,10,webber,2136.36
2011,11,alguersuari,1722.32
2011,11,alonso,2068.13
2011,11,ambrosio,1401.89
2011,11,barrichello,1540.26
2011,11,buemi,1655.28
2011,11,button,1775.42
2011,11,glock,1438.14
2011,11,hamilton,2017.73
2011,11,heidfeld,1389.01
2011,11,kobayashi,1669.5
2011,11,kovalainen,1325.43
2011,11,liuzzi,1323.61
2011,11,maldonado,1523.99
2011,11,massa,1915.06
2011,11,michael_schumacher,1550.56
2011,11,perez,1634.95
2011,11,petrov,1693.76
2011,11,resta,1701.59
2011,11,ricciardo,1422.19
2011,11,rosberg,1850.79
2011,11,sutil,1701.31
2011,11,trulli,1262.29
2011,11,vettel,2259.79
2011,11,webber,2109.19
2011,12,alguersuari,1498.7
2011,12,alonso,2075.96
2011,12,ambrosio,1423.67
2011,12,barrichello,1526.68
2011,12,bruno_senna,1495.4
2011,12,buemi,1476.29
2011,12,button,1884.68
2011,12,glock,1429.0
2011,12,hamilton,1709.83
2011,12,kobayashi,1674.95
2011,12,kovalainen,1408.33
2011,12,liuzzi,1336.06
2011,12,maldonado,1618.93
2011,12,massa,1896.27
2011,12,michael_schumacher,1710.9
2011,12,perez,1512.38
2011,12,petrov,1738.75
2011,12,resta,1710.34
2011,12,ricciardo,1366.42
2011,12,rosberg,1886.41
2011,12,sutil,1774.02
2011,12,trulli,1383.47
2011,12,vettel,2285.2
2011,12,webber,2143.29
2011,13,alguersuari,1651.9
2011,13,alonso,2098.46
2011,13,ambrosio,1375.26
2011,13,barrichello,1587.51
2011,13,bruno_senna,1618.25
2011,13,buemi,1589.93
2011,13,button,1974.07
2011,13,glock,1476.13
2011,13,hamilton,1826.91
2011,13,kobayashi,1569.47
2011,13,kovalainen,1498.62
2011,13,liuzzi,1266.18
2011,13,maldonado,1658.31
2011,13,massa,1916.0
2011,13,michael_schumacher,1811.61
2011,13,perez,1491.42
2011,13,petrov,1543.79
2011,13,resta,1763.39
2011,13,ricciardo,1418.74
2011,13,rosberg,1613.28
2011,13,sutil,1610.92
2011,13,trulli,1465.24
2011,13,vettel,2307.21
2011,13,webber,1833.33
2011,14,alguersuari,1507.67
2011,14,alonso,2093.49
2011,14,ambrosio,1394.53
2011,14,barrichello,1607.89
2011,14,bruno_senna,1593.13
2011,14,buemi,1625.51
2011,14,button,2033.04
2011,14,glock,1354.55
2011,14,hamilton,1881.91
2011,14,kobayashi,1581.03
2011,14,kovalainen,1506.31
2011,14,liuzzi,1282.32
2011,14,maldonado,1681.59
2011,14,massa,1874.01
2011,14,michael_schumacher,1564.75
2011,14,perez,1598.95
2011,14,petrov,1516.26
2011,14,resta,1825.21
2011,14,ricciardo,1404.55
2011,14,rosberg,1717.48
2011,14,sutil,1700.16
2011,14,trulli,1380.8
2011,14,vettel,2324.07
2011,14,webber,1916.69
2011,15,alguersuari,1526.23
2011,15,alonso,2127.55
2011,15,ambrosio,1350.99
2011,15,barrichello,1553.3
2011,15,bruno_senna,1560.95
2011,15,buemi,1438.87
2011,15,button,2097.32
2011,15,glock,1342.55
2011,15,hamilton,1921.47
2011,15,kobayashi,1602.73
2011,15,kovalainen,1475.77
2011,15,liuzzi,1236.47
2011,15,maldonado,1646.52
2011,15,massa,1882.25
2011,15,michael_schumacher,1700.86
2011,15,perez,1691.62
2011,15,petrov,1624.69
2011,15,resta,1766.4
2011,15,ricciardo,1339.43
2011,15,rosberg,1731.45
2011,15,sutil,1705.05
2011,15,trulli,1378.44
2011,15,vettel,2302.94
2011,15,webber,1962.11
2011,16,alguersuari,1663.45
2011,16,alonso,2105.37
2011,16,ambrosio,1335.77
2011,16,barrichello,1601.18
2011,16,bruno_senna,1589.3
2011,16,buemi,1577.09
2011,16,button,2099.12
2011,16,glock,1366.86
2011,16,hamilton,2000.91
2011,16,kobayashi,1580.88
2011,16,kovalainen,1520.31
2011,16,liuzzi,1236.08
2011,16,maldonado,1483.01
2011,16,massa,1909.21
2011,16,michael_schumacher,1482.03
2011,16,perez,1617.92
2011,16,petrov,1453.77
2011,16,resta,1764.39
2011,16,ricciardo,1346.36
2011,16,rosberg,1775.95
2011,16,sutil,1710.08
2011,16,trulli,1408.94
2011,16,vettel,2324.08
2011,16,webber,2013.9
2011,17,alguersuari,1731.5
2011,17,alonso,2125.93
2011,17,ambrosio,1396.54
2011,17,barrichello,1579.48
2011,17,bruno_senna,1620.43
2011,17,buemi,1461.94
2011,17,button,2138.55
2011,17,glock,1294.98
2011,17,hamilton,1975.35
2011,17,karthikeyan,1333.82
2011,17,kobayashi,1411.73
2011,17,kovalainen,1547.09
2011,17,maldonado,1387.82
2011,17,massa,1677.76
2011,17,michael_schumacher,1662.01
2011,17,perez,1671.39
2011,17,petrov,1553.64
2011,17,resta,1711.89
2011,17,ricciardo,1366.81
2011,17,rosberg,1835.08
2011,17,sutil,1744.94
2011,17,trulli,1389.76
2011,17,vettel,2344.17
2011,17,webber,2038.47
2011,18,alguersuari,1657.76
2011,18,alonso,2161.22
2011,18,ambrosio,1309.7
2011,18,barrichello,1615.35
2011,18,bruno_senna,1574.1
2011,18,buemi,1369.77
2011,18,button,2153.57
2011,18,glock,1313.71
2011,18,hamilton,2061.5
2011,18,kobayashi,1541.79
2011,18,kovalainen,1512.95
2011,18,liuzzi,1252.5
2011,18,maldonado,1460.9
2011,18,massa,1789.81
2011,18,michael_schumacher,1748.19
2011,18,perez,1688.61
2011,18,petrov,1582.85
2011,18,resta,1748.03
2011,18,ricciardo,1325.68
2011,18,rosberg,1878.26
2011,18,sutil,1785.35
2011,18,trulli,1396.3
2011,18,vettel,1916.89
2011,18,webber,2058.57
2011,19,alguersuari,1683.23
2011,19,alonso,2149.66
2011,19,ambrosio,1324.06
2011,19,barrichello,1606.36
2011,19,bruno_senna,1531.62
2011,19,buemi,1482.19
2011,19,button,2161.03
2011,19,glock,1238.05
2011,19,hamilton,1741.92
2011,19,kobayashi,1643.36
2011,19,kovalainen,1510.51
2011,19,liuzzi,1245.77
2011,19,maldonado,1356.11
2011,19,massa,1866.37
2011,19,michael_schumacher,1671.53
2011,19,perez,1667.93
2011,19,petrov,1652.72
2011,19,resta,1790.93
2011,19,ricciardo,1316.76
2011,19,rosberg,1892.39
2011,19,sutil,1847.06
2011,19,trulli,1401.28
2011,19,vettel,2000.26
2011,19,webber,2122.24
2012,1,alonso,2120.77
2012,1,bruno_senna,1507.93
2012,1,button,2201.93
2012,1,glock,1341.17
2012,1,grosjean,1336.69
2012,1,hamilton,1858.73
2012,1,hulkenberg,1482.3
2012,1,kobayashi,1749.0
2012,1,kovalainen,1461.83
2012,1,maldonado,1445.41
2012,1,massa,1701.33
2012,1,michael_schumacher,1529.1
2012,1,perez,1732.65
2012,1,petrov,1534.25
2012,1,pic,1504.97
2012,1,raikkonen,1827.68
2012,1,resta,1776.87
2012,1,ricciardo,1484.25
2012,1,rosberg,1808.87
2012,1,vergne,1574.3
2012,1,vettel,2058.76
2012,1,webber,2116.65
2012,2,alonso,2171.26
2012,2,bruno_senna,1671.12
2012,2,button,1994.59
2012,2,glock,1391.48
2012,2,grosjean,1264.3
2012,2,hamilton,1942.4
2012,2,hulkenberg,1607.87
2012,2,karthikeyan,1314.41
2012,2,kobayashi,1536.84
2012,2,kovalainen,1452.66
2012,2,maldonado,1424.57
2012,2,massa,1649.12
2012,2,michael_schumacher,1619.98
2012,2,perez,1873.5
2012,2,petrov,1533.01
2012,2,pic,1444.37
2012,2,raikkonen,1890.19
2012,2,resta,1823.23
2012,2,ricciardo,1562.46
2012,2,rosa,1501.26
2012,2,rosberg,1742.97
2012,2,vergne,1680.96
2012,2,vettel,1942.41
2012,2,webber,2113.82
2012,3,alonso,2061.0
2012,3,bruno_senna,1755.94
2012,3,button,2053.91
2012,3,glock,1392.01
2012,3,grosjean,1513.89
2012,3,hamilton,1999.8
2012,3,hulkenberg,1593.46
2012,3,karthikeyan,1284.66
2012,3,kobayashi,1625.93
2012,3,kovalainen,1359.52
2012,3,maldonado,1585.63
2012,3,massa,1648.91
2012,3,michael_schumacher,1444.32
2012,3,perez,1818.54
2012,3,petrov,1499.08
2012,3,pic,1408.4
2012,3,raikkonen,1779.75
2012,3,resta,1770.97
2012,3,ricciardo,1533.79
2012,3,rosa,1426.53
2012,3,rosberg,1895.25
2012,3,vergne,1620.67
2012,3,vettel,1967.85
2012,3,webber,2108.97
2012,4,alonso,2015.72
2012,4,bruno_senna,1559.33
2012,4,button,1812.29
2012,4,glock,1391.63
2012,4,grosjean,1718.87
2012,4,hamilton,1956.36
2012,4,hulkenberg,1634.01
2012,4,karthikeyan,1279.88
2012,4,kobayashi,1637.21
2012,4,kovalainen,1402.43
2012,4,maldonado,1443.58
2012,4,massa,1716.58
2012,4,michael_schumacher,1573.02
2012,4,perez,1786.88
2012,4,petrov,1510.15
2012,4,pic,1314.12
2012,4,raikkonen,1906.39
2012,4,resta,1837.06
2012,4,ricciardo,1548.56
2012,4,rosa,1396.32
2012,4,rosberg,1934.5
2012,4,vergne,1617.68
2012,4,vettel,2052.56
2012,4,webber,2103.65
2012,5,alonso,2067.51
2012,5,bruno_senna,1427.65
2012,5,button,1816.75
2012,5,glock,1409.4
2012,5,grosjean,1834.93
2012,5,hamilton,1924.92
2012,5,hulkenberg,1691.9
2012,5,karthikeyan,1258.65
2012,5,kobayashi,1767.38
2012,5,kovalainen,1452.06
2012,5,maldonado,1704.85
2012,5,massa,1662.74
2012,5,michael_schumacher,1418.74
2012,5,perez,1615.15
2012,5,petrov,1503.85
2012,5,pic,1302.72
2012,5,raikkonen,1973.97
2012,5,resta,1750.11
2012,5,ricciardo,1593.35
2012,5,rosa,1394.37
2012,5,rosberg,1926.43
2012,5,vergne,1652.22
2012,5,vettel,2024.39
2012,5,webber,1974.75
2012,6,alonso,2089.31
2012,6,bruno_senna,1566.11
2012,6,button,1698.27
2012,6,glock,1487.32
2012,6,grosjean,1569.41
2012,6,hamilton,1956.86
2012,6,hulkenberg,1760.09
2012,6,karthikeyan,1366.61
2012,6,kobayashi,1581.43
2012,6,kovalainen,1532.17
2012,6,maldonado,1511.02
2012,6,massa,1774.07
2012,6,michael_schumacher,1406.39
2012,6,perez,1665.39
2012,6,petrov,1442.56
2012,6,pic,1346.33
2012,6,raikkonen,1921.25
2012,6,resta,1811.99
2012,6,ricciardo,1550.4
2012,6,rosa,1338.81
2012,6,rosberg,2004.98
2012,6,vergne,1671.3
2012,6,vettel,2041.47
2012,6,webber,2055.27
2012,7,alonso,2070.03
2012,7,bruno_senna,1536.1
2012,7,button,1631.51
2012,7,glock,1417.03
2012,7,grosjean,1765.98
2012,7,hamilton,2042.76
2012,7,hulkenberg,1735.49
2012,7,karthikeyan,1282.4
2012,7,kobayashi,1672.9
2012,7,kovalainen,1498.39
2012,7,maldonado,1567.39
2012,7,massa,1775.61
2012,7,michael_schumacher,1346.59
2012,7,perez,1811.3
2012,7,petrov,1424.41
2012,7,pic,1341.7
2012,7,raikkonen,1903.0
2012,7,resta,1783.19
2012,7,ricciardo,1574.97
2012,7,rosa,1281.67
2012,7,rosberg,1992.1
2012,7,vergne,1631.61
2012,7,vettel,2051.22
2012,7,webber,2011.43
2012,8,alonso,2129.23
2012,8,bruno_senna,1633.68
2012,8,button,1723.32
2012,8,glock,1324.75
2012,8,grosjean,1599.68
2012,8,hamilton,1783.39
2012,8,hulkenberg,1833.69
2012,8,karthikeyan,1330.15
2012,8,kobayashi,1516.19
2012,8,kovalainen,1542.82
2012,8,maldonado,1619.37
2012,8,massa,1672.88
2012,8,michael_schumacher,1618.78
2012,8,perez,1817.32
2012,8,petrov,1513.9
2012,8,pic,1424.57
2012,8,raikkonen,1993.06
2012,8,resta,1832.92
2012,8,ricciardo,1640.61
2012,8,rosa,1348.55
2012,8,rosberg,1985.48
2012,8,vergne,1475.57
2012,8,vettel,1755.83
2012,8,webber,2033.08
2012,9,alonso,2152.39
2012,9,bruno_senna,1706.57
2012,9,button,1743.26
2012,9,glock,1366.53
2012,9,grosjean,1733.73
2012,9,hamilton,1811.39
2012,9,hulkenberg,1775.53
2012,9,karthikeyan,1314.48
2012,9,kobayashi,1604.8
2012,9,kovalainen,1525.42
2012,9,maldonado,1587.3
2012,9,massa,1807.49
2012,9,michael_schumacher,1728.9
2012,9,perez,1592.35
2012,9,petrov,1386.13
2012,9,pic,1415.56
2012,9,raikkonen,1998.08
2012,9,resta,1585.64
2012,9,ricciardo,1647.14
2012,9,rosa,1346.15
2012,9,rosberg,1818.33
2012,9,vergne,1532.05
2012,9,vettel,1874.47
2012,9,webber,2095.12
2012,10,alonso,2188.96
2012,10,bruno_senna,1618.76
2012,10,button,1879.53
2012,10,glock,1322.08
2012,10,grosjean,1618.3
2012,10,hamilton,1554.46
2012,10,hulkenberg,1791.46
2012,10,karthikeyan,1266.39
2012,10,kobayashi,1764.43
2012,10,kovalainen,1480.04
2012,10,maldonado,1583.97
2012,10,massa,1762.39
2012,10,michael_schumacher,1792.51
2012,10,perez,1726.44
2012,10,petrov,1440.56
2012,10,pic,1392.38
2012,10,raikkonen,2035.13
2012,10,resta,1647.84
2012,10,ricciardo,1652.79
2012,10,rosa,1326.59
2012,10,rosberg,1801.64
2012,10,vergne,1567.65
2012,10,vettel,1916.37
2012,10,webber,2018.12
2012,11,alonso,2146.22
2012,11,bruno_senna,1728.79
2012,11,button,1905.71
2012,11,glock,1307.9
2012,11,grosjean,1786.0
2012,11,hamilton,1776.28
2012,11,hulkenberg,1771.53
2012,11,karthikeyan,1228.88
2012,11,kobayashi,1637.87
2012,11,kovalainen,1485.26
2012,11,maldonado,1615.85
2012,11,massa,1785.44
2012,11,michael_schumacher,1544.7
2012,11,perez,1683.58
2012,11,petrov,1426.13
2012,11,pic,1375.72
2012,11,raikkonen,2079.76
2012,11,resta,1670.59
2012,11,ricciardo,1624.38
2012,11,rosa,1292.27
2012,11,rosberg,1793.35
2012,11,vergne,1556.97
2012,11,vettel,1960.51
2012,11,webber,1965.1
2012,12,alonso,1797.51
2012,12,bruno_senna,1718.46
2012,12,button,2007.21
2012,12,glock,1404.8
2012,12,grosjean,1545.05
2012,12,hamilton,1555.5
2012,12,hulkenberg,1873.65
2012,12,karthikeyan,1273.05
2012,12,kobayashi,1649.06
2012,12,kovalainen,1485.6
2012,12,maldonado,1509.38
2012,12,massa,1866.43
2012,12,michael_schumacher,1689.64
2012,12,perez,1532.0
2012,12,petrov,1502.59
2012,12,pic,1432.82
2012,12,raikkonen,2099.09
2012,12,resta,1715.61
2012,12,ricciardo,1704.41
2012,12,rosa,1338.77
2012,12,rosberg,1772.45
2012,12,vergne,1680.37
2012,12,vettel,2029.03
2012,12,webber,1966.32
2012,13,alonso,1898.57
2012,13,ambrosio,1452.29
2012,13,bruno_senna,1741.91
2012,13,button,1687.24
2012,13,glock,1434.69
2012,13,hamilton,1784.04
2012,13,hulkenberg,1638.36
2012,13,karthikeyan,1307.32
2012,13,kobayashi,1717.95
2012,13,kovalainen,1538.23
2012,13,maldonado,1603.88
2012,13,massa,1926.62
2012,13,michael_schumacher,1788.82
2012,13,perez,1753.35
2012,13,petrov,1531.16
2012,13,pic,1470.58
2012,13,raikkonen,2072.91
2012,13,resta,1772.63
2012,13,ricciardo,1700.48
2012,13,rosa,1372.46
2012,13,rosberg,1822.0
2012,13,vergne,1487.44
2012,13,vettel,1716.19
2012,13,webber,1708.68
2012,14,alonso,1956.69
2012,14,bruno_senna,1619.91
2012,14,button,1841.07
2012,14,glock,1544.31
2012,14,grosjean,1687.14
2012,14,hamilton,1540.63
2012,14,hulkenberg,1631.66
2012,14,karthikeyan,1268.22
2012,14,kobayashi,1691.89
2012,14,kovalainen,1557.81
2012,14,maldonado,1477.04
2012,14,massa,1895.11
2012,14,michael_schumacher,1594.68
2012,14,perez,1760.77
2012,14,petrov,1485.02
2012,14,pic,1499.91
2012,14,raikkonen,2029.03
2012,14,resta,1862.32
2012,14,ricciardo,1746.4
2012,14,rosa,1419.04
2012,14,rosberg,1876.85
2012,14,vergne,1441.09
2012,14,vettel,1873.86
2012,14,webber,1720.11
2012,15,alonso,1652.48
2012,15,bruno_senna,1620.11
2012,15,button,1908.13
2012,15,glock,1543.58
2012,15,grosjean,1571.51
2012,15,hamilton,1715.35
2012,15,hulkenberg,1738.69
2012,15,karthikeyan,1274.13
2012,15,kobayashi,1833.5
2012,15,kovalainen,1568.33
2012,15,maldonado,1632.69
2012,15,massa,1975.09
2012,15,michael_schumacher,1654.1
2012,15,perez,1558.99
2012,15,petrov,1491.2
2012,15,pic,1448.2
2012,15,raikkonen,1999.0
2012,15,resta,1789.92
2012,15,ricciardo,1755.44
2012,15,rosa,1432.27
2012,15,rosberg,1592.43
2012,15,vergne,1532.59
2012,15,vettel,1976.78
2012,15,webber,1756.04
2012,16,alonso,1806.23
2012,16,bruno_senna,1604.06
2012,16,button,1607.52
2012,16,glock,1509.56
2012,16,grosjean,1702.59
2012,16,hamilton,1736.75
2012,16,hulkenberg,1814.31
2012,16,karthikeyan,1296.93
2012,16,kobayashi,1598.63
2012,16,kovalainen,1540.84
2012,16,maldonado,1627.31
2012,16,massa,1993.72
2012,16,michael_schumacher,1655.28
2012,16,perez,1632.61
2012,16,petrov,1512.84
2012,16,pic,1434.41
2012,16,raikkonen,1994.48
2012,16,resta,1746.68
2012,16,ricciardo,1774.97
2012,16,rosa,1387.04
2012,16,rosberg,1450.69
2012,16,vergne,1663.81
2012,16,vettel,2045.66
2012,16,webber,1883.64
2012,17,alonso,1914.56
2012,17,bruno_senna,1672.9
2012,17,button,1747.23
2012,17,glock,1452.44
2012,17,grosjean,1745.98
2012,17,hamilton,1840.47
2012,17,hulkenberg,1827.57
2012,17,karthikeyan,1293.22
2012,17,kobayashi,1606.22
2012,17,kovalainen,1506.37
2012,17,maldonado,1590.42
2012,17,massa,1974.04
2012,17,michael_schumacher,1501.57
2012,17,perez,1453.9
2012,17,petrov,1506.79
2012,17,pic,1423.36
2012,17,raikkonen,1958.67
2012,17,resta,1721.91
2012,17,ricciardo,1722.72
2012,17,rosa,1320.45
2012,17,rosberg,1564.78
2012,17,vergne,1627.3
2012,17,vettel,2098.16
2012,17,webber,1949.52
2012,18,alonso,1991.35
2012,18,bruno_senna,1745.7
2012,18,button,1853.16
2012,18,glock,1517.44
2012,18,grosjean,1599.84
2012,18,hamilton,1623.14
2012,18,hulkenberg,1563.93
2012,18,karthikeyan,1273.31
2012,18,kobayashi,1736.04
2012,18,kovalainen,1567.57
2012,18,maldonado,1742.84
2012,18,massa,1948.04
2012,18,michael_schumacher,1597.84
2012,18,perez,1500.77
2012,18,petrov,1515.57
2012,18,pic,1427.96
2012,18,raikkonen,2038.35
2012,18,resta,1758.59
2012,18,ricciardo,1743.31
2012,18,rosa,1378.14
2012,18,rosberg,1432.82
2012,18,vergne,1654.99
2012,18,vettel,2107.94
2012,18,webber,1701.92
2012,19,alonso,2026.29
2012,19,bruno_senna,1753.93
2012,19,button,1899.71
2012,19,glock,1473.51
2012,19,grosjean,1715.55
2012,19,hamilton,1812.68
2012,19,hulkenberg,1678.12
2012,19,karthikeyan,1255.67
2012,19,kobayashi,1682.11
2012,19,kovalainen,1520.33
2012,19,maldonado,1767.8
2012,19,massa,1979.27
2012,19,michael_schumacher,1571.77
2012,19,perez,1594.12
2012,19,petrov,1506.53
2012,19,pic,1400.1
2012,19,raikkonen,2010.12
2012,19,resta,1679.48
2012,19,ricciardo,1719.67
2012,19,rosa,1348.88
2012,19,rosberg,1520.18
2012,19,vergne,1465.36
2012,19,vettel,2131.49
2012,19,webber,1507.9
2012,20,alonso,2072.25
2012,20,bruno_senna,1539.91
2012,20,button,1997.37
2012,20,glock,1495.51
2012,20,grosjean,1549.97
2012,20,hamilton,1620.38
2012,20,hulkenberg,1791.11
2012,20,karthikeyan,1314.46
2012,20,kobayashi,1731.0
2012,20,kovalainen,1557.61
2012,20,maldonado,1563.34
2012,20,massa,2021.34
2012,20,michael_schumacher,1699.44
2012,20,perez,1434.2
2012,20,petrov,1599.33
2012,20,pic,1517.41
2012,20,raikkonen,1920.92
2012,20,resta,1560.7
2012,20,ricciardo,1688.6
2012,20,rosa,1398.49
2012,20,rosberg,1540.54
2012,20,vergne,1620.14
2012,20,vettel,2080.92
2012,20,webber,1705.62
2013,1,alonso,2104.71
2013,1,bottas,1526.75
2013,1,button,1926.28
2013,1,chilton,1474.64
2013,1,garde,1457.07
2013,1,grosjean,1625.2
2013,1,gutierrez,1544.0
2013,1,hamilton,1744.43
2013,1,hulkenberg,1563.34
2013,1,jules_bianchi,1509.41
2013,1,maldonado,1445.09
2013,1,massa,2032.0
2013,1,perez,1536.34
2013,1,pic,1502.85
2013,1,raikkonen,2007.63
2013,1,resta,1661.7
2013,1,ricciardo,1553.84
2013,1,rosberg,1448.51
2013,1,sutil,1857.99
2013,1,vergne,1633.68
2013,1,vettel,2094.22
2013,1,webber,1782.21
2013,2,alonso,1763.73
2013,2,bottas,1595.86
2013,2,button,1733.08
2013,2,chilton,1476.92
2013,2,garde,1483.66
2013,2,grosjean,1735.04
2013,2,gutierrez,1589.36
2013,2,hamilton,1857.69
2013,2,hulkenberg,1667.59
2013,2,jules_bianchi,1551.26
2013,2,maldonado,1407.76
2013,2,massa,2021.97
2013,2,perez,1634.59
2013,2,pic,1529.89
2013,2,raikkonen,1969.21
2013,2,resta,1507.7
2013,2,ricciardo,1493.79
2013,2,rosberg,1656.4
2013,2,sutil,1638.65
2013,2,vergne,1676.7
2013,2,vettel,2142.18
2013,2,webber,1898.87
2013,3,alonso,1895.43
2013,3,bottas,1606.44
2013,3,button,1816.63
2013,3,chilton,1464.24
2013,3,garde,1450.58
2013,3,grosjean,1753.48
2013,3,gutierrez,1449.67
2013,3,hamilton,1927.13
2013,3,hulkenberg,1697.26
2013,3,jules_bianchi,1544.94
2013,3,maldonado,1472.47
2013,3,massa,1993.46
2013,3,perez,1661.61
2013,3,pic,1514.77
2013,3,raikkonen,2022.04
2013,3,resta,1633.01
2013,3,ricciardo,1641.37
2013,3,rosberg,1537.47
2013,3,sutil,1495.9
2013,3,vergne,1670.33
2013,3,vettel,2120.55
2013,3,webber,1663.11
2013,4,alonso,1871.34
2013,4,bottas,1593.54
2013,4,button,1787.4
2013,4,chilton,1404.14
2013,4,garde,1376.78
2013,4,grosjean,1860.8
2013,4,gutierrez,1430.44
2013,4,hamilton,1943.55
2013,4,hulkenberg,1681.36
2013,4,jules_bianchi,1473.3
2013,4,maldonado,1561.39
2013,4,massa,1814.02
2013,4,perez,1755.92
2013,4,pic,1490.14
2013,4,raikkonen,2064.18
2013,4,resta,1768.45
2013,4,ricciardo,1584.0
2013,4,rosberg,1633.6
2013,4,sutil,1542.99
2013,4,vergne,1495.24
2013,4,vettel,2158.52
2013,4,webber,1740.79
2013,5,alonso,1971.87
2013,5,bottas,1553.96
2013,5,button,1804.72
2013,5,chilton,1378.67
2013,5,garde,1322.73
2013,5,grosjean,1605.71
2013,5,gutierrez,1532.8
2013,5,hamilton,1836.18
2013,5,hulkenberg,1623.57
2013,5,jules_bianchi,1443.21
2013,5,maldonado,1567.38
2013,5,massa,1901.68
2013,5,perez,1769.12
2013,5,pic,1471.98
2013,5,raikkonen,2097.04
2013,5,resta,1808.78
2013,5,ricciardo,1647.3
2013,5,rosberg,1740.57
2013,5,sutil,1573.02
2013,5,vergne,1421.06
2013,5,vettel,2136.36
2013,5,webber,1824.18
2013,6,alonso,1943.67
2013,6,bottas,1597.55
2013,6,button,1848.34
2013,6,chilton,1448.65
2013,6,garde,1390.82
2013,6,grosjean,1542.75
2013,6,gutierrez,1567.18
2013,6,hamilton,1902.62
2013,6,hulkenberg,1657.42
2013,6,jules_bianchi,1405.37
2013,6,maldonado,1467.23
2013,6,massa,1650.69
2013,6,perez,1657.52
2013,6,pic,1373.31
2013,6,raikkonen,1980.43
2013,6,resta,1801.65
2013,6,ricciardo,1551.12
2013,6,rosberg,1885.97
2013,6,sutil,1718.03
2013,6,vergne,1574.99
2013,6,vettel,2155.7
2013,6,webber,1910.85
2013,7,alonso,2008.78
2013,7,bottas,1589.9
2013,7,button,1777.86
2013,7,chilton,1405.76
2013,7,garde,1313.31
2013,7,grosjean,1572.58
2013,7,gutierrez,1464.44
2013,7,hamilton,1963.33
2013,7,hulkenberg,1502.76
2013,7,jules_bianchi,1413.29
2013,7,maldonado,1472.76
2013,7,massa,1717.96
2013,7,perez,1675.7
2013,7,pic,1372.6
2013,7,raikkonen,1914.93
2013,7,resta,1829.94
2013,7,ricciardo,1543.99
2013,7,rosberg,1919.39
2013,7,sutil,1729.47
2013,7,vergne,1701.71
2013,7,vettel,2188.75
2013,7,webber,1952.68
2013,8,alonso,2043.44
2013,8,bottas,1616.69
2013,8,button,1716.74
2013,8,chilton,1410.7
2013,8,garde,1327.07
2013,8,grosjean,1482.27
2013,8,gutierrez,1504.25
2013,8,hamilton,1994.15
2013,8,hulkenberg,1595.99
2013,8,jules_bianchi,1434.05
2013,8,maldonado,1559.33
2013,8,massa,1797.83
2013,8,perez,1528.6
2013,8,pic,1424.63
2013,8,raikkonen,1944.09
2013,8,resta,1819.27
2013,8,ricciardo,1654.36
2013,8,rosberg,2012.4
2013,8,sutil,1788.84
2013,8,vergne,1514.42
2013,8,vettel,1843.24
2013,8,webber,2019.52
2013,9,alonso,2047.59
2013,9,bottas,1568.82
2013,9,button,1792.75
2013,9,chilton,1381.54
2013,9,garde,1341.1
2013,9,grosjean,1686.73
2013,9,gutierrez,1532.58
2013,9,hamilton,1995.06
2013,9,hulkenberg,1654.44
2013,9,jules_bianchi,1361.18
2013,9,maldonado,1550.21
2013,9,massa,1569.89
2013,9,perez,1642.57
2013,9,pic,1428.28
2013,9,raikkonen,2010.7
2013,9,resta,1777.59
2013,9,ricciardo,1658.94
2013,9,rosberg,1938.84
2013,9,sutil,1725.49
2013,9,vergne,1432.3
2013,9,vettel,1956.47
2013,9,webber,1978.8
2013,10,alonso,2036.36
2013,10,bottas,1466.82
2013,10,button,1828.68
2013,10,chilton,1393.24
2013,10,garde,1420.49
2013,10,grosjean,1777.05
2013,10,gutierrez,1426.58
2013,10,hamilton,2065.2
2013,10,hulkenberg,1674.07
2013,10,jules_bianchi,1397.73
2013,10,maldonado,1625.86
2013,10,massa,1671.33
2013,10,perez,1700.28
2013,10,pic,1461.53
2013,10,raikkonen,2059.95
2013,10,resta,1624.73
2013,10,ricciardo,1642.46
2013,10,rosberg,1708.28
2013,10,sutil,1527.12
2013,10,vergne,1516.85
2013,10,vettel,2003.97
2013,10,webber,2003.29
2013,11,alonso,2079.97
2013,11,bottas,1487.35
2013,11,button,1866.88
2013,11,chilton,1366.95
2013,11,garde,1438.98
2013,11,grosjean,1800.09
2013,11,gutierrez,1478.78
2013,11,hamilton,2084.79
2013,11,hulkenberg,1651.52
2013,11,jules_bianchi,1388.52
2013,11,maldonado,1551.8
2013,11,massa,1749.01
2013,11,perez,1701.36
2013,11,pic,1363.08
2013,11,raikkonen,1751.12
2013,11,resta,1497.73
2013,11,ricciardo,1681.8
2013,11,rosberg,1818.88
2013,11,sutil,1626.13
2013,11,vergne,1570.71
2013,11,vettel,2072.59
2013,11,webber,2003.86
2013,12,alonso,2113.64
2013,12,bottas,1500.69
2013,12,button,1825.23
2013,12,chilton,1329.22
2013,12,garde,1415.79
2013,12,grosjean,1812.55
2013,12,gutierrez,1529.59
2013,12,hamilton,1991.86
2013,12,hulkenberg,1764.81
2013,12,jules_bianchi,1362.98
2013,12,maldonado,1559.54
2013,12,massa,1845.18
2013,12,perez,1687.76
2013,12,pic,1381.84
2013,12,raikkonen,1735.19
2013,12,resta,1382.55
2013,12,ricciardo,1752.5
2013,12,rosberg,1858.14
2013,12,sutil,1571.79
2013,12,vergne,1446.91
2013,12,vettel,2125.14
2013,12,webber,2038.98
2013,13,alonso,2142.76
2013,13,bottas,1540.9
2013,13,button,1851.06
2013,13,chilton,1355.56
2013,13,garde,1434.62
2013,13,grosjean,1594.52
2013,13,gutierrez,1576.94
2013,13,hamilton,1998.45
2013,13,hulkenberg,1778.35
2013,13,jules_bianchi,1360.97
2013,13,maldonado,1613.37
2013,13,massa,1880.7
2013,13,perez,1745.38
2013,13,pic,1355.67
2013,13,raikkonen,1855.12
2013,13,resta,1337.63
2013,13,ricciardo,1541.67
2013,13,rosberg,1921.54
2013,13,sutil,1638.27
2013,13,vergne,1487.94
2013,13,vettel,2169.27
2013,13,webber,1851.18
2013,14,alonso,2092.72
2013,14,bottas,1585.83
2013,14,button,1850.9
2013,14,chilton,1372.4
2013,14,garde,1463.48
2013,14,grosjean,1758.82
2013,14,gutierrez,1626.12
2013,14,hamilton,2000.99
2013,14,hulkenberg,1864.49
2013,14,jules_bianchi,1394.72
2013,14,maldonado,1615.23
2013,14,massa,1854.18
2013,14,perez,1750.21
2013,14,pic,1427.38
2013,14,raikkonen,1951.29
2013,14,resta,1272.14
2013,14,ricciardo,1461.63
2013,14,rosberg,1914.66
2013,14,sutil,1505.38
2013,14,vergne,1444.31
2013,14,vettel,2205.42
2013,14,webber,1619.58
2013,15,alonso,2090.28
2013,15,bottas,1527.34
2013,15,button,1833.85
2013,15,chilton,1350.22
2013,15,garde,1379.42
2013,15,grosjean,1869.02
2013,15,gutierrez,1719.98
2013,15,hamilton,1733.43
2013,15,hulkenberg,1893.02
2013,15,jules_bianchi,1313.88
2013,15,maldonado,1562.84
2013,15,massa,1819.68
2013,15,perez,1663.68
2013,15,pic,1406.51
2013,15,raikkonen,1969.34
2013,15,resta,1418.28
2013,15,ricciardo,1514.16
2013,15,rosberg,1892.64
2013,15,sutil,1525.49
2013,15,vergne,1520.21
2013,15,vettel,2235.99
2013,15,webber,1792.61
2013,16,alonso,1959.49
2013,16,bottas,1509.89
2013,16,button,1733.68
2013,16,chilton,1372.37
2013,16,garde,1304.71
2013,16,grosjean,1944.95
2013,16,gutierrez,1646.88
2013,16,hamilton,1804.99
2013,16,hulkenberg,1681.59
2013,16,jules_bianchi,1327.19
2013,16,maldonado,1598.48
2013,16,massa,1895.08
2013,16,perez,1776.5
2013,16,pic,1342.62
2013,16,raikkonen,1945.84
2013,16,resta,1569.6
2013,16,ricciardo,1598.22
2013,16,rosberg,1977.85
2013,16,sutil,1622.71
2013,16,vergne,1553.99
2013,16,vettel,2261.19
2013,16,webber,1604.06
2013,17,alonso,1972.21
2013,17,bottas,1516.87
2013,17,button,1706.77
2013,17,chilton,1314.11
2013,17,garde,1321.5
2013,17,grosjean,1978.37
2013,17,gutierrez,1636.83
2013,17,hamilton,1833.88
2013,17,hulkenberg,1641.56
2013,17,jules_bianchi,1300.21
2013,17,maldonado,1639.46
2013,17,massa,1876.8
2013,17,perez,1784.07
2013,17,pic,1330.45
2013,17,raikkonen,1658.35
2013,17,resta,1700.19
2013,17,ricciardo,1555.67
2013,17,rosberg,2018.61
2013,17,sutil,1671.49
2013,17,vergne,1510.63
2013,17,vettel,2281.98
2013,17,webber,1781.86
2013,18,alonso,1980.59
2013,18,bottas,1631.43
2013,18,button,1721.38
2013,18,chilton,1269.49
2013,18,garde,1312.93
2013,18,grosjean,2036.56
2013,18,gutierrez,1611.09
2013,18,hamilton,1900.75
2013,18,hulkenberg,1743.8
2013,18,jules_bianchi,1316.13
2013,18,kovalainen,1544.18
2013,18,maldonado,1562.18
2013,18,massa,1777.14
2013,18,perez,1819.04
2013,18,pic,1300.57
2013,18,resta,1616.21
2013,18,ricciardo,1609.22
2013,18,rosberg,1943.16
2013,18,sutil,1489.68
2013,18,vergne,1562.89
2013,18,vettel,2300.69
2013,18,webber,1882.03
2013,19,alonso,2023.24
2013,19,bottas,1479.82
2013,19,button,1828.44
2013,19,chilton,1270.53
2013,19,garde,1321.94
2013,19,grosjean,1716.83
2013,19,gutierrez,1629.13
2013,19,hamilton,1865.26
2013,19,hulkenberg,1779.35
2013,19,jules_bianchi,1343.12
2013,19,kovalainen,1551.51
2013,19,maldonado,1528.57
2013,19,massa,1817.28
2013,19,perez,1861.12
2013,19,pic,1274.74
2013,19,resta,1649.28
2013,19,ricciardo,1661.71
2013,19,rosberg,1962.03
2013,19,sutil,1533.33
2013,19,vergne,1546.27
2013,19,vettel,2318.36
2013,19,webber,1969.26
2014,1,alonso,1811.26
2014,1,bottas,1639.53
2014,1,button,1767.43
2014,1,chilton,1450.96
2014,1,ericsson,1450.14
2014,1,grosjean,1543.46
2014,1,gutierrez,1570.61
2014,1,hamilton,1520.62
2014,1,hulkenberg,1707.45
2014,1,jules_bianchi,1455.03
2014,1,kevin_magnussen,1689.15
2014,1,kobayashi,1452.4
2014,1,kvyat,1582.44
2014,1,maldonado,1475.23
2014,1,massa,1491.91
2014,1,perez,1666.49
2014,1,raikkonen,1658.32
2014,1,ricciardo,1416.76
2014,1,rosberg,1839.69
2014,1,sutil,1560.46
2014,1,vergne,1611.54
2014,1,vettel,1665.99
2014,2,alonso,1843.24
2014,2,bottas,1676.53
2014,2,button,1784.15
2014,2,chilton,1455.86
2014,2,ericsson,1472.72
2014,2,grosjean,1575.76
2014,2,gutierrez,1490.29
2014,2,hamilton,1710.34
2014,2,hulkenberg,1762.7
2014,2,jules_bianchi,1373.21
2014,2,kevin_magnussen,1689.66
2014,2,kobayashi,1491.32
2014,2,kvyat,1613.73
2014,2,maldonado,1367.66
2014,2,massa,1608.27
2014,2,perez,1459.38
2014,2,raikkonen,1624.34
2014,2,ricciardo,1417.6
2014,2,rosberg,1894.51
2014,2,sutil,1468.1
2014,2,vergne,1480.24
2014,2,vettel,1767.27
2014,3,alonso,1784.91
2014,3,bottas,1697.71
2014,3,button,1611.23
2014,3,chilton,1491.29
2014,3,ericsson,1383.4
2014,3,grosjean,1577.84
2014,3,gutierrez,1411.42
2014,3,hamilton,1829.07
2014,3,hulkenberg,1797.5
2014,3,jules_bianchi,1387.58
2014,3,kevin_magnussen,1541.78
2014,3,kobayashi,1477.46
2014,3,kvyat,1615.58
2014,3,maldonado,1419.27
2014,3,massa,1673.09
2014,3,perez,1646.31
2014,3,raikkonen,1637.49
2014,3,ricciardo,1604.79
2014,3,rosberg,1938.66
2014,3,sutil,1345.27
2014,3,vergne,1370.34
2014,3,vettel,1784.88
2014,4,alonso,1848.24
2014,4,bottas,1729.63
2014,4,button,1614.11
2014,4,chilton,1406.64
2014,4,ericsson,1321.25
2014,4,grosjean,1423.07
2014,4,gutierrez,1409.77
2014,4,hamilton,1909.66
2014,4,hulkenberg,1808.13
2014,4,jules_bianchi,1376.76
2014,4,kevin_magnussen,1539.18
2014,4,kobayashi,1415.45
2014,4,kvyat,1632.64
2014,4,maldonado,1447.86
2014,4,massa,1582.5
2014,4,perez,1666.81
2014,4,raikkonen,1677.34
2014,4,ricciardo,1717.86
2014,4,rosberg,1973.08
2014,4,sutil,1260.45
2014,4,vergne,1450.84
2014,4,vettel,1815.61
2014,5,alonso,1846.39
2014,5,bottas,1783.65
2014,5,button,1615.16
2014,5,chilton,1349.48
2014,5,ericsson,1274.43
2014,5,grosjean,1542.56
2014,5,gutierrez,1405.64
2014,5,hamilton,1973.36
2014,5,hulkenberg,1751.96
2014,5,jules_bianchi,1347.85
2014,5,kevin_magnussen,1552.87
2014,5,kobayashi,1318.99
2014,5,kvyat,1577.02
2014,5,maldonado,1447.28
2014,5,massa,1562.92
2014,5,perez,1678.72
2014,5,raikkonen,1718.96
2014,5,ricciardo,1807.58
2014,5,rosberg,2004.53
2014,5,sutil,1286.62
2014,5,vergne,1323.89
2014,5,vettel,1857.01
2014,6,alonso,1883.33
2014,6,bottas,1629.77
2014,6,button,1698.88
2014,6,chilton,1395.95
2014,6,ericsson,1397.29
2014,6,grosjean,1620.32
2014,6,gutierrez,1414.49
2014,6,hamilton,2009.39
2014,6,hulkenberg,1803.25
2014,6,jules_bianchi,1480.04
2014,6,kevin_magnussen,1592.4
2014,6,kobayashi,1393.78
2014,6,kvyat,1451.52
2014,6,maldonado,1324.49
2014,6,massa,1649.57
2014,6,perez,1481.04
2014,6,raikkonen,1660.41
2014,6,ricciardo,1872.87
2014,6,rosberg,2050.66
2014,6,sutil,1284.29
2014,6,vergne,1328.2
2014,6,vettel,1604.9
2014,7,alonso,1872.63
2014,7,bottas,1688.81
2014,7,button,1779.61
2014,7,chilton,1307.53
2014,7,ericsson,1326.39
2014,7,grosjean,1547.63
2014,7,gutierrez,1438.07
2014,7,hamilton,1762.62
2014,7,hulkenberg,1833.43
2014,7,jules_bianchi,1343.2
2014,7,kevin_magnussen,1631.3
2014,7,kobayashi,1360.36
2014,7,kvyat,1428.23
2014,7,maldonado,1296.22
2014,7,massa,1617.45
2014,7,perez,1530.33
2014,7,raikkonen,1657.42
2014,7,ricciardo,1949.74
2014,7,rosberg,2069.96
2014,7,sutil,1370.57
2014,7,vergne,1481.05
2014,7,vettel,1734.32
2014,8,alonso,1881.63
2014,8,bottas,1790.2
2014,8,button,1719.78
2014,8,chilton,1316.61
2014,8,ericsson,1311.11
2014,8,grosjean,1523.81
2014,8,gutierrez,1366.33
2014,8,hamilton,1856.14
2014,8,hulkenberg,1787.65
2014,8,jules_bianchi,1376.72
2014,8,kevin_magnussen,1688.17
2014,8,kobayashi,1370.17
2014,8,kvyat,1309.65
2014,8,maldonado,1397.28
2014,8,massa,1727.27
2014,8,perez,1640.52
2014,8,raikkonen,1659.16
2014,8,ricciardo,1884.24
2014,8,rosberg,2103.32
2014,8,sutil,1428.99
2014,8,vergne,1375.99
2014,8,vettel,1512.14
2014,9,alonso,1872.91
2014,9,bottas,1877.18
2014,9,button,1797.59
2014,9,chilton,1339.71
2014,9,ericsson,1285.6
2014,9,grosjean,1541.74
2014,9,gutierrez,1304.44
2014,9,hamilton,1940.23
2014,9,hulkenberg,1776.23
2014,9,jules_bianchi,1414.95
2014,9,kevin_magnussen,1728.16
2014,9,kobayashi,1393.02
2014,9,kvyat,1455.28
2014,9,maldonado,1374.65
2014,9,massa,1509.34
2014,9,perez,1630.25
2014,9,raikkonen,1452.68
2014,9,ricciardo,1926.78
2014,9,rosberg,1812.51
2014,9,sutil,1465.71
2014,9,vergne,1481.14
2014,9,vettel,1646.77
2014,10,alonso,1882.12
2014,10,bottas,1935.52
2014,10,button,1782.34
2014,10,chilton,1337.73
2014,10,ericsson,1282.71
2014,10,grosjean,1395.45
2014,10,gutierrez,1367.29
2014,10,hamilton,1964.96
2014,10,hulkenberg,1784.45
2014,10,jules_bianchi,1421.91
2014,10,kevin_magnussen,1721.11
2014,10,kobayashi,1390.41
2014,10,kvyat,1359.05
2014,10,maldonado,1448.11
2014,10,massa,1358.69
2014,10,perez,1642.93
2014,10,raikkonen,1515.08
2014,10,ricciardo,1903.79
2014,10,rosberg,1905.91
2014,10,sutil,1382.85
2014,10,vergne,1498.71
2014,10,vettel,1745.75
2014,11,alonso,1943.26
2014,11,bottas,1877.12
2014,11,button,1738.35
2014,11,chilton,1353.15
2014,11,ericsson,1211.05
2014,11,grosjean,1306.23
2014,11,gutierrez,1354.71
2014,11,hamilton,1987.5
2014,11,hulkenberg,1561.96
2014,11,jules_bianchi,1425.47
2014,11,kevin_magnussen,1664.38
2014,11,kobayashi,1351.97
2014,11,kvyat,1402.43
2014,11,maldonado,1476.94
2014,11,massa,1544.35
2014,11,perez,1491.61
2014,11,raikkonen,1629.08
2014,11,ricciardo,1975.99
2014,11,rosberg,1927.34
2014,11,sutil,1467.46
2014,11,vergne,1572.93
2014,11,vettel,1763.59
2014,12,alonso,1902.31
2014,12,bottas,1924.16
2014,12,button,1778.08
2014,12,chilton,1366.49
2014,12,ericsson,1248.61
2014,12,grosjean,1265.01
2014,12,gutierrez,1385.49
2014,12,hamilton,1712.49
2014,12,hulkenberg,1599.54
2014,12,jules_bianchi,1377.0
2014,12,kevin_magnussen,1630.51
2014,12,kvyat,1515.3
2014,12,lotterer,1356.75
2014,12,maldonado,1359.7
2014,12,massa,1540.06
2014,12,perez,1589.15
2014,12,raikkonen,1738.31
2014,12,ricciardo,2031.55
2014,12,rosberg,1977.67
2014,12,sutil,1475.48
2014,12,vergne,1589.97
2014,12,vettel,1811.27
2014,13,alonso,1619.2
2014,13,bottas,1939.37
2014,13,button,1772.42
2014,13,chilton,1269.44
2014,13,ericsson,1220.53
2014,13,grosjean,1305.54
2014,13,gutierrez,1333.95
2014,13,hamilton,1840.69
2014,13,hulkenberg,1592.99
2014,13,jules_bianchi,1346.24
2014,13,kevin_magnussen,1645.9
2014,13,kobayashi,1347.45
2014,13,kvyat,1556.81
2014,13,maldonado,1406.2
2014,13,massa,1695.19
2014,13,perez,1667.09
2014,13,raikkonen,1730.44
2014,13,ricciardo,2003.08
2014,13,rosberg,2014.74
2014,13,sutil,1464.13
2014,13,vergne,1570.52
2014,13,vettel,1828.19
2014,14,alonso,1737.28
2014,14,bottas,1828.92
2014,14,button,1592.77
2014,14,chilton,1288.99
2014,14,ericsson,1290.57
2014,14,grosjean,1386.16
2014,14,gutierrez,1282.39
2014,14,hamilton,1932.81
2014,14,hulkenberg,1639.02
2014,14,jules_bianchi,1360.66
2014,14,kevin_magnussen,1655.66
2014,14,kobayashi,1258.5
2014,14,kvyat,1532.97
2014,14,maldonado,1471.9
2014,14,massa,1769.93
2014,14,perez,1718.3
2014,14,raikkonen,1742.36
2014,14,ricciardo,2018.02
2014,14,rosberg,1695.51
2014,14,sutil,1386.69
2014,14,vergne,1673.22
2014,14,vettel,1907.5
2014,15,alonso,1499.34
2014,15,bottas,1839.51
2014,15,button,1702.12
2014,15,chilton,1286.44
2014,15,ericsson,1306.08
2014,15,grosjean,1406.86
2014,15,gutierrez,1369.9
2014,15,hamilton,1996.54
2014,15,hulkenberg,1684.52
2014,15,jules_bianchi,1298.96
2014,15,kevin_magnussen,1594.79
2014,15,kobayashi,1245.95
2014,15,kvyat,1568.96
2014,15,maldonado,1445.35
2014,15,massa,1784.45
2014,15,perez,1701.79
2014,15,raikkonen,1683.25
2014,15,ricciardo,2009.24
2014,15,rosberg,1814.3
2014,15,sutil,1298.39
2014,15,vergne,1689.7
2014,15,vettel,1943.69
2014,16,alonso,1619.14
2014,16,bottas,1897.83
2014,16,button,1787.5
2014,16,chilton,1217.32
2014,16,ericsson,1269.53
2014,16,grosjean,1376.79
2014,16,gutierrez,1387.69
2014,16,hamilton,2047.75
2014,16,hulkenberg,1645.87
2014,16,kevin_magnussen,1699.57
2014,16,kobayashi,1206.05
2014,16,kvyat,1538.63
2014,16,maldonado,1385.1
2014,16,massa,1726.48
2014,16,perez,1689.47
2014,16,raikkonen,1694.06
2014,16,ricciardo,1949.58
2014,16,rosberg,1896.73
2014,16,sutil,1318.39
2014,16,vergne,1632.58
2014,16,vettel,1885.1
2014,17,alonso,1698.91
2014,17,bottas,1906.81
2014,17,button,1707.08
2014,17,grosjean,1442.97
2014,17,gutierrez,1398.61
2014,17,hamilton,2089.38
2014,17,hulkenberg,1542.56
2014,17,kevin_magnussen,1720.37
2014,17,kvyat,1487.96
2014,17,maldonado,1485.0
2014,17,massa,1804.39
2014,17,perez,1554.0
2014,17,raikkonen,1628.46
2014,17,ricciardo,1978.98
2014,17,rosberg,1956.9
2014,17,sutil,1272.97
2014,17,vergne,1639.79
2014,17,vettel,1863.12
2014,18,alonso,1752.78
2014,18,bottas,1825.13
2014,18,button,1791.28
2014,18,grosjean,1382.76
2014,18,gutierrez,1406.44
2014,18,hamilton,2107.26
2014,18,hulkenberg,1612.15
2014,18,kevin_magnussen,1714.97
2014,18,kvyat,1524.54
2014,18,maldonado,1504.34
2014,18,massa,1875.77
2014,18,perez,1498.18
2014,18,raikkonen,1688.02
2014,18,ricciardo,1727.0
2014,18,rosberg,2020.24
2014,18,sutil,1272.36
2014,18,vergne,1592.15
2014,18,vettel,1882.9
2014,19,alonso,1741.68
2014,19,bottas,1892.11
2014,19,button,1835.19
2014,19,grosjean,1428.11
2014,19,gutierrez,1411.51
2014,19,hamilton,2140.28
2014,19,hulkenberg,1699.07
2014,19,kevin_magnussen,1683.66
2014,19,kobayashi,1204.81
2014,19,kvyat,1400.41
2014,19,maldonado,1404.74
2014,19,massa,1944.64
2014,19,perez,1605.84
2014,19,raikkonen,1682.87
2014,19,ricciardo,1808.35
2014,19,rosberg,1835.05
2014,19,stevens,1438.94
2014,19,sutil,1294.31
2014,19,vergne,1587.4
2014,19,vettel,1845.33
2015,1,bottas,1663.95
2015,1,button,1752.45
2015,1,ericsson,1412.26
2015,1,grosjean,1424.54
2015,1,hamilton,2166.51
2015,1,hulkenberg,1732.03
2015,1,kevin_magnussen,1542.9
2015,1,kvyat,1367.17
2015,1,maldonado,1389.09
2015,1,massa,1956.85
2015,1,max_verstappen,1493.2
2015,1,nasr,1629.43
2015,1,perez,1615.15
2015,1,raikkonen,1633.56
2015,1,ricciardo,1823.65
2015,1,rosberg,1910.64
2015,1,sainz,1560.68
2015,1,vettel,1901.15
2015,2,alonso,1578.7
2015,2,bottas,1749.71
2015,2,button,1601.65
2015,2,ericsson,1350.71
2015,2,grosjean,1495.64
2015,2,hamilton,2171.97
2015,2,hulkenberg,1641.55
2015,2,kvyat,1489.99
2015,2,maldonado,1385.94
2015,2,massa,1933.55
2015,2,max_verstappen,1608.37
2015,2,merhi,1478.51
2015,2,nasr,1610.51
2015,2,perez,1584.82
2015,2,raikkonen,1746.37
2015,2,ricciardo,1769.44
2015,2,rosberg,1952.33
2015,2,sainz,1634.86
2015,2,stevens,1350.52
2015,2,vettel,1977.75
2015,3,alonso,1577.84
2015,3,bottas,1789.83
2015,3,button,1559.03
2015,3,ericsson,1461.68
2015,3,grosjean,1607.95
2015,3,hamilton,2195.97
2015,3,hulkenberg,1477.67
2015,3,kvyat,1398.61
2015,3,maldonado,1346.37
2015,3,massa,1934.53
2015,3,max_verstappen,1510.13
2015,3,merhi,1444.38
2015,3,nasr,1665.23
2015,3,perez,1598.53
2015,3,raikkonen,1819.14
2015,3,ricciardo,1751.78
2015,3,rosberg,1999.97
2015,3,sainz,1596.63
2015,3,stevens,1375.32
2015,3,vettel,2002.3
2015,4,alonso,1593.81
2015,4,bottas,1849.83
2015,4,button,1423.84
2015,4,ericsson,1467.22
2015,4,grosjean,1679.11
2015,4,hamilton,2219.06
2015,4,hulkenberg,1495.4
2015,4,kvyat,1507.52
2015,4,maldonado,1370.01
2015,4,massa,1847.97
2015,4,max_verstappen,1426.66
2015,4,merhi,1400.9
2015,4,nasr,1633.45
2015,4,perez,1656.33
2015,4,raikkonen,1903.31
2015,4,ricciardo,1791.6
2015,4,rosberg,2021.75
2015,4,sainz,1465.01
2015,4,stevens,1371.82
2015,4,vettel,1988.3
2015,5,alonso,1442.79
2015,5,bottas,1894.64
2015,5,button,1403.29
2015,5,ericsson,1467.76
2015,5,grosjean,1710.2
2015,5,hamilton,2221.78
2015,5,hulkenberg,1468.95
2015,5,kvyat,1561.93
2015,5,maldonado,1310.78
2015,5,massa,1859.83
2015,5,max_verstappen,1490.55
2015,5,merhi,1350.92
2015,5,nasr,1610.17
2015,5,perez,1608.49
2015,5,raikkonen,1916.66
2015,5,ricciardo,1803.51
2015,5,rosberg,2075.6
2015,5,sainz,1550.79
2015,5,stevens,1349.04
2015,5,vettel,2015.23
2015,6,alonso,1363.23
2015,6,bottas,1750.17
2015,6,button,1523.53
2015,6,ericsson,1483.16
2015,6,grosjean,1660.25
2015,6,hamilton,2207.96
2015,6,hulkenberg,1517.39
2015,6,kvyat,1695.39
2015,6,maldonado,1250.12
2015,6,massa,1709.77
2015,6,max_verstappen,1413.55
2015,6,merhi,1353.57
2015,6,nasr,1645.72
2015,6,perez,1679.48
2015,6,raikkonen,1911.35
2015,6,ricciardo,1846.5
2015,6,rosberg,2122.49
2015,6,sainz,1589.27
2015,6,stevens,1333.53
2015,6,vettel,2056.46
2015,7,alonso,1287.83
2015,7,bottas,1840.66
2015,7,button,1416.18
2015,7,ericsson,1478.78
2015,7,grosjean,1661.85
2015,7,hamilton,2233.5
2015,7,hulkenberg,1599.62
2015,7,kvyat,1702.02
2015,7,maldonado,1430.55
2015,7,massa,1765.06
2015,7,max_verstappen,1413.51
2015,7,merhi,1317.36
2015,7,nasr,1550.24
2015,7,perez,1657.9
2015,7,raikkonen,1940.98
2015,7,ricciardo,1735.64
2015,7,rosberg,2143.04
2015,7,sainz,1581.63
2015,7,stevens,1321.6
2015,7,vettel,2034.98
2015,8,alonso,1233.14
2015,8,bottas,1873.74
2015,8,button,1379.54
2015,8,ericsson,1492.16
2015,8,grosjean,1576.19
2015,8,hamilton,2238.07
2015,8,hulkenberg,1690.92
2015,8,kvyat,1655.74
2015,8,maldonado,1559.89
2015,8,massa,1852.19
2015,8,max_verstappen,1530.57
2015,8,merhi,1361.76
2015,8,nasr,1573.0
2015,8,perez,1677.02
2015,8,raikkonen,1689.5
2015,8,ricciardo,1712.29
2015,8,rosberg,2179.2
2015,8,sainz,1507.39
2015,8,stevens,1293.52
2015,8,vettel,2037.09
2015,9,alonso,1370.77
2015,9,bottas,1895.41
2015,9,button,1317.35
2015,9,ericsson,1533.74
2015,9,grosjean,1483.99
2015,9,hamilton,2260.75
2015,9,hulkenberg,1733.39
2015,9,kvyat,1726.26
2015,9,maldonado,1456.27
2015,9,massa,1896.47
2015,9,max_verstappen,1471.56
2015,9,merhi,1427.55
2015,9,nasr,1429.02
2015,9,perez,1691.07
2015,9,raikkonen,1715.91
2015,9,ricciardo,1606.15
2015,9,rosberg,2191.36
2015,9,sainz,1489.66
2015,9,stevens,1360.51
2015,9,vettel,2055.74
2015,10,alonso,1550.33
2015,10,bottas,1767.82
2015,10,button,1451.42
2015,10,ericsson,1577.54
2015,10,grosjean,1594.01
2015,10,hamilton,2185.39
2015,10,hulkenberg,1535.63
2015,10,kvyat,1838.98
2015,10,maldonado,1462.98
2015,10,massa,1785.24
2015,10,max_verstappen,1633.89
2015,10,merhi,1425.95
2015,10,nasr,1492.06
2015,10,perez,1525.42
2015,10,raikkonen,1557.7
2015,10,ricciardo,1739.54
2015,10,rosberg,2088.48
2015,10,sainz,1430.51
2015,10,stevens,1361.61
2015,10,vettel,2108.4
2015,11,alonso,1543.52
2015,11,bottas,1747.9
2015,11,button,1462.0
2015,11,ericsson,1608.51
2015,11,grosjean,1730.91
2015,11,hamilton,2211.96
2015,11,hulkenberg,1410.55
2015,11,kvyat,1883.2
2015,11,maldonado,1380.89
2015,11,massa,1810.72
2015,11,max_verstappen,1676.44
2015,11,merhi,1426.99
2015,11,nasr,1536.89
2015,11,perez,1654.64
2015,11,raikkonen,1643.86
2015,11,ricciardo,1573.33
2015,11,rosberg,2112.12
2015,11,sainz,1393.33
2015,11,stevens,1364.21
2015,11,vettel,1940.95
2015,12,alonso,1452.95
2015,12,bottas,1822.46
2015,12,button,1467.92
2015,12,ericsson,1645.83
2015,12,grosjean,1553.66
2015,12,hamilton,2234.02
2015,12,hulkenberg,1550.5
2015,12,kvyat,1810.4
2015,12,maldonado,1308.68
2015,12,massa,1882.5
2015,12,max_verstappen,1639.56
2015,12,merhi,1408.03
2015,12,nasr,1534.13
2015,12,perez,1727.11
2015,12,raikkonen,1736.57
2015,12,ricciardo,1639.93
2015,12,rosberg,1847.7
2015,12,sainz,1473.15
2015,12,stevens,1383.12
2015,12,vettel,1994.69
2015,13,alonso,1411.46
2015,13,bottas,1857.89
2015,13,button,1439.52
2015,13,ericsson,1642.5
2015,13,grosjean,1548.79
2015,13,hamilton,1924.47
2015,13,hulkenberg,1428.62
2015,13,kvyat,1833.46
2015,13,maldonado,1400.96
2015,13,massa,1652.08
2015,13,max_verstappen,1690.2
2015,13,nasr,1588.55
2015,13,perez,1762.56
2015,13,raikkonen,1832.34
2015,13,ricciardo,1784.69
2015,13,rosberg,1891.61
2015,13,rossi,1496.84
2015,13,sainz,1566.26
2015,13,stevens,1400.07
2015,13,vettel,2051.99
2015,14,alonso,1489.02
2015,14,bottas,1882.61
2015,14,button,1426.09
2015,14,ericsson,1589.42
2015,14,grosjean,1646.79
2015,14,hamilton,1995.23
2015,14,hulkenberg,1585.72
2015,14,kvyat,1725.39
2015,14,maldonado,1532.75
2015,14,massa,1544.74
2015,14,max_verstappen,1702.27
2015,14,nasr,1451.73
2015,14,perez,1696.31
2015,14,raikkonen,1881.51
2015,14,ricciardo,1661.25
2015,14,rosberg,1954.72
2015,14,rossi,1429.25
2015,14,sainz,1607.15
2015,14,stevens,1345.05
2015,14,vettel,2057.89
2015,15,alonso,1542.26
2015,15,bottas,1773.87
2015,15,button,1535.0
2015,15,ericsson,1454.41
2015,15,grosjean,1538.55
2015,15,hamilton,2049.65
2015,15,hulkenberg,1469.53
2015,15,kvyat,1791.48
2015,15,maldonado,1635.22
2015,15,massa,1692.43
2015,15,max_verstappen,1692.22
2015,15,merhi,1456.28
2015,15,nasr,1600.74
2015,15,perez,1806.05
2015,15,raikkonen,1843.27
2015,15,ricciardo,1581.06
2015,15,rosberg,1715.01
2015,15,sainz,1531.13
2015,15,stevens,1393.9
2015,15,vettel,2081.58
2015,16,alonso,1576.04
2015,16,bottas,1582.07
2015,16,button,1654.91
2015,16,ericsson,1451.09
2015,16,grosjean,1455.7
2015,16,hamilton,2090.15
2015,16,hulkenberg,1479.02
2015,16,kvyat,1695.04
2015,16,maldonado,1683.56
2015,16,massa,1566.92
2015,16,max_verstappen,1784.97
2015,16,nasr,1645.82
2015,16,perez,1843.1
2015,16,raikkonen,1675.37
2015,16,ricciardo,1617.01
2015,16,rosberg,1829.73
2015,16,rossi,1486.12
2015,16,sainz,1635.58
2015,16,stevens,1324.34
2015,16,vettel,2080.1
2015,17,alonso,1447.14
2015,17,bottas,1731.94
2015,17,button,1596.01
2015,17,ericsson,1502.83
2015,17,grosjean,1539.9
2015,17,hamilton,2105.94
2015,17,hulkenberg,1602.29
2015,17,kvyat,1786.92
2015,17,maldonado,1664.34
2015,17,massa,1674.2
2015,17,max_verstappen,1761.27
2015,17,nasr,1537.25
2015,17,perez,1815.0
2015,17,raikkonen,1524.77
2015,17,ricciardo,1721.74
2015,17,rosberg,1924.47
2015,17,rossi,1474.31
2015,17,sainz,1600.87
2015,17,stevens,1344.37
2015,17,vettel,1801.09
2015,18,alonso,1450.0
2015,18,bottas,1792.82
2015,18,button,1562.69
2015,18,ericsson,1468.56
2015,18,grosjean,1624.43
2015,18,hamilton,2116.38
2015,18,hulkenberg,1695.07
2015,18,kvyat,1795.26
2015,18,maldonado,1669.44
2015,18,massa,1503.58
2015,18,max_verstappen,1745.56
2015,18,nasr,1543.29
2015,18,perez,1730.44
2015,18,raikkonen,1678.37
2015,18,ricciardo,1688.49
2015,18,rosberg,1990.37
2015,18,rossi,1413.0
2015,18,sainz,1475.92
2015,18,stevens,1341.32
2015,18,vettel,1871.64
2015,19,alonso,1415.1
2015,19,bottas,1699.31
2015,19,button,1572.82
2015,19,ericsson,1479.31
2015,19,grosjean,1661.19
2015,19,hamilton,2127.48
2015,19,hulkenberg,1739.35
2015,19,kvyat,1752.37
2015,19,maldonado,1500.18
2015,19,massa,1601.64
2015,19,max_verstappen,1618.24
2015,19,merhi,1382.03
2015,19,nasr,1510.03
2015,19,perez,1794.49
2015,19,raikkonen,1791.99
2015,19,ricciardo,1751.4
2015,19,rosberg,2043.36
2015,19,sainz,1534.59
2015,19,stevens,1319.67
2015,19,vettel,1905.37
2016,1,alonso,1344.86
2016,1,bottas,1737.3
2016,1,button,1564.46
2016,1,ericsson,1456.08
2016,1,grosjean,1745.32
2016,1,gutierrez,1361.01
2016,1,hamilton,2140.43
2016,1,haryanto,1435.95
2016,1,hulkenberg,1777.43
2016,1,jolyon_palmer,1569.15
2016,1,kevin_magnussen,1578.13
2016,1,kvyat,1530.8
2016,1,massa,1725.15
2016,1,max_verstappen,1656.25
2016,1,nasr,1509.87
2016,1,perez,1711.01
2016,1,raikkonen,1623.8
2016,1,ricciardo,1833.6
2016,1,rosberg,2089.69
2016,1,sainz,1622.83
2016,1,vettel,1952.92
2016,1,wehrlein,1486.41
2016,2,bottas,1747.33
2016,2,button,1458.69
2016,2,ericsson,1528.8
2016,2,grosjean,1817.24
2016,2,gutierrez,1346.18
2016,2,hamilton,2135.2
2016,2,haryanto,1432.06
2016,2,hulkenberg,1668.43
2016,2,jolyon_palmer,1429.96
2016,2,kevin_magnussen,1619.7
2016,2,kvyat,1655.2
2016,2,massa,1755.66
2016,2,max_verstappen,1746.72
2016,2,nasr,1527.17
2016,2,perez,1613.8
2016,2,raikkonen,1785.48
2016,2,ricciardo,1890.1
2016,2,rosberg,2130.11
2016,2,sainz,1528.53
2016,2,vandoorne,1589.63
2016,2,vettel,1671.48
2016,2,wehrlein,1530.13
2016,3,alonso,1450.74
2016,3,bottas,1735.05
2016,3,button,1507.52
2016,3,ericsson,1499.8
2016,3,grosjean,1621.33
2016,3,gutierrez,1415.74
2016,3,hamilton,2056.85
2016,3,haryanto,1354.11
2016,3,hulkenberg,1600.43
2016,3,jolyon_palmer,1334.36
2016,3,kevin_magnussen,1537.9
2016,3,kvyat,1785.21
2016,3,massa,1802.94
2016,3,max_verstappen,1767.85
2016,3,nasr,1432.67
2016,3,perez,1638.01
2016,3,raikkonen,1838.06
2016,3,ricciardo,1924.91
2016,3,rosberg,2163.01
2016,3,sainz,1617.71
2016,3,vettel,1811.65
2016,3,wehrlein,1466.96
2016,4,alonso,1615.35
2016,4,bottas,1824.97
2016,4,button,1585.53
2016,4,ericsson,1515.18
2016,4,grosjean,1687.72
2016,4,gutierrez,1410.94
2016,4,hamilton,2086.86
2016,4,haryanto,1283.24
2016,4,hulkenberg,1459.9
2016,4,jolyon_palmer,1425.64
2016,4,kevin_magnussen,1652.88
2016,4,kvyat,1670.75
2016,4,massa,1853.19
2016,4,max_verstappen,1590.12
2016,4,nasr,1440.0
2016,4,perez,1681.69
2016,4,raikkonen,1909.51
2016,4,ricciardo,1829.72
2016,4,rosberg,2191.25
2016,4,sainz,1621.9
2016,4,vettel,1600.42
2016,4,wehrlein,1426.02
2016,5,alonso,1502.05
2016,5,bottas,1868.37
2016,5,button,1656.85
2016,5,ericsson,1563.7
2016,5,grosjean,1560.78
2016,5,gutierrez,1515.53
2016,5,hamilton,1758.46
2016,5,haryanto,1320.91
2016,5,hulkenberg,1389.61
2016,5,jolyon_palmer,1489.98
2016,5,kevin_magnussen,1611.5
2016,5,kvyat,1691.46
2016,5,massa,1836.66
2016,5,max_verstappen,1781.82
2016,5,nasr,1465.02
2016,5,perez,1745.64
2016,5,raikkonen,1976.38
2016,5,ricciardo,1887.55
2016,5,rosberg,1819.22
2016,5,sainz,1725.46
2016,5,vettel,1757.87
2016,5,wehrlein,1437.99
2016,6,alonso,1669.73
2016,6,bottas,1774.82
2016,6,button,1697.85
2016,6,ericsson,1527.06
2016,6,grosjean,1578.8
2016,6,gutierrez,1583.16
2016,6,hamilton,1886.95
2016,6,haryanto,1388.89
2016,6,hulkenberg,1582.61
2016,6,jolyon_palmer,1383.13
2016,6,kevin_magnussen,1504.92
2016,6,kvyat,1534.15
2016,6,massa,1788.68
2016,6,max_verstappen,1618.33
2016,6,nasr,1449.29
2016,6,perez,1848.3
2016,6,raikkonen,1683.89
2016,6,ricciardo,1955.51
2016,6,rosberg,1826.55
2016,6,sainz,1754.15
2016,6,vettel,1840.07
2016,6,wehrlein,1485.97
2016,7,alonso,1675.32
2016,7,bottas,1863.17
2016,7,button,1501.84
2016,7,ericsson,1523.68
2016,7,grosjean,1571.78
2016,7,gutierrez,1591.1
2016,7,hamilton,1968.86
2016,7,haryanto,1363.6
2016,7,hulkenberg,1669.76
2016,7,jolyon_palmer,1324.72
2016,7,kevin_magnussen,1492.73
2016,7,kvyat,1578.56
2016,7,massa,1587.86
2016,7,max_verstappen,1751.08
2016,7,nasr,1422.06
2016,7,perez,1797.01
2016,7,raikkonen,1760.01
2016,7,ricciardo,1916.06
2016,7,rosberg,1863.54
2016,7,sainz,1755.58
2016,7,vettel,1921.16
2016,7,wehrlein,1463.32
2016,8,alonso,1537.7
2016,8,bottas,1875.34
2016,8,button,1572.52
2016,8,ericsson,1482.04
2016,8,grosjean,1580.84
2016,8,gutierrez,1539.99
2016,8,hamilton,1963.13
2016,8,haryanto,1360.3
2016,8,hulkenberg,1707.97
2016,8,jolyon_palmer,1386.68
2016,8,kevin_magnussen,1515.29
2016,8,kvyat,1430.07
2016,8,massa,1642.07
2016,8,max_verstappen,1773.53
2016,8,nasr,1504.59
2016,8,perez,1879.39
2016,8,raikkonen,1839.49
2016,8,ricciardo,1894.39
2016,8,rosberg,1955.66
2016,8,sainz,1550.36
2016,8,vettel,1979.7
2016,8,wehrlein,1391.75
2016,9,alonso,1472.66
2016,9,bottas,1833.88
2016,9,button,1695.05
2016,9,ericsson,1488.62
2016,9,grosjean,1683.75
2016,9,gutierrez,1593.5
2016,9,hamilton,2030.96
2016,9,haryanto,1391.85
2016,9,hulkenberg,1556.95
2016,9,jolyon_palmer,1479.83
2016,9,kevin_magnussen,1526.42
2016,9,kvyat,1339.26
2016,9,massa,1502.07
2016,9,max_verstappen,1883.12
2016,9,nasr,1536.97
2016,9,perez,1692.76
2016,9,raikkonen,1910.81
2016,9,ricciardo,1915.92
2016,9,rosberg,1974.56
2016,9,sainz,1648.58
2016,9,vettel,1687.43
2016,9,wehrlein,1517.86
2016,10,alonso,1516.08
2016,10,bottas,1718.25
2016,10,button,1667.18
2016,10,ericsson,1390.84
2016,10,grosjean,1524.95
2016,10,gutierrez,1541.19
2016,10,hamilton,2079.87
2016,10,haryanto,1362.42
2016,10,hulkenberg,1666.12
2016,10,jolyon_palmer,1437.6
2016,10,kevin_magnussen,1483.87
2016,10,kvyat,1480.29
2016,10,massa,1566.82
2016,10,max_verstappen,1953.7
2016,10,nasr,1523.93
2016,10,perez,1766.15
2016,10,raikkonen,1924.68
2016,10,ricciardo,1944.48
2016,10,rosberg,2003.02
2016,10,sainz,1706.09
2016,10,vettel,1713.89
2016,10,wehrlein,1391.4
2016,11,alonso,1637.81
2016,11,bottas,1732.65
2016,11,button,1477.02
2016,11,ericsson,1340.04
2016,11,grosjean,1531.21
2016,11,gutierrez,1558.11
2016,11,hamilton,2121.8
2016,11,haryanto,1301.97
2016,11,hulkenberg,1684.09
2016,11,jolyon_palmer,1510.05
2016,11,kevin_magnussen,1488.41
2016,11,kvyat,1468.8
2016,11,massa,1488.2
2016,11,max_verstappen,1956.56
2016,11,nasr,1478.84
2016,11,perez,1730.32
2016,11,raikkonen,1919.54
2016,11,ricciardo,1984.16
2016,11,rosberg,2044.57
2016,11,sainz,1741.0
2016,11,vettel,1808.83
2016,11,wehrlein,1358.83
2016,12,alonso,1632.59
2016,12,bottas,1742.11
2016,12,button,1594.4
2016,12,ericsson,1337.03
2016,12,grosjean,1549.1
2016,12,gutierrez,1598.94
2016,12,hamilton,2159.27
2016,12,haryanto,1273.55
2016,12,hulkenberg,1744.47
2016,12,jolyon_palmer,1431.93
2016,12,kevin_magnussen,1472.06
2016,12,kvyat,1476.83
2016,12,massa,1364.18
2016,12,max_verstappen,1996.29
2016,12,nasr,1375.82
2016,12,perez,1724.41
2016,12,raikkonen,1919.36
2016,12,ricciardo,2033.86
2016,12,rosberg,2045.31
2016,12,sainz,1663.65
2016,12,vettel,1859.12
2016,12,wehrlein,1368.52
2016,13,alonso,1713.52
2016,13,bottas,1768.51
2016,13,button,1453.18
2016,13,ericsson,1318.62
2016,13,grosjean,1564.75
2016,13,gutierrez,1613.04
2016,13,hamilton,2157.77
2016,13,hulkenberg,1835.88
2016,13,jolyon_palmer,1454.64
2016,13,kevin_magnussen,1427.79
2016,13,kvyat,1501.43
2016,13,massa,1491.82
2016,13,max_verstappen,1888.85
2016,13,nasr,1381.74
2016,13,ocon,1481.37
2016,13,perez,1805.84
2016,13,raikkonen,1870.8
2016,13,ricciardo,2076.06
2016,13,rosberg,2102.25
2016,13,sainz,1512.48
2016,13,vettel,1880.75
2016,13,wehrlein,1288.16
2016,14,alonso,1650.13
2016,14,bottas,1820.81
2016,14,button,1515.68
2016,14,ericsson,1357.09
2016,14,grosjean,1605.52
2016,14,gutierrez,1602.44
2016,14,hamilton,2176.17
2016,14,hulkenberg,1799.1
2016,14,jolyon_palmer,1360.38
2016,14,kevin_magnussen,1413.97
2016,14,kvyat,1427.3
2016,14,massa,1589.6
2016,14,max_verstappen,1886.79
2016,14,nasr,1292.96
2016,14,ocon,1431.69
2016,14,perez,1813.52
2016,14,raikkonen,1923.73
2016,14,ricciardo,2057.57
2016,14,rosberg,2148.87
2016,14,sainz,1505.29
2016,14,vettel,1947.65
2016,14,wehrlein,1263.01
2016,15,alonso,1727.79
2016,15,bottas,1607.01
2016,15,button,1431.14
2016,15,ericsson,1362.3
2016,15,grosjean,1440.06
2016,15,gutierrez,1628.84
2016,15,hamilton,2176.1
2016,15,hulkenberg,1576.99
2016,15,jolyon_palmer,1401.56
2016,15,kevin_magnussen,1523.3
2016,15,kvyat,1549.51
2016,15,massa,1603.9
2016,15,max_verstappen,1905.63
2016,15,nasr,1390.45
2016,15,ocon,1394.27
2016,15,perez,1820.67
2016,15,raikkonen,1965.53
2016,15,ricciardo,2099.36
2016,15,rosberg,2189.69
2016,15,sainz,1514.52
2016,15,vettel,1965.92
2016,15,wehrlein,1314.7
2016,16,alonso,1777.28
2016,16,bottas,1729.29
2016,16,button,1552.63
2016,16,ericsson,1455.84
2016,16,grosjean,1354.02
2016,16,gutierrez,1507.34
2016,16,hamilton,1890.79
2016,16,hulkenberg,1662.71
2016,16,jolyon_palmer,1516.1
2016,16,kevin_magnussen,1425.03
2016,16,kvyat,1542.42
2016,16,massa,1593.05
2016,16,max_verstappen,1984.71
2016,16,nasr,1387.1
2016,16,ocon,1407.66
2016,16,perez,1856.95
2016,16,raikkonen,1995.91
2016,16,ricciardo,2151.32
2016,16,rosberg,2188.23
2016,16,sainz,1571.39
2016,16,vettel,1667.38
2016,16,wehrlein,1372.1
2016,17,alonso,1651.92
2016,17,bottas,1726.76
2016,17,button,1479.27
2016,17,ericsson,1466.97
2016,17,grosjean,1468.51
2016,17,gutierrez,1415.46
2016,17,hamilton,1952.06
2016,17,hulkenberg,1716.88
2016,17,jolyon_palmer,1556.91
2016,17,kevin_magnussen,1464.46
2016,17,kvyat,1556.76
2016,17,massa,1655.77
2016,17,max_verstappen,2039.03
2016,17,nasr,1354.56
2016,17,ocon,1332.58
2016,17,perez,1862.5
2016,17,raikkonen,1994.51
2016,17,ricciardo,2097.24
2016,17,rosberg,2219.6
2016,17,sainz,1507.82
2016,17,vettel,1779.89
2016,17,wehrlein,1289.8
2016,18,alonso,1761.58
2016,18,bottas,1619.71
2016,18,button,1586.6
2016,18,ericsson,1493.41
2016,18,grosjean,1562.52
2016,18,gutierrez,1341.57
2016,18,hamilton,2033.9
2016,18,hulkenberg,1513.06
2016,18,jolyon_palmer,1567.23
2016,18,kevin_magnussen,1525.96
2016,18,kvyat,1601.41
2016,18,massa,1730.29
2016,18,max_verstappen,1752.56
2016,18,nasr,1401.37
2016,18,ocon,1332.68
2016,18,perez,1850.07
2016,18,raikkonen,1738.23
2016,18,ricciardo,2111.6
2016,18,rosberg,2229.08
2016,18,sainz,1652.18
2016,18,vettel,1863.17
2016,18,wehrlein,1321.06
2016,19,alonso,1695.64
2016,19,bottas,1688.27
2016,19,button,1603.59
2016,19,ericsson,1561.86
2016,19,grosjean,1452.69
2016,19,gutierrez,1324.65
2016,19,hamilton,2090.9
2016,19,hulkenberg,1637.34
2016,19,jolyon_palmer,1559.48
2016,19,kevin_magnussen,1482.37
2016,19,kvyat,1512.13
2016,19,massa,1741.97
2016,19,max_verstappen,1838.49
2016,19,nasr,1435.37
2016,19,ocon,1281.9
2016,19,perez,1803.47
2016,19,raikkonen,1797.44
2016,19,ricciardo,2118.41
2016,19,rosberg,2234.24
2016,19,sainz,1577.02
2016,19,vettel,1897.57
2016,19,wehrlein,1254.45
2016,20,alonso,1706.15
2016,20,bottas,1685.22
2016,20,button,1543.68
2016,20,ericsson,1434.13
2016,20,grosjean,1346.75
2016,20,gutierrez,1344.35
2016,20,hamilton,2139.8
2016,20,hulkenberg,1716.87
2016,20,jolyon_palmer,1465.21
2016,20,kevin_magnussen,1503.31
2016,20,kvyat,1539.55
2016,20,massa,1593.84
2016,20,max_verstappen,1915.95
2016,20,nasr,1557.29
2016,20,ocon,1403.4
2016,20,perez,1875.11
2016,20,raikkonen,1594.42
2016,20,ricciardo,2034.5
2016,20,rosberg,2241.02
2016,20,sainz,1694.78
2016,20,vettel,1924.27
2016,20,wehrlein,1329.68
2016,21,alonso,1711.45
2016,21,bottas,1505.69
2016,21,button,1435.94
2016,21,ericsson,1451.17
2016,21,grosjean,1465.65
2016,21,gutierrez,1445.97
2016,21,hamilton,2180.11
2016,21,hulkenberg,1766.72
2016,21,jolyon_palmer,1436.83
2016,21,kevin_magnussen,1377.31
2016,21,kvyat,1450.47
2016,21,massa,1656.37
2016,21,max_verstappen,1954.14
2016,21,nasr,1511.69
2016,21,ocon,1467.13
2016,21,perez,1857.1
2016,21,raikkonen,1703.19
2016,21,ricciardo,2025.57
2016,21,rosberg,2247.2
2016,21,sainz,1562.39
2016,21,vettel,1977.19
2016,21,wehrlein,1400.0
2017,1,alonso,1627.98
2017,1,bottas,1675.17
2017,1,ericsson,1394.2
2017,1,giovinazzi,1527.29
2017,1,grosjean,1367.35
2017,1,hamilton,2186.87
2017,1,hulkenberg,1714.89
2017,1,jolyon_palmer,1366.15
2017,1,kevin_magnussen,1394.4
2017,1,kvyat,1545.07
2017,1,massa,1727.47
2017,1,max_verstappen,1951.24
2017,1,ocon,1538.59
2017,1,perez,1846.58
2017,1,raikkonen,1790.08
2017,1,ricciardo,1784.25
2017,1,sainz,1634.89
2017,1,stroll,1458.79
2017,1,vandoorne,1567.58
2017,1,vettel,2039.25
2017,2,alonso,1539.79
2017,2,bottas,1740.69
2017,2,ericsson,1404.81
2017,2,giovinazzi,1424.06
2017,2,grosjean,1455.02
2017,2,hamilton,2209.92
2017,2,hulkenberg,1664.1
2017,2,jolyon_palmer,1419.86
2017,2,kevin_magnussen,1523.42
2017,2,kvyat,1470.22
2017,2,massa,1637.36
2017,2,max_verstappen,1983.5
2017,2,ocon,1586.17
2017,2,perez,1803.31
2017,2,raikkonen,1834.06
2017,2,ricciardo,1846.48
2017,2,sainz,1697.91
2017,2,stroll,1361.05
2017,2,vandoorne,1467.29
2017,2,vettel,2069.09
2017,3,alonso,1515.96
2017,3,bottas,1833.18
2017,3,ericsson,1409.23
2017,3,grosjean,1563.76
2017,3,hamilton,2213.3
2017,3,hulkenberg,1683.2
2017,3,jolyon_palmer,1454.7
2017,3,kevin_magnussen,1420.89
2017,3,kvyat,1505.93
2017,3,massa,1715.54
2017,3,max_verstappen,1734.71
2017,3,ocon,1616.22
2017,3,perez,1810.08
2017,3,raikkonen,1882.04
2017,3,ricciardo,1874.18
2017,3,sainz,1581.53
2017,3,stroll,1344.02
2017,3,vandoorne,1366.01
2017,3,vettel,2112.82
2017,3,wehrlein,1476.75
2017,4,alonso,1396.49
2017,4,bottas,1929.21
2017,4,ericsson,1411.31
2017,4,grosjean,1444.92
2017,4,hamilton,2178.58
2017,4,hulkenberg,1712.98
2017,4,jolyon_palmer,1391.08
2017,4,kevin_magnussen,1455.56
2017,4,kvyat,1529.58
2017,4,massa,1717.8
2017,4,max_verstappen,1797.0
2017,4,ocon,1685.46
2017,4,perez,1832.21
2017,4,raikkonen,1932.5
2017,4,ricciardo,1678.27
2017,4,sainz,1614.0
2017,4,stroll,1438.09
2017,4,vandoorne,1399.75
2017,4,vettel,2130.51
2017,4,wehrlein,1438.73
2017,5,alonso,1456.41
2017,5,bottas,1714.23
2017,5,ericsson,1484.42
2017,5,grosjean,1524.58
2017,5,hamilton,2205.73
2017,5,hulkenberg,1767.47
2017,5,jolyon_palmer,1400.57
2017,5,kevin_magnussen,1462.01
2017,5,kvyat,1597.11
2017,5,massa,1646.61
2017,5,max_verstappen,1591.99
2017,5,ocon,1765.78
2017,5,perez,1882.53
2017,5,raikkonen,1664.17
2017,5,ricciardo,1793.27
2017,5,sainz,1686.17
2017,5,stroll,1414.15
2017,5,vandoorne,1354.74
2017,5,vettel,2147.01
2017,5,wehrlein,1555.08
2017,6,bottas,1795.91
2017,6,button,1381.56
2017,6,ericsson,1431.98
2017,6,grosjean,1611.09
2017,6,hamilton,2113.22
2017,6,hulkenberg,1556.38
2017,6,jolyon_palmer,1478.54
2017,6,kevin_magnussen,1537.16
2017,6,kvyat,1558.08
2017,6,massa,1671.9
2017,6,max_verstappen,1700.05
2017,6,ocon,1695.3
2017,6,perez,1755.81
2017,6,raikkonen,1794.66
2017,6,ricciardo,1865.86
2017,6,sainz,1744.28
2017,6,stroll,1421.78
2017,6,vandoorne,1361.73
2017,6,vettel,2176.62
2017,6,wehrlein,1441.64
2017,7,alonso,1429.36
2017,7,bottas,1884.8
2017,7,ericsson,1467.76
2017,7,grosjean,1634.21
2017,7,hamilton,2146.89
2017,7,hulkenberg,1634.13
2017,7,jolyon_palmer,1533.1
2017,7,kevin_magnussen,1553.28
2017,7,kvyat,1477.14
2017,7,massa,1514.72
2017,7,max_verstappen,1548.55
2017,7,ocon,1754.63
2017,7,perez,1810.75
2017,7,raikkonen,1803.81
2017,7,ricciardo,1918.17
2017,7,sainz,1542.81
2017,7,stroll,1530.07
2017,7,vandoorne,1401.68
2017,7,vettel,2144.95
2017,7,wehrlein,1437.61
2017,8,alonso,1532.84
2017,8,bottas,1949.95
2017,8,ericsson,1522.64
2017,8,grosjean,1593.05
2017,8,hamilton,2102.49
2017,8,hulkenberg,1528.43
2017,8,jolyon_palmer,1412.74
2017,8,kevin_magnussen,1646.05
2017,8,kvyat,1394.42
2017,8,massa,1470.74
2017,8,max_verstappen,1458.09
2017,8,ocon,1793.25
2017,8,perez,1673.28
2017,8,raikkonen,1684.87
2017,8,ricciardo,1992.24
2017,8,sainz,1622.72
2017,8,stroll,1689.56
2017,8,vandoorne,1461.6
2017,8,vettel,2118.84
2017,8,wehrlein,1520.62
2017,9,alonso,1427.55
2017,9,bottas,2016.37
2017,9,ericsson,1489.89
2017,9,grosjean,1685.26
2017,9,hamilton,2084.98
2017,9,hulkenberg,1528.02
2017,9,jolyon_palmer,1487.81
2017,9,kevin_magnussen,1515.66
2017,9,kvyat,1387.49
2017,9,massa,1559.17
2017,9,max_verstappen,1360.89
2017,9,ocon,1784.63
2017,9,perez,1721.1
2017,9,raikkonen,1761.81
2017,9,ricciardo,2015.05
2017,9,sainz,1517.77
2017,9,stroll,1682.36
2017,9,vandoorne,1502.3
2017,9,vettel,2134.44
2017,9,wehrlein,1505.87
2017,10,alonso,1375.28
2017,10,bottas,2054.3
2017,10,ericsson,1486.68
2017,10,grosjean,1628.27
2017,10,hamilton,2127.28
2017,10,hulkenberg,1639.35
2017,10,jolyon_palmer,1379.71
2017,10,kevin_magnussen,1536.57
2017,10,kvyat,1400.4
2017,10,massa,1598.66
2017,10,max_verstappen,1560.24
2017,10,ocon,1779.41
2017,10,perez,1720.26
2017,10,raikkonen,1846.35
2017,10,ricciardo,1998.19
2017,10,sainz,1417.04
2017,10,stroll,1574.06
2017,10,vandoorne,1545.09
2017,10,vettel,2056.15
2017,10,wehrlein,1445.12
2017,11,alonso,1545.09
2017,11,bottas,2066.68
2017,11,ericsson,1447.57
2017,11,grosjean,1486.14
2017,11,hamilton,2107.65
2017,11,hulkenberg,1526.99
2017,11,jolyon_palmer,1446.93
2017,11,kevin_magnussen,1531.59
2017,11,kvyat,1478.99
2017,11,max_verstappen,1682.55
2017,11,ocon,1758.56
2017,11,perez,1735.33
2017,11,raikkonen,1925.21
2017,11,resta,1469.59
2017,11,ricciardo,1709.61
2017,11,sainz,1555.02
2017,11,stroll,1538.34
2017,11,vandoorne,1590.05
2017,11,vettel,2104.18
2017,11,wehrlein,1438.31
2017,12,alonso,1455.23
2017,12,bottas,2038.79
2017,12,ericsson,1425.92
2017,12,grosjean,1602.97
2017,12,hamilton,2144.51
2017,12,hulkenberg,1645.84
2017,12,jolyon_palmer,1477.71
2017,12,kevin_magnussen,1497.8
2017,12,kvyat,1516.17
2017,12,massa,1657.73
2017,12,max_verstappen,1523.62
2017,12,ocon,1744.53
2017,12,perez,1590.09
2017,12,raikkonen,1947.19
2017,12,ricciardo,1809.65
2017,12,sainz,1598.44
2017,12,stroll,1571.1
2017,12,vandoorne,1551.45
2017,12,vettel,2123.65
2017,12,wehrlein,1351.05
2017,13,alonso,1411.72
2017,13,bottas,2071.79
2017,13,ericsson,1373.79
2017,13,grosjean,1542.8
2017,13,hamilton,2176.78
2017,13,hulkenberg,1603.23
2017,13,jolyon_palmer,1372.94
2017,13,kevin_magnussen,1542.7
2017,13,kvyat,1537.39
2017,13,massa,1695.9
2017,13,max_verstappen,1576.45
2017,13,ocon,1786.88
2017,13,perez,1635.85
2017,13,raikkonen,1948.28
2017,13,ricciardo,1864.31
2017,13,sainz,1556.67
2017,13,stroll,1656.15
2017,13,vandoorne,1438.55
2017,13,vettel,2122.96
2017,13,wehrlein,1358.32
2017,14,alonso,1382.61
2017,14,bottas,2083.9
2017,14,ericsson,1392.61
2017,14,grosjean,1605.73
2017,14,hamilton,2206.98
2017,14,hulkenberg,1560.38
2017,14,jolyon_palmer,1545.25
2017,14,kevin_magnussen,1539.1
2017,14,kvyat,1483.19
2017,14,massa,1671.49
2017,14,max_verstappen,1458.61
2017,14,ocon,1747.37
2017,14,perez,1734.51
2017,14,raikkonen,1678.78
2017,14,ricciardo,1942.01
2017,14,sainz,1699.34
2017,14,stroll,1695.3
2017,14,vandoorne,1571.3
2017,14,vettel,1840.1
2017,14,wehrlein,1434.88
2017,15,alonso,1472.79
2017,15,bottas,2050.4
2017,15,ericsson,1355.21
2017,15,gasly,1498.56
2017,15,grosjean,1582.34
2017,15,hamilton,2208.76
2017,15,hulkenberg,1502.17
2017,15,jolyon_palmer,1509.93
2017,15,kevin_magnussen,1557.59
2017,15,massa,1690.89
2017,15,max_verstappen,1674.97
2017,15,ocon,1722.84
2017,15,perez,1780.72
2017,15,raikkonen,1505.41
2017,15,ricciardo,1974.7
2017,15,sainz,1534.48
2017,15,stroll,1722.18
2017,15,vandoorne,1660.05
2017,15,vettel,1883.4
2017,15,wehrlein,1402.89
2017,16,alonso,1531.39
2017,16,bottas,2043.03
2017,16,ericsson,1328.15
2017,16,gasly,1513.1
2017,16,grosjean,1634.34
2017,16,hamilton,2230.12
2017,16,hulkenberg,1446.97
2017,16,jolyon_palmer,1537.87
2017,16,kevin_magnussen,1635.46
2017,16,massa,1686.23
2017,16,max_verstappen,1804.07
2017,16,ocon,1773.04
2017,16,perez,1795.03
2017,16,raikkonen,1649.52
2017,16,ricciardo,2001.32
2017,16,sainz,1416.14
2017,16,stroll,1601.43
2017,16,vandoorne,1597.63
2017,16,vettel,1650.33
2017,16,wehrlein,1415.11
2017,17,alonso,1464.25
2017,17,bottas,2018.16
2017,17,brendon_hartley,1513.6
2017,17,ericsson,1360.96
2017,17,grosjean,1581.63
2017,17,hamilton,2249.16
2017,17,hulkenberg,1357.27
2017,17,kevin_magnussen,1546.91
2017,17,kvyat,1553.63
2017,17,massa,1699.95
2017,17,max_verstappen,1858.81
2017,17,ocon,1806.54
2017,17,perez,1786.64
2017,17,raikkonen,1771.29
2017,17,ricciardo,1748.37
2017,17,sainz,1558.03
2017,17,stroll,1612.21
2017,17,vandoorne,1593.0
2017,17,vettel,1788.24
2017,17,wehrlein,1353.85
2017,18,alonso,1541.21
2017,18,bottas,2051.77
2017,18,brendon_hartley,1434.19
2017,18,ericsson,1347.91
2017,18,gasly,1523.01
2017,18,grosjean,1531.45
2017,18,hamilton,2112.23
2017,18,hulkenberg,1308.33
2017,18,kevin_magnussen,1626.13
2017,18,massa,1676.45
2017,18,max_verstappen,1947.9
2017,18,ocon,1845.35
2017,18,perez,1798.24
2017,18,raikkonen,1854.04
2017,18,ricciardo,1546.67
2017,18,sainz,1499.13
2017,18,stroll,1700.51
2017,18,vandoorne,1591.74
2017,18,vettel,1849.22
2017,18,wehrlein,1396.5
2017,19,alonso,1623.89
2017,19,bottas,2079.64
2017,19,brendon_hartley,1397.22
2017,19,ericsson,1408.24
2017,19,gasly,1543.85
2017,19,grosjean,1495.35
2017,19,hamilton,2092.36
2017,19,hulkenberg,1433.77
2017,19,kevin_magnussen,1471.55
2017,19,massa,1728.58
2017,19,max_verstappen,1949.26
2017,19,ocon,1643.52
2017,19,perez,1774.89
2017,19,raikkonen,1914.06
2017,19,ricciardo,1660.4
2017,19,sainz,1545.65
2017,19,stroll,1585.95
2017,19,vandoorne,1467.01
2017,19,vettel,1943.18
2017,19,wehrlein,1423.58
2017,20,alonso,1657.52
2017,20,bottas,2120.63
2017,20,brendon_hartley,1406.4
2017,20,ericsson,1378.22
2017,20,gasly,1485.22
2017,20,grosjean,1542.35
2017,20,hamilton,2113.24
2017,20,hulkenberg,1581.71
2017,20,kevin_magnussen,1491.96
2017,20,massa,1709.26
2017,20,max_verstappen,1949.54
2017,20,ocon,1686.73
2017,20,perez,1790.65
2017,20,raikkonen,1940.51
2017,20,ricciardo,1489.26
2017,20,sainz,1433.89
2017,20,stroll,1476.7
2017,20,vandoorne,1506.52
2017,20,vettel,1979.24
2017,20,wehrlein,1442.42
2018,1,alonso,1738.48
2018,1,bottas,2026.15
2018,1,brendon_hartley,1410.42
2018,1,ericsson,1319.56
2018,1,gasly,1410.24
2018,1,grosjean,1482.26
2018,1,hamilton,2131.87
2018,1,hulkenberg,1656.69
2018,1,kevin_magnussen,1432.31
2018,1,leclerc,1507.63
2018,1,max_verstappen,1930.11
2018,1,ocon,1644.57
2018,1,perez,1729.76
2018,1,raikkonen,1977.53
2018,1,ricciardo,1642.29
2018,1,sainz,1512.46
2018,1,sirotkin,1383.72
2018,1,stroll,1475.07
2018,1,vandoorne,1577.26
2018,1,vettel,2041.9
2018,2,alonso,1764.32
2018,2,bottas,2062.25
2018,2,brendon_hartley,1378.37
2018,2,ericsson,1455.65
2018,2,gasly,1599.65
2018,2,grosjean,1495.57
2018,2,hamilton,2129.55
2018,2,hulkenberg,1726.29
2018,2,kevin_magnussen,1596.81
2018,2,leclerc,1529.24
2018,2,max_verstappen,1680.37
2018,2,ocon,1650.5
2018,2,perez,1599.33
2018,2,raikkonen,1729.59
2018,2,ricciardo,1480.36
2018,2,sainz,1549.55
2018,2,sirotkin,1394.76
2018,2,stroll,1473.35
2018,2,vandoorne,1642.37
2018,2,vettel,2092.4
2018,3,alonso,1777.7
2018,3,bottas,2085.13
2018,3,brendon_hartley,1305.8
2018,3,ericsson,1430.23
2018,3,gasly,1487.23
2018,3,grosjean,1438.56
2018,3,hamilton,2104.1
2018,3,hulkenberg,1768.53
2018,3,kevin_magnussen,1622.96
2018,3,leclerc,1425.59
2018,3,max_verstappen,1754.39
2018,3,ocon,1640.22
2018,3,perez,1591.72
2018,3,raikkonen,1817.71
2018,3,ricciardo,1683.15
2018,3,sainz,1609.8
2018,3,sirotkin,1407.29
2018,3,stroll,1478.06
2018,3,vandoorne,1602.0
2018,3,vettel,2000.11
2018,4,alonso,1789.48
2018,4,bottas,1880.33
2018,4,brendon_hartley,1430.55
2018,4,ericsson,1497.27
2018,4,gasly,1516.63
2018,4,grosjean,1436.6
2018,4,hamilton,2139.0
2018,4,hulkenberg,1594.51
2018,4,kevin_magnussen,1585.08
2018,4,leclerc,1579.39
2018,4,max_verstappen,1618.67
2018,4,ocon,1499.29
2018,4,perez,1733.41
2018,4,raikkonen,1901.79
2018,4,ricciardo,1558.19
2018,4,sainz,1714.56
2018,4,sirotkin,1330.63
2018,4,stroll,1580.94
2018,4,vandoorne,1642.58
2018,4,vettel,2001.37
2018,5,alonso,1779.04
2018,5,bottas,1943.38
2018,5,brendon_hartley,1484.75
2018,5,ericsson,1510.48
2018,5,gasly,1419.33
2018,5,grosjean,1384.69
2018,5,hamilton,2165.34
2018,5,hulkenberg,1450.95
2018,5,kevin_magnussen,1680.35
2018,5,leclerc,1614.02
2018,5,max_verstappen,1748.8
2018,5,ocon,1459.04
2018,5,perez,1726.75
2018,5,raikkonen,1694.2
2018,5,ricciardo,1679.84
2018,5,sainz,1746.44
2018,5,sirotkin,1379.81
2018,5,stroll,1598.22
2018,5,vandoorne,1565.67
2018,5,vettel,1999.18
2018,6,alonso,1563.29
2018,6,bottas,1939.02
2018,6,brendon_hartley,1398.05
2018,6,ericsson,1552.18
2018,6,gasly,1559.02
2018,6,grosjean,1402.21
2018,6,hamilton,2151.18
2018,6,hulkenberg,1562.08
2018,6,kevin_magnussen,1625.45
2018,6,leclerc,1497.04
2018,6,max_verstappen,1734.34
2018,6,ocon,1602.28
2018,6,perez,1670.53
2018,6,raikkonen,1783.5
2018,6,ricciardo,1818.43
2018,6,sainz,1716.72
2018,6,sirotkin,1380.14
2018,6,stroll,1504.27
2018,6,vandoorne,1537.93
2018,6,vettel,2032.65
2018,7,alonso,1464.08
2018,7,bottas,1987.12
2018,7,brendon_hartley,1337.16
2018,7,ericsson,1509.96
2018,7,gasly,1581.82
2018,7,grosjean,1462.38
2018,7,hamilton,2102.32
2018,7,hulkenberg,1649.69
2018,7,kevin_magnussen,1588.96
2018,7,leclerc,1559.26
2018,7,max_verstappen,1823.23
2018,7,ocon,1643.13
2018,7,perez,1600.68
2018,7,raikkonen,1810.09
2018,7,ricciardo,1865.0
2018,7,sainz,1732.53
2018,7,sirotkin,1360.87
2018,7,stroll,1390.35
2018,7,vandoorne,1483.71
2018,7,vettel,2077.94
2018,8,alonso,1431.07
2018,8,bottas,1939.72
2018,8,brendon_hartley,1380.73
2018,8,ericsson,1515.57
2018,8,gasly,1438.09
2018,8,grosjean,1519.21
2018,8,hamilton,2137.93
2018,8,hulkenberg,1674.72
2018,8,kevin_magnussen,1681.78
2018,8,leclerc,1599.56
2018,8,max_verstappen,1905.23
2018,8,ocon,1493.79
2018,8,perez,1483.81
2018,8,raikkonen,1879.01
2018,8,ricciardo,1901.6
2018,8,sainz,1745.48
2018,8,sirotkin,1378.87
2018,8,stroll,1363.0
2018,8,vandoorne,1515.79
2018,8,vettel,2045.32
2018,9,alonso,1549.27
2018,9,bottas,1687.96
2018,9,brendon_hartley,1361.14
2018,9,ericsson,1570.23
2018,9,gasly,1502.6
2018,9,grosjean,1673.93
2018,9,hamilton,1884.53
2018,9,hulkenberg,1503.88
2018,9,kevin_magnussen,1763.5
2018,9,leclerc,1640.69
2018,9,max_verstappen,1986.16
2018,9,ocon,1624.69
2018,9,perez,1601.07
2018,9,raikkonen,1949.84
2018,9,ricciardo,1678.83
2018,9,sainz,1682.03
2018,9,sirotkin,1429.13
2018,9,stroll,1399.66
2018,9,vandoorne,1483.05
2018,9,vettel,2058.09
2018,10,alonso,1627.12
2018,10,bottas,1780.68
2018,10,brendon_hartley,1298.03
2018,10,ericsson,1473.47
2018,10,gasly,1513.22
2018,10,grosjean,1570.42
2018,10,hamilton,1946.38
2018,10,hulkenberg,1631.52
2018,10,kevin_magnussen,1745.27
2018,10,leclerc,1499.75
2018,10,max_verstappen,1786.61
2018,10,ocon,1690.87
2018,10,perez,1627.44
2018,10,raikkonen,1977.66
2018,10,ricciardo,1758.64
2018,10,sainz,1558.88
2018,10,sirotkin,1447.63
2018,10,stroll,1463.69
2018,10,vandoorne,1536.35
2018,10,vettel,2096.63
2018,11,alonso,1540.5
2018,11,bottas,1874.28
2018,11,brendon_hartley,1427.84
2018,11,ericsson,1564.92
2018,11,gasly,1504.4
2018,11,grosjean,1675.39
2018,11,hamilton,2009.66
2018,11,hulkenberg,1730.41
2018,11,kevin_magnussen,1699.58
2018,11,leclerc,1478.22
2018,11,max_verstappen,1846.94
2018,11,ocon,1718.08
2018,11,perez,1694.64
2018,11,raikkonen,1998.78
2018,11,ricciardo,1553.85
2018,11,sainz,1567.66
2018,11,sirotkin,1376.77
2018,11,stroll,1420.07
2018,11,vandoorne,1536.41
2018,11,vettel,1811.9
2018,12,alonso,1622.95
2018,12,bottas,1887.76
2018,12,brendon_hartley,1500.43
2018,12,ericsson,1522.83
2018,12,gasly,1632.76
2018,12,grosjean,1673.36
2018,12,hamilton,2056.27
2018,12,hulkenberg,1673.21
2018,12,kevin_magnussen,1738.96
2018,12,leclerc,1379.62
2018,12,max_verstappen,1623.99
2018,12,ocon,1649.49
2018,12,perez,1618.95
2018,12,raikkonen,2013.07
2018,12,ricciardo,1695.3
2018,12,sainz,1623.1
2018,12,sirotkin,1381.07
2018,12,stroll,1392.41
2018,12,vandoorne,1450.68
2018,12,vettel,1894.08
2018,13,alonso,1488.12
2018,13,bottas,1914.87
2018,13,brendon_hartley,1495.71
2018,13,ericsson,1580.44
2018,13,gasly,1665.75
2018,13,grosjean,1723.05
2018,13,hamilton,2076.97
2018,13,hulkenberg,1501.81
2018,13,kevin_magnussen,1748.24
2018,13,leclerc,1346.96
2018,13,max_verstappen,1755.49
2018,13,ocon,1724.31
2018,13,perez,1721.44
2018,13,raikkonen,1769.54
2018,13,ricciardo,1581.4
2018,13,sainz,1625.96
2018,13,sirotkin,1452.97
2018,13,stroll,1442.31
2018,13,vandoorne,1445.5
2018,13,vettel,1969.44
2018,14,alonso,1418.94
2018,14,bottas,1950.44
2018,14,brendon_hartley,1405.89
2018,14,ericsson,1527.72
2018,14,gasly,1597.0
2018,14,grosjean,1529.52
2018,14,hamilton,2111.11
2018,14,hulkenberg,1511.7
2018,14,kevin_magnussen,1614.32
2018,14,leclerc,1444.77
2018,14,max_verstappen,1808.72
2018,14,ocon,1772.33
2018,14,perez,1754.36
2018,14,raikkonen,1864.49
2018,14,ricciardo,1495.54
2018,14,sainz,1677.92
2018,14,sirotkin,1533.91
2018,14,stroll,1544.61
2018,14,vandoorne,1492.95
2018,14,vettel,1974.06
2018,15,alonso,1559.75
2018,15,bottas,1961.79
2018,15,brendon_hartley,1380.56
2018,15,ericsson,1561.52
2018,15,gasly,1570.44
2018,15,grosjean,1494.5
2018,15,hamilton,2141.7
2018,15,hulkenberg,1568.5
2018,15,kevin_magnussen,1496.07
2018,15,leclerc,1543.26
2018,15,max_verstappen,1891.97
2018,15,ocon,1558.49
2018,15,perez,1616.76
2018,15,raikkonen,1883.11
2018,15,ricciardo,1625.89
2018,15,sainz,1706.87
2018,15,sirotkin,1429.04
2018,15,stroll,1521.1
2018,15,vandoorne,1522.48
2018,15,vettel,1996.5
2018,16,alonso,1529.7
2018,16,bottas,2005.12
2018,16,brendon_hartley,1307.37
2018,16,ericsson,1547.67
2018,16,gasly,1450.61
2018,16,grosjean,1539.13
2018,16,hamilton,2168.88
2018,16,hulkenberg,1568.79
2018,16,kevin_magnussen,1589.89
2018,16,leclerc,1636.53
2018,16,max_verstappen,1902.05
2018,16,ocon,1612.57
2018,16,perez,1632.72
2018,16,raikkonen,1912.31
2018,16,ricciardo,1705.41
2018,16,sainz,1569.56
2018,16,sirotkin,1377.04
2018,16,stroll,1488.32
2018,16,vandoorne,1471.87
2018,16,vettel,2014.76
2018,17,alonso,1508.48
2018,17,bottas,2042.17
2018,17,brendon_hartley,1377.01
2018,17,ericsson,1555.48
2018,17,gasly,1510.13
2018,17,grosjean,1617.26
2018,17,hamilton,2194.78
2018,17,hulkenberg,1446.08
2018,17,kevin_magnussen,1442.26
2018,17,leclerc,1505.52
2018,17,max_verstappen,1945.65
2018,17,ocon,1647.82
2018,17,perez,1694.18
2018,17,raikkonen,1918.53
2018,17,ricciardo,1788.27
2018,17,sainz,1603.77
2018,17,sirotkin,1372.08
2018,17,stroll,1428.51
2018,17,vandoorne,1453.78
2018,17,vettel,1978.53
2018,18,alonso,1424.89
2018,18,bottas,2020.85
2018,18,brendon_hartley,1492.58
2018,18,ericsson,1591.82
2018,18,gasly,1528.33
2018,18,grosjean,1511.13
2018,18,hamilton,2181.54
2018,18,hulkenberg,1587.15
2018,18,kevin_magnussen,1346.89
2018,18,leclerc,1472.29
2018,18,max_verstappen,1997.54
2018,18,ocon,1496.1
2018,18,perez,1716.89
2018,18,raikkonen,1994.08
2018,18,ricciardo,1637.16
2018,18,sainz,1673.46
2018,18,sirotkin,1419.81
2018,18,stroll,1439.63
2018,18,vandoorne,1509.11
2018,18,vettel,1989.03
2018,19,alonso,1334.41
2018,19,bottas,2005.32
2018,19,brendon_hartley,1481.46
2018,19,ericsson,1631.3
2018,19,gasly,1573.92
2018,19,grosjean,1457.67
2018,19,hamilton,2152.77
2018,19,hulkenberg,1678.94
2018,19,kevin_magnussen,1366.43
2018,19,leclerc,1587.79
2018,19,max_verstappen,2057.02
2018,19,ocon,1536.31
2018,19,perez,1555.01
2018,19,raikkonen,2018.85
2018,19,ricciardo,1520.75
2018,19,sainz,1511.11
2018,19,sirotkin,1451.63
2018,19,stroll,1482.41
2018,19,vandoorne,1594.65
2018,19,vettel,2032.54
2018,20,alonso,1322.89
2018,20,bottas,1992.7
2018,20,brendon_hartley,1525.16
2018,20,ericsson,1465.81
2018,20,gasly,1550.21
2018,20,grosjean,1561.38
2018,20,hamilton,2185.33
2018,20,hulkenberg,1512.31
2018,20,kevin_magnussen,1483.93
2018,20,leclerc,1661.92
2018,20,max_verstappen,2088.35
2018,20,ocon,1492.97
2018,20,perez,1589.11
2018,20,raikkonen,2039.95
2018,20,ricciardo,1662.33
2018,20,sainz,1527.07
2018,20,sirotkin,1421.08
2018,20,stroll,1404.72
2018,20,vandoorne,1546.74
2018,20,vettel,1996.33
2018,21,alonso,1420.13
2018,21,bottas,1984.08
2018,21,brendon_hartley,1536.45
2018,21,ericsson,1393.63
2018,21,gasly,1482.84
2018,21,grosjean,1611.84
2018,21,hamilton,2213.94
2018,21,hulkenberg,1392.05
2018,21,kevin_magnussen,1545.22
2018,21,leclerc,1710.51
2018,21,max_verstappen,2096.52
2018,21,ocon,1428.95
2018,21,perez,1646.27
2018,21,raikkonen,1757.26
2018,21,ricciardo,1759.06
2018,21,sainz,1638.27
2018,21,sirotkin,1416.62
2018,21,stroll,1440.64
2018,21,vandoorne,1515.45
2018,21,vettel,2040.55
2019,1,albon,1496.63
2019,1,bottas,2047.95
2019,1,gasly,1536.73
2019,1,giovinazzi,1429.18
2019,1,grosjean,1497.85
2019,1,hamilton,2219.57
2019,1,hulkenberg,1544.87
2019,1,kevin_magnussen,1660.63
2019,1,kubica,1555.9
2019,1,kvyat,1598.75
2019,1,leclerc,1784.25
2019,1,max_verstappen,2103.25
2019,1,norris,1530.32
2019,1,perez,1605.56
2019,1,raikkonen,1763.78
2019,1,ricciardo,1572.88
2019,1,russell,1460.91
2019,1,sainz,1481.55
2019,1,stroll,1543.82
2019,1,vettel,2040.84
2019,2,albon,1577.32
2019,2,bottas,2082.6
2019,2,gasly,1619.78
2019,2,giovinazzi,1499.98
2019,2,grosjean,1389.71
2019,2,hamilton,2244.29
2019,2,hulkenberg,1472.63
2019,2,kevin_magnussen,1614.22
2019,2,kubica,1496.8
2019,2,kvyat,1591.51
2019,2,leclerc,1863.17
2019,2,max_verstappen,2090.94
2019,2,norris,1647.22
2019,2,perez,1630.0
2019,2,raikkonen,1784.46
2019,2,ricciardo,1473.15
2019,2,russell,1453.21
2019,2,sainz,1397.0
2019,2,stroll,1523.98
2019,2,vettel,2023.27
2019,3,albon,1612.26
2019,3,bottas,2112.81
2019,3,gasly,1705.22
2019,3,giovinazzi,1475.83
2019,3,grosjean,1472.27
2019,3,hamilton,2267.28
2019,3,hulkenberg,1370.88
2019,3,kevin_magnussen,1584.16
2019,3,kubica,1438.35
2019,3,kvyat,1465.3
2019,3,leclerc,1890.89
2019,3,max_verstappen,2083.54
2019,3,norris,1517.33
2019,3,perez,1678.18
2019,3,raikkonen,1765.23
2019,3,ricciardo,1592.61
2019,3,russell,1427.44
2019,3,sainz,1425.26
2019,3,stroll,1543.15
2019,3,vettel,2047.23
2019,4,albon,1616.3
2019,4,bottas,2157.42
2019,4,gasly,1570.98
2019,4,giovinazzi,1510.87
2019,4,grosjean,1403.99
2019,4,hamilton,2270.31
2019,4,hulkenberg,1405.7
2019,4,kevin_magnussen,1563.99
2019,4,kubica,1415.41
2019,4,kvyat,1381.4
2019,4,leclerc,1912.84
2019,4,max_verstappen,2079.82
2019,4,norris,1603.29
2019,4,perez,1744.33
2019,4,raikkonen,1734.29
2019,4,ricciardo,1446.57
2019,4,russell,1426.1
2019,4,sainz,1559.73
2019,4,stroll,1603.35
2019,4,vettel,2068.54
2019,5,albon,1615.93
2019,5,bottas,2178.43
2019,5,gasly,1672.03
2019,5,giovinazzi,1464.06
2019,5,grosjean,1494.21
2019,5,hamilton,2293.3
2019,5,hulkenberg,1443.58
2019,5,kevin_magnussen,1650.82
2019,5,kubica,1364.7
2019,5,kvyat,1496.86
2019,5,leclerc,1930.06
2019,5,max_verstappen,2096.36
2019,5,norris,1452.93
2019,5,perez,1631.42
2019,5,raikkonen,1641.11
2019,5,ricciardo,1488.58
2019,5,russell,1390.25
2019,5,sainz,1631.38
2019,5,stroll,1469.93
2019,5,vettel,2069.28
2019,6,albon,1667.99
2019,6,bottas,2178.65
2019,6,gasly,1755.84
2019,6,giovinazzi,1378.8
2019,6,grosjean,1554.95
2019,6,hamilton,2314.75
2019,6,hulkenberg,1470.61
2019,6,kevin_magnussen,1587.32
2019,6,kubica,1329.17
2019,6,kvyat,1607.0
2019,6,leclerc,1666.4
2019,6,max_verstappen,2092.6
2019,6,norris,1510.65
2019,6,perez,1609.15
2019,6,raikkonen,1528.49
2019,6,ricciardo,1568.43
2019,6,russell,1400.31
2019,6,sainz,1711.96
2019,6,stroll,1435.73
2019,6,vettel,2106.42
2019,7,albon,1510.82
2019,7,bottas,2159.37
2019,7,gasly,1760.89
2019,7,giovinazzi,1428.07
2019,7,grosjean,1526.85
2019,7,hamilton,2334.01
2019,7,hulkenberg,1588.46
2019,7,kevin_magnussen,1495.07
2019,7,kubica,1303.61
2019,7,kvyat,1627.58
2019,7,leclerc,1779.55
2019,7,max_verstappen,2069.86
2019,7,norris,1393.29
2019,7,perez,1596.58
2019,7,raikkonen,1492.7
2019,7,ricciardo,1669.31
2019,7,russell,1389.92
2019,7,sainz,1679.82
2019,7,stroll,1533.03
2019,7,vettel,2136.41
2019,8,albon,1481.11
2019,8,bottas,2181.52
2019,8,gasly,1729.85
2019,8,giovinazzi,1408.23
2019,8,grosjean,1401.31
2019,8,hamilton,2351.66
2019,8,hulkenberg,1648.45
2019,8,kevin_magnussen,1435.25
2019,8,kubica,1283.36
2019,8,kvyat,1573.78
2019,8,leclerc,1861.36
2019,8,max_verstappen,2070.1
2019,8,norris,1501.56
2019,8,perez,1587.57
2019,8,raikkonen,1601.84
2019,8,ricciardo,1651.76
2019,8,russell,1326.87
2019,8,sainz,1743.81
2019,8,stroll,1529.33
2019,8,vettel,2106.52
2019,9,albon,1459.92
2019,9,bottas,2182.34
2019,9,gasly,1762.82
2019,9,giovinazzi,1494.45
2019,9,grosjean,1387.44
2019,9,hamilton,2291.44
2019,9,hulkenberg,1605.07
2019,9,kevin_magnussen,1356.86
2019,9,kubica,1228.3
2019,9,kvyat,1485.81
2019,9,leclerc,1941.58
2019,9,max_verstappen,2126.71
2019,9,norris,1622.79
2019,9,perez,1597.93
2019,9,raikkonen,1642.21
2019,9,ricciardo,1623.93
2019,9,russell,1298.36
2019,9,sainz,1755.94
2019,9,stroll,1509.51
2019,9,vettel,2101.81
2019,10,albon,1496.21
2019,10,bottas,2203.58
2019,10,gasly,1839.02
2019,10,giovinazzi,1415.82
2019,10,grosjean,1323.33
2019,10,hamilton,2315.15
2019,10,hulkenberg,1628.34
2019,10,kevin_magnussen,1282.63
2019,10,kubica,1274.54
2019,10,kvyat,1564.52
2019,10,leclerc,1991.27
2019,10,max_verstappen,2101.78
2019,10,norris,1623.39
2019,10,perez,1502.47
2019,10,raikkonen,1688.17
2019,10,ricciardo,1692.48
2019,10,russell,1346.35
2019,10,sainz,1801.71
2019,10,stroll,1512.4
2019,10,vettel,1872.06
2019,11,albon,1625.75
2019,11,bottas,1969.69
2019,11,gasly,1715.18
2019,11,giovinazzi,1450.77
2019,11,grosjean,1490.71
2019,11,hamilton,2178.93
2019,11,hulkenberg,1544.76
2019,11,kevin_magnussen,1443.5
2019,11,kubica,1404.35
2019,11,kvyat,1721.16
2019,11,leclerc,1771.8
2019,11,max_verstappen,2153.54
2019,11,norris,1509.84
2019,11,perez,1396.57
2019,11,raikkonen,1648.51
2019,11,ricciardo,1537.21
2019,11,russell,1437.09
2019,11,sainz,1850.95
2019,11,stroll,1668.94
2019,11,vettel,1955.98
2019,12,albon,1646.93
2019,12,bottas,1915.24
2019,12,gasly,1771.25
2019,12,giovinazzi,1394.22
2019,12,grosjean,1384.47
2019,12,hamilton,2208.04
2019,12,hulkenberg,1559.57
2019,12,kevin_magnussen,1475.34
2019,12,kubica,1343.77
2019,12,kvyat,1620.88
2019,12,leclerc,1842.54
2019,12,max_verstappen,2168.44
2019,12,norris,1588.26
2019,12,perez,1478.47
2019,12,raikkonen,1710.32
2019,12,ricciardo,1519.69
2019,12,russell,1419.69
2019,12,sainz,1881.72
2019,12,stroll,1552.99
2019,12,vettel,1993.39
2019,13,albon,1747.21
2019,13,bottas,1966.18
2019,13,gasly,1760.74
2019,13,giovinazzi,1353.76
2019,13,grosjean,1436.87
2019,13,hamilton,2216.21
2019,13,hulkenberg,1638.73
2019,13,kevin_magnussen,1516.7
2019,13,kubica,1336.45
2019,13,kvyat,1695.65
2019,13,leclerc,1945.39
2019,13,max_verstappen,1840.52
2019,13,norris,1607.62
2019,13,perez,1618.9
2019,13,raikkonen,1596.67
2019,13,ricciardo,1509.97
2019,13,russell,1425.3
2019,13,sainz,1653.06
2019,13,stroll,1601.85
2019,13,vettel,2007.46
2019,14,albon,1793.6
2019,14,bottas,2015.91
2019,14,gasly,1717.42
2019,14,giovinazzi,1485.81
2019,14,grosjean,1424.91
2019,14,hamilton,2200.46
2019,14,hulkenberg,1738.76
2019,14,kevin_magnussen,1441.34
2019,14,kubica,1334.72
2019,14,kvyat,1537.46
2019,14,leclerc,2017.21
2019,14,max_verstappen,1822.41
2019,14,norris,1636.21
2019,14,perez,1693.57
2019,14,raikkonen,1547.34
2019,14,ricciardo,1671.55
2019,14,russell,1452.58
2019,14,sainz,1494.21
2019,14,stroll,1600.02
2019,14,vettel,1849.73
2019,15,albon,1826.66
2019,15,bottas,2001.95
2019,15,gasly,1742.49
2019,15,giovinazzi,1559.15
2019,15,grosjean,1500.62
2019,15,hamilton,2167.69
2019,15,hulkenberg,1740.06
2019,15,kevin_magnussen,1406.48
2019,15,kubica,1349.72
2019,15,kvyat,1506.94
2019,15,leclerc,2054.46
2019,15,max_verstappen,1893.03
2019,15,norris,1705.93
2019,15,perez,1534.74
2019,15,raikkonen,1459.03
2019,15,ricciardo,1609.57
2019,15,russell,1361.53
2019,15,sainz,1529.29
2019,15,stroll,1580.76
2019,15,vettel,1945.11
2019,16,albon,1867.61
2019,16,bottas,2046.3
2019,16,gasly,1653.2
2019,16,giovinazzi,1519.42
2019,16,grosjean,1394.33
2019,16,hamilton,2197.58
2019,16,hulkenberg,1721.44
2019,16,kevin_magnussen,1519.62
2019,16,kubica,1359.63
2019,16,kvyat,1536.51
2019,16,leclerc,2069.76
2019,16,max_verstappen,1931.42
2019,16,norris,1733.71
2019,16,perez,1638.16
2019,16,raikkonen,1487.21
2019,16,ricciardo,1482.52
2019,16,russell,1349.25
2019,16,sainz,1651.57
2019,16,stroll,1601.6
2019,16,vettel,1714.35
2019,17,albon,1911.35
2019,17,bottas,2098.26
2019,17,gasly,1717.22
2019,17,giovinazzi,1511.02
2019,17,grosjean,1444.73
2019,17,hamilton,2186.13
2019,17,hulkenberg,1534.68
2019,17,kevin_magnussen,1493.62
2019,17,kubica,1347.32
2019,17,kvyat,1591.23
2019,17,leclerc,2027.04
2019,17,max_verstappen,1704.47
2019,17,norris,1701.56
2019,17,perez,1690.8
2019,17,raikkonen,1525.67
2019,17,ricciardo,1398.93
2019,17,russell,1358.7
2019,17,sainz,1746.89
2019,17,stroll,1650.41
2019,17,vettel,1835.19
2019,18,albon,1926.38
2019,18,bottas,2103.86
2019,18,gasly,1723.57
2019,18,giovinazzi,1506.04
2019,18,grosjean,1407.47
2019,18,hamilton,2213.56
2019,18,hulkenberg,1587.86
2019,18,kevin_magnussen,1476.91
2019,18,kubica,1320.18
2019,18,kvyat,1607.65
2019,18,leclerc,2030.02
2019,18,max_verstappen,1766.44
2019,18,norris,1520.05
2019,18,perez,1740.85
2019,18,raikkonen,1424.86
2019,18,ricciardo,1530.33
2019,18,russell,1365.72
2019,18,sainz,1674.68
2019,18,stroll,1629.06
2019,18,vettel,1919.74
2019,19,albon,1939.07
2019,19,bottas,2146.66
2019,19,gasly,1605.58
2019,19,giovinazzi,1501.07
2019,19,grosjean,1416.54
2019,19,hamilton,2220.48
2019,19,hulkenberg,1638.95
2019,19,kevin_magnussen,1410.79
2019,19,kubica,1281.22
2019,19,kvyat,1601.01
2019,19,leclerc,2034.4
2019,19,max_verstappen,1857.06
2019,19,norris,1627.63
2019,19,perez,1722.27
2019,19,raikkonen,1497.9
2019,19,ricciardo,1651.55
2019,19,russell,1351.99
2019,19,sainz,1712.47
2019,19,stroll,1597.92
2019,19,vettel,1660.67
2019,20,albon,1782.87
2019,20,bottas,1824.62
2019,20,gasly,1769.45
2019,20,giovinazzi,1651.7
2019,20,grosjean,1461.54
2019,20,hamilton,2130.13
2019,20,hulkenberg,1573.55
2019,20,kevin_magnussen,1494.63
2019,20,kubica,1311.44
2019,20,kvyat,1636.49
2019,20,leclerc,1777.49
2019,20,max_verstappen,1957.15
2019,20,norris,1686.26
2019,20,perez,1729.94
2019,20,raikkonen,1666.88
2019,20,ricciardo,1731.58
2019,20,russell,1434.92
2019,20,sainz,1823.1
2019,20,stroll,1480.43
2019,20,vettel,1551.05
2019,21,albon,1816.63
2019,21,bottas,1877.76
2019,21,gasly,1603.72
2019,21,giovinazzi,1566.76
2019,21,grosjean,1461.97
2019,21,hamilton,2158.38
2019,21,hulkenberg,1587.53
2019,21,kevin_magnussen,1502.23
2019,21,kubica,1282.01
2019,21,kvyat,1675.3
2019,21,leclerc,1862.49
2019,21,max_verstappen,2004.19
2019,21,norris,1722.94
2019,21,perez,1766.68
2019,21,raikkonen,1628.91
2019,21,ricciardo,1702.62
2019,21,russell,1408.25
2019,21,sainz,1776.11
2019,21,stroll,1385.42
2019,21,vettel,1685.32
2020,1,albon,1721.17
2020,1,bottas,1965.91
2020,1,gasly,1690.53
2020,1,giovinazzi,1632.2
2020,1,grosjean,1445.12
2020,1,hamilton,2129.4
2020,1,kevin_magnussen,1453.79
2020,1,kvyat,1649.47
2020,1,latifi,1555.74
2020,1,leclerc,1938.67
2020,1,max_verstappen,1717.06
2020,1,norris,1828.36
2020,1,ocon,1559.74
2020,1,perez,1810.54
2020,1,raikkonen,1588.5
2020,1,ricciardo,1543.75
2020,1,russell,1426.72
2020,1,sainz,1832.88
2020,1,stroll,1355.09
2020,1,vettel,1689.98
2020,2,albon,1811.11
2020,2,bottas,2013.2
2020,2,gasly,1606.52
2020,2,giovinazzi,1587.38
2020,2,grosjean,1485.56
2020,2,hamilton,2159.63
2020,2,kevin_magnussen,1509.42
2020,2,kvyat,1667.81
2020,2,latifi,1487.84
2020,2,leclerc,1690.65
2020,2,max_verstappen,1824.68
2020,2,norris,1865.31
2020,2,ocon,1472.79
2020,2,perez,1837.39
2020,2,raikkonen,1613.16
2020,2,ricciardo,1633.41
2020,2,russell,1421.16
2020,2,sainz,1799.51
2020,2,stroll,1526.81
2020,2,vettel,1521.31
2020,3,albon,1851.27
2020,3,bottas,2030.96
2020,3,gasly,1467.58
2020,3,giovinazzi,1509.46
2020,3,grosjean,1461.8
2020,3,hamilton,2185.54
2020,3,kevin_magnussen,1577.4
2020,3,kvyat,1643.75
2020,3,latifi,1409.15
2020,3,leclerc,1674.24
2020,3,max_verstappen,1909.8
2020,3,norris,1751.49
2020,3,ocon,1488.47
2020,3,perez,1834.93
2020,3,raikkonen,1560.53
2020,3,ricciardo,1687.65
2020,3,russell,1382.24
2020,3,sainz,1776.78
2020,3,stroll,1683.39
2020,3,vettel,1648.21
2020,4,albon,1822.38
2020,4,bottas,1897.83
2020,4,gasly,1592.37
2020,4,giovinazzi,1507.53
2020,4,grosjean,1440.19
2020,4,hamilton,2207.79
2020,4,hulkenberg,1451.58
2020,4,kevin_magnussen,1462.62
2020,4,kvyat,1520.76
2020,4,latifi,1422.99
2020,4,leclerc,1789.7
2020,4,max_verstappen,1968.63
2020,4,norris,1807.8
2020,4,ocon,1622.97
2020,4,raikkonen,1486.2
2020,4,ricciardo,1782.2
2020,4,russell,1456.64
2020,4,sainz,1690.7
2020,4,stroll,1697.34
2020,4,vettel,1659.02
2020,5,albon,1857.01
2020,5,bottas,1943.38
2020,5,gasly,1606.89
2020,5,giovinazzi,1451.58
2020,5,grosjean,1424.78
2020,5,hamilton,2208.38
2020,5,hulkenberg,1581.41
2020,5,kevin_magnussen,1367.14
2020,5,kvyat,1578.05
2020,5,latifi,1358.46
2020,5,leclerc,1851.02
2020,5,max_verstappen,2029.05
2020,5,norris,1778.57
2020,5,ocon,1675.48
2020,5,raikkonen,1473.51
2020,5,ricciardo,1677.04
2020,5,russell,1399.85
2020,5,sainz,1635.78
2020,5,stroll,1757.53
2020,5,vettel,1632.33
2020,6,albon,1836.37
2020,6,bottas,1983.83
2020,6,gasly,1655.67
2020,6,giovinazzi,1432.61
2020,6,grosjean,1358.32
2020,6,hamilton,2231.15
2020,6,kevin_magnussen,1391.54
2020,6,kvyat,1587.56
2020,6,latifi,1329.48
2020,6,leclerc,1616.76
2020,6,max_verstappen,2065.77
2020,6,norris,1750.33
2020,6,ocon,1633.23
2020,6,perez,1872.9
2020,6,raikkonen,1484.21
2020,6,ricciardo,1668.32
2020,6,russell,1378.09
2020,6,sainz,1723.5
2020,6,stroll,1836.69
2020,6,vettel,1704.43
2020,7,albon,1856.71
2020,7,bottas,2032.46
2020,7,gasly,1702.73
2020,7,giovinazzi,1380.99
2020,7,grosjean,1383.89
2020,7,hamilton,2252.74
2020,7,kevin_magnussen,1370.37
2020,7,kvyat,1610.33
2020,7,latifi,1343.84
2020,7,leclerc,1577.92
2020,7,max_verstappen,2078.94
2020,7,norris,1781.9
2020,7,ocon,1736.36
2020,7,perez,1814.11
2020,7,raikkonen,1523.93
2020,7,ricciardo,1776.62
2020,7,russell,1323.56
2020,7,sainz,1536.07
2020,7,stroll,1806.01
2020,7,vettel,1651.26
2020,8,albon,1713.94
2020,8,bottas,2016.85
2020,8,gasly,1850.18
2020,8,giovinazzi,1382.04
2020,8,grosjean,1454.87
2020,8,hamilton,2158.81
2020,8,kevin_magnussen,1322.53
2020,8,kvyat,1660.92
2020,8,latifi,1444.49
2020,8,leclerc,1484.48
2020,8,max_verstappen,1831.34
2020,8,norris,1853.29
2020,8,ocon,1760.58
2020,8,perez,1777.53
2020,8,raikkonen,1533.53
2020,8,ricciardo,1817.95
2020,8,russell,1374.86
2020,8,sainz,1720.14
2020,8,stroll,1886.58
2020,8,vettel,1495.83
2020,9,albon,1826.84
2020,9,bottas,2056.43
2020,9,gasly,1619.6
2020,9,giovinazzi,1366.82
2020,9,grosjean,1504.77
2020,9,hamilton,2187.76
2020,9,kevin_magnussen,1342.33
2020,9,kvyat,1728.09
2020,9,latifi,1448.16
2020,9,leclerc,1595.83
2020,9,max_verstappen,1623.99
2020,9,norris,1870.49
2020,9,ocon,1669.1
2020,9,perez,1836.31
2020,9,raikkonen,1610.73
2020,9,ricciardo,1879.81
2020,9,russell,1467.84
2020,9,sainz,1571.06
2020,9,stroll,1766.41
2020,9,vettel,1568.37
2020,10,albon,1780.4
2020,10,bottas,2102.73
2020,10,gasly,1664.59
2020,10,giovinazzi,1465.01
2020,10,grosjean,1453.98
2020,10,hamilton,2174.59
2020,10,kevin_magnussen,1428.91
2020,10,kvyat,1750.0
2020,10,latifi,1434.22
2020,10,leclerc,1698.34
2020,10,max_verstappen,1776.57
2020,10,norris,1719.68
2020,10,ocon,1728.63
2020,10,perez,1888.04
2020,10,raikkonen,1572.69
2020,10,ricciardo,1901.84
2020,10,russell,1411.25
2020,10,sainz,1460.99
2020,10,stroll,1565.31
2020,10,vettel,1562.98
2020,11,albon,1626.09
2020,11,bottas,1807.38
2020,11,gasly,1743.5
2020,11,giovinazzi,1548.87
2020,11,grosjean,1559.44
2020,11,hamilton,2201.61
2020,11,hulkenberg,1658.33
2020,11,kevin_magnussen,1472.53
2020,11,kvyat,1640.04
2020,11,latifi,1457.81
2020,11,leclerc,1748.53
2020,11,max_verstappen,1881.4
2020,11,norris,1605.0
2020,11,ocon,1578.07
2020,11,perez,1925.91
2020,11,raikkonen,1583.15
2020,11,ricciardo,1952.21
2020,11,russell,1342.42
2020,11,sainz,1630.4
2020,11,vettel,1594.17
2020,12,albon,1617.79
2020,12,bottas,1896.22
2020,12,gasly,1805.02
2020,12,giovinazzi,1516.89
2020,12,grosjean,1488.24
2020,12,hamilton,2221.8
2020,12,kevin_magnussen,1449.61
2020,12,kvyat,1503.26
2020,12,latifi,1403.97
2020,12,leclerc,1824.47
2020,12,max_verstappen,1931.91
2020,12,norris,1587.91
2020,12,ocon,1652.21
2020,12,perez,1895.11
2020,12,raikkonen,1607.72
2020,12,ricciardo,1879.33
2020,12,russell,1395.51
2020,12,sainz,1716.09
2020,12,stroll,1439.33
2020,12,vettel,1631.45
2020,13,albon,1557.36
2020,13,bottas,1962.85
2020,13,gasly,1587.69
2020,13,giovinazzi,1581.24
2020,13,grosjean,1492.43
2020,13,hamilton,2241.14
2020,13,kevin_magnussen,1398.19
2020,13,kvyat,1667.81
2020,13,latifi,1489.13
2020,13,leclerc,1861.42
2020,13,max_verstappen,1720.79
2020,13,norris,1660.08
2020,13,ocon,1510.45
2020,13,perez,1893.72
2020,13,raikkonen,1655.85
2020,13,ricciardo,1934.13
2020,13,russell,1394.86
2020,13,sainz,1758.1
2020,13,stroll,1478.1
2020,13,vettel,1618.48
2020,14,albon,1653.94
2020,14,bottas,1798.0
2020,14,gasly,1574.52
2020,14,giovinazzi,1449.23
2020,14,grosjean,1427.57
2020,14,hamilton,2258.46
2020,14,kevin_magnussen,1381.48
2020,14,kvyat,1641.35
2020,14,latifi,1407.27
2020,14,leclerc,1902.39
2020,14,max_verstappen,1775.04
2020,14,norris,1702.63
2020,14,ocon,1558.75
2020,14,perez,1959.8
2020,14,raikkonen,1585.87
2020,14,ricciardo,1848.51
2020,14,russell,1397.87
2020,14,sainz,1815.74
2020,14,stroll,1569.6
2020,14,vettel,1755.82
2020,15,albon,1781.6
2020,15,bottas,1793.69
2020,15,gasly,1681.88
2020,15,giovinazzi,1432.86
2020,15,grosjean,1347.61
2020,15,hamilton,2274.11
2020,15,kevin_magnussen,1366.96
2020,15,kvyat,1645.06
2020,15,latifi,1439.55
2020,15,leclerc,1828.83
2020,15,max_verstappen,1878.28
2020,15,norris,1796.84
2020,15,ocon,1624.2
2020,15,perez,1722.93
2020,15,raikkonen,1540.37
2020,15,ricciardo,1843.33
2020,15,russell,1467.54
2020,15,sainz,1855.28
2020,15,stroll,1461.05
2020,15,vettel,1681.86
2020,16,aitken,1463.0
2020,16,albon,1805.16
2020,16,bottas,1780.02
2020,16,gasly,1662.05
2020,16,giovinazzi,1473.37
2020,16,kevin_magnussen,1392.04
2020,16,kvyat,1704.42
2020,16,latifi,1387.22
2020,16,leclerc,1593.63
2020,16,max_verstappen,1639.49
2020,16,norris,1748.12
2020,16,ocon,1770.13
2020,16,perez,1848.9
2020,16,pietro_fittipaldi,1445.11
2020,16,raikkonen,1524.75
2020,16,ricciardo,1861.14
2020,16,russell,1561.93
2020,16,sainz,1885.12
2020,16,stroll,1650.8
2020,16,vettel,1645.7
2020,17,albon,1865.92
2020,17,bottas,1879.06
2020,17,gasly,1711.61
2020,17,giovinazzi,1455.04
2020,17,hamilton,2249.12
2020,17,kevin_magnussen,1360.85
2020,17,kvyat,1688.94
2020,17,latifi,1376.28
2020,17,leclerc,1585.51
2020,17,max_verstappen,1803.28
2020,17,norris,1812.56
2020,17,ocon,1763.02
2020,17,perez,1617.45
2020,17,pietro_fittipaldi,1379.67
2020,17,raikkonen,1558.72
2020,17,ricciardo,1854.78
2020,17,russell,1531.17
2020,17,sainz,1886.95
2020,17,stroll,1672.19
2020,17,vettel,1601.07
2021,1,alonso,1357.41
2021,1,bottas,1928.04
2021,1,gasly,1579.94
2021,1,giovinazzi,1502.8
2021,1,hamilton,2263.81
2021,1,latifi,1345.26
2021,1,leclerc,1683.74
2021,1,max_verstappen,1891.01
2021,1,mazepin,1393.06
2021,1,mick_schumacher,1464.46
2021,1,norris,1865.21
2021,1,ocon,1680.65
2021,1,perez,1720.7
2021,1,raikkonen,1587.2
2021,1,ricciardo,1842.81
2021,1,russell,1519.12
2021,1,sainz,1848.64
2021,1,stroll,1675.18
2021,1,tsunoda,1582.82
2021,1,vettel,1546.12
2021,2,alonso,1468.15
2021,2,bottas,1698.6
2021,2,gasly,1666.59
2021,2,giovinazzi,1498.92
2021,2,hamilton,2259.38
2021,2,latifi,1283.82
2021,2,leclerc,1781.25
2021,2,max_verstappen,1971.85
2021,2,mazepin,1371.02
2021,2,mick_schumacher,1438.32
2021,2,norris,1921.46
2021,2,ocon,1698.35
2021,2,perez,1689.04
2021,2,raikkonen,1570.67
2021,2,ricciardo,1855.6
2021,2,russell,1423.16
2021,2,sainz,1875.99
2021,2,stroll,1711.33
2021,2,tsunoda,1584.88
2021,2,vettel,1509.58
2021,3,alonso,1574.29
2021,3,bottas,1806.88
2021,3,gasly,1672.07
2021,3,giovinazzi,1530.93
2021,3,hamilton,2275.17
2021,3,latifi,1271.6
2021,3,leclerc,1813.86
2021,3,max_verstappen,2018.07
2021,3,mazepin,1317.52
2021,3,mick_schumacher,1402.76
2021,3,norris,1927.92
2021,3,ocon,1742.48
2021,3,perez,1783.9
2021,3,raikkonen,1435.43
2021,3,ricciardo,1812.37
2021,3,russell,1410.56
2021,3,sainz,1792.45
2021,3,stroll,1633.26
2021,3,tsunoda,1536.01
2021,3,vettel,1520.45
2021,4,alonso,1489.36
2021,4,bottas,1882.65
2021,4,gasly,1677.69
2021,4,giovinazzi,1496.99
2021,4,hamilton,2290.54
2021,4,latifi,1295.15
2021,4,leclerc,1870.88
2021,4,max_verstappen,2055.82
2021,4,mazepin,1274.53
2021,4,mick_schumacher,1355.2
2021,4,norris,1883.54
2021,4,ocon,1740.76
2021,4,perez,1833.5
2021,4,raikkonen,1485.43
2021,4,ricciardo,1836.47
2021,4,russell,1432.7
2021,4,sainz,1806.32
2021,4,stroll,1635.37
2021,4,tsunoda,1409.47
2021,4,vettel,1525.6
2021,5,alonso,1505.78
2021,5,bottas,1652.49
2021,5,gasly,1747.06
2021,5,giovinazzi,1561.76
2021,5,hamilton,2190.95
2021,5,latifi,1331.45
2021,5,leclerc,1628.35
2021,5,max_verstappen,2106.86
2021,5,mazepin,1278.25
2021,5,mick_schumacher,1319.38
2021,5,norris,1940.92
2021,5,ocon,1741.19
2021,5,perez,1888.49
2021,5,raikkonen,1536.3
2021,5,ricciardo,1751.79
2021,5,russell,1449.04
2021,5,sainz,1902.62
2021,5,stroll,1687.95
2021,5,tsunoda,1395.76
2021,5,vettel,1661.56
2021,6,alonso,1636.85
2021,6,bottas,1631.36
2021,6,gasly,1845.17
2021,6,giovinazzi,1590.12
2021,6,hamilton,1950.07
2021,6,latifi,1345.19
2021,6,leclerc,1749.36
2021,6,max_verstappen,1828.65
2021,6,mazepin,1339.85
2021,6,mick_schumacher,1389.52
2021,6,norris,1946.12
2021,6,ocon,1550.75
2021,6,perez,1978.56
2021,6,raikkonen,1590.84
2021,6,ricciardo,1747.09
2021,6,russell,1410.3
2021,6,sainz,1864.74
2021,6,stroll,1534.29
2021,6,tsunoda,1544.85
2021,6,vettel,1804.3
2021,7,alonso,1690.34
2021,7,bottas,1749.67
2021,7,gasly,1842.23
2021,7,giovinazzi,1541.63
2021,7,hamilton,1998.97
2021,7,latifi,1321.64
2021,7,leclerc,1625.21
2021,7,max_verstappen,1928.85
2021,7,mazepin,1279.63
2021,7,mick_schumacher,1335.2
2021,7,norris,1945.1
2021,7,ocon,1533.45
2021,7,perez,2003.29
2021,7,raikkonen,1508.64
2021,7,ricciardo,1793.97
2021,7,russell,1473.76
2021,7,sainz,1786.75
2021,7,stroll,1590.93
2021,7,tsunoda,1547.03
2021,7,vettel,1781.69
2021,8,alonso,1708.7
2021,8,bottas,1845.29
2021,8,gasly,1609.27
2021,8,giovinazzi,1510.43
2021,8,hamilton,2038.45
2021,8,latifi,1319.0
2021,8,leclerc,1700.4
2021,8,max_verstappen,2003.05
2021,8,mazepin,1267.76
2021,8,mick_schumacher,1348.15
2021,8,norris,1947.92
2021,8,ocon,1522.64
2021,8,perez,2006.93
2021,8,raikkonen,1555.39
2021,8,ricciardo,1706.75
2021,8,russell,1390.2
2021,8,sainz,1823.07
2021,8,stroll,1660.91
2021,8,tsunoda,1598.39
2021,8,vettel,1715.27
2021,9,alonso,1703.6
2021,9,bottas,1926.88
2021,9,gasly,1655.2
2021,9,giovinazzi,1503.92
2021,9,hamilton,2035.21
2021,9,latifi,1333.0
2021,9,leclerc,1732.1
2021,9,max_verstappen,2060.37
2021,9,mazepin,1238.69
2021,9,mick_schumacher,1318.89
2021,9,norris,1984.29
2021,9,ocon,1403.85
2021,9,perez,1976.86
2021,9,raikkonen,1516.33
2021,9,ricciardo,1752.99
2021,9,russell,1472.46
2021,9,sainz,1863.11
2021,9,stroll,1620.06
2021,9,tsunoda,1596.31
2021,9,vettel,1583.84
2021,10,alonso,1753.08
2021,10,bottas,1972.85
2021,10,gasly,1651.35
2021,10,giovinazzi,1516.31
2021,10,hamilton,2089.18
2021,10,latifi,1378.41
2021,10,leclerc,1852.63
2021,10,max_verstappen,1757.0
2021,10,mazepin,1253.57
2021,10,mick_schumacher,1296.08
2021,10,norris,1997.87
2021,10,ocon,1516.77
2021,10,perez,1772.72
2021,10,raikkonen,1488.28
2021,10,ricciardo,1818.91
2021,10,russell,1512.77
2021,10,sainz,1877.22
2021,10,stroll,1680.82
2021,10,tsunoda,1629.76
2021,10,vettel,1462.4
2021,11,alonso,1833.53
2021,11,bottas,1767.24
2021,11,gasly,1750.91
2021,11,giovinazzi,1526.47
2021,11,hamilton,2109.51
2021,11,latifi,1537.18
2021,11,leclerc,1655.74
2021,11,max_verstappen,1748.75
2021,11,mazepin,1322.61
2021,11,mick_schumacher,1392.07
2021,11,norris,1800.78
2021,11,ocon,1725.09
2021,11,perez,1622.31
2021,11,raikkonen,1560.14
2021,11,ricciardo,1754.07
2021,11,russell,1609.55
2021,11,sainz,1934.0
2021,11,stroll,1533.34
2021,11,tsunoda,1720.28
2021,11,vettel,1374.38
2021,12,alonso,1762.24
2021,12,bottas,1704.91
2021,12,gasly,1791.72
2021,12,giovinazzi,1539.13
2021,12,hamilton,2102.19
2021,12,latifi,1608.83
2021,12,leclerc,1699.79
2021,12,max_verstappen,1871.77
2021,12,mazepin,1327.63
2021,12,mick_schumacher,1397.72
2021,12,norris,1691.66
2021,12,ocon,1759.29
2021,12,perez,1494.88
2021,12,raikkonen,1473.39
2021,12,ricciardo,1828.19
2021,12,russell,1765.96
2021,12,sainz,1844.19
2021,12,stroll,1421.0
2021,12,tsunoda,1626.53
2021,12,vettel,1566.94
2021,13,alonso,1799.36
2021,13,bottas,1810.84
2021,13,gasly,1851.58
2021,13,giovinazzi,1523.96
2021,13,hamilton,2114.45
2021,13,kubica,1325.42
2021,13,latifi,1532.28
2021,13,leclerc,1775.38
2021,13,max_verstappen,1954.59
2021,13,mazepin,1269.76
2021,13,mick_schumacher,1357.61
2021,13,norris,1688.7
2021,13,ocon,1747.71
2021,13,perez,1595.35
2021,13,ricciardo,1758.68
2021,13,russell,1612.98
2021,13,sainz,1836.86
2021,13,stroll,1480.04
2021,13,tsunoda,1491.66
2021,13,vettel,1559.35
2021,14,alonso,1791.47
2021,14,bottas,1883.58
2021,14,gasly,1633.67
2021,14,giovinazzi,1532.11
2021,14,hamilton,1844.98
2021,14,kubica,1377.02
2021,14,latifi,1572.43
2021,14,leclerc,1843.79
2021,14,max_verstappen,1715.32
2021,14,mazepin,1297.13
2021,14,mick_schumacher,1381.58
2021,14,norris,1819.64
2021,14,ocon,1725.05
2021,14,perez,1711.48
2021,14,ricciardo,1882.11
2021,14,russell,1657.19
2021,14,sainz,1850.39
2021,14,stroll,1604.01
2021,14,tsunoda,1391.19
2021,14,vettel,1572.42
2021,15,alonso,1820.69
2021,15,bottas,1897.13
2021,15,gasly,1604.21
2021,15,giovinazzi,1490.56
2021,15,hamilton,1936.06
2021,15,latifi,1461.23
2021,15,leclerc,1700.58
2021,15,max_verstappen,1833.83
2021,15,mazepin,1286.49
2021,15,mick_schumacher,1312.71
2021,15,norris,1822.71
2021,15,ocon,1643.9
2021,15,perez,1720.39
2021,15,raikkonen,1585.2
2021,15,ricciardo,1912.17
2021,15,russell,1670.06
2021,15,sainz,1906.71
2021,15,stroll,1619.87
2021,15,tsunoda,1375.75
2021,15,vettel,1582.69
2021,16,alonso,1669.73
2021,16,bottas,1976.08
2021,16,gasly,1701.24
2021,16,giovinazzi,1545.34
2021,16,hamilton,1935.52
2021,16,latifi,1423.38
2021,16,leclerc,1794.75
2021,16,max_verstappen,1915.74
2021,16,mazepin,1238.83
2021,16,mick_schumacher,1278.58
2021,16,norris,1825.02
2021,16,ocon,1662.32
2021,16,perez,1824.08
2021,16,raikkonen,1589.94
2021,16,ricciardo,1780.06
2021,16,russell,1593.0
2021,16,sainz,1864.43
2021,16,stroll,1663.96
2021,16,tsunoda,1414.53
2021,16,vettel,1486.42
2021,17,alonso,1535.42
2021,17,bottas,1949.1
2021,17,gasly,1521.21
2021,17,giovinazzi,1580.64
2021,17,hamilton,1988.15
2021,17,latifi,1429.56
2021,17,leclerc,1857.63
2021,17,max_verstappen,1990.38
2021,17,mazepin,1254.33
2021,17,mick_schumacher,1304.8
2021,17,norris,1813.65
2021,17,ocon,1513.82
2021,17,perez,1893.75
2021,17,raikkonen,1575.65
2021,17,ricciardo,1831.51
2021,17,russell,1560.39
2021,17,sainz,1855.85
2021,17,stroll,1639.97
2021,17,tsunoda,1528.01
2021,17,vettel,1559.13
2021,18,alonso,1603.74
2021,18,bottas,1770.52
2021,18,gasly,1675.54
2021,18,giovinazzi,1600.64
2021,18,hamilton,2029.66
2021,18,latifi,1399.43
2021,18,leclerc,1883.8
2021,18,max_verstappen,2048.32
2021,18,mazepin,1249.84
2021,18,mick_schumacher,1269.73
2021,18,norris,1767.58
2021,18,ocon,1524.22
2021,18,perez,1943.95
2021,18,raikkonen,1647.22
2021,18,ricciardo,1745.18
2021,18,russell,1505.55
2021,18,sainz,1866.07
2021,18,stroll,1588.56
2021,18,tsunoda,1409.97
2021,18,vettel,1653.45
2021,19,alonso,1649.52
2021,19,bottas,1857.04
2021,19,gasly,1730.74
2021,19,giovinazzi,1563.36
2021,19,hamilton,2078.82
2021,19,latifi,1391.81
2021,19,leclerc,1903.0
2021,19,max_verstappen,2076.22
2021,19,mazepin,1261.36
2021,19,mick_schumacher,1257.46
2021,19,norris,1739.22
2021,19,ocon,1614.29
2021,19,perez,1962.5
2021,19,raikkonen,1628.12
2021,19,ricciardo,1563.21
2021,19,russell,1518.38
2021,19,sainz,1874.23
2021,19,stroll,1447.01
2021,19,tsunoda,1417.71
2021,19,vettel,1648.95
2021,20,alonso,1775.83
2021,20,bottas,1616.64
2021,20,gasly,1698.6
2021,20,giovinazzi,1520.77
2021,20,hamilton,2120.92
2021,20,latifi,1329.92
2021,20,leclerc,1864.77
2021,20,max_verstappen,2101.3
2021,20,mazepin,1251.51
2021,20,mick_schumacher,1285.99
2021,20,norris,1737.79
2021,20,ocon,1720.7
2021,20,perez,1978.21
2021,20,raikkonen,1579.91
2021,20,ricciardo,1573.22
2021,20,russell,1454.48
2021,20,sainz,1861.26
2021,20,stroll,1591.52
2021,20,tsunoda,1457.34
2021,20,vettel,1662.28
2021,21,alonso,1690.9
2021,21,bottas,1755.23
2021,21,gasly,1759.14
2021,21,giovinazzi,1594.85
2021,21,hamilton,2155.87
2021,21,latifi,1410.53
2021,21,leclerc,1854.47
2021,21,max_verstappen,2121.97
2021,21,mazepin,1245.92
2021,21,mick_schumacher,1234.91
2021,21,norris,1719.19
2021,21,ocon,1807.9
2021,21,perez,1754.42
2021,21,raikkonen,1530.45
2021,21,ricciardo,1693.37
2021,21,russell,1377.67
2021,21,sainz,1835.6
2021,21,stroll,1607.96
2021,21,tsunoda,1466.48
2021,21,vettel,1566.12
2021,22,alonso,1721.02
2021,22,bottas,1796.42
2021,22,gasly,1815.48
2021,22,giovinazzi,1505.91
2021,22,hamilton,2166.29
2021,22,latifi,1399.16
2021,22,leclerc,1796.08
2021,22,max_verstappen,2155.85
2021,22,mazepin,1202.03
2021,22,mick_schumacher,1303.43
2021,22,norris,1756.1
2021,22,ocon,1781.31
2021,22,perez,1642.94
2021,22,raikkonen,1427.4
2021,22,ricciardo,1657.13
2021,22,russell,1339.47
2021,22,sainz,1902.59
2021,22,stroll,1585.35
2021,22,tsunoda,1637.18
2021,22,vettel,1591.83
2022,1,albon,1605.03
2022,1,alonso,1630.39
2022,1,bottas,1700.23
2022,1,gasly,1475.32
2022,1,hamilton,1868.6
2022,1,hulkenberg,1478.38
2022,1,kevin_magnussen,1588.05
2022,1,latifi,1418.17
2022,1,leclerc,1779.55
2022,1,max_verstappen,1589.95
2022,1,mick_schumacher,1472.38
2022,1,norris,1540.81
2022,1,ocon,1680.1
2022,1,perez,1457.03
2022,1,ricciardo,1528.71
2022,1,russell,1598.71
2022,1,sainz,1797.24
2022,1,stroll,1540.05
2022,1,tsunoda,1622.14
2022,1,zhou,1549.62
2022,2,albon,1544.37
2022,2,alonso,1527.21
2022,2,bottas,1583.64
2022,2,gasly,1564.91
2022,2,hamilton,1772.4
2022,2,hulkenberg,1503.04
2022,2,kevin_magnussen,1615.11
2022,2,latifi,1363.88
2022,2,leclerc,1847.3
2022,2,max_verstappen,1741.65
2022,2,mick_schumacher,1363.51
2022,2,norris,1620.42
2022,2,ocon,1719.15
2022,2,perez,1617.59
2022,2,ricciardo,1450.83
2022,2,russell,1685.83
2022,2,sainz,1843.54
2022,2,stroll,1522.89
2022,2,tsunoda,1470.72
2022,2,zhou,1562.44
2022,3,albon,1576.82
2022,3,alonso,1445.56
2022,3,bottas,1633.02
2022,3,gasly,1605.57
2022,3,hamilton,1813.95
2022,3,kevin_magnussen,1550.36
2022,3,latifi,1359.5
2022,3,leclerc,1914.72
2022,3,max_verstappen,1555.21
2022,3,mick_schumacher,1412.56
2022,3,norris,1703.39
2022,3,ocon,1730.39
2022,3,perez,1747.59
2022,3,ricciardo,1584.72
2022,3,russell,1774.2
2022,3,sainz,1583.34
2022,3,stroll,1530.6
2022,3,tsunoda,1446.88
2022,3,vettel,1424.0
2022,3,zhou,1570.94
2022,4,albon,1577.08
2022,4,alonso,1362.02
2022,4,bottas,1709.13
2022,4,gasly,1577.85
2022,4,hamilton,1688.23
2022,4,kevin_magnussen,1594.41
2022,4,latifi,1358.66
2022,4,leclerc,1878.63
2022,4,max_verstappen,1721.8
2022,4,mick_schumacher,1375.86
2022,4,norris,1784.09
2022,4,ocon,1621.33
2022,4,perez,1828.83
2022,4,ricciardo,1465.56
2022,4,russell,1814.49
2022,4,sainz,1429.8
2022,4,stroll,1565.87
2022,4,tsunoda,1565.33
2022,4,vettel,1533.69
2022,4,zhou,1510.66
2022,5,albon,1612.97
2022,5,alonso,1444.28
2022,5,bottas,1726.22
2022,5,gasly,1458.04
2022,5,hamilton,1728.98
2022,5,kevin_magnussen,1501.86
2022,5,latifi,1389.18
2022,5,leclerc,1922.55
2022,5,max_verstappen,1829.28
2022,5,mick_schumacher,1382.31
2022,5,norris,1564.76
2022,5,ocon,1656.12
2022,5,perez,1852.64
2022,5,ricciardo,1476.54
2022,5,russell,1826.83
2022,5,sainz,1613.4
2022,5,stroll,1589.72
2022,5,tsunoda,1554.8
2022,5,vettel,1448.32
2022,5,zhou,1384.52
2022,6,albon,1477.78
2022,6,alonso,1529.49
2022,6,bottas,1754.5
2022,6,gasly,1469.65
2022,6,hamilton,1772.28
2022,6,kevin_magnussen,1426.99
2022,6,latifi,1372.41
2022,6,leclerc,1634.2
2022,6,max_verstappen,1905.64
2022,6,mick_schumacher,1402.83
2022,6,norris,1621.35
2022,6,ocon,1694.12
2022,6,perez,1906.0
2022,6,ricciardo,1498.65
2022,6,russell,1871.34
2022,6,sainz,1714.33
2022,6,stroll,1515.83
2022,6,tsunoda,1581.35
2022,6,vettel,1498.18
2022,6,zhou,1316.4
2022,7,albon,1394.43
2022,7,alonso,1611.73
2022,7,bottas,1722.88
2022,7,gasly,1509.91
2022,7,hamilton,1750.45
2022,7,kevin_magnussen,1325.2
2022,7,latifi,1378.31
2022,7,leclerc,1725.59
2022,7,max_verstappen,1928.4
2022,7,mick_schumacher,1327.27
2022,7,norris,1686.44
2022,7,ocon,1633.49
2022,7,perez,1962.97
2022,7,ricciardo,1495.56
2022,7,russell,1869.26
2022,7,sainz,1809.61
2022,7,stroll,1489.27
2022,7,tsunoda,1476.46
2022,7,vettel,1545.15
2022,7,zhou,1320.94
2022,8,albon,1444.21
2022,8,alonso,1665.28
2022,8,bottas,1669.54
2022,8,gasly,1633.51
2022,8,hamilton,1806.85
2022,8,kevin_magnussen,1306.69
2022,8,latifi,1379.43
2022,8,leclerc,1526.94
2022,8,max_verstappen,1983.6
2022,8,mick_schumacher,1362.74
2022,8,norris,1679.21
2022,8,ocon,1629.36
2022,8,perez,1993.24
2022,8,ricciardo,1574.61
2022,8,russell,1906.19
2022,8,sainz,1563.2
2022,8,stroll,1434.36
2022,8,tsunoda,1480.1
2022,8,vettel,1639.36
2022,8,zhou,1284.89
2022,9,albon,1458.52
2022,9,alonso,1665.1
2022,9,bottas,1702.59
2022,9,gasly,1560.14
2022,9,hamilton,1860.43
2022,9,kevin_magnussen,1295.85
2022,9,latifi,1365.24
2022,9,leclerc,1644.43
2022,9,max_verstappen,2027.96
2022,9,mick_schumacher,1298.65
2022,9,norris,1571.92
2022,9,ocon,1693.2
2022,9,perez,1685.79
2022,9,ricciardo,1574.17
2022,9,russell,1915.49
2022,9,sainz,1713.34
2022,9,stroll,1502.34
2022,9,tsunoda,1394.73
2022,9,vettel,1597.92
2022,9,zhou,1435.52
2022,10,albon,1350.33
2022,10,alonso,1732.12
2022,10,bottas,1550.52
2022,10,gasly,1480.34
2022,10,hamilton,1897.0
2022,10,kevin_magnussen,1411.78
2022,10,latifi,1423.73
2022,10,leclerc,1735.13
2022,10,max_verstappen,1952.18
2022,10,mick_schumacher,1448.6
2022,10,norris,1656.9
2022,10,ocon,1578.16
2022,10,perez,1793.19
2022,10,ricciardo,1539.68
2022,10,russell,1669.16
2022,10,sainz,1827.83
2022,10,stroll,1529.98
2022,10,tsunoda,1408.56
2022,10,vettel,1624.72
2022,10,zhou,1353.42
2022,11,albon,1416.89
2022,11,alonso,1689.56
2022,11,bottas,1561.62
2022,11,gasly,1447.88
2022,11,hamilton,1922.96
2022,11,kevin_magnussen,1523.84
2022,11,latifi,1344.05
2022,11,leclerc,1840.61
2022,11,max_verstappen,1981.36
2022,11,mick_schumacher,1580.08
2022,11,norris,1693.32
2022,11,ocon,1677.75
2022,11,perez,1553.3
2022,11,ricciardo,1586.87
2022,11,russell,1751.42
2022,11,sainz,1609.01
2022,11,stroll,1514.05
2022,11,tsunoda,1384.21
2022,11,vettel,1501.11
2022,11,zhou,1383.42
2022,12,albon,1442.1
2022,12,alonso,1728.73
2022,12,bottas,1515.66
2022,12,gasly,1479.67
2022,12,hamilton,1958.79
2022,12,kevin_magnussen,1422.3
2022,12,latifi,1322.94
2022,12,leclerc,1599.32
2022,12,max_verstappen,2021.66
2022,12,mick_schumacher,1510.22
2022,12,norris,1715.16
2022,12,ocon,1689.36
2022,12,perez,1674.8
2022,12,ricciardo,1616.89
2022,12,russell,1819.2
2022,12,sainz,1693.64
2022,12,stroll,1555.38
2022,12,tsunoda,1298.79
2022,12,vettel,1530.41
2022,12,zhou,1368.3
2022,13,albon,1387.12
2022,13,alonso,1722.5
2022,13,bottas,1379.61
2022,13,gasly,1498.31
2022,13,hamilton,1988.41
2022,13,kevin_magnussen,1391.93
2022,13,latifi,1287.58
2022,13,leclerc,1671.07
2022,13,max_verstappen,2056.37
2022,13,mick_schumacher,1482.62
2022,13,norris,1729.72
2022,13,ocon,1681.04
2022,13,perez,1736.21
2022,13,ricciardo,1532.46
2022,13,russell,1867.35
2022,13,sainz,1764.85
2022,13,stroll,1563.26
2022,13,tsunoda,1251.29
2022,13,vettel,1564.25
2022,13,zhou,1407.38
2022,14,albon,1469.2
2022,14,alonso,1772.28
2022,14,bottas,1305.71
2022,14,gasly,1559.96
2022,14,hamilton,1683.09
2022,14,kevin_magnussen,1368.69
2022,14,latifi,1259.33
2022,14,leclerc,1721.7
2022,14,max_verstappen,2089.09
2022,14,mick_schumacher,1410.89
2022,14,norris,1656.62
2022,14,ocon,1711.78
2022,14,perez,1830.09
2022,14,ricciardo,1478.22
2022,14,russell,1889.38
2022,14,sainz,1833.39
2022,14,stroll,1567.01
2022,14,tsunoda,1323.22
2022,14,vettel,1619.54
2022,14,zhou,1414.14
2022,15,albon,1489.58
2022,15,alonso,1787.97
2022,15,bottas,1252.24
2022,15,gasly,1566.15
2022,15,hamilton,1759.78
2022,15,kevin_magnussen,1369.76
2022,15,latifi,1237.03
2022,15,leclerc,1802.67
2022,15,max_verstappen,2115.8
2022,15,mick_schumacher,1433.0
2022,15,norris,1694.12
2022,15,ocon,1698.41
2022,15,perez,1844.53
2022,15,ricciardo,1407.97
2022,15,russell,1939.15
2022,15,sainz,1796.23
2022,15,stroll,1587.61
2022,15,tsunoda,1246.14
2022,15,vettel,1552.25
2022,15,zhou,1382.89
2022,16,alonso,1567.91
2022,16,bottas,1320.43
2022,16,de_vries,1560.14
2022,16,gasly,1621.0
2022,16,hamilton,1799.96
2022,16,kevin_magnussen,1347.62
2022,16,latifi,1271.48
2022,16,leclerc,1879.34
2022,16,max_verstappen,2141.46
2022,16,mick_schumacher,1464.5
2022,16,norris,1722.8
2022,16,ocon,1655.58
2022,16,perez,1842.44
2022,16,ricciardo,1355.67
2022,16,russell,1963.22
2022,16,sainz,1842.03
2022,16,stroll,1456.14
2022,16,tsunoda,1297.13
2022,16,vettel,1400.82
2022,16,zhou,1464.05
2022,17,albon,1413.62
2022,17,alonso,1446.77
2022,17,bottas,1402.53
2022,17,gasly,1618.57
2022,17,hamilton,1755.6
2022,17,kevin_magnussen,1403.11
2022,17,latifi,1228.87
2022,17,leclerc,1935.54
2022,17,max_verstappen,2050.97
2022,17,mick_schumacher,1463.35
2022,17,norris,1788.46
2022,17,ocon,1537.02
2022,17,perez,1925.05
2022,17,ricciardo,1523.01
2022,17,russell,1780.06
2022,17,sainz,1890.72
2022,17,stroll,1573.02
2022,17,tsunoda,1317.73
2022,17,vettel,1505.42
2022,17,zhou,1343.76
2022,18,albon,1312.35
2022,18,alonso,1554.22
2022,18,bottas,1390.2
2022,18,gasly,1475.6
2022,18,hamilton,1793.89
2022,18,kevin_magnussen,1408.39
2022,18,latifi,1373.37
2022,18,leclerc,1959.66
2022,18,max_verstappen,2086.31
2022,18,mick_schumacher,1394.12
2022,18,norris,1728.36
2022,18,ocon,1662.44
2022,18,perez,1968.84
2022,18,ricciardo,1538.34
2022,18,russell,1758.15
2022,18,sainz,1634.71
2022,18,stroll,1553.59
2022,18,tsunoda,1368.65
2022,18,vettel,1609.57
2022,18,zhou,1332.45
2022,19,albon,1363.34
2022,19,alonso,1624.45
2022,19,bottas,1310.74
2022,19,gasly,1453.76
2022,19,hamilton,1867.61
2022,19,kevin_magnussen,1496.88
2022,19,latifi,1334.55
2022,19,leclerc,1975.97
2022,19,max_verstappen,2115.26
2022,19,mick_schumacher,1383.25
2022,19,norris,1756.7
2022,19,ocon,1626.33
2022,19,perez,1965.81
2022,19,ricciardo,1458.92
2022,19,russell,1793.8
2022,19,sainz,1449.61
2022,19,stroll,1433.62
2022,19,tsunoda,1453.2
2022,19,vettel,1644.05
2022,19,zhou,1395.34
2022,20,albon,1413.78
2022,20,alonso,1459.93
2022,20,bottas,1413.37
2022,20,gasly,1490.39
2022,20,hamilton,1924.71
2022,20,kevin_magnussen,1414.43
2022,20,latifi,1289.58
2022,20,leclerc,1936.86
2022,20,max_verstappen,2142.08
2022,20,mick_schumacher,1358.1
2022,20,norris,1724.08
2022,20,ocon,1652.53
2022,20,perez,1983.31
2022,20,ricciardo,1559.17
2022,20,russell,1836.22
2022,20,sainz,1583.72
2022,20,stroll,1408.92
2022,20,tsunoda,1334.35
2022,20,vettel,1560.38
2022,20,zhou,1417.26
2022,21,albon,1395.76
2022,21,alonso,1589.36
2022,21,bottas,1498.86
2022,21,gasly,1462.84
2022,21,hamilton,1969.68
2022,21,kevin_magnussen,1326.01
2022,21,latifi,1293.07
2022,21,leclerc,1943.09
2022,21,max_verstappen,2071.64
2022,21,mick_schumacher,1393.55
2022,21,norris,1541.4
2022,21,ocon,1672.58
2022,21,perez,1926.07
2022,21,ricciardo,1401.92
2022,21,russell,1918.92
2022,21,sainz,1703.38
2022,21,stroll,1478.65
2022,21,tsunoda,1305.79
2022,21,vettel,1560.14
2022,21,zhou,1450.46
2022,22,albon,1417.39
2022,22,alonso,1421.68
2022,22,bottas,1449.98
2022,22,gasly,1443.88
2022,22,hamilton,1708.78
2022,22,kevin_magnussen,1299.87
2022,22,latifi,1242.88
2022,22,leclerc,1985.0
2022,22,max_verstappen,2106.13
2022,22,mick_schumacher,1363.9
2022,22,norris,1631.57
2022,22,ocon,1702.91
2022,22,perez,1954.37
2022,22,ricciardo,1490.5
2022,22,russell,1913.52
2022,22,sainz,1773.66
2022,22,stroll,1557.93
2022,22,tsunoda,1391.75
2022,22,vettel,1576.8
2022,22,zhou,1470.69
2023,1,albon,1495.13
2023,1,alonso,1609.03
2023,1,bottas,1550.59
2023,1,de_vries,1514.75
2023,1,gasly,1529.5
2023,1,hamilton,1764.51
2023,1,hulkenberg,1462.2
2023,1,kevin_magnussen,1363.27
2023,1,leclerc,1704.88
2023,1,max_verstappen,2135.31
2023,1,norris,1507.5
2023,1,ocon,1535.25
2023,1,perez,1994.52
2023,1,piastri,1379.03
2023,1,russell,1873.81
2023,1,sainz,1825.56
2023,1,sargeant,1512.55
2023,1,stroll,1649.69
2023,1,tsunoda,1460.81
2023,1,zhou,1424.42
2023,2,albon,1388.72
2023,2,alonso,1726.38
2023,2,bottas,1440.56
2023,2,de_vries,1487.64
2023,2,gasly,1583.47
2023,2,hamilton,1799.73
2023,2,hulkenberg,1489.29
2023,2,kevin_magnussen,1460.14
2023,2,leclerc,1727.9
2023,2,max_verstappen,2139.53
2023,2,norris,1430.85
2023,2,ocon,1603.6
2023,2,perez,2039.76
2023,2,piastri,1382.93
2023,2,russell,1894.22
2023,2,sainz,1825.91
2023,2,sargeant,1451.19
2023,2,stroll,1467.15
2023,2,tsunoda,1505.63
2023,2,zhou,1447.71
2023,3,albon,1322.7
2023,3,alonso,1808.52
2023,3,bottas,1490.27
2023,3,de_vries,1455.25
2023,3,gasly,1547.88
2023,3,hamilton,1876.88
2023,3,hulkenberg,1589.56
2023,3,kevin_magnussen,1402.58
2023,3,leclerc,1517.72
2023,3,max_verstappen,2163.87
2023,3,norris,1569.56
2023,3,ocon,1543.79
2023,3,perez,2006.13
2023,3,piastri,1504.82
2023,3,russell,1659.09
2023,3,sainz,1719.2
2023,3,sargeant,1414.63
2023,3,stroll,1622.78
2023,3,tsunoda,1548.23
2023,3,zhou,1528.84
2023,4,albon,1398.18
2023,4,alonso,1845.4
2023,4,bottas,1404.08
2023,4,de_vries,1346.58
2023,4,gasly,1508.52
2023,4,hamilton,1861.16
2023,4,hulkenberg,1482.77
2023,4,kevin_magnussen,1433.66
2023,4,leclerc,1666.5
2023,4,max_verstappen,2164.63
2023,4,norris,1608.01
2023,4,ocon,1489.19
2023,4,perez,2049.0
2023,4,piastri,1534.52
2023,4,russell,1680.48
2023,4,sainz,1767.18
2023,4,sargeant,1389.79
2023,4,stroll,1673.43
2023,4,tsunoda,1578.28
2023,4,zhou,1410.92
2023,5,albon,1411.09
2023,5,alonso,1892.7
2023,5,bottas,1432.84
2023,5,de_vries,1305.59
2023,5,gasly,1584.03
2023,5,hamilton,1852.91
2023,5,hulkenberg,1448.71
2023,5,kevin_magnussen,1501.79
2023,5,leclerc,1702.75
2023,5,max_verstappen,2185.9
2023,5,norris,1492.95
2023,5,ocon,1554.79
2023,5,perez,2069.3
2023,5,piastri,1411.7
2023,5,russell,1759.36
2023,5,sainz,1802.69
2023,5,sargeant,1299.45
2023,5,stroll,1621.84
2023,5,tsunoda,1577.62
2023,5,zhou,1384.29
2023,6,albon,1416.72
2023,6,alonso,1948.93
2023,6,bottas,1484.86
2023,6,de_vries,1380.91
2023,6,gasly,1649.64
2023,6,hamilton,1883.91
2023,6,hulkenberg,1393.2
2023,6,kevin_magnussen,1391.42
2023,6,leclerc,1744.91
2023,6,max_verstappen,2206.82
2023,6,norris,1558.78
2023,6,ocon,1692.92
2023,6,perez,1825.17
2023,6,piastri,1488.41
2023,6,russell,1800.3
2023,6,sainz,1779.33
2023,6,sargeant,1271.99
2023,6,stroll,1450.37
2023,6,tsunoda,1507.02
2023,6,zhou,1416.67
2023,7,albon,1387.16
2023,7,alonso,1901.22
2023,7,bottas,1379.47
2023,7,de_vries,1398.87
2023,7,gasly,1642.09
2023,7,hamilton,1940.55
2023,7,hulkenberg,1389.22
2023,7,kevin_magnussen,1335.03
2023,7,leclerc,1688.35
2023,7,max_verstappen,2223.67
2023,7,norris,1462.46
2023,7,ocon,1705.11
2023,7,perez,1863.24
2023,7,piastri,1487.92
2023,7,russell,1862.13
2023,7,sainz,1813.99
2023,7,sargeant,1213.29
2023,7,stroll,1575.35
2023,7,tsunoda,1517.16
2023,7,zhou,1506.01
2023,8,albon,1518.97
2023,8,alonso,1956.22
2023,8,bottas,1464.16
2023,8,de_vries,1337.73
2023,8,gasly,1603.06
2023,8,hamilton,1969.03
2023,8,hulkenberg,1385.07
2023,8,kevin_magnussen,1311.78
2023,8,leclerc,1769.58
2023,8,max_verstappen,2240.17
2023,8,norris,1469.01
2023,8,ocon,1714.41
2023,8,perez,1859.37
2023,8,piastri,1519.25
2023,8,russell,1621.68
2023,8,sainz,1840.88
2023,8,sargeant,1167.69
2023,8,stroll,1611.59
2023,8,tsunoda,1487.57
2023,8,zhou,1445.06
2023,9,albon,1541.48
2023,9,alonso,1944.68
2023,9,bottas,1435.58
2023,9,de_vries,1313.59
2023,9,gasly,1613.64
2023,9,hamilton,1901.32
2023,9,hulkenberg,1292.04
2023,9,kevin_magnussen,1276.35
2023,9,leclerc,1858.42
2023,9,max_verstappen,2255.85
2023,9,norris,1617.72
2023,9,ocon,1615.59
2023,9,perez,1907.37
2023,9,piastri,1454.49
2023,9,russell,1674.0
2023,9,sainz,1842.08
2023,9,sargeant,1257.71
2023,9,stroll,1635.98
2023,9,tsunoda,1379.27
2023,9,zhou,1475.13
2023,10,albon,1605.52
2023,10,alonso,1901.4
2023,10,bottas,1468.77
2023,10,de_vries,1295.39
2023,10,gasly,1479.28
2023,10,hamilton,1939.89
2023,10,hulkenberg,1350.84
2023,10,kevin_magnussen,1232.37
2023,10,leclerc,1803.55
2023,10,max_verstappen,2270.44
2023,10,norris,1752.84
2023,10,ocon,1444.74
2023,10,perez,1890.61
2023,10,piastri,1609.15
2023,10,russell,1741.65
2023,10,sainz,1775.47
2023,10,sargeant,1362.14
2023,10,stroll,1565.31
2023,10,tsunoda,1360.09
2023,10,zhou,1442.86
2023,11,albon,1602.15
2023,11,alonso,1836.16
2023,11,bottas,1494.59
2023,11,gasly,1357.64
2023,11,hamilton,1952.09
2023,11,hulkenberg,1378.86
2023,11,kevin_magnussen,1237.38
2023,11,leclerc,1800.92
2023,11,max_verstappen,2283.54
2023,11,norris,1848.53
2023,11,ocon,1352.25
2023,11,perez,1932.04
2023,11,piastri,1700.78
2023,11,ricciardo,1491.75
2023,11,russell,1774.71
2023,11,sainz,1764.92
2023,11,sargeant,1313.48
2023,11,stroll,1592.46
2023,11,tsunoda,1367.12
2023,11,zhou,1406.01
2023,12,albon,1543.91
2023,12,alonso,1861.79
2023,12,bottas,1507.97
2023,12,gasly,1433.01
2023,12,hamilton,1964.24
2023,12,hulkenberg,1323.2
2023,12,kevin_magnussen,1276.69
2023,12,leclerc,1869.55
2023,12,max_verstappen,2296.61
2023,12,norris,1836.6
2023,12,ocon,1481.35
2023,12,perez,1983.87
2023,12,piastri,1501.37
2023,12,ricciardo,1435.53
2023,12,russell,1801.49
2023,12,sainz,1559.49
2023,12,sargeant,1295.78
2023,12,stroll,1626.34
2023,12,tsunoda,1457.46
2023,12,zhou,1431.11
2023,13,albon,1611.21
2023,13,alonso,1930.83
2023,13,bottas,1484.37
2023,13,gasly,1614.33
2023,13,hamilton,1936.94
2023,13,hulkenberg,1395.17
2023,13,kevin_magnussen,1290.31
2023,13,lawson,1496.44
2023,13,leclerc,1631.21
2023,13,max_verstappen,2309.51
2023,13,norris,1825.95
2023,13,ocon,1536.07
2023,13,perez,1988.09
2023,13,piastri,1566.36
2023,13,russell,1620.67
2023,13,sainz,1667.69
2023,13,sargeant,1234.83
2023,13,stroll,1613.56
2023,13,tsunoda,1433.92
2023,13,zhou,1364.42
2023,14,albon,1669.68
2023,14,alonso,1856.74
2023,14,bottas,1540.09
2023,14,gasly,1536.2
2023,14,hamilton,1913.7
2023,14,hulkenberg,1358.26
2023,14,kevin_magnussen,1265.01
2023,14,lawson,1530.79
2023,14,leclerc,1730.84
2023,14,max_verstappen,2320.81
2023,14,norris,1798.28
2023,14,ocon,1415.37
2023,14,perez,2025.83
2023,14,piastri,1559.26
2023,14,russell,1707.18
2023,14,sainz,1772.27
2023,14,sargeant,1313.69
2023,14,stroll,1518.96
2023,14,tsunoda,1330.29
2023,14,zhou,1388.61
2023,15,albon,1643.09
2023,15,alonso,1695.4
2023,15,bottas,1455.56
2023,15,gasly,1638.56
2023,15,hamilton,1950.63
2023,15,hulkenberg,1400.87
2023,15,kevin_magnussen,1387.18
2023,15,lawson,1586.94
2023,15,leclerc,1801.38
2023,15,max_verstappen,2253.99
2023,15,norris,1882.09
2023,15,ocon,1355.09
2023,15,perez,1948.03
2023,15,piastri,1637.06
2023,15,russell,1580.11
2023,15,sainz,1880.15
2023,15,sargeant,1351.25
2023,15,stroll,1387.69
2023,15,tsunoda,1277.03
2023,15,zhou,1439.77
2023,16,albon,1536.7
2023,16,alonso,1713.07
2023,16,bottas,1346.54
2023,16,gasly,1640.44
2023,16,hamilton,1944.17
2023,16,hulkenberg,1413.45
2023,16,kevin_magnussen,1386.13
2023,16,lawson,1589.91
2023,16,leclerc,1851.83
2023,16,max_verstappen,2269.29
2023,16,norris,1945.52
2023,16,ocon,1468.68
2023,16,perez,1683.98
2023,16,piastri,1753.93
2023,16,russell,1652.99
2023,16,sainz,1875.24
2023,16,sargeant,1326.5
2023,16,stroll,1333.45
2023,16,tsunoda,1362.66
2023,16,zhou,1457.4
2023,17,albon,1522.62
2023,17,alonso,1758.86
2023,17,bottas,1482.05
2023,17,gasly,1605.75
2023,17,hamilton,1679.43
2023,17,hulkenberg,1388.24
2023,17,kevin_magnussen,1406.25
2023,17,lawson,1484.95
2023,17,leclerc,1871.12
2023,17,max_verstappen,2282.96
2023,17,norris,1975.12
2023,17,ocon,1581.4
2023,17,perez,1668.88
2023,17,piastri,1851.96
2023,17,russell,1750.79
2023,17,sainz,1616.42
2023,17,sargeant,1292.75
2023,17,stroll,1421.69
2023,17,tsunoda,1371.94
2023,17,zhou,1538.7
2023,18,albon,1581.71
2023,18,alonso,1605.44
2023,18,bottas,1502.85
2023,18,gasly,1685.95
2023,18,hamilton,1507.56
2023,18,hulkenberg,1460.27
2023,18,kevin_magnussen,1419.66
2023,18,leclerc,1611.41
2023,18,max_verstappen,2294.38
2023,18,norris,2012.01
2023,18,ocon,1464.54
2023,18,perez,1758.33
2023,18,piastri,1649.74
2023,18,ricciardo,1420.72
2023,18,russell,1796.36
2023,18,sainz,1740.52
2023,18,sargeant,1414.05
2023,18,stroll,1552.93
2023,18,tsunoda,1502.92
2023,18,zhou,1521.11
2023,19,albon,1618.0
2023,19,alonso,1479.1
2023,19,bottas,1468.47
2023,19,gasly,1648.66
2023,19,hamilton,1679.4
2023,19,hulkenberg,1476.37
2023,19,kevin_magnussen,1345.37
2023,19,leclerc,1729.02
2023,19,max_verstappen,2304.18
2023,19,norris,1982.48
2023,19,ocon,1529.08
2023,19,perez,1536.98
2023,19,piastri,1676.1
2023,19,ricciardo,1550.56
2023,19,russell,1805.21
2023,19,sainz,1797.97
2023,19,sargeant,1394.18
2023,19,stroll,1464.11
2023,19,tsunoda,1520.28
2023,19,zhou,1496.93
2023,20,albon,1469.65
2023,20,alonso,1649.87
2023,20,bottas,1431.32
2023,20,gasly,1691.11
2023,20,hamilton,1694.46
2023,20,hulkenberg,1501.52
2023,20,kevin_magnussen,1313.08
2023,20,leclerc,1519.97
2023,20,max_verstappen,2313.35
2023,20,norris,2014.16
2023,20,ocon,1568.88
2023,20,perez,1669.36
2023,20,piastri,1589.85
2023,20,ricciardo,1530.07
2023,20,russell,1654.63
2023,20,sainz,1804.82
2023,20,sargeant,1466.94
2023,20,stroll,1607.61
2023,20,tsunoda,1580.26
2023,20,zhou,1431.53
2023,21,albon,1502.02
2023,21,alonso,1661.64
2023,21,bottas,1387.97
2023,21,gasly,1654.34
2023,21,hamilton,1721.52
2023,21,hulkenberg,1398.06
2023,21,kevin_magnussen,1379.47
2023,21,leclerc,1690.96
2023,21,max_verstappen,2322.1
2023,21,norris,1706.98
2023,21,ocon,1689.85
2023,21,perez,1769.61
2023,21,piastri,1608.73
2023,21,ricciardo,1503.86
2023,21,russell,1680.62
2023,21,sainz,1809.96
2023,21,sargeant,1428.97
2023,21,stroll,1697.83
2023,21,tsunoda,1463.92
2023,21,zhou,1424.03
2023,22,albon,1487.81
2023,22,alonso,1701.9
2023,22,bottas,1324.54
2023,22,gasly,1598.71
2023,22,hamilton,1705.91
2023,22,hulkenberg,1402.05
2023,22,kevin_magnussen,1299.93
2023,22,leclerc,1800.67
2023,22,max_verstappen,2329.17
2023,22,norris,1763.36
2023,22,ocon,1636.64
2023,22,perez,1820.52
2023,22,piastri,1685.01
2023,22,ricciardo,1538.28
2023,22,russell,1777.87
2023,22,sainz,1606.08
2023,22,sargeant,1404.59
2023,22,stroll,1675.08
2023,22,tsunoda,1561.15
2023,22,zhou,1383.18
2024,1,albon,1457.7
2024,1,alonso,1696.85
2024,1,bottas,1276.23
2024,1,gasly,1476.09
2024,1,hamilton,1731.9
2024,1,hulkenberg,1383.09
2024,1,kevin_magnussen,1382.13
2024,1,leclerc,1843.34
2024,1,max_verstappen,2336.46
2024,1,norris,1785.68
2024,1,ocon,1516.32
2024,1,perez,1890.98
2024,1,piastri,1702.27
2024,1,ricciardo,1524.26
2024,1,russell,1811.54
2024,1,sainz,1729.75
2024,1,sargeant,1313.94
2024,1,stroll,1663.63
2024,1,tsunoda,1521.72
2024,1,zhou,1458.55
2024,2,albon,1500.73
2024,2,alonso,1754.32
2024,2,bearman,1593.14
2024,2,bottas,1270.79
2024,2,gasly,1355.26
2024,2,hamilton,1712.22
2024,2,hulkenberg,1469.02
2024,2,kevin_magnussen,1433.3
2024,2,leclerc,1890.49
2024,2,max_verstappen,2343.95
2024,2,norris,1764.54
2024,2,ocon,1503.55
2024,2,perez,1942.93
2024,2,piastri,1774.43
2024,2,ricciardo,1456.14
2024,2,russell,1816.7
2024,2,sargeant,1351.31
2024,2,stroll,1490.49
2024,2,tsunoda,1471.6
2024,2,zhou,1377.78
2024,3,albon,1527.22
2024,3,alonso,1747.64
2024,3,bottas,1312.05
2024,3,gasly,1392.41
2024,3,hamilton,1540.54
2024,3,hulkenberg,1541.36
2024,3,kevin_magnussen,1499.67
2024,3,leclerc,1948.33
2024,3,max_verstappen,1999.05
2024,3,norris,1839.9
2024,3,ocon,1438.18
2024,3,perez,1935.48
2024,3,piastri,1830.08
2024,3,ricciardo,1479.93
2024,3,russell,1625.1
2024,3,sainz,1848.17
2024,3,stroll,1606.05
2024,3,tsunoda,1576.07
2024,3,zhou,1370.76
2024,4,albon,1391.82
2024,4,alonso,1778.8
2024,4,bottas,1354.7
2024,4,gasly,1374.6
2024,4,hamilton,1593.11
2024,4,hulkenberg,1560.2
2024,4,kevin_magnussen,1499.69
2024,4,leclerc,1954.76
2024,4,max_verstappen,2045.92
2024,4,norris,1859.24
2024,4,ocon,1423.38
2024,4,perez,1979.5
2024,4,piastri,1801.24
2024,4,ricciardo,1378.57
2024,4,russell,1680.3
2024,4,sainz,1898.04
2024,4,sargeant,1327.83
2024,4,stroll,1585.18
2024,4,tsunoda,1599.48
2024,4,zhou,1322.95
2024,5,albon,1440.98
2024,5,alonso,1785.48
2024,5,bottas,1273.19
2024,5,gasly,1411.33
2024,5,hamilton,1627.12
2024,5,hulkenberg,1588.44
2024,5,kevin_magnussen,1442.9
2024,5,leclerc,1963.49
2024,5,max_verstappen,2087.24
2024,5,norris,1926.14
2024,5,ocon,1480.04
2024,5,perez,1999.49
2024,5,piastri,1784.3
2024,5,ricciardo,1325.19
2024,5,russell,1734.41
2024,5,sainz,1904.47
2024,5,sargeant,1308.0
2024,5,stroll,1515.86
2024,5,tsunoda,1454.06
2024,5,zhou,1357.18
2024,6,albon,1366.58
2024,6,alonso,1756.18
2024,6,bottas,1284.12
2024,6,gasly,1451.74
2024,6,hamilton,1698.17
2024,6,hulkenberg,1587.83
2024,6,kevin_magnussen,1350.08
2024,6,leclerc,1990.53
2024,6,max_verstappen,2105.76
2024,6,norris,1996.01
2024,6,ocon,1532.13
2024,6,perez,2000.82
2024,6,piastri,1684.28
2024,6,ricciardo,1340.34
2024,6,russell,1737.57
2024,6,sainz,1912.12
2024,6,sargeant,1237.32
2024,6,stroll,1434.1
2024,6,tsunoda,1562.46
2024,6,zhou,1381.16
2024,7,albon,1277.96
2024,7,alonso,1554.72
2024,7,bottas,1253.35
2024,7,gasly,1408.0
2024,7,hamilton,1747.45
2024,7,hulkenberg,1588.23
2024,7,kevin_magnussen,1408.82
2024,7,leclerc,2013.58
2024,7,max_verstappen,2141.41
2024,7,norris,2035.36
2024,7,ocon,1497.37
2024,7,perez,1931.24
2024,7,piastri,1770.5
2024,7,ricciardo,1383.9
2024,7,russell,1758.09
2024,7,sainz,1918.4
2024,7,sargeant,1237.5
2024,7,stroll,1517.87
2024,7,tsunoda,1588.11
2024,7,zhou,1377.44
2024,8,albon,1409.45
2024,8,alonso,1564.54
2024,8,bottas,1321.09
2024,8,gasly,1482.36
2024,8,hamilton,1767.72
2024,8,hulkenberg,1446.35
2024,8,kevin_magnussen,1309.25
2024,8,leclerc,2068.18
2024,8,max_verstappen,2079.8
2024,8,norris,2031.26
2024,8,ocon,1418.33
2024,8,perez,1692.7
2024,8,piastri,1865.82
2024,8,ricciardo,1431.56
2024,8,russell,1807.42
2024,8,sainz,1958.61
2024,8,sargeant,1273.35
2024,8,stroll,1486.12
2024,8,tsunoda,1640.54
2024,8,zhou,1354.83
2024,9,albon,1364.58
2024,9,alonso,1658.25
2024,9,bottas,1371.13
2024,9,gasly,1551.48
2024,9,hamilton,1831.56
2024,9,hulkenberg,1492.64
2024,9,kevin_magnussen,1381.16
2024,9,leclerc,1772.98
2024,9,max_verstappen,2120.85
2024,9,norris,2064.07
2024,9,ocon,1491.36
2024,9,perez,1532.24
2024,9,piastri,1885.15
2024,9,ricciardo,1534.78
2024,9,russell,1877.28
2024,9,sainz,1747.18
2024,9,sargeant,1217.38
2024,9,stroll,1588.6
2024,9,tsunoda,1566.58
2024,9,zhou,1360.03
2024,10,albon,1316.29
2024,10,alonso,1616.55
2024,10,bottas,1357.52
2024,10,gasly,1598.12
2024,10,hamilton,1888.19
2024,10,hulkenberg,1525.13
2024,10,kevin_magnussen,1346.21
2024,10,leclerc,1813.03
2024,10,max_verstappen,2150.14
2024,10,norris,2084.9
2024,10,ocon,1541.45
2024,10,perez,1602.29
2024,10,piastri,1858.9
2024,10,ricciardo,1484.68
2024,10,russell,1904.8
2024,10,sainz,1778.42
2024,10,sargeant,1170.92
2024,10,stroll,1536.49
2024,10,tsunoda,1433.35
2024,10,zhou,1401.91
2024,11,albon,1336.4
2024,11,alonso,1483.86
2024,11,bottas,1347.21
2024,11,gasly,1612.02
2024,11,hamilton,1916.09
2024,11,hulkenberg,1632.56
2024,11,kevin_magnussen,1477.09
2024,11,leclerc,1738.97
2024,11,max_verstappen,2103.23
2024,11,norris,1764.7
2024,11,ocon,1542.43
2024,11,perez,1667.4
2024,11,piastri,1929.13
2024,11,ricciardo,1553.78
2024,11,russell,1980.8
2024,11,sainz,1853.57
2024,11,sargeant,1152.12
2024,11,stroll,1522.04
2024,11,tsunoda,1436.12
2024,11,zhou,1359.79
2024,12,albon,1457.65
2024,12,alonso,1574.39
2024,12,bottas,1359.69
2024,12,gasly,1449.68
2024,12,hamilton,1986.05
2024,12,hulkenberg,1705.88
2024,12,kevin_magnussen,1497.75
2024,12,leclerc,1632.85
2024,12,max_verstappen,2116.79
2024,12,norris,1843.27
2024,12,ocon,1471.81
2024,12,perez,1534.36
2024,12,piastri,1944.76
2024,12,ricciardo,1530.34
2024,12,russell,1705.45
2024,12,sainz,1873.09
2024,12,sargeant,1285.62
2024,12,stroll,1616.53
2024,12,tsunoda,1507.32
2024,12,zhou,1316.02
2024,13,albon,1454.17
2024,13,alonso,1580.0
2024,13,bottas,1352.28
2024,13,gasly,1340.32
2024,13,hamilton,2002.35
2024,13,hulkenberg,1631.0
2024,13,kevin_magnussen,1463.03
2024,13,leclerc,1730.71
2024,13,max_verstappen,2070.98
2024,13,norris,1911.1
2024,13,ocon,1391.51
2024,13,perez,1619.82
2024,13,piastri,2005.32
2024,13,ricciardo,1534.67
2024,13,russell,1716.17
2024,13,sainz,1866.3
2024,13,sargeant,1280.39
2024,13,stroll,1623.92
2024,13,tsunoda,1569.55
2024,13,zhou,1265.72
2024,14,albon,1483.89
2024,14,alonso,1635.29
2024,14,bottas,1360.86
2024,14,gasly,1388.42
2024,14,hamilton,2053.52
2024,14,hulkenberg,1491.87
2024,14,kevin_magnussen,1454.0
2024,14,leclerc,1816.76
2024,14,max_verstappen,2054.55
2024,14,norris,1914.34
2024,14,ocon,1492.41
2024,14,perez,1678.48
2024,14,piastri,2038.33
2024,14,ricciardo,1570.62
2024,14,russell,1510.7
2024,14,sainz,1864.82
2024,14,sargeant,1273.6
2024,14,stroll,1612.26
2024,14,tsunoda,1488.05
2024,14,zhou,1226.54
2024,15,albon,1467.9
2024,15,alonso,1635.79
2024,15,bottas,1294.8
2024,15,gasly,1487.14
2024,15,hamilton,1968.97
2024,15,hulkenberg,1523.55
2024,15,kevin_magnussen,1376.91
2024,15,leclerc,1879.31
2024,15,max_verstappen,2079.38
2024,15,norris,1986.55
2024,15,ocon,1456.2
2024,15,perez,1731.99
2024,15,piastri,2030.36
2024,15,ricciardo,1558.73
2024,15,russell,1601.23
2024,15,sainz,1881.31
2024,15,sargeant,1286.04
2024,15,stroll,1569.35
2024,15,tsunoda,1417.21
2024,15,zhou,1176.59
2024,16,albon,1545.52
2024,16,alonso,1622.85
2024,16,bottas,1303.49
2024,16,colapinto,1515.67
2024,16,gasly,1455.27
2024,16,hamilton,1962.09
2024,16,hulkenberg,1443.38
2024,16,kevin_magnussen,1465.94
2024,16,leclerc,1963.19
2024,16,max_verstappen,2029.65
2024,16,norris,2010.6
2024,16,ocon,1452.09
2024,16,perez,1740.87
2024,16,piastri,2062.3
2024,16,ricciardo,1537.52
2024,16,russell,1668.09
2024,16,sainz,1913.95
2024,16,stroll,1436.99
2024,16,tsunoda,1317.89
2024,16,zhou,1175.92
2024,17,albon,1633.4
2024,17,alonso,1702.9
2024,17,bearman,1616.28
2024,17,bottas,1309.63
2024,17,colapinto,1596.07
2024,17,gasly,1488.72
2024,17,hamilton,1887.51
2024,17,hulkenberg,1498.28
2024,17,leclerc,2013.89
2024,17,max_verstappen,2011.51
2024,17,norris,2014.24
2024,17,ocon,1432.56
2024,17,perez,1587.4
2024,17,piastri,2108.84
2024,17,ricciardo,1526.52
2024,17,russell,1781.13
2024,17,sainz,1686.65
2024,17,stroll,1354.46
2024,17,tsunoda,1250.89
2024,17,zhou,1249.61
2024,18,albon,1459.03
2024,18,alonso,1720.34
2024,18,bottas,1310.89
2024,18,colapinto,1596.81
2024,18,gasly,1416.4
2024,18,hamilton,1885.08
2024,18,hulkenberg,1565.08
2024,18,kevin_magnussen,1366.31
2024,18,leclerc,1997.16
2024,18,max_verstappen,2048.24
2024,18,norris,2068.08
2024,18,ocon,1451.66
2024,18,perez,1607.88
2024,18,piastri,2108.62
2024,18,ricciardo,1424.08
2024,18,russell,1840.97
2024,18,sainz,1725.92
2024,18,stroll,1379.97
2024,18,tsunoda,1341.82
2024,18,zhou,1285.78
2024,19,albon,1416.65
2024,19,alonso,1643.96
2024,19,bottas,1295.67
2024,19,colapinto,1614.06
2024,19,gasly,1457.41
2024,19,hamilton,1626.51
2024,19,hulkenberg,1627.01
2024,19,kevin_magnussen,1440.73
2024,19,lawson,1555.66
2024,19,leclerc,2057.44
2024,19,max_verstappen,2061.54
2024,19,norris,2059.62
2024,19,ocon,1375.45
2024,19,perez,1673.16
2024,19,piastri,2074.3
2024,19,russell,1853.91
2024,19,sainz,1834.76
2024,19,stroll,1380.56
2024,19,tsunoda,1372.07
2024,19,zhou,1240.52
2024,20,albon,1336.6
2024,20,alonso,1504.38
2024,20,bottas,1338.73
2024,20,colapinto,1591.09
2024,20,gasly,1521.29
2024,20,hamilton,1731.72
2024,20,hulkenberg,1652.53
2024,20,kevin_magnussen,1557.67
2024,20,lawson,1479.85
2024,20,leclerc,2069.21
2024,20,max_verstappen,2017.56
2024,20,norris,2088.72
2024,20,ocon,1413.42
2024,20,perez,1540.25
2024,20,piastri,1990.74
2024,20,russell,1877.77
2024,20,sainz,1931.62
2024,20,stroll,1451.25
2024,20,tsunoda,1287.3
2024,20,zhou,1279.3
2024,21,albon,1303.13
2024,21,alonso,1486.26
2024,21,bearman,1594.88
2024,21,bottas,1391.98
2024,21,colapinto,1492.15
2024,21,gasly,1674.94
2024,21,hamilton,1705.98
2024,21,hulkenberg,1477.94
2024,21,lawson,1554.64
2024,21,leclerc,2040.38
2024,21,max_verstappen,2073.81
2024,21,norris,2038.25
2024,21,ocon,1618.67
2024,21,perez,1561.87
2024,21,piastri,1925.92
2024,21,russell,1911.36
2024,21,sainz,1734.86
2024,21,stroll,1364.36
2024,21,tsunoda,1455.16
2024,21,zhou,1313.08
2024,22,albon,1258.77
2024,22,alonso,1526.37
2024,22,bottas,1340.76
2024,22,colapinto,1477.74
2024,22,gasly,1489.5
2024,22,hamilton,1818.06
2024,22,hulkenberg,1572.07
2024,22,kevin_magnussen,1556.12
2024,22,lawson,1483.04
2024,22,leclerc,2032.35
2024,22,max_verstappen,2041.29
2024,22,norris,1995.96
2024,22,ocon,1507.37
2024,22,perez,1593.1
2024,22,piastri,1894.6
2024,22,russell,1986.42
2024,22,sainz,1821.72
2024,22,stroll,1373.84
2024,22,tsunoda,1539.66
2024,22,zhou,1373.66
2024,23,albon,1298.65
2024,23,alonso,1616.88
2024,23,bottas,1426.51
2024,23,colapinto,1380.75
2024,23,gasly,1624.04
2024,23,hamilton,1727.34
2024,23,hulkenberg,1494.61
2024,23,kevin_magnussen,1601.98
2024,23,lawson,1472.63
2024,23,leclerc,2064.0
2024,23,max_verstappen,2088.71
2024,23,norris,1889.52
2024,23,ocon,1382.54
2024,23,perez,1491.22
2024,23,piastri,1941.05
2024,23,russell,1992.97
2024,23,sainz,1835.88
2024,23,stroll,1328.45
2024,23,tsunoda,1526.84
2024,23,zhou,1497.83
2024,24,albon,1399.43
2024,24,alonso,1646.58
2024,24,bottas,1365.63
2024,24,colapinto,1315.82
2024,24,doohan,1466.74
2024,24,gasly,1685.46
2024,24,hamilton,1803.18
2024,24,hulkenberg,1581.98
2024,24,kevin_magnussen,1516.2
2024,24,lawson,1414.48
2024,24,leclerc,2071.16
2024,24,max_verstappen,2036.76
2024,24,norris,1971.42
2024,24,perez,1372.76
2024,24,piastri,1852.35
2024,24,russell,1979.88
2024,24,sainz,1914.12
2024,24,stroll,1367.72
2024,24,tsunoda,1537.23
2024,24,zhou,1500.95
2025,1,albon,1575.34
2025,1,alonso,1536.21
2025,1,antonelli,1658.98
2025,1,bearman,1556.24
2025,1,bortoleto,1459.99
2025,1,doohan,1388.48
2025,1,gasly,1666.39
2025,1,hadjar,1392.44
2025,1,hamilton,1760.17
2025,1,hulkenberg,1660.5
2025,1,lawson,1421.1
2025,1,leclerc,1985.77
2025,1,max_verstappen,2070.44
2025,1,norris,2037.25
2025,1,ocon,1434.54
2025,1,piastri,1810.12
2025,1,russell,2009.49
2025,1,sainz,1691.3
2025,1,stroll,1536.49
2025,1,tsunoda,1554.66
2025,2,albon,1662.81
2025,2,alonso,1465.82
2025,2,antonelli,1732.65
2025,2,bearman,1634.02
2025,2,bortoleto,1468.27
2025,2,doohan,1438.88
2025,2,gasly,1499.37
2025,2,hadjar,1478.05
2025,2,hamilton,1573.32
2025,2,hulkenberg,1577.44
2025,2,lawson,1479.02
2025,2,leclerc,1736.06
2025,2,max_verstappen,2058.96
2025,2,norris,2067.77
2025,2,ocon,1605.54
2025,2,piastri,1914.03
2025,2,russell,2028.75
2025,2,sainz,1685.66
2025,2,stroll,1604.7
2025,2,tsunoda,1494.79
2025,3,albon,1682.58
2025,3,alonso,1525.19
2025,3,antonelli,1778.28
2025,3,bearman,1648.18
2025,3,bortoleto,1387.97
2025,3,doohan,1438.83
2025,3,gasly,1511.93
2025,3,hadjar,1582.27
2025,3,hamilton,1659.54
2025,3,hulkenberg,1510.05
2025,3,lawson,1430.1
2025,3,leclerc,1811.31
2025,3,max_verstappen,2101.08
2025,3,norris,2090.52
2025,3,ocon,1492.78
2025,3,piastri,1953.98
2025,3,russell,2005.98
2025,3,sainz,1611.66
2025,3,stroll,1457.31
2025,3,tsunoda,1526.37
2025,4,albon,1645.55
2025,4,alonso,1494.06
2025,4,antonelli,1723.83
2025,4,bearman,1655.46
2025,4,bortoleto,1348.26
2025,4,doohan,1455.17
2025,4,gasly,1618.37
2025,4,hadjar,1565.39
2025,4,hamilton,1745.12
2025,4,hulkenberg,1395.3
2025,4,lawson,1413.79
2025,4,leclerc,1865.6
2025,4,max_verstappen,2047.34
2025,4,norris,2093.7
2025,4,ocon,1588.97
2025,4,piastri,2020.9
2025,4,russell,2043.98
2025,4,sainz,1477.44
2025,4,stroll,1413.94
2025,4,tsunoda,1593.75
2025,5,albon,1672.17
2025,5,alonso,1539.7
2025,5,antonelli,1774.75
2025,5,bearman,1609.46
2025,5,bortoleto,1316.67
2025,5,doohan,1409.13
2025,5,gasly,1462.03
2025,5,hadjar,1603.25
2025,5,hamilton,1772.75
2025,5,hulkenberg,1404.8
2025,5,lawson,1468.72
2025,5,leclerc,1922.75
2025,5,max_verstappen,2079.03
2025,5,norris,2080.1
2025,5,ocon,1550.07
2025,5,piastri,2075.66
2025,5,russell,2023.47
2025,5,sainz,1578.73
2025,5,stroll,1399.33
2025,5,tsunoda,1463.36
2025,6,albon,1754.32
2025,6,alonso,1498.29
2025,6,antonelli,1809.33
2025,6,bearman,1471.97
2025,6,bortoleto,1290.99
2025,6,doohan,1321.24
2025,6,gasly,1482.18
2025,6,hadjar,1609.64
2025,6,hamilton,1775.29
2025,6,hulkenberg,1425.55
2025,6,lawson,1415.71
2025,6,leclerc,1898.7
2025,6,max_verstappen,2071.46
2025,6,norris,2107.9
2025,6,ocon,1557.79
2025,6,piastri,2122.12
2025,6,russell,2045.37
2025,6,sainz,1627.75
2025,6,stroll,1386.44
2025,6,tsunoda,1533.88
2025,7,albon,1813.33
2025,7,alonso,1539.83
2025,7,antonelli,1601.35
2025,7,bearman,1414.73
2025,7,bortoleto,1268.75
2025,7,colapinto,1323.92
2025,7,gasly,1493.87
2025,7,hadjar,1648.72
2025,7,hamilton,1845.4
2025,7,hulkenberg,1473.09
2025,7,lawson,1431.05
2025,7,leclerc,1900.66
2025,7,max_verstappen,2121.45
2025,7,norris,2133.06
2025,7,ocon,1419.93
2025,7,piastri,2126.74
2025,7,russell,1993.22
2025,7,sainz,1677.81
2025,7,stroll,1392.71
2025,7,tsunoda,1580.89
2025,8,albon,1785.45
2025,8,alonso,1425.95
2025,8,antonelli,1483.48
2025,8,bearman,1466.37
2025,8,bortoleto,1325.85
2025,8,colapinto,1384.83
2025,8,gasly,1377.93
2025,8,hadjar,1723.52
2025,8,hamilton,1880.62
2025,8,hulkenberg,1432.9
2025,8,lawson,1540.38
2025,8,leclerc,1971.56
2025,8,max_verstappen,2109.12
2025,8,norris,2172.99
2025,8,ocon,1550.19
2025,8,piastri,2131.24
2025,8,russell,1880.23
2025,8,sainz,1674.77
2025,8,stroll,1396.01
2025,8,tsunoda,1487.09
2025,9,albon,1582.94
2025,9,alonso,1514.46
2025,9,antonelli,1398.34
2025,9,bearman,1404.64
2025,9,bortoleto,1393.97
2025,9,colapinto,1383.43
2025,9,gasly,1498.98
2025,9,hadjar,1754.84
2025,9,hamilton,1885.65
2025,9,hulkenberg,1585.29
2025,9,lawson,1560.84
2025,9,leclerc,2008.66
2025,9,max_verstappen,1985.2
2025,9,norris,2188.14
2025,9,ocon,1479.07
2025,9,piastri,2171.54
2025,9,russell,1921.57
2025,9,sainz,1598.15
2025,9,tsunoda,1488.75
2025,10,albon,1441.57
2025,10,alonso,1617.56
2025,10,antonelli,1599.69
2025,10,bearman,1478.19
2025,10,bortoleto,1417.53
2025,10,colapinto,1428.54
2025,10,gasly,1469.37
2025,10,hadjar,1618.25
2025,10,hamilton,1890.29
2025,10,hulkenberg,1647.43
2025,10,lawson,1444.66
2025,10,leclerc,2000.08
2025,10,max_verstappen,2035.54
2025,10,norris,1893.43
2025,10,ocon,1561.1
2025,10,piastri,2148.03
2025,10,russell,2003.82
2025,10,sainz,1621.91
2025,10,stroll,1367.36
2025,10,tsunoda,1516.13
2025,11,albon,1399.63
2025,11,alonso,1686.76
2025,11,antonelli,1470.2
2025,11,bearman,1529.09
2025,11,bortoleto,1539.26
2025,11,colapinto,1426.47
2025,11,gasly,1489.56
2025,11,hadjar,1602.17
2025,11,hamilton,1925.93
2025,11,hulkenberg,1672.06
2025,11,lawson,1590.46
2025,11,leclerc,2025.7
2025,11,max_verstappen,1773.68
2025,11,norris,1978.24
2025,11,ocon,1599.59
2025,11,piastri,2161.74
2025,11,russell,1993.43
2025,11,sainz,1467.2
2025,11,stroll,1403.16
2025,11,tsunoda,1466.14
2025,12,albon,1525.38
2025,12,alonso,1695.2
2025,12,antonelli,1441.35
2025,12,bearman,1562.85
2025,12,bortoleto,1451.6
2025,12,colapinto,1341.79
2025,12,gasly,1619.09
2025,12,hadjar,1508.67
2025,12,hamilton,1950.1
2025,12,hulkenberg,1786.38
2025,12,lawson,1466.82
2025,12,leclerc,1841.44
2025,12,max_verstappen,1824.22
2025,12,norris,2041.77
2025,12,ocon,1573.44
2025,12,piastri,2172.35
2025,12,russell,1890.6
2025,12,sainz,1505.62
2025,12,stroll,1545.3
2025,12,tsunoda,1456.53
2025,13,albon,1642.25
2025,13,alonso,1565.99
2025,13,antonelli,1420.54
2025,13,bearman,1584.29
2025,13,bortoleto,1545.45
2025,13,colapinto,1297.77
2025,13,gasly,1637.07
2025,13,hadjar,1394.29
2025,13,hamilton,1913.76
2025,13,hulkenberg,1711.84
2025,13,lawson,1572.8
2025,13,leclerc,1904.09
2025,13,max_verstappen,1875.06
2025,13,norris,2072.57
2025,13,ocon,1523.97
2025,13,piastri,2198.22
2025,13,russell,1905.77
2025,13,sainz,1428.87
2025,13,stroll,1523.08
2025,13,tsunoda,1482.8
2025,14,albon,1567.71
2025,14,alonso,1685.38
2025,14,antonelli,1508.17
2025,14,bearman,1443.07
2025,14,bortoleto,1655.25
2025,14,colapinto,1282.39
2025,14,gasly,1493.36
2025,14,hadjar,1472.57
2025,14,hamilton,1797.43
2025,14,hulkenberg,1646.54
2025,14,lawson,1639.32
2025,14,leclerc,1934.56
2025,14,max_verstappen,1824.32
2025,14,norris,2116.62
2025,14,ocon,1475.43
2025,14,piastri,2203.73
2025,14,russell,1952.78
2025,14,sainz,1447.08
2025,14,stroll,1623.88
2025,14,tsunoda,1430.9
2025,15,albon,1691.11
2025,15,alonso,1715.22
2025,15,antonelli,1465.41
2025,15,bearman,1594.55
2025,15,bortoleto,1574.08
2025,15,colapinto,1398.66
2025,15,gasly,1438.13
2025,15,hadjar,1661.25
2025,15,hamilton,1581.05
2025,15,hulkenberg,1585.27
2025,15,lawson,1615.32
2025,15,leclerc,1685.24
2025,15,max_verstappen,1910.9
2025,15,norris,1832.51
2025,15,ocon,1548.13
2025,15,piastri,2227.8
2025,15,russell,1969.47
2025,15,sainz,1476.85
2025,15,stroll,1692.53
2025,15,tsunoda,1537.01
2025,16,albon,1734.56
2025,16,alonso,1543.6
2025,16,antonelli,1560.39
2025,16,bearman,1590.57
2025,16,bortoleto,1645.48
2025,16,colapinto,1377.59
2025,16,gasly,1422.83
2025,16,hadjar,1665.47
2025,16,hamilton,1681.9
2025,16,hulkenberg,1447.99
2025,16,lawson,1569.45
2025,16,leclerc,1777.78
2025,16,max_verstappen,1981.63
2025,16,norris,1907.45
2025,16,ocon,1511.18
2025,16,piastri,2206.0
2025,16,russell,1958.17
2025,16,sainz,1534.18
2025,16,stroll,1546.17
2025,16,tsunoda,1538.09
2025,17,albon,1663.42
2025,17,alonso,1511.38
2025,17,antonelli,1700.07
2025,17,bearman,1591.17
2025,17,bortoleto,1641.72
2025,17,colapinto,1327.59
2025,17,gasly,1378.19
2025,17,hadjar,1670.47
2025,17,hamilton,1712.47
2025,17,hulkenberg,1431.46
2025,17,lawson,1689.27
2025,17,leclerc,1757.49
2025,17,max_verstappen,2040.57
2025,17,norris,1878.36
2025,17,ocon,1508.29
2025,17,piastri,1863.0
2025,17,russell,2005.37
2025,17,sainz,1700.0
2025,17,stroll,1477.4
2025,17,tsunoda,1652.81
2025,18,albon,1602.94
2025,18,alonso,1622.99
2025,18,antonelli,1775.86
2025,18,bearman,1641.24
2025,18,bortoleto,1537.63
2025,18,colapinto,1345.21
2025,18,gasly,1327.65
2025,18,hadjar,1658.27
2025,18,hamilton,1734.21
2025,18,hulkenberg,1346.62
2025,18,lawson,1602.35
2025,18,leclerc,1796.79
2025,18,max_verstappen,2065.2
2025,18,norris,1927.29
2025,18,ocon,1435.58
2025,18,piastri,1900.26
2025,18,russell,2054.69
2025,18,sainz,1693.07
2025,18,stroll,1501.88
2025,18,tsunoda,1630.77
2025,19,albon,1564.24
2025,19,alonso,1644.06
2025,19,antonelli,1690.02
2025,19,bearman,1672.42
2025,19,bortoleto,1451.58
2025,19,colapinto,1337.86
2025,19,gasly,1287.78
2025,19,hadjar,1564.06
2025,19,hamilton,1814.12
2025,19,hulkenberg,1494.24
2025,19,lawson,1614.07
2025,19,leclerc,1872.99
2025,19,max_verstappen,2106.33
2025,19,norris,1982.66
2025,19,ocon,1437.15
2025,19,piastri,1911.72
2025,19,russell,2008.8
2025,19,sainz,1513.7
2025,19,stroll,1531.99
2025,19,tsunoda,1700.7
2025,20,albon,1572.07
2025,20,alonso,1516.47
2025,20,antonelli,1752.51
2025,20,bearman,1772.44
2025,20,bortoleto,1531.28
2025,20,colapinto,1347.3
2025,20,gasly,1329.41
2025,20,hadjar,1554.87
2025,20,hamilton,1804.07
2025,20,hulkenberg,1402.57
2025,20,lawson,1462.63
2025,20,leclerc,1943.96
2025,20,max_verstappen,2105.52
2025,20,norris,2043.16
2025,20,ocon,1539.24
2025,20,piastri,1921.65
2025,20,russell,1957.83
2025,20,sainz,1449.93
2025,20,stroll,1516.87
2025,20,tsunoda,1676.69
2025,21,albon,1591.09
2025,21,alonso,1503.17
2025,21,antonelli,1860.23
2025,21,bearman,1811.02
2025,21,bortoleto,1412.49
2025,21,colapinto,1371.34
2025,21,gasly,1447.28
2025,21,hadjar,1633.22
2025,21,hamilton,1616.58
2025,21,hulkenberg,1515.75
2025,21,lawson,1590.05
2025,21,leclerc,1692.03
2025,21,max_verstappen,2106.6
2025,21,norris,2092.78
2025,21,ocon,1552.92
2025,21,piastri,1931.87
2025,21,russell,1975.24
2025,21,sainz,1477.23
2025,21,stroll,1467.45
2025,21,tsunoda,1552.13
2025,22,albon,1518.62
2025,22,alonso,1550.67
2025,22,antonelli,1919.5
2025,22,bearman,1762.79
2025,22,bortoleto,1385.26
2025,22,colapinto,1392.74
2025,22,gasly,1479.68
2025,22,hadjar,1715.57
2025,22,hamilton,1671.28
2025,22,hulkenberg,1623.98
2025,22,lawson,1553.39
2025,22,leclerc,1787.73
2025,22,max_verstappen,2143.23
2025,22,norris,1794.33
2025,22,ocon,1614.37
2025,22,piastri,1665.26
2025,22,russell,2021.44
2025,22,sainz,1632.3
2025,22,stroll,1403.84
2025,22,tsunoda,1564.51
2025,23,albon,1562.54
2025,23,alonso,1648.83
2025,23,antonelli,1921.56
2025,23,bearman,1574.01
2025,23,bortoleto,1440.36
2025,23,colapinto,1426.98
2025,23,gasly,1450.03
2025,23,hadjar,1561.47
2025,23,hamilton,1640.74
2025,23,hulkenberg,1473.09
2025,23,lawson,1618.53
2025,23,leclerc,1782.33
2025,23,max_verstappen,2169.81
2025,23,norris,1850.38
2025,23,ocon,1552.47
2025,23,piastri,1797.57
2025,23,russell,1980.44
2025,23,sainz,1759.98
2025,23,stroll,1380.8
2025,23,tsunoda,1608.57
2025,24,albon,1504.49
2025,24,alonso,1725.95
2025,24,antonelli,1746.61
2025,24,bearman,1575.49
2025,24,bortoleto,1507.1
2025,24,colapinto,1344.78
2025,24,gasly,1379.09
2025,24,hadjar,1486.52
2025,24,hamilton,1687.43
2025,24,hulkenberg,1564.13
2025,24,lawson,1504.94
2025,24,leclerc,1844.28
2025,24,max_verstappen,2193.15
2025,24,norris,1907.69
2025,24,ocon,1648.12
2025,24,piastri,1887.1
2025,24,russell,1968.3
2025,24,sainz,1675.35
2025,24,stroll,1485.21
2025,24,tsunoda,1564.74
2026,1,albon,1543.54
2026,1,alonso,1573.19
2026,1,antonelli,1854.35
2026,1,bearman,1670.25
2026,1,bortoleto,1595.14
2026,1,bottas,1335.86
2026,1,colapinto,1408.04
2026,1,gasly,1498.06
2026,1,hadjar,1395.59
2026,1,hamilton,1783.87
2026,1,hulkenberg,1410.97
2026,1,lawson,1526.95
2026,1,leclerc,1905.11
2026,1,lindblad,1607.43
2026,1,max_verstappen,2120.67
2026,1,norris,1916.15
2026,1,ocon,1646.85
2026,1,perez,1392.36
2026,1,piastri,1618.88
2026,1,russell,2030.15
2026,1,sainz,1594.69
2026,1,stroll,1446.0
2026,2,albon,1402.44
2026,2,alonso,1502.12
2026,2,antonelli,1946.16
2026,2,bearman,1760.45
2026,2,bortoleto,1450.07
2026,2,bottas,1419.53
2026,2,colapinto,1517.08
2026,2,gasly,1638.52
2026,2,hadjar,1542.5
2026,2,hamilton,1865.37
2026,2,hulkenberg,1501.5
2026,2,lawson,1639.65
2026,2,leclerc,1933.06
2026,2,lindblad,1603.36
2026,2,max_verstappen,1870.62
2026,2,norris,1656.55
2026,2,ocon,1592.56
2026,2,perez,1422.05
2026,2,piastri,1494.7
2026,2,russell,2061.05
2026,2,sainz,1646.88
2026,2,stroll,1407.92
